<?xml version="1.0" encoding="UTF-8"?>
<metadata xml:lang="en"><Esri><CreaDate>20240713</CreaDate><CreaTime>17084100</CreaTime><ArcGISFormat>1.0</ArcGISFormat><SyncOnce>FALSE</SyncOnce><DataProperties><itemProps><itemName Sync="TRUE">1989_12_31</itemName><imsContentType Sync="TRUE">002</imsContentType><itemSize Sync="TRUE">0.000</itemSize><itemLocation><linkage Sync="TRUE">file://\\DESKTOP-48J08HF\C$\Users\owner\Dropbox\Wzone\out\wzone_shp\1989\1989_12_31.shp</linkage><protocol Sync="TRUE">Local Area Network</protocol></itemLocation></itemProps><lineage><Process ToolSource="c:\program files\arcgis\pro\Resources\ArcToolbox\toolboxes\Analysis Tools.tbx\Select" Date="20240713" Time="170841">Select in_memory/shp1989411_19891231a C:\Users\owner\Dropbox\Wzone\tmp\tmp1989\shp411_19891231b.shp ""gridcode" &gt; 0"</Process><Process ToolSource="c:\program files\arcgis\pro\Resources\ArcToolbox\toolboxes\Data Management Tools.tbx\AddField" Date="20240713" Time="170841">AddField C:/Users/owner/Dropbox/Wzone/tmp/tmp1989/shp411_19891231b.shp dyad_id "Short (16-bit integer)" # # # # NULLABLE NON_REQUIRED #</Process><Process ToolSource="c:\program files\arcgis\pro\Resources\ArcToolbox\toolboxes\Data Management Tools.tbx\AddField" Date="20240713" Time="170841">AddField C:/Users/owner/Dropbox/Wzone/tmp/tmp1989/shp411_19891231b.shp conf_id "Short (16-bit integer)" # # # # NULLABLE NON_REQUIRED #</Process><Process ToolSource="c:\program files\arcgis\pro\Resources\ArcToolbox\toolboxes\Data Management Tools.tbx\AddField" Date="20240713" Time="170841">AddField C:/Users/owner/Dropbox/Wzone/tmp/tmp1989/shp411_19891231b.shp date Text # # # # NULLABLE NON_REQUIRED #</Process><Process ToolSource="c:\program files\arcgis\pro\Resources\ArcToolbox\toolboxes\Data Management Tools.tbx\DeleteField" Date="20240713" Time="170841">DeleteField C:/Users/owner/Dropbox/Wzone/tmp/tmp1989/shp411_19891231b.shp Id "Delete Fields"</Process><Process ToolSource="c:\program files\arcgis\pro\Resources\ArcToolbox\toolboxes\Data Management Tools.tbx\DeleteField" Date="20240713" Time="170841">DeleteField C:/Users/owner/Dropbox/Wzone/tmp/tmp1989/shp411_19891231b.shp gridcode "Delete Fields"</Process><Process ToolSource="c:\program files\arcgis\pro\Resources\ArcToolbox\toolboxes\Data Management Tools.tbx\Merge" Date="20240713" Time="171020">Merge C:/Users/owner/Dropbox/Wzone/tmp/tmp1989/shp411_19891231b.shp;C:/Users/owner/Dropbox/Wzone/tmp/tmp1989/shp412_19891231b.shp;C:/Users/owner/Dropbox/Wzone/tmp/tmp1989/shp422_19891231b.shp;C:/Users/owner/Dropbox/Wzone/tmp/tmp1989/shp428_19891231b.shp;C:/Users/owner/Dropbox/Wzone/tmp/tmp1989/shp451_19891231b.shp;C:/Users/owner/Dropbox/Wzone/tmp/tmp1989/shp461_19891231b.shp;C:/Users/owner/Dropbox/Wzone/tmp/tmp1989/shp469_19891231b.shp;C:/Users/owner/Dropbox/Wzone/tmp/tmp1989/shp475_19891231b.shp;C:/Users/owner/Dropbox/Wzone/tmp/tmp1989/shp558_19891231b.shp;C:/Users/owner/Dropbox/Wzone/tmp/tmp1989/shp565_19891231b.shp;C:/Users/owner/Dropbox/Wzone/tmp/tmp1989/shp623_19891231b.shp;C:/Users/owner/Dropbox/Wzone/tmp/tmp1989/shp624_19891231b.shp;C:/Users/owner/Dropbox/Wzone/tmp/tmp1989/shp626_19891231b.shp;C:/Users/owner/Dropbox/Wzone/tmp/tmp1989/shp631_19891231b.shp;C:/Users/owner/Dropbox/Wzone/tmp/tmp1989/shp632_19891231b.shp;C:/Users/owner/Dropbox/Wzone/tmp/tmp1989/shp644_19891231b.shp;C:/Users/owner/Dropbox/Wzone/tmp/tmp1989/shp646_19891231b.shp;C:/Users/owner/Dropbox/Wzone/tmp/tmp1989/shp656_19891231b.shp;C:/Users/owner/Dropbox/Wzone/tmp/tmp1989/shp663_19891231b.shp;C:/Users/owner/Dropbox/Wzone/tmp/tmp1989/shp674_19891231b.shp;C:/Users/owner/Dropbox/Wzone/tmp/tmp1989/shp688_19891231b.shp;C:/Users/owner/Dropbox/Wzone/tmp/tmp1989/shp692_19891231b.shp;C:/Users/owner/Dropbox/Wzone/tmp/tmp1989/shp705_19891231b.shp;C:/Users/owner/Dropbox/Wzone/tmp/tmp1989/shp714_19891231b.shp;C:/Users/owner/Dropbox/Wzone/tmp/tmp1989/shp721_19891231b.shp;C:/Users/owner/Dropbox/Wzone/tmp/tmp1989/shp722_19891231b.shp;C:/Users/owner/Dropbox/Wzone/tmp/tmp1989/shp724_19891231b.shp;C:/Users/owner/Dropbox/Wzone/tmp/tmp1989/shp726_19891231b.shp;C:/Users/owner/Dropbox/Wzone/tmp/tmp1989/shp727_19891231b.shp;C:/Users/owner/Dropbox/Wzone/tmp/tmp1989/shp744_19891231b.shp;C:/Users/owner/Dropbox/Wzone/tmp/tmp1989/shp763_19891231b.shp;C:/Users/owner/Dropbox/Wzone/tmp/tmp1989/shp775_19891231b.shp;C:/Users/owner/Dropbox/Wzone/tmp/tmp1989/shp781_19891231b.shp;C:/Users/owner/Dropbox/Wzone/tmp/tmp1989/shp797_19891231b.shp;C:/Users/owner/Dropbox/Wzone/tmp/tmp1989/shp869_19891231b.shp;C:/Users/owner/Dropbox/Wzone/tmp/tmp1989/shp912_19891231b.shp;C:/Users/owner/Dropbox/Wzone/tmp/tmp1989/shp913_19891231b.shp;C:/Users/owner/Dropbox/Wzone/tmp/tmp1989/shp914_19891231b.shp;C:/Users/owner/Dropbox/Wzone/tmp/tmp1989/shp926_19891231b.shp;C:/Users/owner/Dropbox/Wzone/tmp/tmp1989/shp935_19891231b.shp;C:/Users/owner/Dropbox/Wzone/tmp/tmp1989/shp940_19891231b.shp;C:/Users/owner/Dropbox/Wzone/tmp/tmp1989/shp941_19891231b.shp;C:/Users/owner/Dropbox/Wzone/tmp/tmp1989/shp944_19891231b.shp;C:/Users/owner/Dropbox/Wzone/tmp/tmp1989/shp947_19891231b.shp;C:/Users/owner/Dropbox/Wzone/tmp/tmp1989/shp950_19891231b.shp;C:/Users/owner/Dropbox/Wzone/tmp/tmp1989/shp956_19891231b.shp;C:/Users/owner/Dropbox/Wzone/tmp/tmp1989/shp961_19891231b.shp;C:/Users/owner/Dropbox/Wzone/tmp/tmp1989/shp962_19891231b.shp;C:/Users/owner/Dropbox/Wzone/tmp/tmp1989/shp963_19891231b.shp;C:/Users/owner/Dropbox/Wzone/tmp/tmp1989/shp967_19891231b.shp;C:/Users/owner/Dropbox/Wzone/tmp/tmp1989/shp970_19891231b.shp;C:/Users/owner/Dropbox/Wzone/tmp/tmp1989/shp979_19891231b.shp;C:/Users/owner/Dropbox/Wzone/tmp/tmp1989/shp986_19891231b.shp;C:/Users/owner/Dropbox/Wzone/tmp/tmp1989/shp987_19891231b.shp;C:/Users/owner/Dropbox/Wzone/tmp/tmp1989/shp988_19891231b.shp;C:/Users/owner/Dropbox/Wzone/tmp/tmp1989/shp1021_19891231b.shp;C:/Users/owner/Dropbox/Wzone/tmp/tmp1989/shp1029_19891231b.shp;C:/Users/owner/Dropbox/Wzone/tmp/tmp1989/shp1031_19891231b.shp;C:/Users/owner/Dropbox/Wzone/tmp/tmp1989/shp1045_19891231b.shp;C:/Users/owner/Dropbox/Wzone/tmp/tmp1989/shp1073_19891231b.shp;C:/Users/owner/Dropbox/Wzone/tmp/tmp1989/shp1074_19891231b.shp;C:/Users/owner/Dropbox/Wzone/tmp/tmp1989/shp1161_19891231b.shp;C:/Users/owner/Dropbox/Wzone/tmp/tmp1989/shp1204_19891231b.shp;C:/Users/owner/Dropbox/Wzone/tmp/tmp1989/shp5349_19891231b.shp;C:/Users/owner/Dropbox/Wzone/tmp/tmp1989/shp5450_19891231b.shp;C:/Users/owner/Dropbox/Wzone/tmp/tmp1989/shp5512_19891231b.shp;C:/Users/owner/Dropbox/Wzone/tmp/tmp1989/shp10264_19891231b.shp C:\Users\owner\Dropbox\Wzone\out\wzone_shp\1989\1989_12_31.shp "dyad_id "dyad_id" true true false 5 Long 0 5,First,#,C:/Users/owner/Dropbox/Wzone/tmp/tmp1989/shp411_19891231b.shp,dyad_id,-1,-1,C:/Users/owner/Dropbox/Wzone/tmp/tmp1989/shp412_19891231b.shp,dyad_id,-1,-1,C:/Users/owner/Dropbox/Wzone/tmp/tmp1989/shp422_19891231b.shp,dyad_id,-1,-1,C:/Users/owner/Dropbox/Wzone/tmp/tmp1989/shp428_19891231b.shp,dyad_id,-1,-1,C:/Users/owner/Dropbox/Wzone/tmp/tmp1989/shp451_19891231b.shp,dyad_id,-1,-1,C:/Users/owner/Dropbox/Wzone/tmp/tmp1989/shp461_19891231b.shp,dyad_id,-1,-1,C:/Users/owner/Dropbox/Wzone/tmp/tmp1989/shp469_19891231b.shp,dyad_id,-1,-1,C:/Users/owner/Dropbox/Wzone/tmp/tmp1989/shp475_19891231b.shp,dyad_id,-1,-1,C:/Users/owner/Dropbox/Wzone/tmp/tmp1989/shp558_19891231b.shp,dyad_id,-1,-1,C:/Users/owner/Dropbox/Wzone/tmp/tmp1989/shp565_19891231b.shp,dyad_id,-1,-1,C:/Users/owner/Dropbox/Wzone/tmp/tmp1989/shp623_19891231b.shp,dyad_id,-1,-1,C:/Users/owner/Dropbox/Wzone/tmp/tmp1989/shp624_19891231b.shp,dyad_id,-1,-1,C:/Users/owner/Dropbox/Wzone/tmp/tmp1989/shp626_19891231b.shp,dyad_id,-1,-1,C:/Users/owner/Dropbox/Wzone/tmp/tmp1989/shp631_19891231b.shp,dyad_id,-1,-1,C:/Users/owner/Dropbox/Wzone/tmp/tmp1989/shp632_19891231b.shp,dyad_id,-1,-1,C:/Users/owner/Dropbox/Wzone/tmp/tmp1989/shp644_19891231b.shp,dyad_id,-1,-1,C:/Users/owner/Dropbox/Wzone/tmp/tmp1989/shp646_19891231b.shp,dyad_id,-1,-1,C:/Users/owner/Dropbox/Wzone/tmp/tmp1989/shp656_19891231b.shp,dyad_id,-1,-1,C:/Users/owner/Dropbox/Wzone/tmp/tmp1989/shp663_19891231b.shp,dyad_id,-1,-1,C:/Users/owner/Dropbox/Wzone/tmp/tmp1989/shp674_19891231b.shp,dyad_id,-1,-1,C:/Users/owner/Dropbox/Wzone/tmp/tmp1989/shp688_19891231b.shp,dyad_id,-1,-1,C:/Users/owner/Dropbox/Wzone/tmp/tmp1989/shp692_19891231b.shp,dyad_id,-1,-1,C:/Users/owner/Dropbox/Wzone/tmp/tmp1989/shp705_19891231b.shp,dyad_id,-1,-1,C:/Users/owner/Dropbox/Wzone/tmp/tmp1989/shp714_19891231b.shp,dyad_id,-1,-1,C:/Users/owner/Dropbox/Wzone/tmp/tmp1989/shp721_19891231b.shp,dyad_id,-1,-1,C:/Users/owner/Dropbox/Wzone/tmp/tmp1989/shp722_19891231b.shp,dyad_id,-1,-1,C:/Users/owner/Dropbox/Wzone/tmp/tmp1989/shp724_19891231b.shp,dyad_id,-1,-1,C:/Users/owner/Dropbox/Wzone/tmp/tmp1989/shp726_19891231b.shp,dyad_id,-1,-1,C:/Users/owner/Dropbox/Wzone/tmp/tmp1989/shp727_19891231b.shp,dyad_id,-1,-1,C:/Users/owner/Dropbox/Wzone/tmp/tmp1989/shp744_19891231b.shp,dyad_id,-1,-1,C:/Users/owner/Dropbox/Wzone/tmp/tmp1989/shp763_19891231b.shp,dyad_id,-1,-1,C:/Users/owner/Dropbox/Wzone/tmp/tmp1989/shp775_19891231b.shp,dyad_id,-1,-1,C:/Users/owner/Dropbox/Wzone/tmp/tmp1989/shp781_19891231b.shp,dyad_id,-1,-1,C:/Users/owner/Dropbox/Wzone/tmp/tmp1989/shp797_19891231b.shp,dyad_id,-1,-1,C:/Users/owner/Dropbox/Wzone/tmp/tmp1989/shp869_19891231b.shp,dyad_id,-1,-1,C:/Users/owner/Dropbox/Wzone/tmp/tmp1989/shp912_19891231b.shp,dyad_id,-1,-1,C:/Users/owner/Dropbox/Wzone/tmp/tmp1989/shp913_19891231b.shp,dyad_id,-1,-1,C:/Users/owner/Dropbox/Wzone/tmp/tmp1989/shp914_19891231b.shp,dyad_id,-1,-1,C:/Users/owner/Dropbox/Wzone/tmp/tmp1989/shp926_19891231b.shp,dyad_id,-1,-1,C:/Users/owner/Dropbox/Wzone/tmp/tmp1989/shp935_19891231b.shp,dyad_id,-1,-1,C:/Users/owner/Dropbox/Wzone/tmp/tmp1989/shp940_19891231b.shp,dyad_id,-1,-1,C:/Users/owner/Dropbox/Wzone/tmp/tmp1989/shp941_19891231b.shp,dyad_id,-1,-1,C:/Users/owner/Dropbox/Wzone/tmp/tmp1989/shp944_19891231b.shp,dyad_id,-1,-1,C:/Users/owner/Dropbox/Wzone/tmp/tmp1989/shp947_19891231b.shp,dyad_id,-1,-1,C:/Users/owner/Dropbox/Wzone/tmp/tmp1989/shp950_19891231b.shp,dyad_id,-1,-1,C:/Users/owner/Dropbox/Wzone/tmp/tmp1989/shp956_19891231b.shp,dyad_id,-1,-1,C:/Users/owner/Dropbox/Wzone/tmp/tmp1989/shp961_19891231b.shp,dyad_id,-1,-1,C:/Users/owner/Dropbox/Wzone/tmp/tmp1989/shp962_19891231b.shp,dyad_id,-1,-1,C:/Users/owner/Dropbox/Wzone/tmp/tmp1989/shp963_19891231b.shp,dyad_id,-1,-1,C:/Users/owner/Dropbox/Wzone/tmp/tmp1989/shp967_19891231b.shp,dyad_id,-1,-1,C:/Users/owner/Dropbox/Wzone/tmp/tmp1989/shp970_19891231b.shp,dyad_id,-1,-1,C:/Users/owner/Dropbox/Wzone/tmp/tmp1989/shp979_19891231b.shp,dyad_id,-1,-1,C:/Users/owner/Dropbox/Wzone/tmp/tmp1989/shp986_19891231b.shp,dyad_id,-1,-1,C:/Users/owner/Dropbox/Wzone/tmp/tmp1989/shp987_19891231b.shp,dyad_id,-1,-1,C:/Users/owner/Dropbox/Wzone/tmp/tmp1989/shp988_19891231b.shp,dyad_id,-1,-1,C:/Users/owner/Dropbox/Wzone/tmp/tmp1989/shp1021_19891231b.shp,dyad_id,-1,-1,C:/Users/owner/Dropbox/Wzone/tmp/tmp1989/shp1029_19891231b.shp,dyad_id,-1,-1,C:/Users/owner/Dropbox/Wzone/tmp/tmp1989/shp1031_19891231b.shp,dyad_id,-1,-1,C:/Users/owner/Dropbox/Wzone/tmp/tmp1989/shp1045_19891231b.shp,dyad_id,-1,-1,C:/Users/owner/Dropbox/Wzone/tmp/tmp1989/shp1073_19891231b.shp,dyad_id,-1,-1,C:/Users/owner/Dropbox/Wzone/tmp/tmp1989/shp1074_19891231b.shp,dyad_id,-1,-1,C:/Users/owner/Dropbox/Wzone/tmp/tmp1989/shp1161_19891231b.shp,dyad_id,-1,-1,C:/Users/owner/Dropbox/Wzone/tmp/tmp1989/shp1204_19891231b.shp,dyad_id,-1,-1,C:/Users/owner/Dropbox/Wzone/tmp/tmp1989/shp5349_19891231b.shp,dyad_id,-1,-1,C:/Users/owner/Dropbox/Wzone/tmp/tmp1989/shp5450_19891231b.shp,dyad_id,-1,-1,C:/Users/owner/Dropbox/Wzone/tmp/tmp1989/shp5512_19891231b.shp,dyad_id,-1,-1,C:/Users/owner/Dropbox/Wzone/tmp/tmp1989/shp10264_19891231b.shp,dyad_id,-1,-1;conf_id "conf_id" true true false 5 Long 0 5,First,#,C:/Users/owner/Dropbox/Wzone/tmp/tmp1989/shp411_19891231b.shp,conf_id,-1,-1,C:/Users/owner/Dropbox/Wzone/tmp/tmp1989/shp412_19891231b.shp,conf_id,-1,-1,C:/Users/owner/Dropbox/Wzone/tmp/tmp1989/shp422_19891231b.shp,conf_id,-1,-1,C:/Users/owner/Dropbox/Wzone/tmp/tmp1989/shp428_19891231b.shp,conf_id,-1,-1,C:/Users/owner/Dropbox/Wzone/tmp/tmp1989/shp451_19891231b.shp,conf_id,-1,-1,C:/Users/owner/Dropbox/Wzone/tmp/tmp1989/shp461_19891231b.shp,conf_id,-1,-1,C:/Users/owner/Dropbox/Wzone/tmp/tmp1989/shp469_19891231b.shp,conf_id,-1,-1,C:/Users/owner/Dropbox/Wzone/tmp/tmp1989/shp475_19891231b.shp,conf_id,-1,-1,C:/Users/owner/Dropbox/Wzone/tmp/tmp1989/shp558_19891231b.shp,conf_id,-1,-1,C:/Users/owner/Dropbox/Wzone/tmp/tmp1989/shp565_19891231b.shp,conf_id,-1,-1,C:/Users/owner/Dropbox/Wzone/tmp/tmp1989/shp623_19891231b.shp,conf_id,-1,-1,C:/Users/owner/Dropbox/Wzone/tmp/tmp1989/shp624_19891231b.shp,conf_id,-1,-1,C:/Users/owner/Dropbox/Wzone/tmp/tmp1989/shp626_19891231b.shp,conf_id,-1,-1,C:/Users/owner/Dropbox/Wzone/tmp/tmp1989/shp631_19891231b.shp,conf_id,-1,-1,C:/Users/owner/Dropbox/Wzone/tmp/tmp1989/shp632_19891231b.shp,conf_id,-1,-1,C:/Users/owner/Dropbox/Wzone/tmp/tmp1989/shp644_19891231b.shp,conf_id,-1,-1,C:/Users/owner/Dropbox/Wzone/tmp/tmp1989/shp646_19891231b.shp,conf_id,-1,-1,C:/Users/owner/Dropbox/Wzone/tmp/tmp1989/shp656_19891231b.shp,conf_id,-1,-1,C:/Users/owner/Dropbox/Wzone/tmp/tmp1989/shp663_19891231b.shp,conf_id,-1,-1,C:/Users/owner/Dropbox/Wzone/tmp/tmp1989/shp674_19891231b.shp,conf_id,-1,-1,C:/Users/owner/Dropbox/Wzone/tmp/tmp1989/shp688_19891231b.shp,conf_id,-1,-1,C:/Users/owner/Dropbox/Wzone/tmp/tmp1989/shp692_19891231b.shp,conf_id,-1,-1,C:/Users/owner/Dropbox/Wzone/tmp/tmp1989/shp705_19891231b.shp,conf_id,-1,-1,C:/Users/owner/Dropbox/Wzone/tmp/tmp1989/shp714_19891231b.shp,conf_id,-1,-1,C:/Users/owner/Dropbox/Wzone/tmp/tmp1989/shp721_19891231b.shp,conf_id,-1,-1,C:/Users/owner/Dropbox/Wzone/tmp/tmp1989/shp722_19891231b.shp,conf_id,-1,-1,C:/Users/owner/Dropbox/Wzone/tmp/tmp1989/shp724_19891231b.shp,conf_id,-1,-1,C:/Users/owner/Dropbox/Wzone/tmp/tmp1989/shp726_19891231b.shp,conf_id,-1,-1,C:/Users/owner/Dropbox/Wzone/tmp/tmp1989/shp727_19891231b.shp,conf_id,-1,-1,C:/Users/owner/Dropbox/Wzone/tmp/tmp1989/shp744_19891231b.shp,conf_id,-1,-1,C:/Users/owner/Dropbox/Wzone/tmp/tmp1989/shp763_19891231b.shp,conf_id,-1,-1,C:/Users/owner/Dropbox/Wzone/tmp/tmp1989/shp775_19891231b.shp,conf_id,-1,-1,C:/Users/owner/Dropbox/Wzone/tmp/tmp1989/shp781_19891231b.shp,conf_id,-1,-1,C:/Users/owner/Dropbox/Wzone/tmp/tmp1989/shp797_19891231b.shp,conf_id,-1,-1,C:/Users/owner/Dropbox/Wzone/tmp/tmp1989/shp869_19891231b.shp,conf_id,-1,-1,C:/Users/owner/Dropbox/Wzone/tmp/tmp1989/shp912_19891231b.shp,conf_id,-1,-1,C:/Users/owner/Dropbox/Wzone/tmp/tmp1989/shp913_19891231b.shp,conf_id,-1,-1,C:/Users/owner/Dropbox/Wzone/tmp/tmp1989/shp914_19891231b.shp,conf_id,-1,-1,C:/Users/owner/Dropbox/Wzone/tmp/tmp1989/shp926_19891231b.shp,conf_id,-1,-1,C:/Users/owner/Dropbox/Wzone/tmp/tmp1989/shp935_19891231b.shp,conf_id,-1,-1,C:/Users/owner/Dropbox/Wzone/tmp/tmp1989/shp940_19891231b.shp,conf_id,-1,-1,C:/Users/owner/Dropbox/Wzone/tmp/tmp1989/shp941_19891231b.shp,conf_id,-1,-1,C:/Users/owner/Dropbox/Wzone/tmp/tmp1989/shp944_19891231b.shp,conf_id,-1,-1,C:/Users/owner/Dropbox/Wzone/tmp/tmp1989/shp947_19891231b.shp,conf_id,-1,-1,C:/Users/owner/Dropbox/Wzone/tmp/tmp1989/shp950_19891231b.shp,conf_id,-1,-1,C:/Users/owner/Dropbox/Wzone/tmp/tmp1989/shp956_19891231b.shp,conf_id,-1,-1,C:/Users/owner/Dropbox/Wzone/tmp/tmp1989/shp961_19891231b.shp,conf_id,-1,-1,C:/Users/owner/Dropbox/Wzone/tmp/tmp1989/shp962_19891231b.shp,conf_id,-1,-1,C:/Users/owner/Dropbox/Wzone/tmp/tmp1989/shp963_19891231b.shp,conf_id,-1,-1,C:/Users/owner/Dropbox/Wzone/tmp/tmp1989/shp967_19891231b.shp,conf_id,-1,-1,C:/Users/owner/Dropbox/Wzone/tmp/tmp1989/shp970_19891231b.shp,conf_id,-1,-1,C:/Users/owner/Dropbox/Wzone/tmp/tmp1989/shp979_19891231b.shp,conf_id,-1,-1,C:/Users/owner/Dropbox/Wzone/tmp/tmp1989/shp986_19891231b.shp,conf_id,-1,-1,C:/Users/owner/Dropbox/Wzone/tmp/tmp1989/shp987_19891231b.shp,conf_id,-1,-1,C:/Users/owner/Dropbox/Wzone/tmp/tmp1989/shp988_19891231b.shp,conf_id,-1,-1,C:/Users/owner/Dropbox/Wzone/tmp/tmp1989/shp1021_19891231b.shp,conf_id,-1,-1,C:/Users/owner/Dropbox/Wzone/tmp/tmp1989/shp1029_19891231b.shp,conf_id,-1,-1,C:/Users/owner/Dropbox/Wzone/tmp/tmp1989/shp1031_19891231b.shp,conf_id,-1,-1,C:/Users/owner/Dropbox/Wzone/tmp/tmp1989/shp1045_19891231b.shp,conf_id,-1,-1,C:/Users/owner/Dropbox/Wzone/tmp/tmp1989/shp1073_19891231b.shp,conf_id,-1,-1,C:/Users/owner/Dropbox/Wzone/tmp/tmp1989/shp1074_19891231b.shp,conf_id,-1,-1,C:/Users/owner/Dropbox/Wzone/tmp/tmp1989/shp1161_19891231b.shp,conf_id,-1,-1,C:/Users/owner/Dropbox/Wzone/tmp/tmp1989/shp1204_19891231b.shp,conf_id,-1,-1,C:/Users/owner/Dropbox/Wzone/tmp/tmp1989/shp5349_19891231b.shp,conf_id,-1,-1,C:/Users/owner/Dropbox/Wzone/tmp/tmp1989/shp5450_19891231b.shp,conf_id,-1,-1,C:/Users/owner/Dropbox/Wzone/tmp/tmp1989/shp5512_19891231b.shp,conf_id,-1,-1,C:/Users/owner/Dropbox/Wzone/tmp/tmp1989/shp10264_19891231b.shp,conf_id,-1,-1;date "date" true true false 254 Text 0 0,First,#,C:/Users/owner/Dropbox/Wzone/tmp/tmp1989/shp411_19891231b.shp,date,0,253,C:/Users/owner/Dropbox/Wzone/tmp/tmp1989/shp412_19891231b.shp,date,0,253,C:/Users/owner/Dropbox/Wzone/tmp/tmp1989/shp422_19891231b.shp,date,0,253,C:/Users/owner/Dropbox/Wzone/tmp/tmp1989/shp428_19891231b.shp,date,0,253,C:/Users/owner/Dropbox/Wzone/tmp/tmp1989/shp451_19891231b.shp,date,0,253,C:/Users/owner/Dropbox/Wzone/tmp/tmp1989/shp461_19891231b.shp,date,0,253,C:/Users/owner/Dropbox/Wzone/tmp/tmp1989/shp469_19891231b.shp,date,0,253,C:/Users/owner/Dropbox/Wzone/tmp/tmp1989/shp475_19891231b.shp,date,0,253,C:/Users/owner/Dropbox/Wzone/tmp/tmp1989/shp558_19891231b.shp,date,0,253,C:/Users/owner/Dropbox/Wzone/tmp/tmp1989/shp565_19891231b.shp,date,0,253,C:/Users/owner/Dropbox/Wzone/tmp/tmp1989/shp623_19891231b.shp,date,0,253,C:/Users/owner/Dropbox/Wzone/tmp/tmp1989/shp624_19891231b.shp,date,0,253,C:/Users/owner/Dropbox/Wzone/tmp/tmp1989/shp626_19891231b.shp,date,0,253,C:/Users/owner/Dropbox/Wzone/tmp/tmp1989/shp631_19891231b.shp,date,0,253,C:/Users/owner/Dropbox/Wzone/tmp/tmp1989/shp632_19891231b.shp,date,0,253,C:/Users/owner/Dropbox/Wzone/tmp/tmp1989/shp644_19891231b.shp,date,0,253,C:/Users/owner/Dropbox/Wzone/tmp/tmp1989/shp646_19891231b.shp,date,0,253,C:/Users/owner/Dropbox/Wzone/tmp/tmp1989/shp656_19891231b.shp,date,0,253,C:/Users/owner/Dropbox/Wzone/tmp/tmp1989/shp663_19891231b.shp,date,0,253,C:/Users/owner/Dropbox/Wzone/tmp/tmp1989/shp674_19891231b.shp,date,0,253,C:/Users/owner/Dropbox/Wzone/tmp/tmp1989/shp688_19891231b.shp,date,0,253,C:/Users/owner/Dropbox/Wzone/tmp/tmp1989/shp692_19891231b.shp,date,0,253,C:/Users/owner/Dropbox/Wzone/tmp/tmp1989/shp705_19891231b.shp,date,0,253,C:/Users/owner/Dropbox/Wzone/tmp/tmp1989/shp714_19891231b.shp,date,0,253,C:/Users/owner/Dropbox/Wzone/tmp/tmp1989/shp721_19891231b.shp,date,0,253,C:/Users/owner/Dropbox/Wzone/tmp/tmp1989/shp722_19891231b.shp,date,0,253,C:/Users/owner/Dropbox/Wzone/tmp/tmp1989/shp724_19891231b.shp,date,0,253,C:/Users/owner/Dropbox/Wzone/tmp/tmp1989/shp726_19891231b.shp,date,0,253,C:/Users/owner/Dropbox/Wzone/tmp/tmp1989/shp727_19891231b.shp,date,0,253,C:/Users/owner/Dropbox/Wzone/tmp/tmp1989/shp744_19891231b.shp,date,0,253,C:/Users/owner/Dropbox/Wzone/tmp/tmp1989/shp763_19891231b.shp,date,0,253,C:/Users/owner/Dropbox/Wzone/tmp/tmp1989/shp775_19891231b.shp,date,0,253,C:/Users/owner/Dropbox/Wzone/tmp/tmp1989/shp781_19891231b.shp,date,0,253,C:/Users/owner/Dropbox/Wzone/tmp/tmp1989/shp797_19891231b.shp,date,0,253,C:/Users/owner/Dropbox/Wzone/tmp/tmp1989/shp869_19891231b.shp,date,0,253,C:/Users/owner/Dropbox/Wzone/tmp/tmp1989/shp912_19891231b.shp,date,0,253,C:/Users/owner/Dropbox/Wzone/tmp/tmp1989/shp913_19891231b.shp,date,0,253,C:/Users/owner/Dropbox/Wzone/tmp/tmp1989/shp914_19891231b.shp,date,0,253,C:/Users/owner/Dropbox/Wzone/tmp/tmp1989/shp926_19891231b.shp,date,0,253,C:/Users/owner/Dropbox/Wzone/tmp/tmp1989/shp935_19891231b.shp,date,0,253,C:/Users/owner/Dropbox/Wzone/tmp/tmp1989/shp940_19891231b.shp,date,0,253,C:/Users/owner/Dropbox/Wzone/tmp/tmp1989/shp941_19891231b.shp,date,0,253,C:/Users/owner/Dropbox/Wzone/tmp/tmp1989/shp944_19891231b.shp,date,0,253,C:/Users/owner/Dropbox/Wzone/tmp/tmp1989/shp947_19891231b.shp,date,0,253,C:/Users/owner/Dropbox/Wzone/tmp/tmp1989/shp950_19891231b.shp,date,0,253,C:/Users/owner/Dropbox/Wzone/tmp/tmp1989/shp956_19891231b.shp,date,0,253,C:/Users/owner/Dropbox/Wzone/tmp/tmp1989/shp961_19891231b.shp,date,0,253,C:/Users/owner/Dropbox/Wzone/tmp/tmp1989/shp962_19891231b.shp,date,0,253,C:/Users/owner/Dropbox/Wzone/tmp/tmp1989/shp963_19891231b.shp,date,0,253,C:/Users/owner/Dropbox/Wzone/tmp/tmp1989/shp967_19891231b.shp,date,0,253,C:/Users/owner/Dropbox/Wzone/tmp/tmp1989/shp970_19891231b.shp,date,0,253,C:/Users/owner/Dropbox/Wzone/tmp/tmp1989/shp979_19891231b.shp,date,0,253,C:/Users/owner/Dropbox/Wzone/tmp/tmp1989/shp986_19891231b.shp,date,0,253,C:/Users/owner/Dropbox/Wzone/tmp/tmp1989/shp987_19891231b.shp,date,0,253,C:/Users/owner/Dropbox/Wzone/tmp/tmp1989/shp988_19891231b.shp,date,0,253,C:/Users/owner/Dropbox/Wzone/tmp/tmp1989/shp1021_19891231b.shp,date,0,253,C:/Users/owner/Dropbox/Wzone/tmp/tmp1989/shp1029_19891231b.shp,date,0,253,C:/Users/owner/Dropbox/Wzone/tmp/tmp1989/shp1031_19891231b.shp,date,0,253,C:/Users/owner/Dropbox/Wzone/tmp/tmp1989/shp1045_19891231b.shp,date,0,253,C:/Users/owner/Dropbox/Wzone/tmp/tmp1989/shp1073_19891231b.shp,date,0,253,C:/Users/owner/Dropbox/Wzone/tmp/tmp1989/shp1074_19891231b.shp,date,0,253,C:/Users/owner/Dropbox/Wzone/tmp/tmp1989/shp1161_19891231b.shp,date,0,253,C:/Users/owner/Dropbox/Wzone/tmp/tmp1989/shp1204_19891231b.shp,date,0,253,C:/Users/owner/Dropbox/Wzone/tmp/tmp1989/shp5349_19891231b.shp,date,0,253,C:/Users/owner/Dropbox/Wzone/tmp/tmp1989/shp5450_19891231b.shp,date,0,253,C:/Users/owner/Dropbox/Wzone/tmp/tmp1989/shp5512_19891231b.shp,date,0,253,C:/Users/owner/Dropbox/Wzone/tmp/tmp1989/shp10264_19891231b.shp,date,0,253" NO_SOURCE_INFO</Process><Process ToolSource="c:\program files\arcgis\pro\Resources\ArcToolbox\toolboxes\Data Management Tools.tbx\DefineProjection" Date="20240713" Time="171020">DefineProjection C:/Users/owner/Dropbox/Wzone/out/wzone_shp/1989/1989_12_31.shp GEOGCS["GCS_WGS_1984",DATUM["D_WGS_1984",SPHEROID["WGS_1984",6378137.0,298.257223563]],PRIMEM["Greenwich",0.0],UNIT["Degree",0.0174532925199433]]</Process></lineage></DataProperties><SyncDate>20240713</SyncDate><SyncTime>17101900</SyncTime><ModDate>20240713</ModDate><ModTime>17101900</ModTime></Esri><dataIdInfo><envirDesc Sync="TRUE">Microsoft Windows 10 Version 10.0 (Build 19045) ; Esri ArcGIS 13.2.2.49743</envirDesc><dataLang><languageCode value="eng" Sync="TRUE"></languageCode><countryCode value="USA" Sync="TRUE"></countryCode></dataLang><idCitation><resTitle Sync="TRUE">1989_12_31</resTitle><presForm><PresFormCd value="005" Sync="TRUE"></PresFormCd></presForm></idCitation><spatRpType><SpatRepTypCd value="001" Sync="TRUE"></SpatRepTypCd></spatRpType></dataIdInfo><mdLang><languageCode value="eng" Sync="TRUE"></languageCode><countryCode value="USA" Sync="TRUE"></countryCode></mdLang><mdChar><CharSetCd value="004" Sync="TRUE"></CharSetCd></mdChar><distInfo><distFormat><formatName Sync="TRUE">Shapefile</formatName></distFormat><distTranOps><transSize Sync="TRUE">0.000</transSize></distTranOps></distInfo><mdHrLv><ScopeCd value="005" Sync="TRUE"></ScopeCd></mdHrLv><mdHrLvName Sync="TRUE">dataset</mdHrLvName><spatRepInfo><VectSpatRep><geometObjs Name="1989_12_31"><geoObjTyp><GeoObjTypCd value="002" Sync="TRUE"></GeoObjTypCd></geoObjTyp><geoObjCnt Sync="TRUE">0</geoObjCnt></geometObjs><topLvl><TopoLevCd value="001" Sync="TRUE"></TopoLevCd></topLvl></VectSpatRep></spatRepInfo><spdoinfo><ptvctinf><esriterm Name="1989_12_31"><efeatyp Sync="TRUE">Simple</efeatyp><efeageom code="4" Sync="TRUE"></efeageom><esritopo Sync="TRUE">FALSE</esritopo><efeacnt Sync="TRUE">0</efeacnt><spindex Sync="TRUE">FALSE</spindex><linrefer Sync="TRUE">FALSE</linrefer></esriterm></ptvctinf></spdoinfo><eainfo><detailed Name="1989_12_31"><enttyp><enttypl Sync="TRUE">1989_12_31</enttypl><enttypt Sync="TRUE">Feature Class</enttypt><enttypc Sync="TRUE">0</enttypc></enttyp><attr><attrlabl Sync="TRUE">FID</attrlabl><attalias Sync="TRUE">FID</attalias><attrtype Sync="TRUE">OID</attrtype><attwidth Sync="TRUE">4</attwidth><atprecis Sync="TRUE">0</atprecis><attscale Sync="TRUE">0</attscale><attrdef Sync="TRUE">Internal feature number.</attrdef><attrdefs Sync="TRUE">Esri</attrdefs><attrdomv><udom Sync="TRUE">Sequential unique whole numbers that are automatically generated.</udom></attrdomv></attr><attr><attrlabl Sync="TRUE">Shape</attrlabl><attalias Sync="TRUE">Shape</attalias><attrtype Sync="TRUE">Geometry</attrtype><attwidth Sync="TRUE">0</attwidth><atprecis Sync="TRUE">0</atprecis><attscale Sync="TRUE">0</attscale><attrdef Sync="TRUE">Feature geometry.</attrdef><attrdefs Sync="TRUE">Esri</attrdefs><attrdomv><udom Sync="TRUE">Coordinates defining the features.</udom></attrdomv></attr><attr><attrlabl Sync="TRUE">dyad_id</attrlabl><attalias Sync="TRUE">dyad_id</attalias><attrtype Sync="TRUE">Integer</attrtype><attwidth Sync="TRUE">5</attwidth><atprecis Sync="TRUE">5</atprecis><attscale Sync="TRUE">0</attscale></attr><attr><attrlabl Sync="TRUE">conf_id</attrlabl><attalias Sync="TRUE">conf_id</attalias><attrtype Sync="TRUE">Integer</attrtype><attwidth Sync="TRUE">5</attwidth><atprecis Sync="TRUE">5</atprecis><attscale Sync="TRUE">0</attscale></attr><attr><attrlabl Sync="TRUE">date</attrlabl><attalias Sync="TRUE">date</attalias><attrtype Sync="TRUE">String</attrtype><attwidth Sync="TRUE">254</attwidth><atprecis Sync="TRUE">0</atprecis><attscale Sync="TRUE">0</attscale></attr></detailed></eainfo><mdDateSt Sync="TRUE">20240713</mdDateSt></metadata>
