<?xml version="1.0" encoding="UTF-8"?>
<metadata xml:lang="en"><Esri><CreaDate>20240714</CreaDate><CreaTime>15161800</CreaTime><ArcGISFormat>1.0</ArcGISFormat><SyncOnce>FALSE</SyncOnce><DataProperties><itemProps><itemName Sync="TRUE">1990_12_31</itemName><imsContentType Sync="TRUE">002</imsContentType><itemSize Sync="TRUE">0.000</itemSize><itemLocation><linkage Sync="TRUE">file://\\DESKTOP-48J08HF\C$\Users\owner\Dropbox\Wzone\out\wzone_shp\1990\1990_12_31.shp</linkage><protocol Sync="TRUE">Local Area Network</protocol></itemLocation></itemProps><lineage><Process ToolSource="c:\program files\arcgis\pro\Resources\ArcToolbox\toolboxes\Analysis Tools.tbx\Select" Date="20240714" Time="151618">Select in_memory/shp1990406_19901231a C:\Users\owner\Dropbox\Wzone\tmp\tmp1990\shp406_19901231b.shp ""gridcode" &gt; 0"</Process><Process ToolSource="c:\program files\arcgis\pro\Resources\ArcToolbox\toolboxes\Data Management Tools.tbx\AddField" Date="20240714" Time="151618">AddField C:/Users/owner/Dropbox/Wzone/tmp/tmp1990/shp406_19901231b.shp dyad_id "Short (16-bit integer)" # # # # NULLABLE NON_REQUIRED #</Process><Process ToolSource="c:\program files\arcgis\pro\Resources\ArcToolbox\toolboxes\Data Management Tools.tbx\AddField" Date="20240714" Time="151618">AddField C:/Users/owner/Dropbox/Wzone/tmp/tmp1990/shp406_19901231b.shp conf_id "Short (16-bit integer)" # # # # NULLABLE NON_REQUIRED #</Process><Process ToolSource="c:\program files\arcgis\pro\Resources\ArcToolbox\toolboxes\Data Management Tools.tbx\AddField" Date="20240714" Time="151618">AddField C:/Users/owner/Dropbox/Wzone/tmp/tmp1990/shp406_19901231b.shp date Text # # # # NULLABLE NON_REQUIRED #</Process><Process ToolSource="c:\program files\arcgis\pro\Resources\ArcToolbox\toolboxes\Data Management Tools.tbx\DeleteField" Date="20240714" Time="151618">DeleteField C:/Users/owner/Dropbox/Wzone/tmp/tmp1990/shp406_19901231b.shp Id "Delete Fields"</Process><Process ToolSource="c:\program files\arcgis\pro\Resources\ArcToolbox\toolboxes\Data Management Tools.tbx\DeleteField" Date="20240714" Time="151618">DeleteField C:/Users/owner/Dropbox/Wzone/tmp/tmp1990/shp406_19901231b.shp gridcode "Delete Fields"</Process><Process ToolSource="c:\program files\arcgis\pro\Resources\ArcToolbox\toolboxes\Data Management Tools.tbx\Merge" Date="20240714" Time="151830">Merge C:/Users/owner/Dropbox/Wzone/tmp/tmp1990/shp406_19901231b.shp;C:/Users/owner/Dropbox/Wzone/tmp/tmp1990/shp411_19901231b.shp;C:/Users/owner/Dropbox/Wzone/tmp/tmp1990/shp422_19901231b.shp;C:/Users/owner/Dropbox/Wzone/tmp/tmp1990/shp428_19901231b.shp;C:/Users/owner/Dropbox/Wzone/tmp/tmp1990/shp434_19901231b.shp;C:/Users/owner/Dropbox/Wzone/tmp/tmp1990/shp451_19901231b.shp;C:/Users/owner/Dropbox/Wzone/tmp/tmp1990/shp461_19901231b.shp;C:/Users/owner/Dropbox/Wzone/tmp/tmp1990/shp469_19901231b.shp;C:/Users/owner/Dropbox/Wzone/tmp/tmp1990/shp475_19901231b.shp;C:/Users/owner/Dropbox/Wzone/tmp/tmp1990/shp476_19901231b.shp;C:/Users/owner/Dropbox/Wzone/tmp/tmp1990/shp571_19901231b.shp;C:/Users/owner/Dropbox/Wzone/tmp/tmp1990/shp623_19901231b.shp;C:/Users/owner/Dropbox/Wzone/tmp/tmp1990/shp624_19901231b.shp;C:/Users/owner/Dropbox/Wzone/tmp/tmp1990/shp631_19901231b.shp;C:/Users/owner/Dropbox/Wzone/tmp/tmp1990/shp632_19901231b.shp;C:/Users/owner/Dropbox/Wzone/tmp/tmp1990/shp644_19901231b.shp;C:/Users/owner/Dropbox/Wzone/tmp/tmp1990/shp656_19901231b.shp;C:/Users/owner/Dropbox/Wzone/tmp/tmp1990/shp663_19901231b.shp;C:/Users/owner/Dropbox/Wzone/tmp/tmp1990/shp688_19901231b.shp;C:/Users/owner/Dropbox/Wzone/tmp/tmp1990/shp705_19901231b.shp;C:/Users/owner/Dropbox/Wzone/tmp/tmp1990/shp714_19901231b.shp;C:/Users/owner/Dropbox/Wzone/tmp/tmp1990/shp721_19901231b.shp;C:/Users/owner/Dropbox/Wzone/tmp/tmp1990/shp722_19901231b.shp;C:/Users/owner/Dropbox/Wzone/tmp/tmp1990/shp724_19901231b.shp;C:/Users/owner/Dropbox/Wzone/tmp/tmp1990/shp726_19901231b.shp;C:/Users/owner/Dropbox/Wzone/tmp/tmp1990/shp727_19901231b.shp;C:/Users/owner/Dropbox/Wzone/tmp/tmp1990/shp744_19901231b.shp;C:/Users/owner/Dropbox/Wzone/tmp/tmp1990/shp745_19901231b.shp;C:/Users/owner/Dropbox/Wzone/tmp/tmp1990/shp763_19901231b.shp;C:/Users/owner/Dropbox/Wzone/tmp/tmp1990/shp775_19901231b.shp;C:/Users/owner/Dropbox/Wzone/tmp/tmp1990/shp776_19901231b.shp;C:/Users/owner/Dropbox/Wzone/tmp/tmp1990/shp781_19901231b.shp;C:/Users/owner/Dropbox/Wzone/tmp/tmp1990/shp792_19901231b.shp;C:/Users/owner/Dropbox/Wzone/tmp/tmp1990/shp797_19901231b.shp;C:/Users/owner/Dropbox/Wzone/tmp/tmp1990/shp807_19901231b.shp;C:/Users/owner/Dropbox/Wzone/tmp/tmp1990/shp869_19901231b.shp;C:/Users/owner/Dropbox/Wzone/tmp/tmp1990/shp891_19901231b.shp;C:/Users/owner/Dropbox/Wzone/tmp/tmp1990/shp912_19901231b.shp;C:/Users/owner/Dropbox/Wzone/tmp/tmp1990/shp913_19901231b.shp;C:/Users/owner/Dropbox/Wzone/tmp/tmp1990/shp914_19901231b.shp;C:/Users/owner/Dropbox/Wzone/tmp/tmp1990/shp921_19901231b.shp;C:/Users/owner/Dropbox/Wzone/tmp/tmp1990/shp923_19901231b.shp;C:/Users/owner/Dropbox/Wzone/tmp/tmp1990/shp926_19901231b.shp;C:/Users/owner/Dropbox/Wzone/tmp/tmp1990/shp930_19901231b.shp;C:/Users/owner/Dropbox/Wzone/tmp/tmp1990/shp932_19901231b.shp;C:/Users/owner/Dropbox/Wzone/tmp/tmp1990/shp935_19901231b.shp;C:/Users/owner/Dropbox/Wzone/tmp/tmp1990/shp936_19901231b.shp;C:/Users/owner/Dropbox/Wzone/tmp/tmp1990/shp940_19901231b.shp;C:/Users/owner/Dropbox/Wzone/tmp/tmp1990/shp941_19901231b.shp;C:/Users/owner/Dropbox/Wzone/tmp/tmp1990/shp942_19901231b.shp;C:/Users/owner/Dropbox/Wzone/tmp/tmp1990/shp944_19901231b.shp;C:/Users/owner/Dropbox/Wzone/tmp/tmp1990/shp947_19901231b.shp;C:/Users/owner/Dropbox/Wzone/tmp/tmp1990/shp948_19901231b.shp;C:/Users/owner/Dropbox/Wzone/tmp/tmp1990/shp950_19901231b.shp;C:/Users/owner/Dropbox/Wzone/tmp/tmp1990/shp954_19901231b.shp;C:/Users/owner/Dropbox/Wzone/tmp/tmp1990/shp956_19901231b.shp;C:/Users/owner/Dropbox/Wzone/tmp/tmp1990/shp957_19901231b.shp;C:/Users/owner/Dropbox/Wzone/tmp/tmp1990/shp959_19901231b.shp;C:/Users/owner/Dropbox/Wzone/tmp/tmp1990/shp960_19901231b.shp;C:/Users/owner/Dropbox/Wzone/tmp/tmp1990/shp961_19901231b.shp;C:/Users/owner/Dropbox/Wzone/tmp/tmp1990/shp962_19901231b.shp;C:/Users/owner/Dropbox/Wzone/tmp/tmp1990/shp963_19901231b.shp;C:/Users/owner/Dropbox/Wzone/tmp/tmp1990/shp964_19901231b.shp;C:/Users/owner/Dropbox/Wzone/tmp/tmp1990/shp967_19901231b.shp;C:/Users/owner/Dropbox/Wzone/tmp/tmp1990/shp970_19901231b.shp;C:/Users/owner/Dropbox/Wzone/tmp/tmp1990/shp979_19901231b.shp;C:/Users/owner/Dropbox/Wzone/tmp/tmp1990/shp986_19901231b.shp;C:/Users/owner/Dropbox/Wzone/tmp/tmp1990/shp987_19901231b.shp;C:/Users/owner/Dropbox/Wzone/tmp/tmp1990/shp988_19901231b.shp;C:/Users/owner/Dropbox/Wzone/tmp/tmp1990/shp989_19901231b.shp;C:/Users/owner/Dropbox/Wzone/tmp/tmp1990/shp990_19901231b.shp;C:/Users/owner/Dropbox/Wzone/tmp/tmp1990/shp991_19901231b.shp;C:/Users/owner/Dropbox/Wzone/tmp/tmp1990/shp1021_19901231b.shp;C:/Users/owner/Dropbox/Wzone/tmp/tmp1990/shp1029_19901231b.shp;C:/Users/owner/Dropbox/Wzone/tmp/tmp1990/shp1031_19901231b.shp;C:/Users/owner/Dropbox/Wzone/tmp/tmp1990/shp1045_19901231b.shp;C:/Users/owner/Dropbox/Wzone/tmp/tmp1990/shp1059_19901231b.shp;C:/Users/owner/Dropbox/Wzone/tmp/tmp1990/shp1073_19901231b.shp;C:/Users/owner/Dropbox/Wzone/tmp/tmp1990/shp1074_19901231b.shp;C:/Users/owner/Dropbox/Wzone/tmp/tmp1990/shp1108_19901231b.shp;C:/Users/owner/Dropbox/Wzone/tmp/tmp1990/shp1161_19901231b.shp;C:/Users/owner/Dropbox/Wzone/tmp/tmp1990/shp1199_19901231b.shp;C:/Users/owner/Dropbox/Wzone/tmp/tmp1990/shp1204_19901231b.shp;C:/Users/owner/Dropbox/Wzone/tmp/tmp1990/shp1488_19901231b.shp;C:/Users/owner/Dropbox/Wzone/tmp/tmp1990/shp2391_19901231b.shp;C:/Users/owner/Dropbox/Wzone/tmp/tmp1990/shp5201_19901231b.shp;C:/Users/owner/Dropbox/Wzone/tmp/tmp1990/shp5349_19901231b.shp;C:/Users/owner/Dropbox/Wzone/tmp/tmp1990/shp5395_19901231b.shp;C:/Users/owner/Dropbox/Wzone/tmp/tmp1990/shp5450_19901231b.shp;C:/Users/owner/Dropbox/Wzone/tmp/tmp1990/shp5512_19901231b.shp;C:/Users/owner/Dropbox/Wzone/tmp/tmp1990/shp10264_19901231b.shp C:\Users\owner\Dropbox\Wzone\out\wzone_shp\1990\1990_12_31.shp "dyad_id "dyad_id" true true false 5 Long 0 5,First,#,C:/Users/owner/Dropbox/Wzone/tmp/tmp1990/shp406_19901231b.shp,dyad_id,-1,-1,C:/Users/owner/Dropbox/Wzone/tmp/tmp1990/shp411_19901231b.shp,dyad_id,-1,-1,C:/Users/owner/Dropbox/Wzone/tmp/tmp1990/shp422_19901231b.shp,dyad_id,-1,-1,C:/Users/owner/Dropbox/Wzone/tmp/tmp1990/shp428_19901231b.shp,dyad_id,-1,-1,C:/Users/owner/Dropbox/Wzone/tmp/tmp1990/shp434_19901231b.shp,dyad_id,-1,-1,C:/Users/owner/Dropbox/Wzone/tmp/tmp1990/shp451_19901231b.shp,dyad_id,-1,-1,C:/Users/owner/Dropbox/Wzone/tmp/tmp1990/shp461_19901231b.shp,dyad_id,-1,-1,C:/Users/owner/Dropbox/Wzone/tmp/tmp1990/shp469_19901231b.shp,dyad_id,-1,-1,C:/Users/owner/Dropbox/Wzone/tmp/tmp1990/shp475_19901231b.shp,dyad_id,-1,-1,C:/Users/owner/Dropbox/Wzone/tmp/tmp1990/shp476_19901231b.shp,dyad_id,-1,-1,C:/Users/owner/Dropbox/Wzone/tmp/tmp1990/shp571_19901231b.shp,dyad_id,-1,-1,C:/Users/owner/Dropbox/Wzone/tmp/tmp1990/shp623_19901231b.shp,dyad_id,-1,-1,C:/Users/owner/Dropbox/Wzone/tmp/tmp1990/shp624_19901231b.shp,dyad_id,-1,-1,C:/Users/owner/Dropbox/Wzone/tmp/tmp1990/shp631_19901231b.shp,dyad_id,-1,-1,C:/Users/owner/Dropbox/Wzone/tmp/tmp1990/shp632_19901231b.shp,dyad_id,-1,-1,C:/Users/owner/Dropbox/Wzone/tmp/tmp1990/shp644_19901231b.shp,dyad_id,-1,-1,C:/Users/owner/Dropbox/Wzone/tmp/tmp1990/shp656_19901231b.shp,dyad_id,-1,-1,C:/Users/owner/Dropbox/Wzone/tmp/tmp1990/shp663_19901231b.shp,dyad_id,-1,-1,C:/Users/owner/Dropbox/Wzone/tmp/tmp1990/shp688_19901231b.shp,dyad_id,-1,-1,C:/Users/owner/Dropbox/Wzone/tmp/tmp1990/shp705_19901231b.shp,dyad_id,-1,-1,C:/Users/owner/Dropbox/Wzone/tmp/tmp1990/shp714_19901231b.shp,dyad_id,-1,-1,C:/Users/owner/Dropbox/Wzone/tmp/tmp1990/shp721_19901231b.shp,dyad_id,-1,-1,C:/Users/owner/Dropbox/Wzone/tmp/tmp1990/shp722_19901231b.shp,dyad_id,-1,-1,C:/Users/owner/Dropbox/Wzone/tmp/tmp1990/shp724_19901231b.shp,dyad_id,-1,-1,C:/Users/owner/Dropbox/Wzone/tmp/tmp1990/shp726_19901231b.shp,dyad_id,-1,-1,C:/Users/owner/Dropbox/Wzone/tmp/tmp1990/shp727_19901231b.shp,dyad_id,-1,-1,C:/Users/owner/Dropbox/Wzone/tmp/tmp1990/shp744_19901231b.shp,dyad_id,-1,-1,C:/Users/owner/Dropbox/Wzone/tmp/tmp1990/shp745_19901231b.shp,dyad_id,-1,-1,C:/Users/owner/Dropbox/Wzone/tmp/tmp1990/shp763_19901231b.shp,dyad_id,-1,-1,C:/Users/owner/Dropbox/Wzone/tmp/tmp1990/shp775_19901231b.shp,dyad_id,-1,-1,C:/Users/owner/Dropbox/Wzone/tmp/tmp1990/shp776_19901231b.shp,dyad_id,-1,-1,C:/Users/owner/Dropbox/Wzone/tmp/tmp1990/shp781_19901231b.shp,dyad_id,-1,-1,C:/Users/owner/Dropbox/Wzone/tmp/tmp1990/shp792_19901231b.shp,dyad_id,-1,-1,C:/Users/owner/Dropbox/Wzone/tmp/tmp1990/shp797_19901231b.shp,dyad_id,-1,-1,C:/Users/owner/Dropbox/Wzone/tmp/tmp1990/shp807_19901231b.shp,dyad_id,-1,-1,C:/Users/owner/Dropbox/Wzone/tmp/tmp1990/shp869_19901231b.shp,dyad_id,-1,-1,C:/Users/owner/Dropbox/Wzone/tmp/tmp1990/shp891_19901231b.shp,dyad_id,-1,-1,C:/Users/owner/Dropbox/Wzone/tmp/tmp1990/shp912_19901231b.shp,dyad_id,-1,-1,C:/Users/owner/Dropbox/Wzone/tmp/tmp1990/shp913_19901231b.shp,dyad_id,-1,-1,C:/Users/owner/Dropbox/Wzone/tmp/tmp1990/shp914_19901231b.shp,dyad_id,-1,-1,C:/Users/owner/Dropbox/Wzone/tmp/tmp1990/shp921_19901231b.shp,dyad_id,-1,-1,C:/Users/owner/Dropbox/Wzone/tmp/tmp1990/shp923_19901231b.shp,dyad_id,-1,-1,C:/Users/owner/Dropbox/Wzone/tmp/tmp1990/shp926_19901231b.shp,dyad_id,-1,-1,C:/Users/owner/Dropbox/Wzone/tmp/tmp1990/shp930_19901231b.shp,dyad_id,-1,-1,C:/Users/owner/Dropbox/Wzone/tmp/tmp1990/shp932_19901231b.shp,dyad_id,-1,-1,C:/Users/owner/Dropbox/Wzone/tmp/tmp1990/shp935_19901231b.shp,dyad_id,-1,-1,C:/Users/owner/Dropbox/Wzone/tmp/tmp1990/shp936_19901231b.shp,dyad_id,-1,-1,C:/Users/owner/Dropbox/Wzone/tmp/tmp1990/shp940_19901231b.shp,dyad_id,-1,-1,C:/Users/owner/Dropbox/Wzone/tmp/tmp1990/shp941_19901231b.shp,dyad_id,-1,-1,C:/Users/owner/Dropbox/Wzone/tmp/tmp1990/shp942_19901231b.shp,dyad_id,-1,-1,C:/Users/owner/Dropbox/Wzone/tmp/tmp1990/shp944_19901231b.shp,dyad_id,-1,-1,C:/Users/owner/Dropbox/Wzone/tmp/tmp1990/shp947_19901231b.shp,dyad_id,-1,-1,C:/Users/owner/Dropbox/Wzone/tmp/tmp1990/shp948_19901231b.shp,dyad_id,-1,-1,C:/Users/owner/Dropbox/Wzone/tmp/tmp1990/shp950_19901231b.shp,dyad_id,-1,-1,C:/Users/owner/Dropbox/Wzone/tmp/tmp1990/shp954_19901231b.shp,dyad_id,-1,-1,C:/Users/owner/Dropbox/Wzone/tmp/tmp1990/shp956_19901231b.shp,dyad_id,-1,-1,C:/Users/owner/Dropbox/Wzone/tmp/tmp1990/shp957_19901231b.shp,dyad_id,-1,-1,C:/Users/owner/Dropbox/Wzone/tmp/tmp1990/shp959_19901231b.shp,dyad_id,-1,-1,C:/Users/owner/Dropbox/Wzone/tmp/tmp1990/shp960_19901231b.shp,dyad_id,-1,-1,C:/Users/owner/Dropbox/Wzone/tmp/tmp1990/shp961_19901231b.shp,dyad_id,-1,-1,C:/Users/owner/Dropbox/Wzone/tmp/tmp1990/shp962_19901231b.shp,dyad_id,-1,-1,C:/Users/owner/Dropbox/Wzone/tmp/tmp1990/shp963_19901231b.shp,dyad_id,-1,-1,C:/Users/owner/Dropbox/Wzone/tmp/tmp1990/shp964_19901231b.shp,dyad_id,-1,-1,C:/Users/owner/Dropbox/Wzone/tmp/tmp1990/shp967_19901231b.shp,dyad_id,-1,-1,C:/Users/owner/Dropbox/Wzone/tmp/tmp1990/shp970_19901231b.shp,dyad_id,-1,-1,C:/Users/owner/Dropbox/Wzone/tmp/tmp1990/shp979_19901231b.shp,dyad_id,-1,-1,C:/Users/owner/Dropbox/Wzone/tmp/tmp1990/shp986_19901231b.shp,dyad_id,-1,-1,C:/Users/owner/Dropbox/Wzone/tmp/tmp1990/shp987_19901231b.shp,dyad_id,-1,-1,C:/Users/owner/Dropbox/Wzone/tmp/tmp1990/shp988_19901231b.shp,dyad_id,-1,-1,C:/Users/owner/Dropbox/Wzone/tmp/tmp1990/shp989_19901231b.shp,dyad_id,-1,-1,C:/Users/owner/Dropbox/Wzone/tmp/tmp1990/shp990_19901231b.shp,dyad_id,-1,-1,C:/Users/owner/Dropbox/Wzone/tmp/tmp1990/shp991_19901231b.shp,dyad_id,-1,-1,C:/Users/owner/Dropbox/Wzone/tmp/tmp1990/shp1021_19901231b.shp,dyad_id,-1,-1,C:/Users/owner/Dropbox/Wzone/tmp/tmp1990/shp1029_19901231b.shp,dyad_id,-1,-1,C:/Users/owner/Dropbox/Wzone/tmp/tmp1990/shp1031_19901231b.shp,dyad_id,-1,-1,C:/Users/owner/Dropbox/Wzone/tmp/tmp1990/shp1045_19901231b.shp,dyad_id,-1,-1,C:/Users/owner/Dropbox/Wzone/tmp/tmp1990/shp1059_19901231b.shp,dyad_id,-1,-1,C:/Users/owner/Dropbox/Wzone/tmp/tmp1990/shp1073_19901231b.shp,dyad_id,-1,-1,C:/Users/owner/Dropbox/Wzone/tmp/tmp1990/shp1074_19901231b.shp,dyad_id,-1,-1,C:/Users/owner/Dropbox/Wzone/tmp/tmp1990/shp1108_19901231b.shp,dyad_id,-1,-1,C:/Users/owner/Dropbox/Wzone/tmp/tmp1990/shp1161_19901231b.shp,dyad_id,-1,-1,C:/Users/owner/Dropbox/Wzone/tmp/tmp1990/shp1199_19901231b.shp,dyad_id,-1,-1,C:/Users/owner/Dropbox/Wzone/tmp/tmp1990/shp1204_19901231b.shp,dyad_id,-1,-1,C:/Users/owner/Dropbox/Wzone/tmp/tmp1990/shp1488_19901231b.shp,dyad_id,-1,-1,C:/Users/owner/Dropbox/Wzone/tmp/tmp1990/shp2391_19901231b.shp,dyad_id,-1,-1,C:/Users/owner/Dropbox/Wzone/tmp/tmp1990/shp5201_19901231b.shp,dyad_id,-1,-1,C:/Users/owner/Dropbox/Wzone/tmp/tmp1990/shp5349_19901231b.shp,dyad_id,-1,-1,C:/Users/owner/Dropbox/Wzone/tmp/tmp1990/shp5395_19901231b.shp,dyad_id,-1,-1,C:/Users/owner/Dropbox/Wzone/tmp/tmp1990/shp5450_19901231b.shp,dyad_id,-1,-1,C:/Users/owner/Dropbox/Wzone/tmp/tmp1990/shp5512_19901231b.shp,dyad_id,-1,-1,C:/Users/owner/Dropbox/Wzone/tmp/tmp1990/shp10264_19901231b.shp,dyad_id,-1,-1;conf_id "conf_id" true true false 5 Long 0 5,First,#,C:/Users/owner/Dropbox/Wzone/tmp/tmp1990/shp406_19901231b.shp,conf_id,-1,-1,C:/Users/owner/Dropbox/Wzone/tmp/tmp1990/shp411_19901231b.shp,conf_id,-1,-1,C:/Users/owner/Dropbox/Wzone/tmp/tmp1990/shp422_19901231b.shp,conf_id,-1,-1,C:/Users/owner/Dropbox/Wzone/tmp/tmp1990/shp428_19901231b.shp,conf_id,-1,-1,C:/Users/owner/Dropbox/Wzone/tmp/tmp1990/shp434_19901231b.shp,conf_id,-1,-1,C:/Users/owner/Dropbox/Wzone/tmp/tmp1990/shp451_19901231b.shp,conf_id,-1,-1,C:/Users/owner/Dropbox/Wzone/tmp/tmp1990/shp461_19901231b.shp,conf_id,-1,-1,C:/Users/owner/Dropbox/Wzone/tmp/tmp1990/shp469_19901231b.shp,conf_id,-1,-1,C:/Users/owner/Dropbox/Wzone/tmp/tmp1990/shp475_19901231b.shp,conf_id,-1,-1,C:/Users/owner/Dropbox/Wzone/tmp/tmp1990/shp476_19901231b.shp,conf_id,-1,-1,C:/Users/owner/Dropbox/Wzone/tmp/tmp1990/shp571_19901231b.shp,conf_id,-1,-1,C:/Users/owner/Dropbox/Wzone/tmp/tmp1990/shp623_19901231b.shp,conf_id,-1,-1,C:/Users/owner/Dropbox/Wzone/tmp/tmp1990/shp624_19901231b.shp,conf_id,-1,-1,C:/Users/owner/Dropbox/Wzone/tmp/tmp1990/shp631_19901231b.shp,conf_id,-1,-1,C:/Users/owner/Dropbox/Wzone/tmp/tmp1990/shp632_19901231b.shp,conf_id,-1,-1,C:/Users/owner/Dropbox/Wzone/tmp/tmp1990/shp644_19901231b.shp,conf_id,-1,-1,C:/Users/owner/Dropbox/Wzone/tmp/tmp1990/shp656_19901231b.shp,conf_id,-1,-1,C:/Users/owner/Dropbox/Wzone/tmp/tmp1990/shp663_19901231b.shp,conf_id,-1,-1,C:/Users/owner/Dropbox/Wzone/tmp/tmp1990/shp688_19901231b.shp,conf_id,-1,-1,C:/Users/owner/Dropbox/Wzone/tmp/tmp1990/shp705_19901231b.shp,conf_id,-1,-1,C:/Users/owner/Dropbox/Wzone/tmp/tmp1990/shp714_19901231b.shp,conf_id,-1,-1,C:/Users/owner/Dropbox/Wzone/tmp/tmp1990/shp721_19901231b.shp,conf_id,-1,-1,C:/Users/owner/Dropbox/Wzone/tmp/tmp1990/shp722_19901231b.shp,conf_id,-1,-1,C:/Users/owner/Dropbox/Wzone/tmp/tmp1990/shp724_19901231b.shp,conf_id,-1,-1,C:/Users/owner/Dropbox/Wzone/tmp/tmp1990/shp726_19901231b.shp,conf_id,-1,-1,C:/Users/owner/Dropbox/Wzone/tmp/tmp1990/shp727_19901231b.shp,conf_id,-1,-1,C:/Users/owner/Dropbox/Wzone/tmp/tmp1990/shp744_19901231b.shp,conf_id,-1,-1,C:/Users/owner/Dropbox/Wzone/tmp/tmp1990/shp745_19901231b.shp,conf_id,-1,-1,C:/Users/owner/Dropbox/Wzone/tmp/tmp1990/shp763_19901231b.shp,conf_id,-1,-1,C:/Users/owner/Dropbox/Wzone/tmp/tmp1990/shp775_19901231b.shp,conf_id,-1,-1,C:/Users/owner/Dropbox/Wzone/tmp/tmp1990/shp776_19901231b.shp,conf_id,-1,-1,C:/Users/owner/Dropbox/Wzone/tmp/tmp1990/shp781_19901231b.shp,conf_id,-1,-1,C:/Users/owner/Dropbox/Wzone/tmp/tmp1990/shp792_19901231b.shp,conf_id,-1,-1,C:/Users/owner/Dropbox/Wzone/tmp/tmp1990/shp797_19901231b.shp,conf_id,-1,-1,C:/Users/owner/Dropbox/Wzone/tmp/tmp1990/shp807_19901231b.shp,conf_id,-1,-1,C:/Users/owner/Dropbox/Wzone/tmp/tmp1990/shp869_19901231b.shp,conf_id,-1,-1,C:/Users/owner/Dropbox/Wzone/tmp/tmp1990/shp891_19901231b.shp,conf_id,-1,-1,C:/Users/owner/Dropbox/Wzone/tmp/tmp1990/shp912_19901231b.shp,conf_id,-1,-1,C:/Users/owner/Dropbox/Wzone/tmp/tmp1990/shp913_19901231b.shp,conf_id,-1,-1,C:/Users/owner/Dropbox/Wzone/tmp/tmp1990/shp914_19901231b.shp,conf_id,-1,-1,C:/Users/owner/Dropbox/Wzone/tmp/tmp1990/shp921_19901231b.shp,conf_id,-1,-1,C:/Users/owner/Dropbox/Wzone/tmp/tmp1990/shp923_19901231b.shp,conf_id,-1,-1,C:/Users/owner/Dropbox/Wzone/tmp/tmp1990/shp926_19901231b.shp,conf_id,-1,-1,C:/Users/owner/Dropbox/Wzone/tmp/tmp1990/shp930_19901231b.shp,conf_id,-1,-1,C:/Users/owner/Dropbox/Wzone/tmp/tmp1990/shp932_19901231b.shp,conf_id,-1,-1,C:/Users/owner/Dropbox/Wzone/tmp/tmp1990/shp935_19901231b.shp,conf_id,-1,-1,C:/Users/owner/Dropbox/Wzone/tmp/tmp1990/shp936_19901231b.shp,conf_id,-1,-1,C:/Users/owner/Dropbox/Wzone/tmp/tmp1990/shp940_19901231b.shp,conf_id,-1,-1,C:/Users/owner/Dropbox/Wzone/tmp/tmp1990/shp941_19901231b.shp,conf_id,-1,-1,C:/Users/owner/Dropbox/Wzone/tmp/tmp1990/shp942_19901231b.shp,conf_id,-1,-1,C:/Users/owner/Dropbox/Wzone/tmp/tmp1990/shp944_19901231b.shp,conf_id,-1,-1,C:/Users/owner/Dropbox/Wzone/tmp/tmp1990/shp947_19901231b.shp,conf_id,-1,-1,C:/Users/owner/Dropbox/Wzone/tmp/tmp1990/shp948_19901231b.shp,conf_id,-1,-1,C:/Users/owner/Dropbox/Wzone/tmp/tmp1990/shp950_19901231b.shp,conf_id,-1,-1,C:/Users/owner/Dropbox/Wzone/tmp/tmp1990/shp954_19901231b.shp,conf_id,-1,-1,C:/Users/owner/Dropbox/Wzone/tmp/tmp1990/shp956_19901231b.shp,conf_id,-1,-1,C:/Users/owner/Dropbox/Wzone/tmp/tmp1990/shp957_19901231b.shp,conf_id,-1,-1,C:/Users/owner/Dropbox/Wzone/tmp/tmp1990/shp959_19901231b.shp,conf_id,-1,-1,C:/Users/owner/Dropbox/Wzone/tmp/tmp1990/shp960_19901231b.shp,conf_id,-1,-1,C:/Users/owner/Dropbox/Wzone/tmp/tmp1990/shp961_19901231b.shp,conf_id,-1,-1,C:/Users/owner/Dropbox/Wzone/tmp/tmp1990/shp962_19901231b.shp,conf_id,-1,-1,C:/Users/owner/Dropbox/Wzone/tmp/tmp1990/shp963_19901231b.shp,conf_id,-1,-1,C:/Users/owner/Dropbox/Wzone/tmp/tmp1990/shp964_19901231b.shp,conf_id,-1,-1,C:/Users/owner/Dropbox/Wzone/tmp/tmp1990/shp967_19901231b.shp,conf_id,-1,-1,C:/Users/owner/Dropbox/Wzone/tmp/tmp1990/shp970_19901231b.shp,conf_id,-1,-1,C:/Users/owner/Dropbox/Wzone/tmp/tmp1990/shp979_19901231b.shp,conf_id,-1,-1,C:/Users/owner/Dropbox/Wzone/tmp/tmp1990/shp986_19901231b.shp,conf_id,-1,-1,C:/Users/owner/Dropbox/Wzone/tmp/tmp1990/shp987_19901231b.shp,conf_id,-1,-1,C:/Users/owner/Dropbox/Wzone/tmp/tmp1990/shp988_19901231b.shp,conf_id,-1,-1,C:/Users/owner/Dropbox/Wzone/tmp/tmp1990/shp989_19901231b.shp,conf_id,-1,-1,C:/Users/owner/Dropbox/Wzone/tmp/tmp1990/shp990_19901231b.shp,conf_id,-1,-1,C:/Users/owner/Dropbox/Wzone/tmp/tmp1990/shp991_19901231b.shp,conf_id,-1,-1,C:/Users/owner/Dropbox/Wzone/tmp/tmp1990/shp1021_19901231b.shp,conf_id,-1,-1,C:/Users/owner/Dropbox/Wzone/tmp/tmp1990/shp1029_19901231b.shp,conf_id,-1,-1,C:/Users/owner/Dropbox/Wzone/tmp/tmp1990/shp1031_19901231b.shp,conf_id,-1,-1,C:/Users/owner/Dropbox/Wzone/tmp/tmp1990/shp1045_19901231b.shp,conf_id,-1,-1,C:/Users/owner/Dropbox/Wzone/tmp/tmp1990/shp1059_19901231b.shp,conf_id,-1,-1,C:/Users/owner/Dropbox/Wzone/tmp/tmp1990/shp1073_19901231b.shp,conf_id,-1,-1,C:/Users/owner/Dropbox/Wzone/tmp/tmp1990/shp1074_19901231b.shp,conf_id,-1,-1,C:/Users/owner/Dropbox/Wzone/tmp/tmp1990/shp1108_19901231b.shp,conf_id,-1,-1,C:/Users/owner/Dropbox/Wzone/tmp/tmp1990/shp1161_19901231b.shp,conf_id,-1,-1,C:/Users/owner/Dropbox/Wzone/tmp/tmp1990/shp1199_19901231b.shp,conf_id,-1,-1,C:/Users/owner/Dropbox/Wzone/tmp/tmp1990/shp1204_19901231b.shp,conf_id,-1,-1,C:/Users/owner/Dropbox/Wzone/tmp/tmp1990/shp1488_19901231b.shp,conf_id,-1,-1,C:/Users/owner/Dropbox/Wzone/tmp/tmp1990/shp2391_19901231b.shp,conf_id,-1,-1,C:/Users/owner/Dropbox/Wzone/tmp/tmp1990/shp5201_19901231b.shp,conf_id,-1,-1,C:/Users/owner/Dropbox/Wzone/tmp/tmp1990/shp5349_19901231b.shp,conf_id,-1,-1,C:/Users/owner/Dropbox/Wzone/tmp/tmp1990/shp5395_19901231b.shp,conf_id,-1,-1,C:/Users/owner/Dropbox/Wzone/tmp/tmp1990/shp5450_19901231b.shp,conf_id,-1,-1,C:/Users/owner/Dropbox/Wzone/tmp/tmp1990/shp5512_19901231b.shp,conf_id,-1,-1,C:/Users/owner/Dropbox/Wzone/tmp/tmp1990/shp10264_19901231b.shp,conf_id,-1,-1;date "date" true true false 254 Text 0 0,First,#,C:/Users/owner/Dropbox/Wzone/tmp/tmp1990/shp406_19901231b.shp,date,0,253,C:/Users/owner/Dropbox/Wzone/tmp/tmp1990/shp411_19901231b.shp,date,0,253,C:/Users/owner/Dropbox/Wzone/tmp/tmp1990/shp422_19901231b.shp,date,0,253,C:/Users/owner/Dropbox/Wzone/tmp/tmp1990/shp428_19901231b.shp,date,0,253,C:/Users/owner/Dropbox/Wzone/tmp/tmp1990/shp434_19901231b.shp,date,0,253,C:/Users/owner/Dropbox/Wzone/tmp/tmp1990/shp451_19901231b.shp,date,0,253,C:/Users/owner/Dropbox/Wzone/tmp/tmp1990/shp461_19901231b.shp,date,0,253,C:/Users/owner/Dropbox/Wzone/tmp/tmp1990/shp469_19901231b.shp,date,0,253,C:/Users/owner/Dropbox/Wzone/tmp/tmp1990/shp475_19901231b.shp,date,0,253,C:/Users/owner/Dropbox/Wzone/tmp/tmp1990/shp476_19901231b.shp,date,0,253,C:/Users/owner/Dropbox/Wzone/tmp/tmp1990/shp571_19901231b.shp,date,0,253,C:/Users/owner/Dropbox/Wzone/tmp/tmp1990/shp623_19901231b.shp,date,0,253,C:/Users/owner/Dropbox/Wzone/tmp/tmp1990/shp624_19901231b.shp,date,0,253,C:/Users/owner/Dropbox/Wzone/tmp/tmp1990/shp631_19901231b.shp,date,0,253,C:/Users/owner/Dropbox/Wzone/tmp/tmp1990/shp632_19901231b.shp,date,0,253,C:/Users/owner/Dropbox/Wzone/tmp/tmp1990/shp644_19901231b.shp,date,0,253,C:/Users/owner/Dropbox/Wzone/tmp/tmp1990/shp656_19901231b.shp,date,0,253,C:/Users/owner/Dropbox/Wzone/tmp/tmp1990/shp663_19901231b.shp,date,0,253,C:/Users/owner/Dropbox/Wzone/tmp/tmp1990/shp688_19901231b.shp,date,0,253,C:/Users/owner/Dropbox/Wzone/tmp/tmp1990/shp705_19901231b.shp,date,0,253,C:/Users/owner/Dropbox/Wzone/tmp/tmp1990/shp714_19901231b.shp,date,0,253,C:/Users/owner/Dropbox/Wzone/tmp/tmp1990/shp721_19901231b.shp,date,0,253,C:/Users/owner/Dropbox/Wzone/tmp/tmp1990/shp722_19901231b.shp,date,0,253,C:/Users/owner/Dropbox/Wzone/tmp/tmp1990/shp724_19901231b.shp,date,0,253,C:/Users/owner/Dropbox/Wzone/tmp/tmp1990/shp726_19901231b.shp,date,0,253,C:/Users/owner/Dropbox/Wzone/tmp/tmp1990/shp727_19901231b.shp,date,0,253,C:/Users/owner/Dropbox/Wzone/tmp/tmp1990/shp744_19901231b.shp,date,0,253,C:/Users/owner/Dropbox/Wzone/tmp/tmp1990/shp745_19901231b.shp,date,0,253,C:/Users/owner/Dropbox/Wzone/tmp/tmp1990/shp763_19901231b.shp,date,0,253,C:/Users/owner/Dropbox/Wzone/tmp/tmp1990/shp775_19901231b.shp,date,0,253,C:/Users/owner/Dropbox/Wzone/tmp/tmp1990/shp776_19901231b.shp,date,0,253,C:/Users/owner/Dropbox/Wzone/tmp/tmp1990/shp781_19901231b.shp,date,0,253,C:/Users/owner/Dropbox/Wzone/tmp/tmp1990/shp792_19901231b.shp,date,0,253,C:/Users/owner/Dropbox/Wzone/tmp/tmp1990/shp797_19901231b.shp,date,0,253,C:/Users/owner/Dropbox/Wzone/tmp/tmp1990/shp807_19901231b.shp,date,0,253,C:/Users/owner/Dropbox/Wzone/tmp/tmp1990/shp869_19901231b.shp,date,0,253,C:/Users/owner/Dropbox/Wzone/tmp/tmp1990/shp891_19901231b.shp,date,0,253,C:/Users/owner/Dropbox/Wzone/tmp/tmp1990/shp912_19901231b.shp,date,0,253,C:/Users/owner/Dropbox/Wzone/tmp/tmp1990/shp913_19901231b.shp,date,0,253,C:/Users/owner/Dropbox/Wzone/tmp/tmp1990/shp914_19901231b.shp,date,0,253,C:/Users/owner/Dropbox/Wzone/tmp/tmp1990/shp921_19901231b.shp,date,0,253,C:/Users/owner/Dropbox/Wzone/tmp/tmp1990/shp923_19901231b.shp,date,0,253,C:/Users/owner/Dropbox/Wzone/tmp/tmp1990/shp926_19901231b.shp,date,0,253,C:/Users/owner/Dropbox/Wzone/tmp/tmp1990/shp930_19901231b.shp,date,0,253,C:/Users/owner/Dropbox/Wzone/tmp/tmp1990/shp932_19901231b.shp,date,0,253,C:/Users/owner/Dropbox/Wzone/tmp/tmp1990/shp935_19901231b.shp,date,0,253,C:/Users/owner/Dropbox/Wzone/tmp/tmp1990/shp936_19901231b.shp,date,0,253,C:/Users/owner/Dropbox/Wzone/tmp/tmp1990/shp940_19901231b.shp,date,0,253,C:/Users/owner/Dropbox/Wzone/tmp/tmp1990/shp941_19901231b.shp,date,0,253,C:/Users/owner/Dropbox/Wzone/tmp/tmp1990/shp942_19901231b.shp,date,0,253,C:/Users/owner/Dropbox/Wzone/tmp/tmp1990/shp944_19901231b.shp,date,0,253,C:/Users/owner/Dropbox/Wzone/tmp/tmp1990/shp947_19901231b.shp,date,0,253,C:/Users/owner/Dropbox/Wzone/tmp/tmp1990/shp948_19901231b.shp,date,0,253,C:/Users/owner/Dropbox/Wzone/tmp/tmp1990/shp950_19901231b.shp,date,0,253,C:/Users/owner/Dropbox/Wzone/tmp/tmp1990/shp954_19901231b.shp,date,0,253,C:/Users/owner/Dropbox/Wzone/tmp/tmp1990/shp956_19901231b.shp,date,0,253,C:/Users/owner/Dropbox/Wzone/tmp/tmp1990/shp957_19901231b.shp,date,0,253,C:/Users/owner/Dropbox/Wzone/tmp/tmp1990/shp959_19901231b.shp,date,0,253,C:/Users/owner/Dropbox/Wzone/tmp/tmp1990/shp960_19901231b.shp,date,0,253,C:/Users/owner/Dropbox/Wzone/tmp/tmp1990/shp961_19901231b.shp,date,0,253,C:/Users/owner/Dropbox/Wzone/tmp/tmp1990/shp962_19901231b.shp,date,0,253,C:/Users/owner/Dropbox/Wzone/tmp/tmp1990/shp963_19901231b.shp,date,0,253,C:/Users/owner/Dropbox/Wzone/tmp/tmp1990/shp964_19901231b.shp,date,0,253,C:/Users/owner/Dropbox/Wzone/tmp/tmp1990/shp967_19901231b.shp,date,0,253,C:/Users/owner/Dropbox/Wzone/tmp/tmp1990/shp970_19901231b.shp,date,0,253,C:/Users/owner/Dropbox/Wzone/tmp/tmp1990/shp979_19901231b.shp,date,0,253,C:/Users/owner/Dropbox/Wzone/tmp/tmp1990/shp986_19901231b.shp,date,0,253,C:/Users/owner/Dropbox/Wzone/tmp/tmp1990/shp987_19901231b.shp,date,0,253,C:/Users/owner/Dropbox/Wzone/tmp/tmp1990/shp988_19901231b.shp,date,0,253,C:/Users/owner/Dropbox/Wzone/tmp/tmp1990/shp989_19901231b.shp,date,0,253,C:/Users/owner/Dropbox/Wzone/tmp/tmp1990/shp990_19901231b.shp,date,0,253,C:/Users/owner/Dropbox/Wzone/tmp/tmp1990/shp991_19901231b.shp,date,0,253,C:/Users/owner/Dropbox/Wzone/tmp/tmp1990/shp1021_19901231b.shp,date,0,253,C:/Users/owner/Dropbox/Wzone/tmp/tmp1990/shp1029_19901231b.shp,date,0,253,C:/Users/owner/Dropbox/Wzone/tmp/tmp1990/shp1031_19901231b.shp,date,0,253,C:/Users/owner/Dropbox/Wzone/tmp/tmp1990/shp1045_19901231b.shp,date,0,253,C:/Users/owner/Dropbox/Wzone/tmp/tmp1990/shp1059_19901231b.shp,date,0,253,C:/Users/owner/Dropbox/Wzone/tmp/tmp1990/shp1073_19901231b.shp,date,0,253,C:/Users/owner/Dropbox/Wzone/tmp/tmp1990/shp1074_19901231b.shp,date,0,253,C:/Users/owner/Dropbox/Wzone/tmp/tmp1990/shp1108_19901231b.shp,date,0,253,C:/Users/owner/Dropbox/Wzone/tmp/tmp1990/shp1161_19901231b.shp,date,0,253,C:/Users/owner/Dropbox/Wzone/tmp/tmp1990/shp1199_19901231b.shp,date,0,253,C:/Users/owner/Dropbox/Wzone/tmp/tmp1990/shp1204_19901231b.shp,date,0,253,C:/Users/owner/Dropbox/Wzone/tmp/tmp1990/shp1488_19901231b.shp,date,0,253,C:/Users/owner/Dropbox/Wzone/tmp/tmp1990/shp2391_19901231b.shp,date,0,253,C:/Users/owner/Dropbox/Wzone/tmp/tmp1990/shp5201_19901231b.shp,date,0,253,C:/Users/owner/Dropbox/Wzone/tmp/tmp1990/shp5349_19901231b.shp,date,0,253,C:/Users/owner/Dropbox/Wzone/tmp/tmp1990/shp5395_19901231b.shp,date,0,253,C:/Users/owner/Dropbox/Wzone/tmp/tmp1990/shp5450_19901231b.shp,date,0,253,C:/Users/owner/Dropbox/Wzone/tmp/tmp1990/shp5512_19901231b.shp,date,0,253,C:/Users/owner/Dropbox/Wzone/tmp/tmp1990/shp10264_19901231b.shp,date,0,253" NO_SOURCE_INFO</Process><Process ToolSource="c:\program files\arcgis\pro\Resources\ArcToolbox\toolboxes\Data Management Tools.tbx\DefineProjection" Date="20240714" Time="151830">DefineProjection C:/Users/owner/Dropbox/Wzone/out/wzone_shp/1990/1990_12_31.shp GEOGCS["GCS_WGS_1984",DATUM["D_WGS_1984",SPHEROID["WGS_1984",6378137.0,298.257223563]],PRIMEM["Greenwich",0.0],UNIT["Degree",0.0174532925199433]]</Process></lineage></DataProperties><SyncDate>20240714</SyncDate><SyncTime>15182900</SyncTime><ModDate>20240714</ModDate><ModTime>15182900</ModTime></Esri><dataIdInfo><envirDesc Sync="TRUE">Microsoft Windows 10 Version 10.0 (Build 19045) ; Esri ArcGIS 13.2.2.49743</envirDesc><dataLang><languageCode value="eng" Sync="TRUE"></languageCode><countryCode value="USA" Sync="TRUE"></countryCode></dataLang><idCitation><resTitle Sync="TRUE">1990_12_31</resTitle><presForm><PresFormCd value="005" Sync="TRUE"></PresFormCd></presForm></idCitation><spatRpType><SpatRepTypCd value="001" Sync="TRUE"></SpatRepTypCd></spatRpType></dataIdInfo><mdLang><languageCode value="eng" Sync="TRUE"></languageCode><countryCode value="USA" Sync="TRUE"></countryCode></mdLang><mdChar><CharSetCd value="004" Sync="TRUE"></CharSetCd></mdChar><distInfo><distFormat><formatName Sync="TRUE">Shapefile</formatName></distFormat><distTranOps><transSize Sync="TRUE">0.000</transSize></distTranOps></distInfo><mdHrLv><ScopeCd value="005" Sync="TRUE"></ScopeCd></mdHrLv><mdHrLvName Sync="TRUE">dataset</mdHrLvName><spatRepInfo><VectSpatRep><geometObjs Name="1990_12_31"><geoObjTyp><GeoObjTypCd value="002" Sync="TRUE"></GeoObjTypCd></geoObjTyp><geoObjCnt Sync="TRUE">0</geoObjCnt></geometObjs><topLvl><TopoLevCd value="001" Sync="TRUE"></TopoLevCd></topLvl></VectSpatRep></spatRepInfo><spdoinfo><ptvctinf><esriterm Name="1990_12_31"><efeatyp Sync="TRUE">Simple</efeatyp><efeageom code="4" Sync="TRUE"></efeageom><esritopo Sync="TRUE">FALSE</esritopo><efeacnt Sync="TRUE">0</efeacnt><spindex Sync="TRUE">FALSE</spindex><linrefer Sync="TRUE">FALSE</linrefer></esriterm></ptvctinf></spdoinfo><eainfo><detailed Name="1990_12_31"><enttyp><enttypl Sync="TRUE">1990_12_31</enttypl><enttypt Sync="TRUE">Feature Class</enttypt><enttypc Sync="TRUE">0</enttypc></enttyp><attr><attrlabl Sync="TRUE">FID</attrlabl><attalias Sync="TRUE">FID</attalias><attrtype Sync="TRUE">OID</attrtype><attwidth Sync="TRUE">4</attwidth><atprecis Sync="TRUE">0</atprecis><attscale Sync="TRUE">0</attscale><attrdef Sync="TRUE">Internal feature number.</attrdef><attrdefs Sync="TRUE">Esri</attrdefs><attrdomv><udom Sync="TRUE">Sequential unique whole numbers that are automatically generated.</udom></attrdomv></attr><attr><attrlabl Sync="TRUE">Shape</attrlabl><attalias Sync="TRUE">Shape</attalias><attrtype Sync="TRUE">Geometry</attrtype><attwidth Sync="TRUE">0</attwidth><atprecis Sync="TRUE">0</atprecis><attscale Sync="TRUE">0</attscale><attrdef Sync="TRUE">Feature geometry.</attrdef><attrdefs Sync="TRUE">Esri</attrdefs><attrdomv><udom Sync="TRUE">Coordinates defining the features.</udom></attrdomv></attr><attr><attrlabl Sync="TRUE">dyad_id</attrlabl><attalias Sync="TRUE">dyad_id</attalias><attrtype Sync="TRUE">Integer</attrtype><attwidth Sync="TRUE">5</attwidth><atprecis Sync="TRUE">5</atprecis><attscale Sync="TRUE">0</attscale></attr><attr><attrlabl Sync="TRUE">conf_id</attrlabl><attalias Sync="TRUE">conf_id</attalias><attrtype Sync="TRUE">Integer</attrtype><attwidth Sync="TRUE">5</attwidth><atprecis Sync="TRUE">5</atprecis><attscale Sync="TRUE">0</attscale></attr><attr><attrlabl Sync="TRUE">date</attrlabl><attalias Sync="TRUE">date</attalias><attrtype Sync="TRUE">String</attrtype><attwidth Sync="TRUE">254</attwidth><atprecis Sync="TRUE">0</atprecis><attscale Sync="TRUE">0</attscale></attr></detailed></eainfo><mdDateSt Sync="TRUE">20240714</mdDateSt></metadata>
