<?xml version="1.0" encoding="UTF-8"?>
<metadata xml:lang="en"><Esri><CreaDate>20240714</CreaDate><CreaTime>18555500</CreaTime><ArcGISFormat>1.0</ArcGISFormat><SyncOnce>FALSE</SyncOnce><DataProperties><itemProps><itemName Sync="TRUE">1991_12_31</itemName><imsContentType Sync="TRUE">002</imsContentType><itemSize Sync="TRUE">0.000</itemSize><itemLocation><linkage Sync="TRUE">file://\\DESKTOP-48J08HF\C$\Users\owner\Dropbox\Wzone\out\wzone_shp\1991\1991_12_31.shp</linkage><protocol Sync="TRUE">Local Area Network</protocol></itemLocation></itemProps><lineage><Process ToolSource="c:\program files\arcgis\pro\Resources\ArcToolbox\toolboxes\Analysis Tools.tbx\Select" Date="20240714" Time="185555">Select in_memory/shp1991406_19911231a C:\Users\owner\Dropbox\Wzone\tmp\tmp1991\shp406_19911231b.shp ""gridcode" &gt; 0"</Process><Process ToolSource="c:\program files\arcgis\pro\Resources\ArcToolbox\toolboxes\Data Management Tools.tbx\AddField" Date="20240714" Time="185555">AddField C:/Users/owner/Dropbox/Wzone/tmp/tmp1991/shp406_19911231b.shp dyad_id "Short (16-bit integer)" # # # # NULLABLE NON_REQUIRED #</Process><Process ToolSource="c:\program files\arcgis\pro\Resources\ArcToolbox\toolboxes\Data Management Tools.tbx\AddField" Date="20240714" Time="185556">AddField C:/Users/owner/Dropbox/Wzone/tmp/tmp1991/shp406_19911231b.shp conf_id "Short (16-bit integer)" # # # # NULLABLE NON_REQUIRED #</Process><Process ToolSource="c:\program files\arcgis\pro\Resources\ArcToolbox\toolboxes\Data Management Tools.tbx\AddField" Date="20240714" Time="185556">AddField C:/Users/owner/Dropbox/Wzone/tmp/tmp1991/shp406_19911231b.shp date Text # # # # NULLABLE NON_REQUIRED #</Process><Process ToolSource="c:\program files\arcgis\pro\Resources\ArcToolbox\toolboxes\Data Management Tools.tbx\DeleteField" Date="20240714" Time="185556">DeleteField C:/Users/owner/Dropbox/Wzone/tmp/tmp1991/shp406_19911231b.shp Id "Delete Fields"</Process><Process ToolSource="c:\program files\arcgis\pro\Resources\ArcToolbox\toolboxes\Data Management Tools.tbx\DeleteField" Date="20240714" Time="185556">DeleteField C:/Users/owner/Dropbox/Wzone/tmp/tmp1991/shp406_19911231b.shp gridcode "Delete Fields"</Process><Process ToolSource="c:\program files\arcgis\pro\Resources\ArcToolbox\toolboxes\Data Management Tools.tbx\Merge" Date="20240714" Time="185839">Merge C:/Users/owner/Dropbox/Wzone/tmp/tmp1991/shp406_19911231b.shp;C:/Users/owner/Dropbox/Wzone/tmp/tmp1991/shp411_19911231b.shp;C:/Users/owner/Dropbox/Wzone/tmp/tmp1991/shp422_19911231b.shp;C:/Users/owner/Dropbox/Wzone/tmp/tmp1991/shp428_19911231b.shp;C:/Users/owner/Dropbox/Wzone/tmp/tmp1991/shp434_19911231b.shp;C:/Users/owner/Dropbox/Wzone/tmp/tmp1991/shp451_19911231b.shp;C:/Users/owner/Dropbox/Wzone/tmp/tmp1991/shp461_19911231b.shp;C:/Users/owner/Dropbox/Wzone/tmp/tmp1991/shp469_19911231b.shp;C:/Users/owner/Dropbox/Wzone/tmp/tmp1991/shp475_19911231b.shp;C:/Users/owner/Dropbox/Wzone/tmp/tmp1991/shp476_19911231b.shp;C:/Users/owner/Dropbox/Wzone/tmp/tmp1991/shp478_19911231b.shp;C:/Users/owner/Dropbox/Wzone/tmp/tmp1991/shp521_19911231b.shp;C:/Users/owner/Dropbox/Wzone/tmp/tmp1991/shp565_19911231b.shp;C:/Users/owner/Dropbox/Wzone/tmp/tmp1991/shp610_19911231b.shp;C:/Users/owner/Dropbox/Wzone/tmp/tmp1991/shp623_19911231b.shp;C:/Users/owner/Dropbox/Wzone/tmp/tmp1991/shp624_19911231b.shp;C:/Users/owner/Dropbox/Wzone/tmp/tmp1991/shp631_19911231b.shp;C:/Users/owner/Dropbox/Wzone/tmp/tmp1991/shp632_19911231b.shp;C:/Users/owner/Dropbox/Wzone/tmp/tmp1991/shp644_19911231b.shp;C:/Users/owner/Dropbox/Wzone/tmp/tmp1991/shp656_19911231b.shp;C:/Users/owner/Dropbox/Wzone/tmp/tmp1991/shp657_19911231b.shp;C:/Users/owner/Dropbox/Wzone/tmp/tmp1991/shp663_19911231b.shp;C:/Users/owner/Dropbox/Wzone/tmp/tmp1991/shp688_19911231b.shp;C:/Users/owner/Dropbox/Wzone/tmp/tmp1991/shp705_19911231b.shp;C:/Users/owner/Dropbox/Wzone/tmp/tmp1991/shp714_19911231b.shp;C:/Users/owner/Dropbox/Wzone/tmp/tmp1991/shp721_19911231b.shp;C:/Users/owner/Dropbox/Wzone/tmp/tmp1991/shp722_19911231b.shp;C:/Users/owner/Dropbox/Wzone/tmp/tmp1991/shp726_19911231b.shp;C:/Users/owner/Dropbox/Wzone/tmp/tmp1991/shp727_19911231b.shp;C:/Users/owner/Dropbox/Wzone/tmp/tmp1991/shp747_19911231b.shp;C:/Users/owner/Dropbox/Wzone/tmp/tmp1991/shp763_19911231b.shp;C:/Users/owner/Dropbox/Wzone/tmp/tmp1991/shp775_19911231b.shp;C:/Users/owner/Dropbox/Wzone/tmp/tmp1991/shp776_19911231b.shp;C:/Users/owner/Dropbox/Wzone/tmp/tmp1991/shp781_19911231b.shp;C:/Users/owner/Dropbox/Wzone/tmp/tmp1991/shp792_19911231b.shp;C:/Users/owner/Dropbox/Wzone/tmp/tmp1991/shp793_19911231b.shp;C:/Users/owner/Dropbox/Wzone/tmp/tmp1991/shp797_19911231b.shp;C:/Users/owner/Dropbox/Wzone/tmp/tmp1991/shp818_19911231b.shp;C:/Users/owner/Dropbox/Wzone/tmp/tmp1991/shp822_19911231b.shp;C:/Users/owner/Dropbox/Wzone/tmp/tmp1991/shp826_19911231b.shp;C:/Users/owner/Dropbox/Wzone/tmp/tmp1991/shp827_19911231b.shp;C:/Users/owner/Dropbox/Wzone/tmp/tmp1991/shp833_19911231b.shp;C:/Users/owner/Dropbox/Wzone/tmp/tmp1991/shp869_19911231b.shp;C:/Users/owner/Dropbox/Wzone/tmp/tmp1991/shp891_19911231b.shp;C:/Users/owner/Dropbox/Wzone/tmp/tmp1991/shp912_19911231b.shp;C:/Users/owner/Dropbox/Wzone/tmp/tmp1991/shp913_19911231b.shp;C:/Users/owner/Dropbox/Wzone/tmp/tmp1991/shp914_19911231b.shp;C:/Users/owner/Dropbox/Wzone/tmp/tmp1991/shp921_19911231b.shp;C:/Users/owner/Dropbox/Wzone/tmp/tmp1991/shp923_19911231b.shp;C:/Users/owner/Dropbox/Wzone/tmp/tmp1991/shp926_19911231b.shp;C:/Users/owner/Dropbox/Wzone/tmp/tmp1991/shp927_19911231b.shp;C:/Users/owner/Dropbox/Wzone/tmp/tmp1991/shp930_19911231b.shp;C:/Users/owner/Dropbox/Wzone/tmp/tmp1991/shp932_19911231b.shp;C:/Users/owner/Dropbox/Wzone/tmp/tmp1991/shp935_19911231b.shp;C:/Users/owner/Dropbox/Wzone/tmp/tmp1991/shp936_19911231b.shp;C:/Users/owner/Dropbox/Wzone/tmp/tmp1991/shp940_19911231b.shp;C:/Users/owner/Dropbox/Wzone/tmp/tmp1991/shp941_19911231b.shp;C:/Users/owner/Dropbox/Wzone/tmp/tmp1991/shp942_19911231b.shp;C:/Users/owner/Dropbox/Wzone/tmp/tmp1991/shp944_19911231b.shp;C:/Users/owner/Dropbox/Wzone/tmp/tmp1991/shp947_19911231b.shp;C:/Users/owner/Dropbox/Wzone/tmp/tmp1991/shp948_19911231b.shp;C:/Users/owner/Dropbox/Wzone/tmp/tmp1991/shp950_19911231b.shp;C:/Users/owner/Dropbox/Wzone/tmp/tmp1991/shp954_19911231b.shp;C:/Users/owner/Dropbox/Wzone/tmp/tmp1991/shp955_19911231b.shp;C:/Users/owner/Dropbox/Wzone/tmp/tmp1991/shp956_19911231b.shp;C:/Users/owner/Dropbox/Wzone/tmp/tmp1991/shp957_19911231b.shp;C:/Users/owner/Dropbox/Wzone/tmp/tmp1991/shp959_19911231b.shp;C:/Users/owner/Dropbox/Wzone/tmp/tmp1991/shp960_19911231b.shp;C:/Users/owner/Dropbox/Wzone/tmp/tmp1991/shp961_19911231b.shp;C:/Users/owner/Dropbox/Wzone/tmp/tmp1991/shp962_19911231b.shp;C:/Users/owner/Dropbox/Wzone/tmp/tmp1991/shp963_19911231b.shp;C:/Users/owner/Dropbox/Wzone/tmp/tmp1991/shp964_19911231b.shp;C:/Users/owner/Dropbox/Wzone/tmp/tmp1991/shp967_19911231b.shp;C:/Users/owner/Dropbox/Wzone/tmp/tmp1991/shp968_19911231b.shp;C:/Users/owner/Dropbox/Wzone/tmp/tmp1991/shp970_19911231b.shp;C:/Users/owner/Dropbox/Wzone/tmp/tmp1991/shp979_19911231b.shp;C:/Users/owner/Dropbox/Wzone/tmp/tmp1991/shp986_19911231b.shp;C:/Users/owner/Dropbox/Wzone/tmp/tmp1991/shp987_19911231b.shp;C:/Users/owner/Dropbox/Wzone/tmp/tmp1991/shp988_19911231b.shp;C:/Users/owner/Dropbox/Wzone/tmp/tmp1991/shp989_19911231b.shp;C:/Users/owner/Dropbox/Wzone/tmp/tmp1991/shp990_19911231b.shp;C:/Users/owner/Dropbox/Wzone/tmp/tmp1991/shp1021_19911231b.shp;C:/Users/owner/Dropbox/Wzone/tmp/tmp1991/shp1029_19911231b.shp;C:/Users/owner/Dropbox/Wzone/tmp/tmp1991/shp1031_19911231b.shp;C:/Users/owner/Dropbox/Wzone/tmp/tmp1991/shp1038_19911231b.shp;C:/Users/owner/Dropbox/Wzone/tmp/tmp1991/shp1045_19911231b.shp;C:/Users/owner/Dropbox/Wzone/tmp/tmp1991/shp1059_19911231b.shp;C:/Users/owner/Dropbox/Wzone/tmp/tmp1991/shp1073_19911231b.shp;C:/Users/owner/Dropbox/Wzone/tmp/tmp1991/shp1074_19911231b.shp;C:/Users/owner/Dropbox/Wzone/tmp/tmp1991/shp1108_19911231b.shp;C:/Users/owner/Dropbox/Wzone/tmp/tmp1991/shp1161_19911231b.shp;C:/Users/owner/Dropbox/Wzone/tmp/tmp1991/shp1199_19911231b.shp;C:/Users/owner/Dropbox/Wzone/tmp/tmp1991/shp1204_19911231b.shp;C:/Users/owner/Dropbox/Wzone/tmp/tmp1991/shp1488_19911231b.shp;C:/Users/owner/Dropbox/Wzone/tmp/tmp1991/shp2391_19911231b.shp;C:/Users/owner/Dropbox/Wzone/tmp/tmp1991/shp5201_19911231b.shp;C:/Users/owner/Dropbox/Wzone/tmp/tmp1991/shp5293_19911231b.shp;C:/Users/owner/Dropbox/Wzone/tmp/tmp1991/shp5349_19911231b.shp;C:/Users/owner/Dropbox/Wzone/tmp/tmp1991/shp5405_19911231b.shp;C:/Users/owner/Dropbox/Wzone/tmp/tmp1991/shp5450_19911231b.shp;C:/Users/owner/Dropbox/Wzone/tmp/tmp1991/shp5467_19911231b.shp;C:/Users/owner/Dropbox/Wzone/tmp/tmp1991/shp5505_19911231b.shp;C:/Users/owner/Dropbox/Wzone/tmp/tmp1991/shp5512_19911231b.shp;C:/Users/owner/Dropbox/Wzone/tmp/tmp1991/shp10264_19911231b.shp;C:/Users/owner/Dropbox/Wzone/tmp/tmp1991/shp12515_19911231b.shp C:\Users\owner\Dropbox\Wzone\out\wzone_shp\1991\1991_12_31.shp "dyad_id "dyad_id" true true false 5 Long 0 5,First,#,C:/Users/owner/Dropbox/Wzone/tmp/tmp1991/shp406_19911231b.shp,dyad_id,-1,-1,C:/Users/owner/Dropbox/Wzone/tmp/tmp1991/shp411_19911231b.shp,dyad_id,-1,-1,C:/Users/owner/Dropbox/Wzone/tmp/tmp1991/shp422_19911231b.shp,dyad_id,-1,-1,C:/Users/owner/Dropbox/Wzone/tmp/tmp1991/shp428_19911231b.shp,dyad_id,-1,-1,C:/Users/owner/Dropbox/Wzone/tmp/tmp1991/shp434_19911231b.shp,dyad_id,-1,-1,C:/Users/owner/Dropbox/Wzone/tmp/tmp1991/shp451_19911231b.shp,dyad_id,-1,-1,C:/Users/owner/Dropbox/Wzone/tmp/tmp1991/shp461_19911231b.shp,dyad_id,-1,-1,C:/Users/owner/Dropbox/Wzone/tmp/tmp1991/shp469_19911231b.shp,dyad_id,-1,-1,C:/Users/owner/Dropbox/Wzone/tmp/tmp1991/shp475_19911231b.shp,dyad_id,-1,-1,C:/Users/owner/Dropbox/Wzone/tmp/tmp1991/shp476_19911231b.shp,dyad_id,-1,-1,C:/Users/owner/Dropbox/Wzone/tmp/tmp1991/shp478_19911231b.shp,dyad_id,-1,-1,C:/Users/owner/Dropbox/Wzone/tmp/tmp1991/shp521_19911231b.shp,dyad_id,-1,-1,C:/Users/owner/Dropbox/Wzone/tmp/tmp1991/shp565_19911231b.shp,dyad_id,-1,-1,C:/Users/owner/Dropbox/Wzone/tmp/tmp1991/shp610_19911231b.shp,dyad_id,-1,-1,C:/Users/owner/Dropbox/Wzone/tmp/tmp1991/shp623_19911231b.shp,dyad_id,-1,-1,C:/Users/owner/Dropbox/Wzone/tmp/tmp1991/shp624_19911231b.shp,dyad_id,-1,-1,C:/Users/owner/Dropbox/Wzone/tmp/tmp1991/shp631_19911231b.shp,dyad_id,-1,-1,C:/Users/owner/Dropbox/Wzone/tmp/tmp1991/shp632_19911231b.shp,dyad_id,-1,-1,C:/Users/owner/Dropbox/Wzone/tmp/tmp1991/shp644_19911231b.shp,dyad_id,-1,-1,C:/Users/owner/Dropbox/Wzone/tmp/tmp1991/shp656_19911231b.shp,dyad_id,-1,-1,C:/Users/owner/Dropbox/Wzone/tmp/tmp1991/shp657_19911231b.shp,dyad_id,-1,-1,C:/Users/owner/Dropbox/Wzone/tmp/tmp1991/shp663_19911231b.shp,dyad_id,-1,-1,C:/Users/owner/Dropbox/Wzone/tmp/tmp1991/shp688_19911231b.shp,dyad_id,-1,-1,C:/Users/owner/Dropbox/Wzone/tmp/tmp1991/shp705_19911231b.shp,dyad_id,-1,-1,C:/Users/owner/Dropbox/Wzone/tmp/tmp1991/shp714_19911231b.shp,dyad_id,-1,-1,C:/Users/owner/Dropbox/Wzone/tmp/tmp1991/shp721_19911231b.shp,dyad_id,-1,-1,C:/Users/owner/Dropbox/Wzone/tmp/tmp1991/shp722_19911231b.shp,dyad_id,-1,-1,C:/Users/owner/Dropbox/Wzone/tmp/tmp1991/shp726_19911231b.shp,dyad_id,-1,-1,C:/Users/owner/Dropbox/Wzone/tmp/tmp1991/shp727_19911231b.shp,dyad_id,-1,-1,C:/Users/owner/Dropbox/Wzone/tmp/tmp1991/shp747_19911231b.shp,dyad_id,-1,-1,C:/Users/owner/Dropbox/Wzone/tmp/tmp1991/shp763_19911231b.shp,dyad_id,-1,-1,C:/Users/owner/Dropbox/Wzone/tmp/tmp1991/shp775_19911231b.shp,dyad_id,-1,-1,C:/Users/owner/Dropbox/Wzone/tmp/tmp1991/shp776_19911231b.shp,dyad_id,-1,-1,C:/Users/owner/Dropbox/Wzone/tmp/tmp1991/shp781_19911231b.shp,dyad_id,-1,-1,C:/Users/owner/Dropbox/Wzone/tmp/tmp1991/shp792_19911231b.shp,dyad_id,-1,-1,C:/Users/owner/Dropbox/Wzone/tmp/tmp1991/shp793_19911231b.shp,dyad_id,-1,-1,C:/Users/owner/Dropbox/Wzone/tmp/tmp1991/shp797_19911231b.shp,dyad_id,-1,-1,C:/Users/owner/Dropbox/Wzone/tmp/tmp1991/shp818_19911231b.shp,dyad_id,-1,-1,C:/Users/owner/Dropbox/Wzone/tmp/tmp1991/shp822_19911231b.shp,dyad_id,-1,-1,C:/Users/owner/Dropbox/Wzone/tmp/tmp1991/shp826_19911231b.shp,dyad_id,-1,-1,C:/Users/owner/Dropbox/Wzone/tmp/tmp1991/shp827_19911231b.shp,dyad_id,-1,-1,C:/Users/owner/Dropbox/Wzone/tmp/tmp1991/shp833_19911231b.shp,dyad_id,-1,-1,C:/Users/owner/Dropbox/Wzone/tmp/tmp1991/shp869_19911231b.shp,dyad_id,-1,-1,C:/Users/owner/Dropbox/Wzone/tmp/tmp1991/shp891_19911231b.shp,dyad_id,-1,-1,C:/Users/owner/Dropbox/Wzone/tmp/tmp1991/shp912_19911231b.shp,dyad_id,-1,-1,C:/Users/owner/Dropbox/Wzone/tmp/tmp1991/shp913_19911231b.shp,dyad_id,-1,-1,C:/Users/owner/Dropbox/Wzone/tmp/tmp1991/shp914_19911231b.shp,dyad_id,-1,-1,C:/Users/owner/Dropbox/Wzone/tmp/tmp1991/shp921_19911231b.shp,dyad_id,-1,-1,C:/Users/owner/Dropbox/Wzone/tmp/tmp1991/shp923_19911231b.shp,dyad_id,-1,-1,C:/Users/owner/Dropbox/Wzone/tmp/tmp1991/shp926_19911231b.shp,dyad_id,-1,-1,C:/Users/owner/Dropbox/Wzone/tmp/tmp1991/shp927_19911231b.shp,dyad_id,-1,-1,C:/Users/owner/Dropbox/Wzone/tmp/tmp1991/shp930_19911231b.shp,dyad_id,-1,-1,C:/Users/owner/Dropbox/Wzone/tmp/tmp1991/shp932_19911231b.shp,dyad_id,-1,-1,C:/Users/owner/Dropbox/Wzone/tmp/tmp1991/shp935_19911231b.shp,dyad_id,-1,-1,C:/Users/owner/Dropbox/Wzone/tmp/tmp1991/shp936_19911231b.shp,dyad_id,-1,-1,C:/Users/owner/Dropbox/Wzone/tmp/tmp1991/shp940_19911231b.shp,dyad_id,-1,-1,C:/Users/owner/Dropbox/Wzone/tmp/tmp1991/shp941_19911231b.shp,dyad_id,-1,-1,C:/Users/owner/Dropbox/Wzone/tmp/tmp1991/shp942_19911231b.shp,dyad_id,-1,-1,C:/Users/owner/Dropbox/Wzone/tmp/tmp1991/shp944_19911231b.shp,dyad_id,-1,-1,C:/Users/owner/Dropbox/Wzone/tmp/tmp1991/shp947_19911231b.shp,dyad_id,-1,-1,C:/Users/owner/Dropbox/Wzone/tmp/tmp1991/shp948_19911231b.shp,dyad_id,-1,-1,C:/Users/owner/Dropbox/Wzone/tmp/tmp1991/shp950_19911231b.shp,dyad_id,-1,-1,C:/Users/owner/Dropbox/Wzone/tmp/tmp1991/shp954_19911231b.shp,dyad_id,-1,-1,C:/Users/owner/Dropbox/Wzone/tmp/tmp1991/shp955_19911231b.shp,dyad_id,-1,-1,C:/Users/owner/Dropbox/Wzone/tmp/tmp1991/shp956_19911231b.shp,dyad_id,-1,-1,C:/Users/owner/Dropbox/Wzone/tmp/tmp1991/shp957_19911231b.shp,dyad_id,-1,-1,C:/Users/owner/Dropbox/Wzone/tmp/tmp1991/shp959_19911231b.shp,dyad_id,-1,-1,C:/Users/owner/Dropbox/Wzone/tmp/tmp1991/shp960_19911231b.shp,dyad_id,-1,-1,C:/Users/owner/Dropbox/Wzone/tmp/tmp1991/shp961_19911231b.shp,dyad_id,-1,-1,C:/Users/owner/Dropbox/Wzone/tmp/tmp1991/shp962_19911231b.shp,dyad_id,-1,-1,C:/Users/owner/Dropbox/Wzone/tmp/tmp1991/shp963_19911231b.shp,dyad_id,-1,-1,C:/Users/owner/Dropbox/Wzone/tmp/tmp1991/shp964_19911231b.shp,dyad_id,-1,-1,C:/Users/owner/Dropbox/Wzone/tmp/tmp1991/shp967_19911231b.shp,dyad_id,-1,-1,C:/Users/owner/Dropbox/Wzone/tmp/tmp1991/shp968_19911231b.shp,dyad_id,-1,-1,C:/Users/owner/Dropbox/Wzone/tmp/tmp1991/shp970_19911231b.shp,dyad_id,-1,-1,C:/Users/owner/Dropbox/Wzone/tmp/tmp1991/shp979_19911231b.shp,dyad_id,-1,-1,C:/Users/owner/Dropbox/Wzone/tmp/tmp1991/shp986_19911231b.shp,dyad_id,-1,-1,C:/Users/owner/Dropbox/Wzone/tmp/tmp1991/shp987_19911231b.shp,dyad_id,-1,-1,C:/Users/owner/Dropbox/Wzone/tmp/tmp1991/shp988_19911231b.shp,dyad_id,-1,-1,C:/Users/owner/Dropbox/Wzone/tmp/tmp1991/shp989_19911231b.shp,dyad_id,-1,-1,C:/Users/owner/Dropbox/Wzone/tmp/tmp1991/shp990_19911231b.shp,dyad_id,-1,-1,C:/Users/owner/Dropbox/Wzone/tmp/tmp1991/shp1021_19911231b.shp,dyad_id,-1,-1,C:/Users/owner/Dropbox/Wzone/tmp/tmp1991/shp1029_19911231b.shp,dyad_id,-1,-1,C:/Users/owner/Dropbox/Wzone/tmp/tmp1991/shp1031_19911231b.shp,dyad_id,-1,-1,C:/Users/owner/Dropbox/Wzone/tmp/tmp1991/shp1038_19911231b.shp,dyad_id,-1,-1,C:/Users/owner/Dropbox/Wzone/tmp/tmp1991/shp1045_19911231b.shp,dyad_id,-1,-1,C:/Users/owner/Dropbox/Wzone/tmp/tmp1991/shp1059_19911231b.shp,dyad_id,-1,-1,C:/Users/owner/Dropbox/Wzone/tmp/tmp1991/shp1073_19911231b.shp,dyad_id,-1,-1,C:/Users/owner/Dropbox/Wzone/tmp/tmp1991/shp1074_19911231b.shp,dyad_id,-1,-1,C:/Users/owner/Dropbox/Wzone/tmp/tmp1991/shp1108_19911231b.shp,dyad_id,-1,-1,C:/Users/owner/Dropbox/Wzone/tmp/tmp1991/shp1161_19911231b.shp,dyad_id,-1,-1,C:/Users/owner/Dropbox/Wzone/tmp/tmp1991/shp1199_19911231b.shp,dyad_id,-1,-1,C:/Users/owner/Dropbox/Wzone/tmp/tmp1991/shp1204_19911231b.shp,dyad_id,-1,-1,C:/Users/owner/Dropbox/Wzone/tmp/tmp1991/shp1488_19911231b.shp,dyad_id,-1,-1,C:/Users/owner/Dropbox/Wzone/tmp/tmp1991/shp2391_19911231b.shp,dyad_id,-1,-1,C:/Users/owner/Dropbox/Wzone/tmp/tmp1991/shp5201_19911231b.shp,dyad_id,-1,-1,C:/Users/owner/Dropbox/Wzone/tmp/tmp1991/shp5293_19911231b.shp,dyad_id,-1,-1,C:/Users/owner/Dropbox/Wzone/tmp/tmp1991/shp5349_19911231b.shp,dyad_id,-1,-1,C:/Users/owner/Dropbox/Wzone/tmp/tmp1991/shp5405_19911231b.shp,dyad_id,-1,-1,C:/Users/owner/Dropbox/Wzone/tmp/tmp1991/shp5450_19911231b.shp,dyad_id,-1,-1,C:/Users/owner/Dropbox/Wzone/tmp/tmp1991/shp5467_19911231b.shp,dyad_id,-1,-1,C:/Users/owner/Dropbox/Wzone/tmp/tmp1991/shp5505_19911231b.shp,dyad_id,-1,-1,C:/Users/owner/Dropbox/Wzone/tmp/tmp1991/shp5512_19911231b.shp,dyad_id,-1,-1,C:/Users/owner/Dropbox/Wzone/tmp/tmp1991/shp10264_19911231b.shp,dyad_id,-1,-1,C:/Users/owner/Dropbox/Wzone/tmp/tmp1991/shp12515_19911231b.shp,dyad_id,-1,-1;conf_id "conf_id" true true false 5 Long 0 5,First,#,C:/Users/owner/Dropbox/Wzone/tmp/tmp1991/shp406_19911231b.shp,conf_id,-1,-1,C:/Users/owner/Dropbox/Wzone/tmp/tmp1991/shp411_19911231b.shp,conf_id,-1,-1,C:/Users/owner/Dropbox/Wzone/tmp/tmp1991/shp422_19911231b.shp,conf_id,-1,-1,C:/Users/owner/Dropbox/Wzone/tmp/tmp1991/shp428_19911231b.shp,conf_id,-1,-1,C:/Users/owner/Dropbox/Wzone/tmp/tmp1991/shp434_19911231b.shp,conf_id,-1,-1,C:/Users/owner/Dropbox/Wzone/tmp/tmp1991/shp451_19911231b.shp,conf_id,-1,-1,C:/Users/owner/Dropbox/Wzone/tmp/tmp1991/shp461_19911231b.shp,conf_id,-1,-1,C:/Users/owner/Dropbox/Wzone/tmp/tmp1991/shp469_19911231b.shp,conf_id,-1,-1,C:/Users/owner/Dropbox/Wzone/tmp/tmp1991/shp475_19911231b.shp,conf_id,-1,-1,C:/Users/owner/Dropbox/Wzone/tmp/tmp1991/shp476_19911231b.shp,conf_id,-1,-1,C:/Users/owner/Dropbox/Wzone/tmp/tmp1991/shp478_19911231b.shp,conf_id,-1,-1,C:/Users/owner/Dropbox/Wzone/tmp/tmp1991/shp521_19911231b.shp,conf_id,-1,-1,C:/Users/owner/Dropbox/Wzone/tmp/tmp1991/shp565_19911231b.shp,conf_id,-1,-1,C:/Users/owner/Dropbox/Wzone/tmp/tmp1991/shp610_19911231b.shp,conf_id,-1,-1,C:/Users/owner/Dropbox/Wzone/tmp/tmp1991/shp623_19911231b.shp,conf_id,-1,-1,C:/Users/owner/Dropbox/Wzone/tmp/tmp1991/shp624_19911231b.shp,conf_id,-1,-1,C:/Users/owner/Dropbox/Wzone/tmp/tmp1991/shp631_19911231b.shp,conf_id,-1,-1,C:/Users/owner/Dropbox/Wzone/tmp/tmp1991/shp632_19911231b.shp,conf_id,-1,-1,C:/Users/owner/Dropbox/Wzone/tmp/tmp1991/shp644_19911231b.shp,conf_id,-1,-1,C:/Users/owner/Dropbox/Wzone/tmp/tmp1991/shp656_19911231b.shp,conf_id,-1,-1,C:/Users/owner/Dropbox/Wzone/tmp/tmp1991/shp657_19911231b.shp,conf_id,-1,-1,C:/Users/owner/Dropbox/Wzone/tmp/tmp1991/shp663_19911231b.shp,conf_id,-1,-1,C:/Users/owner/Dropbox/Wzone/tmp/tmp1991/shp688_19911231b.shp,conf_id,-1,-1,C:/Users/owner/Dropbox/Wzone/tmp/tmp1991/shp705_19911231b.shp,conf_id,-1,-1,C:/Users/owner/Dropbox/Wzone/tmp/tmp1991/shp714_19911231b.shp,conf_id,-1,-1,C:/Users/owner/Dropbox/Wzone/tmp/tmp1991/shp721_19911231b.shp,conf_id,-1,-1,C:/Users/owner/Dropbox/Wzone/tmp/tmp1991/shp722_19911231b.shp,conf_id,-1,-1,C:/Users/owner/Dropbox/Wzone/tmp/tmp1991/shp726_19911231b.shp,conf_id,-1,-1,C:/Users/owner/Dropbox/Wzone/tmp/tmp1991/shp727_19911231b.shp,conf_id,-1,-1,C:/Users/owner/Dropbox/Wzone/tmp/tmp1991/shp747_19911231b.shp,conf_id,-1,-1,C:/Users/owner/Dropbox/Wzone/tmp/tmp1991/shp763_19911231b.shp,conf_id,-1,-1,C:/Users/owner/Dropbox/Wzone/tmp/tmp1991/shp775_19911231b.shp,conf_id,-1,-1,C:/Users/owner/Dropbox/Wzone/tmp/tmp1991/shp776_19911231b.shp,conf_id,-1,-1,C:/Users/owner/Dropbox/Wzone/tmp/tmp1991/shp781_19911231b.shp,conf_id,-1,-1,C:/Users/owner/Dropbox/Wzone/tmp/tmp1991/shp792_19911231b.shp,conf_id,-1,-1,C:/Users/owner/Dropbox/Wzone/tmp/tmp1991/shp793_19911231b.shp,conf_id,-1,-1,C:/Users/owner/Dropbox/Wzone/tmp/tmp1991/shp797_19911231b.shp,conf_id,-1,-1,C:/Users/owner/Dropbox/Wzone/tmp/tmp1991/shp818_19911231b.shp,conf_id,-1,-1,C:/Users/owner/Dropbox/Wzone/tmp/tmp1991/shp822_19911231b.shp,conf_id,-1,-1,C:/Users/owner/Dropbox/Wzone/tmp/tmp1991/shp826_19911231b.shp,conf_id,-1,-1,C:/Users/owner/Dropbox/Wzone/tmp/tmp1991/shp827_19911231b.shp,conf_id,-1,-1,C:/Users/owner/Dropbox/Wzone/tmp/tmp1991/shp833_19911231b.shp,conf_id,-1,-1,C:/Users/owner/Dropbox/Wzone/tmp/tmp1991/shp869_19911231b.shp,conf_id,-1,-1,C:/Users/owner/Dropbox/Wzone/tmp/tmp1991/shp891_19911231b.shp,conf_id,-1,-1,C:/Users/owner/Dropbox/Wzone/tmp/tmp1991/shp912_19911231b.shp,conf_id,-1,-1,C:/Users/owner/Dropbox/Wzone/tmp/tmp1991/shp913_19911231b.shp,conf_id,-1,-1,C:/Users/owner/Dropbox/Wzone/tmp/tmp1991/shp914_19911231b.shp,conf_id,-1,-1,C:/Users/owner/Dropbox/Wzone/tmp/tmp1991/shp921_19911231b.shp,conf_id,-1,-1,C:/Users/owner/Dropbox/Wzone/tmp/tmp1991/shp923_19911231b.shp,conf_id,-1,-1,C:/Users/owner/Dropbox/Wzone/tmp/tmp1991/shp926_19911231b.shp,conf_id,-1,-1,C:/Users/owner/Dropbox/Wzone/tmp/tmp1991/shp927_19911231b.shp,conf_id,-1,-1,C:/Users/owner/Dropbox/Wzone/tmp/tmp1991/shp930_19911231b.shp,conf_id,-1,-1,C:/Users/owner/Dropbox/Wzone/tmp/tmp1991/shp932_19911231b.shp,conf_id,-1,-1,C:/Users/owner/Dropbox/Wzone/tmp/tmp1991/shp935_19911231b.shp,conf_id,-1,-1,C:/Users/owner/Dropbox/Wzone/tmp/tmp1991/shp936_19911231b.shp,conf_id,-1,-1,C:/Users/owner/Dropbox/Wzone/tmp/tmp1991/shp940_19911231b.shp,conf_id,-1,-1,C:/Users/owner/Dropbox/Wzone/tmp/tmp1991/shp941_19911231b.shp,conf_id,-1,-1,C:/Users/owner/Dropbox/Wzone/tmp/tmp1991/shp942_19911231b.shp,conf_id,-1,-1,C:/Users/owner/Dropbox/Wzone/tmp/tmp1991/shp944_19911231b.shp,conf_id,-1,-1,C:/Users/owner/Dropbox/Wzone/tmp/tmp1991/shp947_19911231b.shp,conf_id,-1,-1,C:/Users/owner/Dropbox/Wzone/tmp/tmp1991/shp948_19911231b.shp,conf_id,-1,-1,C:/Users/owner/Dropbox/Wzone/tmp/tmp1991/shp950_19911231b.shp,conf_id,-1,-1,C:/Users/owner/Dropbox/Wzone/tmp/tmp1991/shp954_19911231b.shp,conf_id,-1,-1,C:/Users/owner/Dropbox/Wzone/tmp/tmp1991/shp955_19911231b.shp,conf_id,-1,-1,C:/Users/owner/Dropbox/Wzone/tmp/tmp1991/shp956_19911231b.shp,conf_id,-1,-1,C:/Users/owner/Dropbox/Wzone/tmp/tmp1991/shp957_19911231b.shp,conf_id,-1,-1,C:/Users/owner/Dropbox/Wzone/tmp/tmp1991/shp959_19911231b.shp,conf_id,-1,-1,C:/Users/owner/Dropbox/Wzone/tmp/tmp1991/shp960_19911231b.shp,conf_id,-1,-1,C:/Users/owner/Dropbox/Wzone/tmp/tmp1991/shp961_19911231b.shp,conf_id,-1,-1,C:/Users/owner/Dropbox/Wzone/tmp/tmp1991/shp962_19911231b.shp,conf_id,-1,-1,C:/Users/owner/Dropbox/Wzone/tmp/tmp1991/shp963_19911231b.shp,conf_id,-1,-1,C:/Users/owner/Dropbox/Wzone/tmp/tmp1991/shp964_19911231b.shp,conf_id,-1,-1,C:/Users/owner/Dropbox/Wzone/tmp/tmp1991/shp967_19911231b.shp,conf_id,-1,-1,C:/Users/owner/Dropbox/Wzone/tmp/tmp1991/shp968_19911231b.shp,conf_id,-1,-1,C:/Users/owner/Dropbox/Wzone/tmp/tmp1991/shp970_19911231b.shp,conf_id,-1,-1,C:/Users/owner/Dropbox/Wzone/tmp/tmp1991/shp979_19911231b.shp,conf_id,-1,-1,C:/Users/owner/Dropbox/Wzone/tmp/tmp1991/shp986_19911231b.shp,conf_id,-1,-1,C:/Users/owner/Dropbox/Wzone/tmp/tmp1991/shp987_19911231b.shp,conf_id,-1,-1,C:/Users/owner/Dropbox/Wzone/tmp/tmp1991/shp988_19911231b.shp,conf_id,-1,-1,C:/Users/owner/Dropbox/Wzone/tmp/tmp1991/shp989_19911231b.shp,conf_id,-1,-1,C:/Users/owner/Dropbox/Wzone/tmp/tmp1991/shp990_19911231b.shp,conf_id,-1,-1,C:/Users/owner/Dropbox/Wzone/tmp/tmp1991/shp1021_19911231b.shp,conf_id,-1,-1,C:/Users/owner/Dropbox/Wzone/tmp/tmp1991/shp1029_19911231b.shp,conf_id,-1,-1,C:/Users/owner/Dropbox/Wzone/tmp/tmp1991/shp1031_19911231b.shp,conf_id,-1,-1,C:/Users/owner/Dropbox/Wzone/tmp/tmp1991/shp1038_19911231b.shp,conf_id,-1,-1,C:/Users/owner/Dropbox/Wzone/tmp/tmp1991/shp1045_19911231b.shp,conf_id,-1,-1,C:/Users/owner/Dropbox/Wzone/tmp/tmp1991/shp1059_19911231b.shp,conf_id,-1,-1,C:/Users/owner/Dropbox/Wzone/tmp/tmp1991/shp1073_19911231b.shp,conf_id,-1,-1,C:/Users/owner/Dropbox/Wzone/tmp/tmp1991/shp1074_19911231b.shp,conf_id,-1,-1,C:/Users/owner/Dropbox/Wzone/tmp/tmp1991/shp1108_19911231b.shp,conf_id,-1,-1,C:/Users/owner/Dropbox/Wzone/tmp/tmp1991/shp1161_19911231b.shp,conf_id,-1,-1,C:/Users/owner/Dropbox/Wzone/tmp/tmp1991/shp1199_19911231b.shp,conf_id,-1,-1,C:/Users/owner/Dropbox/Wzone/tmp/tmp1991/shp1204_19911231b.shp,conf_id,-1,-1,C:/Users/owner/Dropbox/Wzone/tmp/tmp1991/shp1488_19911231b.shp,conf_id,-1,-1,C:/Users/owner/Dropbox/Wzone/tmp/tmp1991/shp2391_19911231b.shp,conf_id,-1,-1,C:/Users/owner/Dropbox/Wzone/tmp/tmp1991/shp5201_19911231b.shp,conf_id,-1,-1,C:/Users/owner/Dropbox/Wzone/tmp/tmp1991/shp5293_19911231b.shp,conf_id,-1,-1,C:/Users/owner/Dropbox/Wzone/tmp/tmp1991/shp5349_19911231b.shp,conf_id,-1,-1,C:/Users/owner/Dropbox/Wzone/tmp/tmp1991/shp5405_19911231b.shp,conf_id,-1,-1,C:/Users/owner/Dropbox/Wzone/tmp/tmp1991/shp5450_19911231b.shp,conf_id,-1,-1,C:/Users/owner/Dropbox/Wzone/tmp/tmp1991/shp5467_19911231b.shp,conf_id,-1,-1,C:/Users/owner/Dropbox/Wzone/tmp/tmp1991/shp5505_19911231b.shp,conf_id,-1,-1,C:/Users/owner/Dropbox/Wzone/tmp/tmp1991/shp5512_19911231b.shp,conf_id,-1,-1,C:/Users/owner/Dropbox/Wzone/tmp/tmp1991/shp10264_19911231b.shp,conf_id,-1,-1,C:/Users/owner/Dropbox/Wzone/tmp/tmp1991/shp12515_19911231b.shp,conf_id,-1,-1;date "date" true true false 254 Text 0 0,First,#,C:/Users/owner/Dropbox/Wzone/tmp/tmp1991/shp406_19911231b.shp,date,0,253,C:/Users/owner/Dropbox/Wzone/tmp/tmp1991/shp411_19911231b.shp,date,0,253,C:/Users/owner/Dropbox/Wzone/tmp/tmp1991/shp422_19911231b.shp,date,0,253,C:/Users/owner/Dropbox/Wzone/tmp/tmp1991/shp428_19911231b.shp,date,0,253,C:/Users/owner/Dropbox/Wzone/tmp/tmp1991/shp434_19911231b.shp,date,0,253,C:/Users/owner/Dropbox/Wzone/tmp/tmp1991/shp451_19911231b.shp,date,0,253,C:/Users/owner/Dropbox/Wzone/tmp/tmp1991/shp461_19911231b.shp,date,0,253,C:/Users/owner/Dropbox/Wzone/tmp/tmp1991/shp469_19911231b.shp,date,0,253,C:/Users/owner/Dropbox/Wzone/tmp/tmp1991/shp475_19911231b.shp,date,0,253,C:/Users/owner/Dropbox/Wzone/tmp/tmp1991/shp476_19911231b.shp,date,0,253,C:/Users/owner/Dropbox/Wzone/tmp/tmp1991/shp478_19911231b.shp,date,0,253,C:/Users/owner/Dropbox/Wzone/tmp/tmp1991/shp521_19911231b.shp,date,0,253,C:/Users/owner/Dropbox/Wzone/tmp/tmp1991/shp565_19911231b.shp,date,0,253,C:/Users/owner/Dropbox/Wzone/tmp/tmp1991/shp610_19911231b.shp,date,0,253,C:/Users/owner/Dropbox/Wzone/tmp/tmp1991/shp623_19911231b.shp,date,0,253,C:/Users/owner/Dropbox/Wzone/tmp/tmp1991/shp624_19911231b.shp,date,0,253,C:/Users/owner/Dropbox/Wzone/tmp/tmp1991/shp631_19911231b.shp,date,0,253,C:/Users/owner/Dropbox/Wzone/tmp/tmp1991/shp632_19911231b.shp,date,0,253,C:/Users/owner/Dropbox/Wzone/tmp/tmp1991/shp644_19911231b.shp,date,0,253,C:/Users/owner/Dropbox/Wzone/tmp/tmp1991/shp656_19911231b.shp,date,0,253,C:/Users/owner/Dropbox/Wzone/tmp/tmp1991/shp657_19911231b.shp,date,0,253,C:/Users/owner/Dropbox/Wzone/tmp/tmp1991/shp663_19911231b.shp,date,0,253,C:/Users/owner/Dropbox/Wzone/tmp/tmp1991/shp688_19911231b.shp,date,0,253,C:/Users/owner/Dropbox/Wzone/tmp/tmp1991/shp705_19911231b.shp,date,0,253,C:/Users/owner/Dropbox/Wzone/tmp/tmp1991/shp714_19911231b.shp,date,0,253,C:/Users/owner/Dropbox/Wzone/tmp/tmp1991/shp721_19911231b.shp,date,0,253,C:/Users/owner/Dropbox/Wzone/tmp/tmp1991/shp722_19911231b.shp,date,0,253,C:/Users/owner/Dropbox/Wzone/tmp/tmp1991/shp726_19911231b.shp,date,0,253,C:/Users/owner/Dropbox/Wzone/tmp/tmp1991/shp727_19911231b.shp,date,0,253,C:/Users/owner/Dropbox/Wzone/tmp/tmp1991/shp747_19911231b.shp,date,0,253,C:/Users/owner/Dropbox/Wzone/tmp/tmp1991/shp763_19911231b.shp,date,0,253,C:/Users/owner/Dropbox/Wzone/tmp/tmp1991/shp775_19911231b.shp,date,0,253,C:/Users/owner/Dropbox/Wzone/tmp/tmp1991/shp776_19911231b.shp,date,0,253,C:/Users/owner/Dropbox/Wzone/tmp/tmp1991/shp781_19911231b.shp,date,0,253,C:/Users/owner/Dropbox/Wzone/tmp/tmp1991/shp792_19911231b.shp,date,0,253,C:/Users/owner/Dropbox/Wzone/tmp/tmp1991/shp793_19911231b.shp,date,0,253,C:/Users/owner/Dropbox/Wzone/tmp/tmp1991/shp797_19911231b.shp,date,0,253,C:/Users/owner/Dropbox/Wzone/tmp/tmp1991/shp818_19911231b.shp,date,0,253,C:/Users/owner/Dropbox/Wzone/tmp/tmp1991/shp822_19911231b.shp,date,0,253,C:/Users/owner/Dropbox/Wzone/tmp/tmp1991/shp826_19911231b.shp,date,0,253,C:/Users/owner/Dropbox/Wzone/tmp/tmp1991/shp827_19911231b.shp,date,0,253,C:/Users/owner/Dropbox/Wzone/tmp/tmp1991/shp833_19911231b.shp,date,0,253,C:/Users/owner/Dropbox/Wzone/tmp/tmp1991/shp869_19911231b.shp,date,0,253,C:/Users/owner/Dropbox/Wzone/tmp/tmp1991/shp891_19911231b.shp,date,0,253,C:/Users/owner/Dropbox/Wzone/tmp/tmp1991/shp912_19911231b.shp,date,0,253,C:/Users/owner/Dropbox/Wzone/tmp/tmp1991/shp913_19911231b.shp,date,0,253,C:/Users/owner/Dropbox/Wzone/tmp/tmp1991/shp914_19911231b.shp,date,0,253,C:/Users/owner/Dropbox/Wzone/tmp/tmp1991/shp921_19911231b.shp,date,0,253,C:/Users/owner/Dropbox/Wzone/tmp/tmp1991/shp923_19911231b.shp,date,0,253,C:/Users/owner/Dropbox/Wzone/tmp/tmp1991/shp926_19911231b.shp,date,0,253,C:/Users/owner/Dropbox/Wzone/tmp/tmp1991/shp927_19911231b.shp,date,0,253,C:/Users/owner/Dropbox/Wzone/tmp/tmp1991/shp930_19911231b.shp,date,0,253,C:/Users/owner/Dropbox/Wzone/tmp/tmp1991/shp932_19911231b.shp,date,0,253,C:/Users/owner/Dropbox/Wzone/tmp/tmp1991/shp935_19911231b.shp,date,0,253,C:/Users/owner/Dropbox/Wzone/tmp/tmp1991/shp936_19911231b.shp,date,0,253,C:/Users/owner/Dropbox/Wzone/tmp/tmp1991/shp940_19911231b.shp,date,0,253,C:/Users/owner/Dropbox/Wzone/tmp/tmp1991/shp941_19911231b.shp,date,0,253,C:/Users/owner/Dropbox/Wzone/tmp/tmp1991/shp942_19911231b.shp,date,0,253,C:/Users/owner/Dropbox/Wzone/tmp/tmp1991/shp944_19911231b.shp,date,0,253,C:/Users/owner/Dropbox/Wzone/tmp/tmp1991/shp947_19911231b.shp,date,0,253,C:/Users/owner/Dropbox/Wzone/tmp/tmp1991/shp948_19911231b.shp,date,0,253,C:/Users/owner/Dropbox/Wzone/tmp/tmp1991/shp950_19911231b.shp,date,0,253,C:/Users/owner/Dropbox/Wzone/tmp/tmp1991/shp954_19911231b.shp,date,0,253,C:/Users/owner/Dropbox/Wzone/tmp/tmp1991/shp955_19911231b.shp,date,0,253,C:/Users/owner/Dropbox/Wzone/tmp/tmp1991/shp956_19911231b.shp,date,0,253,C:/Users/owner/Dropbox/Wzone/tmp/tmp1991/shp957_19911231b.shp,date,0,253,C:/Users/owner/Dropbox/Wzone/tmp/tmp1991/shp959_19911231b.shp,date,0,253,C:/Users/owner/Dropbox/Wzone/tmp/tmp1991/shp960_19911231b.shp,date,0,253,C:/Users/owner/Dropbox/Wzone/tmp/tmp1991/shp961_19911231b.shp,date,0,253,C:/Users/owner/Dropbox/Wzone/tmp/tmp1991/shp962_19911231b.shp,date,0,253,C:/Users/owner/Dropbox/Wzone/tmp/tmp1991/shp963_19911231b.shp,date,0,253,C:/Users/owner/Dropbox/Wzone/tmp/tmp1991/shp964_19911231b.shp,date,0,253,C:/Users/owner/Dropbox/Wzone/tmp/tmp1991/shp967_19911231b.shp,date,0,253,C:/Users/owner/Dropbox/Wzone/tmp/tmp1991/shp968_19911231b.shp,date,0,253,C:/Users/owner/Dropbox/Wzone/tmp/tmp1991/shp970_19911231b.shp,date,0,253,C:/Users/owner/Dropbox/Wzone/tmp/tmp1991/shp979_19911231b.shp,date,0,253,C:/Users/owner/Dropbox/Wzone/tmp/tmp1991/shp986_19911231b.shp,date,0,253,C:/Users/owner/Dropbox/Wzone/tmp/tmp1991/shp987_19911231b.shp,date,0,253,C:/Users/owner/Dropbox/Wzone/tmp/tmp1991/shp988_19911231b.shp,date,0,253,C:/Users/owner/Dropbox/Wzone/tmp/tmp1991/shp989_19911231b.shp,date,0,253,C:/Users/owner/Dropbox/Wzone/tmp/tmp1991/shp990_19911231b.shp,date,0,253,C:/Users/owner/Dropbox/Wzone/tmp/tmp1991/shp1021_19911231b.shp,date,0,253,C:/Users/owner/Dropbox/Wzone/tmp/tmp1991/shp1029_19911231b.shp,date,0,253,C:/Users/owner/Dropbox/Wzone/tmp/tmp1991/shp1031_19911231b.shp,date,0,253,C:/Users/owner/Dropbox/Wzone/tmp/tmp1991/shp1038_19911231b.shp,date,0,253,C:/Users/owner/Dropbox/Wzone/tmp/tmp1991/shp1045_19911231b.shp,date,0,253,C:/Users/owner/Dropbox/Wzone/tmp/tmp1991/shp1059_19911231b.shp,date,0,253,C:/Users/owner/Dropbox/Wzone/tmp/tmp1991/shp1073_19911231b.shp,date,0,253,C:/Users/owner/Dropbox/Wzone/tmp/tmp1991/shp1074_19911231b.shp,date,0,253,C:/Users/owner/Dropbox/Wzone/tmp/tmp1991/shp1108_19911231b.shp,date,0,253,C:/Users/owner/Dropbox/Wzone/tmp/tmp1991/shp1161_19911231b.shp,date,0,253,C:/Users/owner/Dropbox/Wzone/tmp/tmp1991/shp1199_19911231b.shp,date,0,253,C:/Users/owner/Dropbox/Wzone/tmp/tmp1991/shp1204_19911231b.shp,date,0,253,C:/Users/owner/Dropbox/Wzone/tmp/tmp1991/shp1488_19911231b.shp,date,0,253,C:/Users/owner/Dropbox/Wzone/tmp/tmp1991/shp2391_19911231b.shp,date,0,253,C:/Users/owner/Dropbox/Wzone/tmp/tmp1991/shp5201_19911231b.shp,date,0,253,C:/Users/owner/Dropbox/Wzone/tmp/tmp1991/shp5293_19911231b.shp,date,0,253,C:/Users/owner/Dropbox/Wzone/tmp/tmp1991/shp5349_19911231b.shp,date,0,253,C:/Users/owner/Dropbox/Wzone/tmp/tmp1991/shp5405_19911231b.shp,date,0,253,C:/Users/owner/Dropbox/Wzone/tmp/tmp1991/shp5450_19911231b.shp,date,0,253,C:/Users/owner/Dropbox/Wzone/tmp/tmp1991/shp5467_19911231b.shp,date,0,253,C:/Users/owner/Dropbox/Wzone/tmp/tmp1991/shp5505_19911231b.shp,date,0,253,C:/Users/owner/Dropbox/Wzone/tmp/tmp1991/shp5512_19911231b.shp,date,0,253,C:/Users/owner/Dropbox/Wzone/tmp/tmp1991/shp10264_19911231b.shp,date,0,253,C:/Users/owner/Dropbox/Wzone/tmp/tmp1991/shp12515_19911231b.shp,date,0,253" NO_SOURCE_INFO</Process><Process ToolSource="c:\program files\arcgis\pro\Resources\ArcToolbox\toolboxes\Data Management Tools.tbx\DefineProjection" Date="20240714" Time="185839">DefineProjection C:/Users/owner/Dropbox/Wzone/out/wzone_shp/1991/1991_12_31.shp GEOGCS["GCS_WGS_1984",DATUM["D_WGS_1984",SPHEROID["WGS_1984",6378137.0,298.257223563]],PRIMEM["Greenwich",0.0],UNIT["Degree",0.0174532925199433]]</Process></lineage></DataProperties><SyncDate>20240714</SyncDate><SyncTime>18583700</SyncTime><ModDate>20240714</ModDate><ModTime>18583700</ModTime></Esri><dataIdInfo><envirDesc Sync="TRUE">Microsoft Windows 10 Version 10.0 (Build 19045) ; Esri ArcGIS 13.2.2.49743</envirDesc><dataLang><languageCode value="eng" Sync="TRUE"></languageCode><countryCode value="USA" Sync="TRUE"></countryCode></dataLang><idCitation><resTitle Sync="TRUE">1991_12_31</resTitle><presForm><PresFormCd value="005" Sync="TRUE"></PresFormCd></presForm></idCitation><spatRpType><SpatRepTypCd value="001" Sync="TRUE"></SpatRepTypCd></spatRpType></dataIdInfo><mdLang><languageCode value="eng" Sync="TRUE"></languageCode><countryCode value="USA" Sync="TRUE"></countryCode></mdLang><mdChar><CharSetCd value="004" Sync="TRUE"></CharSetCd></mdChar><distInfo><distFormat><formatName Sync="TRUE">Shapefile</formatName></distFormat><distTranOps><transSize Sync="TRUE">0.000</transSize></distTranOps></distInfo><mdHrLv><ScopeCd value="005" Sync="TRUE"></ScopeCd></mdHrLv><mdHrLvName Sync="TRUE">dataset</mdHrLvName><spatRepInfo><VectSpatRep><geometObjs Name="1991_12_31"><geoObjTyp><GeoObjTypCd value="002" Sync="TRUE"></GeoObjTypCd></geoObjTyp><geoObjCnt Sync="TRUE">0</geoObjCnt></geometObjs><topLvl><TopoLevCd value="001" Sync="TRUE"></TopoLevCd></topLvl></VectSpatRep></spatRepInfo><spdoinfo><ptvctinf><esriterm Name="1991_12_31"><efeatyp Sync="TRUE">Simple</efeatyp><efeageom code="4" Sync="TRUE"></efeageom><esritopo Sync="TRUE">FALSE</esritopo><efeacnt Sync="TRUE">0</efeacnt><spindex Sync="TRUE">FALSE</spindex><linrefer Sync="TRUE">FALSE</linrefer></esriterm></ptvctinf></spdoinfo><eainfo><detailed Name="1991_12_31"><enttyp><enttypl Sync="TRUE">1991_12_31</enttypl><enttypt Sync="TRUE">Feature Class</enttypt><enttypc Sync="TRUE">0</enttypc></enttyp><attr><attrlabl Sync="TRUE">FID</attrlabl><attalias Sync="TRUE">FID</attalias><attrtype Sync="TRUE">OID</attrtype><attwidth Sync="TRUE">4</attwidth><atprecis Sync="TRUE">0</atprecis><attscale Sync="TRUE">0</attscale><attrdef Sync="TRUE">Internal feature number.</attrdef><attrdefs Sync="TRUE">Esri</attrdefs><attrdomv><udom Sync="TRUE">Sequential unique whole numbers that are automatically generated.</udom></attrdomv></attr><attr><attrlabl Sync="TRUE">Shape</attrlabl><attalias Sync="TRUE">Shape</attalias><attrtype Sync="TRUE">Geometry</attrtype><attwidth Sync="TRUE">0</attwidth><atprecis Sync="TRUE">0</atprecis><attscale Sync="TRUE">0</attscale><attrdef Sync="TRUE">Feature geometry.</attrdef><attrdefs Sync="TRUE">Esri</attrdefs><attrdomv><udom Sync="TRUE">Coordinates defining the features.</udom></attrdomv></attr><attr><attrlabl Sync="TRUE">dyad_id</attrlabl><attalias Sync="TRUE">dyad_id</attalias><attrtype Sync="TRUE">Integer</attrtype><attwidth Sync="TRUE">5</attwidth><atprecis Sync="TRUE">5</atprecis><attscale Sync="TRUE">0</attscale></attr><attr><attrlabl Sync="TRUE">conf_id</attrlabl><attalias Sync="TRUE">conf_id</attalias><attrtype Sync="TRUE">Integer</attrtype><attwidth Sync="TRUE">5</attwidth><atprecis Sync="TRUE">5</atprecis><attscale Sync="TRUE">0</attscale></attr><attr><attrlabl Sync="TRUE">date</attrlabl><attalias Sync="TRUE">date</attalias><attrtype Sync="TRUE">String</attrtype><attwidth Sync="TRUE">254</attwidth><atprecis Sync="TRUE">0</atprecis><attscale Sync="TRUE">0</attscale></attr></detailed></eainfo><mdDateSt Sync="TRUE">20240714</mdDateSt></metadata>
