<?xml version="1.0" encoding="UTF-8"?>
<metadata xml:lang="en"><Esri><CreaDate>20240714</CreaDate><CreaTime>21373900</CreaTime><ArcGISFormat>1.0</ArcGISFormat><SyncOnce>FALSE</SyncOnce><DataProperties><itemProps><itemName Sync="TRUE">1992_12_31</itemName><imsContentType Sync="TRUE">002</imsContentType><itemSize Sync="TRUE">0.000</itemSize><itemLocation><linkage Sync="TRUE">file://\\DESKTOP-48J08HF\C$\Users\owner\Dropbox\Wzone\out\wzone_shp\1992\1992_12_31.shp</linkage><protocol Sync="TRUE">Local Area Network</protocol></itemLocation></itemProps><lineage><Process ToolSource="c:\program files\arcgis\pro\Resources\ArcToolbox\toolboxes\Analysis Tools.tbx\Select" Date="20240714" Time="213739">Select in_memory/shp1992406_19921231a C:\Users\owner\Dropbox\Wzone\tmp\tmp1992\shp406_19921231b.shp ""gridcode" &gt; 0"</Process><Process ToolSource="c:\program files\arcgis\pro\Resources\ArcToolbox\toolboxes\Data Management Tools.tbx\AddField" Date="20240714" Time="213739">AddField C:/Users/owner/Dropbox/Wzone/tmp/tmp1992/shp406_19921231b.shp dyad_id "Short (16-bit integer)" # # # # NULLABLE NON_REQUIRED #</Process><Process ToolSource="c:\program files\arcgis\pro\Resources\ArcToolbox\toolboxes\Data Management Tools.tbx\AddField" Date="20240714" Time="213739">AddField C:/Users/owner/Dropbox/Wzone/tmp/tmp1992/shp406_19921231b.shp conf_id "Short (16-bit integer)" # # # # NULLABLE NON_REQUIRED #</Process><Process ToolSource="c:\program files\arcgis\pro\Resources\ArcToolbox\toolboxes\Data Management Tools.tbx\AddField" Date="20240714" Time="213739">AddField C:/Users/owner/Dropbox/Wzone/tmp/tmp1992/shp406_19921231b.shp date Text # # # # NULLABLE NON_REQUIRED #</Process><Process ToolSource="c:\program files\arcgis\pro\Resources\ArcToolbox\toolboxes\Data Management Tools.tbx\DeleteField" Date="20240714" Time="213739">DeleteField C:/Users/owner/Dropbox/Wzone/tmp/tmp1992/shp406_19921231b.shp Id "Delete Fields"</Process><Process ToolSource="c:\program files\arcgis\pro\Resources\ArcToolbox\toolboxes\Data Management Tools.tbx\DeleteField" Date="20240714" Time="213739">DeleteField C:/Users/owner/Dropbox/Wzone/tmp/tmp1992/shp406_19921231b.shp gridcode "Delete Fields"</Process><Process ToolSource="c:\program files\arcgis\pro\Resources\ArcToolbox\toolboxes\Data Management Tools.tbx\Merge" Date="20240714" Time="214054">Merge C:/Users/owner/Dropbox/Wzone/tmp/tmp1992/shp406_19921231b.shp;C:/Users/owner/Dropbox/Wzone/tmp/tmp1992/shp411_19921231b.shp;C:/Users/owner/Dropbox/Wzone/tmp/tmp1992/shp422_19921231b.shp;C:/Users/owner/Dropbox/Wzone/tmp/tmp1992/shp428_19921231b.shp;C:/Users/owner/Dropbox/Wzone/tmp/tmp1992/shp451_19921231b.shp;C:/Users/owner/Dropbox/Wzone/tmp/tmp1992/shp461_19921231b.shp;C:/Users/owner/Dropbox/Wzone/tmp/tmp1992/shp469_19921231b.shp;C:/Users/owner/Dropbox/Wzone/tmp/tmp1992/shp475_19921231b.shp;C:/Users/owner/Dropbox/Wzone/tmp/tmp1992/shp476_19921231b.shp;C:/Users/owner/Dropbox/Wzone/tmp/tmp1992/shp478_19921231b.shp;C:/Users/owner/Dropbox/Wzone/tmp/tmp1992/shp508_19921231b.shp;C:/Users/owner/Dropbox/Wzone/tmp/tmp1992/shp521_19921231b.shp;C:/Users/owner/Dropbox/Wzone/tmp/tmp1992/shp565_19921231b.shp;C:/Users/owner/Dropbox/Wzone/tmp/tmp1992/shp623_19921231b.shp;C:/Users/owner/Dropbox/Wzone/tmp/tmp1992/shp624_19921231b.shp;C:/Users/owner/Dropbox/Wzone/tmp/tmp1992/shp631_19921231b.shp;C:/Users/owner/Dropbox/Wzone/tmp/tmp1992/shp632_19921231b.shp;C:/Users/owner/Dropbox/Wzone/tmp/tmp1992/shp644_19921231b.shp;C:/Users/owner/Dropbox/Wzone/tmp/tmp1992/shp656_19921231b.shp;C:/Users/owner/Dropbox/Wzone/tmp/tmp1992/shp657_19921231b.shp;C:/Users/owner/Dropbox/Wzone/tmp/tmp1992/shp663_19921231b.shp;C:/Users/owner/Dropbox/Wzone/tmp/tmp1992/shp688_19921231b.shp;C:/Users/owner/Dropbox/Wzone/tmp/tmp1992/shp692_19921231b.shp;C:/Users/owner/Dropbox/Wzone/tmp/tmp1992/shp705_19921231b.shp;C:/Users/owner/Dropbox/Wzone/tmp/tmp1992/shp714_19921231b.shp;C:/Users/owner/Dropbox/Wzone/tmp/tmp1992/shp721_19921231b.shp;C:/Users/owner/Dropbox/Wzone/tmp/tmp1992/shp722_19921231b.shp;C:/Users/owner/Dropbox/Wzone/tmp/tmp1992/shp726_19921231b.shp;C:/Users/owner/Dropbox/Wzone/tmp/tmp1992/shp739_19921231b.shp;C:/Users/owner/Dropbox/Wzone/tmp/tmp1992/shp753_19921231b.shp;C:/Users/owner/Dropbox/Wzone/tmp/tmp1992/shp763_19921231b.shp;C:/Users/owner/Dropbox/Wzone/tmp/tmp1992/shp768_19921231b.shp;C:/Users/owner/Dropbox/Wzone/tmp/tmp1992/shp775_19921231b.shp;C:/Users/owner/Dropbox/Wzone/tmp/tmp1992/shp776_19921231b.shp;C:/Users/owner/Dropbox/Wzone/tmp/tmp1992/shp781_19921231b.shp;C:/Users/owner/Dropbox/Wzone/tmp/tmp1992/shp792_19921231b.shp;C:/Users/owner/Dropbox/Wzone/tmp/tmp1992/shp793_19921231b.shp;C:/Users/owner/Dropbox/Wzone/tmp/tmp1992/shp797_19921231b.shp;C:/Users/owner/Dropbox/Wzone/tmp/tmp1992/shp810_19921231b.shp;C:/Users/owner/Dropbox/Wzone/tmp/tmp1992/shp818_19921231b.shp;C:/Users/owner/Dropbox/Wzone/tmp/tmp1992/shp822_19921231b.shp;C:/Users/owner/Dropbox/Wzone/tmp/tmp1992/shp828_19921231b.shp;C:/Users/owner/Dropbox/Wzone/tmp/tmp1992/shp833_19921231b.shp;C:/Users/owner/Dropbox/Wzone/tmp/tmp1992/shp835_19921231b.shp;C:/Users/owner/Dropbox/Wzone/tmp/tmp1992/shp838_19921231b.shp;C:/Users/owner/Dropbox/Wzone/tmp/tmp1992/shp839_19921231b.shp;C:/Users/owner/Dropbox/Wzone/tmp/tmp1992/shp842_19921231b.shp;C:/Users/owner/Dropbox/Wzone/tmp/tmp1992/shp848_19921231b.shp;C:/Users/owner/Dropbox/Wzone/tmp/tmp1992/shp855_19921231b.shp;C:/Users/owner/Dropbox/Wzone/tmp/tmp1992/shp869_19921231b.shp;C:/Users/owner/Dropbox/Wzone/tmp/tmp1992/shp885_19921231b.shp;C:/Users/owner/Dropbox/Wzone/tmp/tmp1992/shp891_19921231b.shp;C:/Users/owner/Dropbox/Wzone/tmp/tmp1992/shp912_19921231b.shp;C:/Users/owner/Dropbox/Wzone/tmp/tmp1992/shp913_19921231b.shp;C:/Users/owner/Dropbox/Wzone/tmp/tmp1992/shp914_19921231b.shp;C:/Users/owner/Dropbox/Wzone/tmp/tmp1992/shp918_19921231b.shp;C:/Users/owner/Dropbox/Wzone/tmp/tmp1992/shp921_19921231b.shp;C:/Users/owner/Dropbox/Wzone/tmp/tmp1992/shp923_19921231b.shp;C:/Users/owner/Dropbox/Wzone/tmp/tmp1992/shp926_19921231b.shp;C:/Users/owner/Dropbox/Wzone/tmp/tmp1992/shp927_19921231b.shp;C:/Users/owner/Dropbox/Wzone/tmp/tmp1992/shp930_19921231b.shp;C:/Users/owner/Dropbox/Wzone/tmp/tmp1992/shp932_19921231b.shp;C:/Users/owner/Dropbox/Wzone/tmp/tmp1992/shp935_19921231b.shp;C:/Users/owner/Dropbox/Wzone/tmp/tmp1992/shp936_19921231b.shp;C:/Users/owner/Dropbox/Wzone/tmp/tmp1992/shp939_19921231b.shp;C:/Users/owner/Dropbox/Wzone/tmp/tmp1992/shp940_19921231b.shp;C:/Users/owner/Dropbox/Wzone/tmp/tmp1992/shp941_19921231b.shp;C:/Users/owner/Dropbox/Wzone/tmp/tmp1992/shp942_19921231b.shp;C:/Users/owner/Dropbox/Wzone/tmp/tmp1992/shp944_19921231b.shp;C:/Users/owner/Dropbox/Wzone/tmp/tmp1992/shp947_19921231b.shp;C:/Users/owner/Dropbox/Wzone/tmp/tmp1992/shp948_19921231b.shp;C:/Users/owner/Dropbox/Wzone/tmp/tmp1992/shp950_19921231b.shp;C:/Users/owner/Dropbox/Wzone/tmp/tmp1992/shp951_19921231b.shp;C:/Users/owner/Dropbox/Wzone/tmp/tmp1992/shp954_19921231b.shp;C:/Users/owner/Dropbox/Wzone/tmp/tmp1992/shp955_19921231b.shp;C:/Users/owner/Dropbox/Wzone/tmp/tmp1992/shp956_19921231b.shp;C:/Users/owner/Dropbox/Wzone/tmp/tmp1992/shp957_19921231b.shp;C:/Users/owner/Dropbox/Wzone/tmp/tmp1992/shp959_19921231b.shp;C:/Users/owner/Dropbox/Wzone/tmp/tmp1992/shp960_19921231b.shp;C:/Users/owner/Dropbox/Wzone/tmp/tmp1992/shp961_19921231b.shp;C:/Users/owner/Dropbox/Wzone/tmp/tmp1992/shp962_19921231b.shp;C:/Users/owner/Dropbox/Wzone/tmp/tmp1992/shp963_19921231b.shp;C:/Users/owner/Dropbox/Wzone/tmp/tmp1992/shp964_19921231b.shp;C:/Users/owner/Dropbox/Wzone/tmp/tmp1992/shp965_19921231b.shp;C:/Users/owner/Dropbox/Wzone/tmp/tmp1992/shp967_19921231b.shp;C:/Users/owner/Dropbox/Wzone/tmp/tmp1992/shp968_19921231b.shp;C:/Users/owner/Dropbox/Wzone/tmp/tmp1992/shp970_19921231b.shp;C:/Users/owner/Dropbox/Wzone/tmp/tmp1992/shp975_19921231b.shp;C:/Users/owner/Dropbox/Wzone/tmp/tmp1992/shp979_19921231b.shp;C:/Users/owner/Dropbox/Wzone/tmp/tmp1992/shp983_19921231b.shp;C:/Users/owner/Dropbox/Wzone/tmp/tmp1992/shp986_19921231b.shp;C:/Users/owner/Dropbox/Wzone/tmp/tmp1992/shp987_19921231b.shp;C:/Users/owner/Dropbox/Wzone/tmp/tmp1992/shp988_19921231b.shp;C:/Users/owner/Dropbox/Wzone/tmp/tmp1992/shp989_19921231b.shp;C:/Users/owner/Dropbox/Wzone/tmp/tmp1992/shp990_19921231b.shp;C:/Users/owner/Dropbox/Wzone/tmp/tmp1992/shp998_19921231b.shp;C:/Users/owner/Dropbox/Wzone/tmp/tmp1992/shp1021_19921231b.shp;C:/Users/owner/Dropbox/Wzone/tmp/tmp1992/shp1029_19921231b.shp;C:/Users/owner/Dropbox/Wzone/tmp/tmp1992/shp1031_19921231b.shp;C:/Users/owner/Dropbox/Wzone/tmp/tmp1992/shp1038_19921231b.shp;C:/Users/owner/Dropbox/Wzone/tmp/tmp1992/shp1045_19921231b.shp;C:/Users/owner/Dropbox/Wzone/tmp/tmp1992/shp1059_19921231b.shp;C:/Users/owner/Dropbox/Wzone/tmp/tmp1992/shp1072_19921231b.shp;C:/Users/owner/Dropbox/Wzone/tmp/tmp1992/shp1073_19921231b.shp;C:/Users/owner/Dropbox/Wzone/tmp/tmp1992/shp1074_19921231b.shp;C:/Users/owner/Dropbox/Wzone/tmp/tmp1992/shp1108_19921231b.shp;C:/Users/owner/Dropbox/Wzone/tmp/tmp1992/shp1116_19921231b.shp;C:/Users/owner/Dropbox/Wzone/tmp/tmp1992/shp1199_19921231b.shp;C:/Users/owner/Dropbox/Wzone/tmp/tmp1992/shp1204_19921231b.shp;C:/Users/owner/Dropbox/Wzone/tmp/tmp1992/shp1488_19921231b.shp;C:/Users/owner/Dropbox/Wzone/tmp/tmp1992/shp2391_19921231b.shp;C:/Users/owner/Dropbox/Wzone/tmp/tmp1992/shp5129_19921231b.shp;C:/Users/owner/Dropbox/Wzone/tmp/tmp1992/shp5201_19921231b.shp;C:/Users/owner/Dropbox/Wzone/tmp/tmp1992/shp5293_19921231b.shp;C:/Users/owner/Dropbox/Wzone/tmp/tmp1992/shp5349_19921231b.shp;C:/Users/owner/Dropbox/Wzone/tmp/tmp1992/shp5373_19921231b.shp;C:/Users/owner/Dropbox/Wzone/tmp/tmp1992/shp5376_19921231b.shp;C:/Users/owner/Dropbox/Wzone/tmp/tmp1992/shp5405_19921231b.shp;C:/Users/owner/Dropbox/Wzone/tmp/tmp1992/shp5450_19921231b.shp;C:/Users/owner/Dropbox/Wzone/tmp/tmp1992/shp5467_19921231b.shp;C:/Users/owner/Dropbox/Wzone/tmp/tmp1992/shp5505_19921231b.shp;C:/Users/owner/Dropbox/Wzone/tmp/tmp1992/shp5512_19921231b.shp;C:/Users/owner/Dropbox/Wzone/tmp/tmp1992/shp10264_19921231b.shp;C:/Users/owner/Dropbox/Wzone/tmp/tmp1992/shp12515_19921231b.shp C:\Users\owner\Dropbox\Wzone\out\wzone_shp\1992\1992_12_31.shp "dyad_id "dyad_id" true true false 5 Long 0 5,First,#,C:/Users/owner/Dropbox/Wzone/tmp/tmp1992/shp406_19921231b.shp,dyad_id,-1,-1,C:/Users/owner/Dropbox/Wzone/tmp/tmp1992/shp411_19921231b.shp,dyad_id,-1,-1,C:/Users/owner/Dropbox/Wzone/tmp/tmp1992/shp422_19921231b.shp,dyad_id,-1,-1,C:/Users/owner/Dropbox/Wzone/tmp/tmp1992/shp428_19921231b.shp,dyad_id,-1,-1,C:/Users/owner/Dropbox/Wzone/tmp/tmp1992/shp451_19921231b.shp,dyad_id,-1,-1,C:/Users/owner/Dropbox/Wzone/tmp/tmp1992/shp461_19921231b.shp,dyad_id,-1,-1,C:/Users/owner/Dropbox/Wzone/tmp/tmp1992/shp469_19921231b.shp,dyad_id,-1,-1,C:/Users/owner/Dropbox/Wzone/tmp/tmp1992/shp475_19921231b.shp,dyad_id,-1,-1,C:/Users/owner/Dropbox/Wzone/tmp/tmp1992/shp476_19921231b.shp,dyad_id,-1,-1,C:/Users/owner/Dropbox/Wzone/tmp/tmp1992/shp478_19921231b.shp,dyad_id,-1,-1,C:/Users/owner/Dropbox/Wzone/tmp/tmp1992/shp508_19921231b.shp,dyad_id,-1,-1,C:/Users/owner/Dropbox/Wzone/tmp/tmp1992/shp521_19921231b.shp,dyad_id,-1,-1,C:/Users/owner/Dropbox/Wzone/tmp/tmp1992/shp565_19921231b.shp,dyad_id,-1,-1,C:/Users/owner/Dropbox/Wzone/tmp/tmp1992/shp623_19921231b.shp,dyad_id,-1,-1,C:/Users/owner/Dropbox/Wzone/tmp/tmp1992/shp624_19921231b.shp,dyad_id,-1,-1,C:/Users/owner/Dropbox/Wzone/tmp/tmp1992/shp631_19921231b.shp,dyad_id,-1,-1,C:/Users/owner/Dropbox/Wzone/tmp/tmp1992/shp632_19921231b.shp,dyad_id,-1,-1,C:/Users/owner/Dropbox/Wzone/tmp/tmp1992/shp644_19921231b.shp,dyad_id,-1,-1,C:/Users/owner/Dropbox/Wzone/tmp/tmp1992/shp656_19921231b.shp,dyad_id,-1,-1,C:/Users/owner/Dropbox/Wzone/tmp/tmp1992/shp657_19921231b.shp,dyad_id,-1,-1,C:/Users/owner/Dropbox/Wzone/tmp/tmp1992/shp663_19921231b.shp,dyad_id,-1,-1,C:/Users/owner/Dropbox/Wzone/tmp/tmp1992/shp688_19921231b.shp,dyad_id,-1,-1,C:/Users/owner/Dropbox/Wzone/tmp/tmp1992/shp692_19921231b.shp,dyad_id,-1,-1,C:/Users/owner/Dropbox/Wzone/tmp/tmp1992/shp705_19921231b.shp,dyad_id,-1,-1,C:/Users/owner/Dropbox/Wzone/tmp/tmp1992/shp714_19921231b.shp,dyad_id,-1,-1,C:/Users/owner/Dropbox/Wzone/tmp/tmp1992/shp721_19921231b.shp,dyad_id,-1,-1,C:/Users/owner/Dropbox/Wzone/tmp/tmp1992/shp722_19921231b.shp,dyad_id,-1,-1,C:/Users/owner/Dropbox/Wzone/tmp/tmp1992/shp726_19921231b.shp,dyad_id,-1,-1,C:/Users/owner/Dropbox/Wzone/tmp/tmp1992/shp739_19921231b.shp,dyad_id,-1,-1,C:/Users/owner/Dropbox/Wzone/tmp/tmp1992/shp753_19921231b.shp,dyad_id,-1,-1,C:/Users/owner/Dropbox/Wzone/tmp/tmp1992/shp763_19921231b.shp,dyad_id,-1,-1,C:/Users/owner/Dropbox/Wzone/tmp/tmp1992/shp768_19921231b.shp,dyad_id,-1,-1,C:/Users/owner/Dropbox/Wzone/tmp/tmp1992/shp775_19921231b.shp,dyad_id,-1,-1,C:/Users/owner/Dropbox/Wzone/tmp/tmp1992/shp776_19921231b.shp,dyad_id,-1,-1,C:/Users/owner/Dropbox/Wzone/tmp/tmp1992/shp781_19921231b.shp,dyad_id,-1,-1,C:/Users/owner/Dropbox/Wzone/tmp/tmp1992/shp792_19921231b.shp,dyad_id,-1,-1,C:/Users/owner/Dropbox/Wzone/tmp/tmp1992/shp793_19921231b.shp,dyad_id,-1,-1,C:/Users/owner/Dropbox/Wzone/tmp/tmp1992/shp797_19921231b.shp,dyad_id,-1,-1,C:/Users/owner/Dropbox/Wzone/tmp/tmp1992/shp810_19921231b.shp,dyad_id,-1,-1,C:/Users/owner/Dropbox/Wzone/tmp/tmp1992/shp818_19921231b.shp,dyad_id,-1,-1,C:/Users/owner/Dropbox/Wzone/tmp/tmp1992/shp822_19921231b.shp,dyad_id,-1,-1,C:/Users/owner/Dropbox/Wzone/tmp/tmp1992/shp828_19921231b.shp,dyad_id,-1,-1,C:/Users/owner/Dropbox/Wzone/tmp/tmp1992/shp833_19921231b.shp,dyad_id,-1,-1,C:/Users/owner/Dropbox/Wzone/tmp/tmp1992/shp835_19921231b.shp,dyad_id,-1,-1,C:/Users/owner/Dropbox/Wzone/tmp/tmp1992/shp838_19921231b.shp,dyad_id,-1,-1,C:/Users/owner/Dropbox/Wzone/tmp/tmp1992/shp839_19921231b.shp,dyad_id,-1,-1,C:/Users/owner/Dropbox/Wzone/tmp/tmp1992/shp842_19921231b.shp,dyad_id,-1,-1,C:/Users/owner/Dropbox/Wzone/tmp/tmp1992/shp848_19921231b.shp,dyad_id,-1,-1,C:/Users/owner/Dropbox/Wzone/tmp/tmp1992/shp855_19921231b.shp,dyad_id,-1,-1,C:/Users/owner/Dropbox/Wzone/tmp/tmp1992/shp869_19921231b.shp,dyad_id,-1,-1,C:/Users/owner/Dropbox/Wzone/tmp/tmp1992/shp885_19921231b.shp,dyad_id,-1,-1,C:/Users/owner/Dropbox/Wzone/tmp/tmp1992/shp891_19921231b.shp,dyad_id,-1,-1,C:/Users/owner/Dropbox/Wzone/tmp/tmp1992/shp912_19921231b.shp,dyad_id,-1,-1,C:/Users/owner/Dropbox/Wzone/tmp/tmp1992/shp913_19921231b.shp,dyad_id,-1,-1,C:/Users/owner/Dropbox/Wzone/tmp/tmp1992/shp914_19921231b.shp,dyad_id,-1,-1,C:/Users/owner/Dropbox/Wzone/tmp/tmp1992/shp918_19921231b.shp,dyad_id,-1,-1,C:/Users/owner/Dropbox/Wzone/tmp/tmp1992/shp921_19921231b.shp,dyad_id,-1,-1,C:/Users/owner/Dropbox/Wzone/tmp/tmp1992/shp923_19921231b.shp,dyad_id,-1,-1,C:/Users/owner/Dropbox/Wzone/tmp/tmp1992/shp926_19921231b.shp,dyad_id,-1,-1,C:/Users/owner/Dropbox/Wzone/tmp/tmp1992/shp927_19921231b.shp,dyad_id,-1,-1,C:/Users/owner/Dropbox/Wzone/tmp/tmp1992/shp930_19921231b.shp,dyad_id,-1,-1,C:/Users/owner/Dropbox/Wzone/tmp/tmp1992/shp932_19921231b.shp,dyad_id,-1,-1,C:/Users/owner/Dropbox/Wzone/tmp/tmp1992/shp935_19921231b.shp,dyad_id,-1,-1,C:/Users/owner/Dropbox/Wzone/tmp/tmp1992/shp936_19921231b.shp,dyad_id,-1,-1,C:/Users/owner/Dropbox/Wzone/tmp/tmp1992/shp939_19921231b.shp,dyad_id,-1,-1,C:/Users/owner/Dropbox/Wzone/tmp/tmp1992/shp940_19921231b.shp,dyad_id,-1,-1,C:/Users/owner/Dropbox/Wzone/tmp/tmp1992/shp941_19921231b.shp,dyad_id,-1,-1,C:/Users/owner/Dropbox/Wzone/tmp/tmp1992/shp942_19921231b.shp,dyad_id,-1,-1,C:/Users/owner/Dropbox/Wzone/tmp/tmp1992/shp944_19921231b.shp,dyad_id,-1,-1,C:/Users/owner/Dropbox/Wzone/tmp/tmp1992/shp947_19921231b.shp,dyad_id,-1,-1,C:/Users/owner/Dropbox/Wzone/tmp/tmp1992/shp948_19921231b.shp,dyad_id,-1,-1,C:/Users/owner/Dropbox/Wzone/tmp/tmp1992/shp950_19921231b.shp,dyad_id,-1,-1,C:/Users/owner/Dropbox/Wzone/tmp/tmp1992/shp951_19921231b.shp,dyad_id,-1,-1,C:/Users/owner/Dropbox/Wzone/tmp/tmp1992/shp954_19921231b.shp,dyad_id,-1,-1,C:/Users/owner/Dropbox/Wzone/tmp/tmp1992/shp955_19921231b.shp,dyad_id,-1,-1,C:/Users/owner/Dropbox/Wzone/tmp/tmp1992/shp956_19921231b.shp,dyad_id,-1,-1,C:/Users/owner/Dropbox/Wzone/tmp/tmp1992/shp957_19921231b.shp,dyad_id,-1,-1,C:/Users/owner/Dropbox/Wzone/tmp/tmp1992/shp959_19921231b.shp,dyad_id,-1,-1,C:/Users/owner/Dropbox/Wzone/tmp/tmp1992/shp960_19921231b.shp,dyad_id,-1,-1,C:/Users/owner/Dropbox/Wzone/tmp/tmp1992/shp961_19921231b.shp,dyad_id,-1,-1,C:/Users/owner/Dropbox/Wzone/tmp/tmp1992/shp962_19921231b.shp,dyad_id,-1,-1,C:/Users/owner/Dropbox/Wzone/tmp/tmp1992/shp963_19921231b.shp,dyad_id,-1,-1,C:/Users/owner/Dropbox/Wzone/tmp/tmp1992/shp964_19921231b.shp,dyad_id,-1,-1,C:/Users/owner/Dropbox/Wzone/tmp/tmp1992/shp965_19921231b.shp,dyad_id,-1,-1,C:/Users/owner/Dropbox/Wzone/tmp/tmp1992/shp967_19921231b.shp,dyad_id,-1,-1,C:/Users/owner/Dropbox/Wzone/tmp/tmp1992/shp968_19921231b.shp,dyad_id,-1,-1,C:/Users/owner/Dropbox/Wzone/tmp/tmp1992/shp970_19921231b.shp,dyad_id,-1,-1,C:/Users/owner/Dropbox/Wzone/tmp/tmp1992/shp975_19921231b.shp,dyad_id,-1,-1,C:/Users/owner/Dropbox/Wzone/tmp/tmp1992/shp979_19921231b.shp,dyad_id,-1,-1,C:/Users/owner/Dropbox/Wzone/tmp/tmp1992/shp983_19921231b.shp,dyad_id,-1,-1,C:/Users/owner/Dropbox/Wzone/tmp/tmp1992/shp986_19921231b.shp,dyad_id,-1,-1,C:/Users/owner/Dropbox/Wzone/tmp/tmp1992/shp987_19921231b.shp,dyad_id,-1,-1,C:/Users/owner/Dropbox/Wzone/tmp/tmp1992/shp988_19921231b.shp,dyad_id,-1,-1,C:/Users/owner/Dropbox/Wzone/tmp/tmp1992/shp989_19921231b.shp,dyad_id,-1,-1,C:/Users/owner/Dropbox/Wzone/tmp/tmp1992/shp990_19921231b.shp,dyad_id,-1,-1,C:/Users/owner/Dropbox/Wzone/tmp/tmp1992/shp998_19921231b.shp,dyad_id,-1,-1,C:/Users/owner/Dropbox/Wzone/tmp/tmp1992/shp1021_19921231b.shp,dyad_id,-1,-1,C:/Users/owner/Dropbox/Wzone/tmp/tmp1992/shp1029_19921231b.shp,dyad_id,-1,-1,C:/Users/owner/Dropbox/Wzone/tmp/tmp1992/shp1031_19921231b.shp,dyad_id,-1,-1,C:/Users/owner/Dropbox/Wzone/tmp/tmp1992/shp1038_19921231b.shp,dyad_id,-1,-1,C:/Users/owner/Dropbox/Wzone/tmp/tmp1992/shp1045_19921231b.shp,dyad_id,-1,-1,C:/Users/owner/Dropbox/Wzone/tmp/tmp1992/shp1059_19921231b.shp,dyad_id,-1,-1,C:/Users/owner/Dropbox/Wzone/tmp/tmp1992/shp1072_19921231b.shp,dyad_id,-1,-1,C:/Users/owner/Dropbox/Wzone/tmp/tmp1992/shp1073_19921231b.shp,dyad_id,-1,-1,C:/Users/owner/Dropbox/Wzone/tmp/tmp1992/shp1074_19921231b.shp,dyad_id,-1,-1,C:/Users/owner/Dropbox/Wzone/tmp/tmp1992/shp1108_19921231b.shp,dyad_id,-1,-1,C:/Users/owner/Dropbox/Wzone/tmp/tmp1992/shp1116_19921231b.shp,dyad_id,-1,-1,C:/Users/owner/Dropbox/Wzone/tmp/tmp1992/shp1199_19921231b.shp,dyad_id,-1,-1,C:/Users/owner/Dropbox/Wzone/tmp/tmp1992/shp1204_19921231b.shp,dyad_id,-1,-1,C:/Users/owner/Dropbox/Wzone/tmp/tmp1992/shp1488_19921231b.shp,dyad_id,-1,-1,C:/Users/owner/Dropbox/Wzone/tmp/tmp1992/shp2391_19921231b.shp,dyad_id,-1,-1,C:/Users/owner/Dropbox/Wzone/tmp/tmp1992/shp5129_19921231b.shp,dyad_id,-1,-1,C:/Users/owner/Dropbox/Wzone/tmp/tmp1992/shp5201_19921231b.shp,dyad_id,-1,-1,C:/Users/owner/Dropbox/Wzone/tmp/tmp1992/shp5293_19921231b.shp,dyad_id,-1,-1,C:/Users/owner/Dropbox/Wzone/tmp/tmp1992/shp5349_19921231b.shp,dyad_id,-1,-1,C:/Users/owner/Dropbox/Wzone/tmp/tmp1992/shp5373_19921231b.shp,dyad_id,-1,-1,C:/Users/owner/Dropbox/Wzone/tmp/tmp1992/shp5376_19921231b.shp,dyad_id,-1,-1,C:/Users/owner/Dropbox/Wzone/tmp/tmp1992/shp5405_19921231b.shp,dyad_id,-1,-1,C:/Users/owner/Dropbox/Wzone/tmp/tmp1992/shp5450_19921231b.shp,dyad_id,-1,-1,C:/Users/owner/Dropbox/Wzone/tmp/tmp1992/shp5467_19921231b.shp,dyad_id,-1,-1,C:/Users/owner/Dropbox/Wzone/tmp/tmp1992/shp5505_19921231b.shp,dyad_id,-1,-1,C:/Users/owner/Dropbox/Wzone/tmp/tmp1992/shp5512_19921231b.shp,dyad_id,-1,-1,C:/Users/owner/Dropbox/Wzone/tmp/tmp1992/shp10264_19921231b.shp,dyad_id,-1,-1,C:/Users/owner/Dropbox/Wzone/tmp/tmp1992/shp12515_19921231b.shp,dyad_id,-1,-1;conf_id "conf_id" true true false 5 Long 0 5,First,#,C:/Users/owner/Dropbox/Wzone/tmp/tmp1992/shp406_19921231b.shp,conf_id,-1,-1,C:/Users/owner/Dropbox/Wzone/tmp/tmp1992/shp411_19921231b.shp,conf_id,-1,-1,C:/Users/owner/Dropbox/Wzone/tmp/tmp1992/shp422_19921231b.shp,conf_id,-1,-1,C:/Users/owner/Dropbox/Wzone/tmp/tmp1992/shp428_19921231b.shp,conf_id,-1,-1,C:/Users/owner/Dropbox/Wzone/tmp/tmp1992/shp451_19921231b.shp,conf_id,-1,-1,C:/Users/owner/Dropbox/Wzone/tmp/tmp1992/shp461_19921231b.shp,conf_id,-1,-1,C:/Users/owner/Dropbox/Wzone/tmp/tmp1992/shp469_19921231b.shp,conf_id,-1,-1,C:/Users/owner/Dropbox/Wzone/tmp/tmp1992/shp475_19921231b.shp,conf_id,-1,-1,C:/Users/owner/Dropbox/Wzone/tmp/tmp1992/shp476_19921231b.shp,conf_id,-1,-1,C:/Users/owner/Dropbox/Wzone/tmp/tmp1992/shp478_19921231b.shp,conf_id,-1,-1,C:/Users/owner/Dropbox/Wzone/tmp/tmp1992/shp508_19921231b.shp,conf_id,-1,-1,C:/Users/owner/Dropbox/Wzone/tmp/tmp1992/shp521_19921231b.shp,conf_id,-1,-1,C:/Users/owner/Dropbox/Wzone/tmp/tmp1992/shp565_19921231b.shp,conf_id,-1,-1,C:/Users/owner/Dropbox/Wzone/tmp/tmp1992/shp623_19921231b.shp,conf_id,-1,-1,C:/Users/owner/Dropbox/Wzone/tmp/tmp1992/shp624_19921231b.shp,conf_id,-1,-1,C:/Users/owner/Dropbox/Wzone/tmp/tmp1992/shp631_19921231b.shp,conf_id,-1,-1,C:/Users/owner/Dropbox/Wzone/tmp/tmp1992/shp632_19921231b.shp,conf_id,-1,-1,C:/Users/owner/Dropbox/Wzone/tmp/tmp1992/shp644_19921231b.shp,conf_id,-1,-1,C:/Users/owner/Dropbox/Wzone/tmp/tmp1992/shp656_19921231b.shp,conf_id,-1,-1,C:/Users/owner/Dropbox/Wzone/tmp/tmp1992/shp657_19921231b.shp,conf_id,-1,-1,C:/Users/owner/Dropbox/Wzone/tmp/tmp1992/shp663_19921231b.shp,conf_id,-1,-1,C:/Users/owner/Dropbox/Wzone/tmp/tmp1992/shp688_19921231b.shp,conf_id,-1,-1,C:/Users/owner/Dropbox/Wzone/tmp/tmp1992/shp692_19921231b.shp,conf_id,-1,-1,C:/Users/owner/Dropbox/Wzone/tmp/tmp1992/shp705_19921231b.shp,conf_id,-1,-1,C:/Users/owner/Dropbox/Wzone/tmp/tmp1992/shp714_19921231b.shp,conf_id,-1,-1,C:/Users/owner/Dropbox/Wzone/tmp/tmp1992/shp721_19921231b.shp,conf_id,-1,-1,C:/Users/owner/Dropbox/Wzone/tmp/tmp1992/shp722_19921231b.shp,conf_id,-1,-1,C:/Users/owner/Dropbox/Wzone/tmp/tmp1992/shp726_19921231b.shp,conf_id,-1,-1,C:/Users/owner/Dropbox/Wzone/tmp/tmp1992/shp739_19921231b.shp,conf_id,-1,-1,C:/Users/owner/Dropbox/Wzone/tmp/tmp1992/shp753_19921231b.shp,conf_id,-1,-1,C:/Users/owner/Dropbox/Wzone/tmp/tmp1992/shp763_19921231b.shp,conf_id,-1,-1,C:/Users/owner/Dropbox/Wzone/tmp/tmp1992/shp768_19921231b.shp,conf_id,-1,-1,C:/Users/owner/Dropbox/Wzone/tmp/tmp1992/shp775_19921231b.shp,conf_id,-1,-1,C:/Users/owner/Dropbox/Wzone/tmp/tmp1992/shp776_19921231b.shp,conf_id,-1,-1,C:/Users/owner/Dropbox/Wzone/tmp/tmp1992/shp781_19921231b.shp,conf_id,-1,-1,C:/Users/owner/Dropbox/Wzone/tmp/tmp1992/shp792_19921231b.shp,conf_id,-1,-1,C:/Users/owner/Dropbox/Wzone/tmp/tmp1992/shp793_19921231b.shp,conf_id,-1,-1,C:/Users/owner/Dropbox/Wzone/tmp/tmp1992/shp797_19921231b.shp,conf_id,-1,-1,C:/Users/owner/Dropbox/Wzone/tmp/tmp1992/shp810_19921231b.shp,conf_id,-1,-1,C:/Users/owner/Dropbox/Wzone/tmp/tmp1992/shp818_19921231b.shp,conf_id,-1,-1,C:/Users/owner/Dropbox/Wzone/tmp/tmp1992/shp822_19921231b.shp,conf_id,-1,-1,C:/Users/owner/Dropbox/Wzone/tmp/tmp1992/shp828_19921231b.shp,conf_id,-1,-1,C:/Users/owner/Dropbox/Wzone/tmp/tmp1992/shp833_19921231b.shp,conf_id,-1,-1,C:/Users/owner/Dropbox/Wzone/tmp/tmp1992/shp835_19921231b.shp,conf_id,-1,-1,C:/Users/owner/Dropbox/Wzone/tmp/tmp1992/shp838_19921231b.shp,conf_id,-1,-1,C:/Users/owner/Dropbox/Wzone/tmp/tmp1992/shp839_19921231b.shp,conf_id,-1,-1,C:/Users/owner/Dropbox/Wzone/tmp/tmp1992/shp842_19921231b.shp,conf_id,-1,-1,C:/Users/owner/Dropbox/Wzone/tmp/tmp1992/shp848_19921231b.shp,conf_id,-1,-1,C:/Users/owner/Dropbox/Wzone/tmp/tmp1992/shp855_19921231b.shp,conf_id,-1,-1,C:/Users/owner/Dropbox/Wzone/tmp/tmp1992/shp869_19921231b.shp,conf_id,-1,-1,C:/Users/owner/Dropbox/Wzone/tmp/tmp1992/shp885_19921231b.shp,conf_id,-1,-1,C:/Users/owner/Dropbox/Wzone/tmp/tmp1992/shp891_19921231b.shp,conf_id,-1,-1,C:/Users/owner/Dropbox/Wzone/tmp/tmp1992/shp912_19921231b.shp,conf_id,-1,-1,C:/Users/owner/Dropbox/Wzone/tmp/tmp1992/shp913_19921231b.shp,conf_id,-1,-1,C:/Users/owner/Dropbox/Wzone/tmp/tmp1992/shp914_19921231b.shp,conf_id,-1,-1,C:/Users/owner/Dropbox/Wzone/tmp/tmp1992/shp918_19921231b.shp,conf_id,-1,-1,C:/Users/owner/Dropbox/Wzone/tmp/tmp1992/shp921_19921231b.shp,conf_id,-1,-1,C:/Users/owner/Dropbox/Wzone/tmp/tmp1992/shp923_19921231b.shp,conf_id,-1,-1,C:/Users/owner/Dropbox/Wzone/tmp/tmp1992/shp926_19921231b.shp,conf_id,-1,-1,C:/Users/owner/Dropbox/Wzone/tmp/tmp1992/shp927_19921231b.shp,conf_id,-1,-1,C:/Users/owner/Dropbox/Wzone/tmp/tmp1992/shp930_19921231b.shp,conf_id,-1,-1,C:/Users/owner/Dropbox/Wzone/tmp/tmp1992/shp932_19921231b.shp,conf_id,-1,-1,C:/Users/owner/Dropbox/Wzone/tmp/tmp1992/shp935_19921231b.shp,conf_id,-1,-1,C:/Users/owner/Dropbox/Wzone/tmp/tmp1992/shp936_19921231b.shp,conf_id,-1,-1,C:/Users/owner/Dropbox/Wzone/tmp/tmp1992/shp939_19921231b.shp,conf_id,-1,-1,C:/Users/owner/Dropbox/Wzone/tmp/tmp1992/shp940_19921231b.shp,conf_id,-1,-1,C:/Users/owner/Dropbox/Wzone/tmp/tmp1992/shp941_19921231b.shp,conf_id,-1,-1,C:/Users/owner/Dropbox/Wzone/tmp/tmp1992/shp942_19921231b.shp,conf_id,-1,-1,C:/Users/owner/Dropbox/Wzone/tmp/tmp1992/shp944_19921231b.shp,conf_id,-1,-1,C:/Users/owner/Dropbox/Wzone/tmp/tmp1992/shp947_19921231b.shp,conf_id,-1,-1,C:/Users/owner/Dropbox/Wzone/tmp/tmp1992/shp948_19921231b.shp,conf_id,-1,-1,C:/Users/owner/Dropbox/Wzone/tmp/tmp1992/shp950_19921231b.shp,conf_id,-1,-1,C:/Users/owner/Dropbox/Wzone/tmp/tmp1992/shp951_19921231b.shp,conf_id,-1,-1,C:/Users/owner/Dropbox/Wzone/tmp/tmp1992/shp954_19921231b.shp,conf_id,-1,-1,C:/Users/owner/Dropbox/Wzone/tmp/tmp1992/shp955_19921231b.shp,conf_id,-1,-1,C:/Users/owner/Dropbox/Wzone/tmp/tmp1992/shp956_19921231b.shp,conf_id,-1,-1,C:/Users/owner/Dropbox/Wzone/tmp/tmp1992/shp957_19921231b.shp,conf_id,-1,-1,C:/Users/owner/Dropbox/Wzone/tmp/tmp1992/shp959_19921231b.shp,conf_id,-1,-1,C:/Users/owner/Dropbox/Wzone/tmp/tmp1992/shp960_19921231b.shp,conf_id,-1,-1,C:/Users/owner/Dropbox/Wzone/tmp/tmp1992/shp961_19921231b.shp,conf_id,-1,-1,C:/Users/owner/Dropbox/Wzone/tmp/tmp1992/shp962_19921231b.shp,conf_id,-1,-1,C:/Users/owner/Dropbox/Wzone/tmp/tmp1992/shp963_19921231b.shp,conf_id,-1,-1,C:/Users/owner/Dropbox/Wzone/tmp/tmp1992/shp964_19921231b.shp,conf_id,-1,-1,C:/Users/owner/Dropbox/Wzone/tmp/tmp1992/shp965_19921231b.shp,conf_id,-1,-1,C:/Users/owner/Dropbox/Wzone/tmp/tmp1992/shp967_19921231b.shp,conf_id,-1,-1,C:/Users/owner/Dropbox/Wzone/tmp/tmp1992/shp968_19921231b.shp,conf_id,-1,-1,C:/Users/owner/Dropbox/Wzone/tmp/tmp1992/shp970_19921231b.shp,conf_id,-1,-1,C:/Users/owner/Dropbox/Wzone/tmp/tmp1992/shp975_19921231b.shp,conf_id,-1,-1,C:/Users/owner/Dropbox/Wzone/tmp/tmp1992/shp979_19921231b.shp,conf_id,-1,-1,C:/Users/owner/Dropbox/Wzone/tmp/tmp1992/shp983_19921231b.shp,conf_id,-1,-1,C:/Users/owner/Dropbox/Wzone/tmp/tmp1992/shp986_19921231b.shp,conf_id,-1,-1,C:/Users/owner/Dropbox/Wzone/tmp/tmp1992/shp987_19921231b.shp,conf_id,-1,-1,C:/Users/owner/Dropbox/Wzone/tmp/tmp1992/shp988_19921231b.shp,conf_id,-1,-1,C:/Users/owner/Dropbox/Wzone/tmp/tmp1992/shp989_19921231b.shp,conf_id,-1,-1,C:/Users/owner/Dropbox/Wzone/tmp/tmp1992/shp990_19921231b.shp,conf_id,-1,-1,C:/Users/owner/Dropbox/Wzone/tmp/tmp1992/shp998_19921231b.shp,conf_id,-1,-1,C:/Users/owner/Dropbox/Wzone/tmp/tmp1992/shp1021_19921231b.shp,conf_id,-1,-1,C:/Users/owner/Dropbox/Wzone/tmp/tmp1992/shp1029_19921231b.shp,conf_id,-1,-1,C:/Users/owner/Dropbox/Wzone/tmp/tmp1992/shp1031_19921231b.shp,conf_id,-1,-1,C:/Users/owner/Dropbox/Wzone/tmp/tmp1992/shp1038_19921231b.shp,conf_id,-1,-1,C:/Users/owner/Dropbox/Wzone/tmp/tmp1992/shp1045_19921231b.shp,conf_id,-1,-1,C:/Users/owner/Dropbox/Wzone/tmp/tmp1992/shp1059_19921231b.shp,conf_id,-1,-1,C:/Users/owner/Dropbox/Wzone/tmp/tmp1992/shp1072_19921231b.shp,conf_id,-1,-1,C:/Users/owner/Dropbox/Wzone/tmp/tmp1992/shp1073_19921231b.shp,conf_id,-1,-1,C:/Users/owner/Dropbox/Wzone/tmp/tmp1992/shp1074_19921231b.shp,conf_id,-1,-1,C:/Users/owner/Dropbox/Wzone/tmp/tmp1992/shp1108_19921231b.shp,conf_id,-1,-1,C:/Users/owner/Dropbox/Wzone/tmp/tmp1992/shp1116_19921231b.shp,conf_id,-1,-1,C:/Users/owner/Dropbox/Wzone/tmp/tmp1992/shp1199_19921231b.shp,conf_id,-1,-1,C:/Users/owner/Dropbox/Wzone/tmp/tmp1992/shp1204_19921231b.shp,conf_id,-1,-1,C:/Users/owner/Dropbox/Wzone/tmp/tmp1992/shp1488_19921231b.shp,conf_id,-1,-1,C:/Users/owner/Dropbox/Wzone/tmp/tmp1992/shp2391_19921231b.shp,conf_id,-1,-1,C:/Users/owner/Dropbox/Wzone/tmp/tmp1992/shp5129_19921231b.shp,conf_id,-1,-1,C:/Users/owner/Dropbox/Wzone/tmp/tmp1992/shp5201_19921231b.shp,conf_id,-1,-1,C:/Users/owner/Dropbox/Wzone/tmp/tmp1992/shp5293_19921231b.shp,conf_id,-1,-1,C:/Users/owner/Dropbox/Wzone/tmp/tmp1992/shp5349_19921231b.shp,conf_id,-1,-1,C:/Users/owner/Dropbox/Wzone/tmp/tmp1992/shp5373_19921231b.shp,conf_id,-1,-1,C:/Users/owner/Dropbox/Wzone/tmp/tmp1992/shp5376_19921231b.shp,conf_id,-1,-1,C:/Users/owner/Dropbox/Wzone/tmp/tmp1992/shp5405_19921231b.shp,conf_id,-1,-1,C:/Users/owner/Dropbox/Wzone/tmp/tmp1992/shp5450_19921231b.shp,conf_id,-1,-1,C:/Users/owner/Dropbox/Wzone/tmp/tmp1992/shp5467_19921231b.shp,conf_id,-1,-1,C:/Users/owner/Dropbox/Wzone/tmp/tmp1992/shp5505_19921231b.shp,conf_id,-1,-1,C:/Users/owner/Dropbox/Wzone/tmp/tmp1992/shp5512_19921231b.shp,conf_id,-1,-1,C:/Users/owner/Dropbox/Wzone/tmp/tmp1992/shp10264_19921231b.shp,conf_id,-1,-1,C:/Users/owner/Dropbox/Wzone/tmp/tmp1992/shp12515_19921231b.shp,conf_id,-1,-1;date "date" true true false 254 Text 0 0,First,#,C:/Users/owner/Dropbox/Wzone/tmp/tmp1992/shp406_19921231b.shp,date,0,253,C:/Users/owner/Dropbox/Wzone/tmp/tmp1992/shp411_19921231b.shp,date,0,253,C:/Users/owner/Dropbox/Wzone/tmp/tmp1992/shp422_19921231b.shp,date,0,253,C:/Users/owner/Dropbox/Wzone/tmp/tmp1992/shp428_19921231b.shp,date,0,253,C:/Users/owner/Dropbox/Wzone/tmp/tmp1992/shp451_19921231b.shp,date,0,253,C:/Users/owner/Dropbox/Wzone/tmp/tmp1992/shp461_19921231b.shp,date,0,253,C:/Users/owner/Dropbox/Wzone/tmp/tmp1992/shp469_19921231b.shp,date,0,253,C:/Users/owner/Dropbox/Wzone/tmp/tmp1992/shp475_19921231b.shp,date,0,253,C:/Users/owner/Dropbox/Wzone/tmp/tmp1992/shp476_19921231b.shp,date,0,253,C:/Users/owner/Dropbox/Wzone/tmp/tmp1992/shp478_19921231b.shp,date,0,253,C:/Users/owner/Dropbox/Wzone/tmp/tmp1992/shp508_19921231b.shp,date,0,253,C:/Users/owner/Dropbox/Wzone/tmp/tmp1992/shp521_19921231b.shp,date,0,253,C:/Users/owner/Dropbox/Wzone/tmp/tmp1992/shp565_19921231b.shp,date,0,253,C:/Users/owner/Dropbox/Wzone/tmp/tmp1992/shp623_19921231b.shp,date,0,253,C:/Users/owner/Dropbox/Wzone/tmp/tmp1992/shp624_19921231b.shp,date,0,253,C:/Users/owner/Dropbox/Wzone/tmp/tmp1992/shp631_19921231b.shp,date,0,253,C:/Users/owner/Dropbox/Wzone/tmp/tmp1992/shp632_19921231b.shp,date,0,253,C:/Users/owner/Dropbox/Wzone/tmp/tmp1992/shp644_19921231b.shp,date,0,253,C:/Users/owner/Dropbox/Wzone/tmp/tmp1992/shp656_19921231b.shp,date,0,253,C:/Users/owner/Dropbox/Wzone/tmp/tmp1992/shp657_19921231b.shp,date,0,253,C:/Users/owner/Dropbox/Wzone/tmp/tmp1992/shp663_19921231b.shp,date,0,253,C:/Users/owner/Dropbox/Wzone/tmp/tmp1992/shp688_19921231b.shp,date,0,253,C:/Users/owner/Dropbox/Wzone/tmp/tmp1992/shp692_19921231b.shp,date,0,253,C:/Users/owner/Dropbox/Wzone/tmp/tmp1992/shp705_19921231b.shp,date,0,253,C:/Users/owner/Dropbox/Wzone/tmp/tmp1992/shp714_19921231b.shp,date,0,253,C:/Users/owner/Dropbox/Wzone/tmp/tmp1992/shp721_19921231b.shp,date,0,253,C:/Users/owner/Dropbox/Wzone/tmp/tmp1992/shp722_19921231b.shp,date,0,253,C:/Users/owner/Dropbox/Wzone/tmp/tmp1992/shp726_19921231b.shp,date,0,253,C:/Users/owner/Dropbox/Wzone/tmp/tmp1992/shp739_19921231b.shp,date,0,253,C:/Users/owner/Dropbox/Wzone/tmp/tmp1992/shp753_19921231b.shp,date,0,253,C:/Users/owner/Dropbox/Wzone/tmp/tmp1992/shp763_19921231b.shp,date,0,253,C:/Users/owner/Dropbox/Wzone/tmp/tmp1992/shp768_19921231b.shp,date,0,253,C:/Users/owner/Dropbox/Wzone/tmp/tmp1992/shp775_19921231b.shp,date,0,253,C:/Users/owner/Dropbox/Wzone/tmp/tmp1992/shp776_19921231b.shp,date,0,253,C:/Users/owner/Dropbox/Wzone/tmp/tmp1992/shp781_19921231b.shp,date,0,253,C:/Users/owner/Dropbox/Wzone/tmp/tmp1992/shp792_19921231b.shp,date,0,253,C:/Users/owner/Dropbox/Wzone/tmp/tmp1992/shp793_19921231b.shp,date,0,253,C:/Users/owner/Dropbox/Wzone/tmp/tmp1992/shp797_19921231b.shp,date,0,253,C:/Users/owner/Dropbox/Wzone/tmp/tmp1992/shp810_19921231b.shp,date,0,253,C:/Users/owner/Dropbox/Wzone/tmp/tmp1992/shp818_19921231b.shp,date,0,253,C:/Users/owner/Dropbox/Wzone/tmp/tmp1992/shp822_19921231b.shp,date,0,253,C:/Users/owner/Dropbox/Wzone/tmp/tmp1992/shp828_19921231b.shp,date,0,253,C:/Users/owner/Dropbox/Wzone/tmp/tmp1992/shp833_19921231b.shp,date,0,253,C:/Users/owner/Dropbox/Wzone/tmp/tmp1992/shp835_19921231b.shp,date,0,253,C:/Users/owner/Dropbox/Wzone/tmp/tmp1992/shp838_19921231b.shp,date,0,253,C:/Users/owner/Dropbox/Wzone/tmp/tmp1992/shp839_19921231b.shp,date,0,253,C:/Users/owner/Dropbox/Wzone/tmp/tmp1992/shp842_19921231b.shp,date,0,253,C:/Users/owner/Dropbox/Wzone/tmp/tmp1992/shp848_19921231b.shp,date,0,253,C:/Users/owner/Dropbox/Wzone/tmp/tmp1992/shp855_19921231b.shp,date,0,253,C:/Users/owner/Dropbox/Wzone/tmp/tmp1992/shp869_19921231b.shp,date,0,253,C:/Users/owner/Dropbox/Wzone/tmp/tmp1992/shp885_19921231b.shp,date,0,253,C:/Users/owner/Dropbox/Wzone/tmp/tmp1992/shp891_19921231b.shp,date,0,253,C:/Users/owner/Dropbox/Wzone/tmp/tmp1992/shp912_19921231b.shp,date,0,253,C:/Users/owner/Dropbox/Wzone/tmp/tmp1992/shp913_19921231b.shp,date,0,253,C:/Users/owner/Dropbox/Wzone/tmp/tmp1992/shp914_19921231b.shp,date,0,253,C:/Users/owner/Dropbox/Wzone/tmp/tmp1992/shp918_19921231b.shp,date,0,253,C:/Users/owner/Dropbox/Wzone/tmp/tmp1992/shp921_19921231b.shp,date,0,253,C:/Users/owner/Dropbox/Wzone/tmp/tmp1992/shp923_19921231b.shp,date,0,253,C:/Users/owner/Dropbox/Wzone/tmp/tmp1992/shp926_19921231b.shp,date,0,253,C:/Users/owner/Dropbox/Wzone/tmp/tmp1992/shp927_19921231b.shp,date,0,253,C:/Users/owner/Dropbox/Wzone/tmp/tmp1992/shp930_19921231b.shp,date,0,253,C:/Users/owner/Dropbox/Wzone/tmp/tmp1992/shp932_19921231b.shp,date,0,253,C:/Users/owner/Dropbox/Wzone/tmp/tmp1992/shp935_19921231b.shp,date,0,253,C:/Users/owner/Dropbox/Wzone/tmp/tmp1992/shp936_19921231b.shp,date,0,253,C:/Users/owner/Dropbox/Wzone/tmp/tmp1992/shp939_19921231b.shp,date,0,253,C:/Users/owner/Dropbox/Wzone/tmp/tmp1992/shp940_19921231b.shp,date,0,253,C:/Users/owner/Dropbox/Wzone/tmp/tmp1992/shp941_19921231b.shp,date,0,253,C:/Users/owner/Dropbox/Wzone/tmp/tmp1992/shp942_19921231b.shp,date,0,253,C:/Users/owner/Dropbox/Wzone/tmp/tmp1992/shp944_19921231b.shp,date,0,253,C:/Users/owner/Dropbox/Wzone/tmp/tmp1992/shp947_19921231b.shp,date,0,253,C:/Users/owner/Dropbox/Wzone/tmp/tmp1992/shp948_19921231b.shp,date,0,253,C:/Users/owner/Dropbox/Wzone/tmp/tmp1992/shp950_19921231b.shp,date,0,253,C:/Users/owner/Dropbox/Wzone/tmp/tmp1992/shp951_19921231b.shp,date,0,253,C:/Users/owner/Dropbox/Wzone/tmp/tmp1992/shp954_19921231b.shp,date,0,253,C:/Users/owner/Dropbox/Wzone/tmp/tmp1992/shp955_19921231b.shp,date,0,253,C:/Users/owner/Dropbox/Wzone/tmp/tmp1992/shp956_19921231b.shp,date,0,253,C:/Users/owner/Dropbox/Wzone/tmp/tmp1992/shp957_19921231b.shp,date,0,253,C:/Users/owner/Dropbox/Wzone/tmp/tmp1992/shp959_19921231b.shp,date,0,253,C:/Users/owner/Dropbox/Wzone/tmp/tmp1992/shp960_19921231b.shp,date,0,253,C:/Users/owner/Dropbox/Wzone/tmp/tmp1992/shp961_19921231b.shp,date,0,253,C:/Users/owner/Dropbox/Wzone/tmp/tmp1992/shp962_19921231b.shp,date,0,253,C:/Users/owner/Dropbox/Wzone/tmp/tmp1992/shp963_19921231b.shp,date,0,253,C:/Users/owner/Dropbox/Wzone/tmp/tmp1992/shp964_19921231b.shp,date,0,253,C:/Users/owner/Dropbox/Wzone/tmp/tmp1992/shp965_19921231b.shp,date,0,253,C:/Users/owner/Dropbox/Wzone/tmp/tmp1992/shp967_19921231b.shp,date,0,253,C:/Users/owner/Dropbox/Wzone/tmp/tmp1992/shp968_19921231b.shp,date,0,253,C:/Users/owner/Dropbox/Wzone/tmp/tmp1992/shp970_19921231b.shp,date,0,253,C:/Users/owner/Dropbox/Wzone/tmp/tmp1992/shp975_19921231b.shp,date,0,253,C:/Users/owner/Dropbox/Wzone/tmp/tmp1992/shp979_19921231b.shp,date,0,253,C:/Users/owner/Dropbox/Wzone/tmp/tmp1992/shp983_19921231b.shp,date,0,253,C:/Users/owner/Dropbox/Wzone/tmp/tmp1992/shp986_19921231b.shp,date,0,253,C:/Users/owner/Dropbox/Wzone/tmp/tmp1992/shp987_19921231b.shp,date,0,253,C:/Users/owner/Dropbox/Wzone/tmp/tmp1992/shp988_19921231b.shp,date,0,253,C:/Users/owner/Dropbox/Wzone/tmp/tmp1992/shp989_19921231b.shp,date,0,253,C:/Users/owner/Dropbox/Wzone/tmp/tmp1992/shp990_19921231b.shp,date,0,253,C:/Users/owner/Dropbox/Wzone/tmp/tmp1992/shp998_19921231b.shp,date,0,253,C:/Users/owner/Dropbox/Wzone/tmp/tmp1992/shp1021_19921231b.shp,date,0,253,C:/Users/owner/Dropbox/Wzone/tmp/tmp1992/shp1029_19921231b.shp,date,0,253,C:/Users/owner/Dropbox/Wzone/tmp/tmp1992/shp1031_19921231b.shp,date,0,253,C:/Users/owner/Dropbox/Wzone/tmp/tmp1992/shp1038_19921231b.shp,date,0,253,C:/Users/owner/Dropbox/Wzone/tmp/tmp1992/shp1045_19921231b.shp,date,0,253,C:/Users/owner/Dropbox/Wzone/tmp/tmp1992/shp1059_19921231b.shp,date,0,253,C:/Users/owner/Dropbox/Wzone/tmp/tmp1992/shp1072_19921231b.shp,date,0,253,C:/Users/owner/Dropbox/Wzone/tmp/tmp1992/shp1073_19921231b.shp,date,0,253,C:/Users/owner/Dropbox/Wzone/tmp/tmp1992/shp1074_19921231b.shp,date,0,253,C:/Users/owner/Dropbox/Wzone/tmp/tmp1992/shp1108_19921231b.shp,date,0,253,C:/Users/owner/Dropbox/Wzone/tmp/tmp1992/shp1116_19921231b.shp,date,0,253,C:/Users/owner/Dropbox/Wzone/tmp/tmp1992/shp1199_19921231b.shp,date,0,253,C:/Users/owner/Dropbox/Wzone/tmp/tmp1992/shp1204_19921231b.shp,date,0,253,C:/Users/owner/Dropbox/Wzone/tmp/tmp1992/shp1488_19921231b.shp,date,0,253,C:/Users/owner/Dropbox/Wzone/tmp/tmp1992/shp2391_19921231b.shp,date,0,253,C:/Users/owner/Dropbox/Wzone/tmp/tmp1992/shp5129_19921231b.shp,date,0,253,C:/Users/owner/Dropbox/Wzone/tmp/tmp1992/shp5201_19921231b.shp,date,0,253,C:/Users/owner/Dropbox/Wzone/tmp/tmp1992/shp5293_19921231b.shp,date,0,253,C:/Users/owner/Dropbox/Wzone/tmp/tmp1992/shp5349_19921231b.shp,date,0,253,C:/Users/owner/Dropbox/Wzone/tmp/tmp1992/shp5373_19921231b.shp,date,0,253,C:/Users/owner/Dropbox/Wzone/tmp/tmp1992/shp5376_19921231b.shp,date,0,253,C:/Users/owner/Dropbox/Wzone/tmp/tmp1992/shp5405_19921231b.shp,date,0,253,C:/Users/owner/Dropbox/Wzone/tmp/tmp1992/shp5450_19921231b.shp,date,0,253,C:/Users/owner/Dropbox/Wzone/tmp/tmp1992/shp5467_19921231b.shp,date,0,253,C:/Users/owner/Dropbox/Wzone/tmp/tmp1992/shp5505_19921231b.shp,date,0,253,C:/Users/owner/Dropbox/Wzone/tmp/tmp1992/shp5512_19921231b.shp,date,0,253,C:/Users/owner/Dropbox/Wzone/tmp/tmp1992/shp10264_19921231b.shp,date,0,253,C:/Users/owner/Dropbox/Wzone/tmp/tmp1992/shp12515_19921231b.shp,date,0,253" NO_SOURCE_INFO</Process><Process ToolSource="c:\program files\arcgis\pro\Resources\ArcToolbox\toolboxes\Data Management Tools.tbx\DefineProjection" Date="20240714" Time="214054">DefineProjection C:/Users/owner/Dropbox/Wzone/out/wzone_shp/1992/1992_12_31.shp GEOGCS["GCS_WGS_1984",DATUM["D_WGS_1984",SPHEROID["WGS_1984",6378137.0,298.257223563]],PRIMEM["Greenwich",0.0],UNIT["Degree",0.0174532925199433]]</Process></lineage></DataProperties><SyncDate>20240714</SyncDate><SyncTime>21405200</SyncTime><ModDate>20240714</ModDate><ModTime>21405200</ModTime></Esri><dataIdInfo><envirDesc Sync="TRUE">Microsoft Windows 10 Version 10.0 (Build 19045) ; Esri ArcGIS 13.2.2.49743</envirDesc><dataLang><languageCode value="eng" Sync="TRUE"></languageCode><countryCode value="USA" Sync="TRUE"></countryCode></dataLang><idCitation><resTitle Sync="TRUE">1992_12_31</resTitle><presForm><PresFormCd value="005" Sync="TRUE"></PresFormCd></presForm></idCitation><spatRpType><SpatRepTypCd value="001" Sync="TRUE"></SpatRepTypCd></spatRpType></dataIdInfo><mdLang><languageCode value="eng" Sync="TRUE"></languageCode><countryCode value="USA" Sync="TRUE"></countryCode></mdLang><mdChar><CharSetCd value="004" Sync="TRUE"></CharSetCd></mdChar><distInfo><distFormat><formatName Sync="TRUE">Shapefile</formatName></distFormat><distTranOps><transSize Sync="TRUE">0.000</transSize></distTranOps></distInfo><mdHrLv><ScopeCd value="005" Sync="TRUE"></ScopeCd></mdHrLv><mdHrLvName Sync="TRUE">dataset</mdHrLvName><spatRepInfo><VectSpatRep><geometObjs Name="1992_12_31"><geoObjTyp><GeoObjTypCd value="002" Sync="TRUE"></GeoObjTypCd></geoObjTyp><geoObjCnt Sync="TRUE">0</geoObjCnt></geometObjs><topLvl><TopoLevCd value="001" Sync="TRUE"></TopoLevCd></topLvl></VectSpatRep></spatRepInfo><spdoinfo><ptvctinf><esriterm Name="1992_12_31"><efeatyp Sync="TRUE">Simple</efeatyp><efeageom code="4" Sync="TRUE"></efeageom><esritopo Sync="TRUE">FALSE</esritopo><efeacnt Sync="TRUE">0</efeacnt><spindex Sync="TRUE">FALSE</spindex><linrefer Sync="TRUE">FALSE</linrefer></esriterm></ptvctinf></spdoinfo><eainfo><detailed Name="1992_12_31"><enttyp><enttypl Sync="TRUE">1992_12_31</enttypl><enttypt Sync="TRUE">Feature Class</enttypt><enttypc Sync="TRUE">0</enttypc></enttyp><attr><attrlabl Sync="TRUE">FID</attrlabl><attalias Sync="TRUE">FID</attalias><attrtype Sync="TRUE">OID</attrtype><attwidth Sync="TRUE">4</attwidth><atprecis Sync="TRUE">0</atprecis><attscale Sync="TRUE">0</attscale><attrdef Sync="TRUE">Internal feature number.</attrdef><attrdefs Sync="TRUE">Esri</attrdefs><attrdomv><udom Sync="TRUE">Sequential unique whole numbers that are automatically generated.</udom></attrdomv></attr><attr><attrlabl Sync="TRUE">Shape</attrlabl><attalias Sync="TRUE">Shape</attalias><attrtype Sync="TRUE">Geometry</attrtype><attwidth Sync="TRUE">0</attwidth><atprecis Sync="TRUE">0</atprecis><attscale Sync="TRUE">0</attscale><attrdef Sync="TRUE">Feature geometry.</attrdef><attrdefs Sync="TRUE">Esri</attrdefs><attrdomv><udom Sync="TRUE">Coordinates defining the features.</udom></attrdomv></attr><attr><attrlabl Sync="TRUE">dyad_id</attrlabl><attalias Sync="TRUE">dyad_id</attalias><attrtype Sync="TRUE">Integer</attrtype><attwidth Sync="TRUE">5</attwidth><atprecis Sync="TRUE">5</atprecis><attscale Sync="TRUE">0</attscale></attr><attr><attrlabl Sync="TRUE">conf_id</attrlabl><attalias Sync="TRUE">conf_id</attalias><attrtype Sync="TRUE">Integer</attrtype><attwidth Sync="TRUE">5</attwidth><atprecis Sync="TRUE">5</atprecis><attscale Sync="TRUE">0</attscale></attr><attr><attrlabl Sync="TRUE">date</attrlabl><attalias Sync="TRUE">date</attalias><attrtype Sync="TRUE">String</attrtype><attwidth Sync="TRUE">254</attwidth><atprecis Sync="TRUE">0</atprecis><attscale Sync="TRUE">0</attscale></attr></detailed></eainfo><mdDateSt Sync="TRUE">20240714</mdDateSt></metadata>
