<?xml version="1.0" encoding="UTF-8"?>
<metadata xml:lang="en"><Esri><CreaDate>20240715</CreaDate><CreaTime>06073800</CreaTime><ArcGISFormat>1.0</ArcGISFormat><SyncOnce>FALSE</SyncOnce><DataProperties><itemProps><itemName Sync="TRUE">1993_12_31</itemName><imsContentType Sync="TRUE">002</imsContentType><itemSize Sync="TRUE">0.000</itemSize><itemLocation><linkage Sync="TRUE">file://\\DESKTOP-48J08HF\C$\Users\owner\Dropbox\Wzone\out\wzone_shp\1993\1993_12_31.shp</linkage><protocol Sync="TRUE">Local Area Network</protocol></itemLocation></itemProps><lineage><Process ToolSource="c:\program files\arcgis\pro\Resources\ArcToolbox\toolboxes\Analysis Tools.tbx\Select" Date="20240715" Time="060738">Select in_memory/shp1993406_19931231a C:\Users\owner\Dropbox\Wzone\tmp\tmp1993\shp406_19931231b.shp ""gridcode" &gt; 0"</Process><Process ToolSource="c:\program files\arcgis\pro\Resources\ArcToolbox\toolboxes\Data Management Tools.tbx\AddField" Date="20240715" Time="060738">AddField C:/Users/owner/Dropbox/Wzone/tmp/tmp1993/shp406_19931231b.shp dyad_id "Short (16-bit integer)" # # # # NULLABLE NON_REQUIRED #</Process><Process ToolSource="c:\program files\arcgis\pro\Resources\ArcToolbox\toolboxes\Data Management Tools.tbx\AddField" Date="20240715" Time="060738">AddField C:/Users/owner/Dropbox/Wzone/tmp/tmp1993/shp406_19931231b.shp conf_id "Short (16-bit integer)" # # # # NULLABLE NON_REQUIRED #</Process><Process ToolSource="c:\program files\arcgis\pro\Resources\ArcToolbox\toolboxes\Data Management Tools.tbx\AddField" Date="20240715" Time="060738">AddField C:/Users/owner/Dropbox/Wzone/tmp/tmp1993/shp406_19931231b.shp date Text # # # # NULLABLE NON_REQUIRED #</Process><Process ToolSource="c:\program files\arcgis\pro\Resources\ArcToolbox\toolboxes\Data Management Tools.tbx\DeleteField" Date="20240715" Time="060738">DeleteField C:/Users/owner/Dropbox/Wzone/tmp/tmp1993/shp406_19931231b.shp Id "Delete Fields"</Process><Process ToolSource="c:\program files\arcgis\pro\Resources\ArcToolbox\toolboxes\Data Management Tools.tbx\DeleteField" Date="20240715" Time="060739">DeleteField C:/Users/owner/Dropbox/Wzone/tmp/tmp1993/shp406_19931231b.shp gridcode "Delete Fields"</Process><Process ToolSource="c:\program files\arcgis\pro\Resources\ArcToolbox\toolboxes\Data Management Tools.tbx\Merge" Date="20240715" Time="061108">Merge C:/Users/owner/Dropbox/Wzone/tmp/tmp1993/shp406_19931231b.shp;C:/Users/owner/Dropbox/Wzone/tmp/tmp1993/shp411_19931231b.shp;C:/Users/owner/Dropbox/Wzone/tmp/tmp1993/shp422_19931231b.shp;C:/Users/owner/Dropbox/Wzone/tmp/tmp1993/shp428_19931231b.shp;C:/Users/owner/Dropbox/Wzone/tmp/tmp1993/shp451_19931231b.shp;C:/Users/owner/Dropbox/Wzone/tmp/tmp1993/shp461_19931231b.shp;C:/Users/owner/Dropbox/Wzone/tmp/tmp1993/shp469_19931231b.shp;C:/Users/owner/Dropbox/Wzone/tmp/tmp1993/shp475_19931231b.shp;C:/Users/owner/Dropbox/Wzone/tmp/tmp1993/shp476_19931231b.shp;C:/Users/owner/Dropbox/Wzone/tmp/tmp1993/shp478_19931231b.shp;C:/Users/owner/Dropbox/Wzone/tmp/tmp1993/shp508_19931231b.shp;C:/Users/owner/Dropbox/Wzone/tmp/tmp1993/shp511_19931231b.shp;C:/Users/owner/Dropbox/Wzone/tmp/tmp1993/shp521_19931231b.shp;C:/Users/owner/Dropbox/Wzone/tmp/tmp1993/shp549_19931231b.shp;C:/Users/owner/Dropbox/Wzone/tmp/tmp1993/shp565_19931231b.shp;C:/Users/owner/Dropbox/Wzone/tmp/tmp1993/shp623_19931231b.shp;C:/Users/owner/Dropbox/Wzone/tmp/tmp1993/shp624_19931231b.shp;C:/Users/owner/Dropbox/Wzone/tmp/tmp1993/shp631_19931231b.shp;C:/Users/owner/Dropbox/Wzone/tmp/tmp1993/shp632_19931231b.shp;C:/Users/owner/Dropbox/Wzone/tmp/tmp1993/shp644_19931231b.shp;C:/Users/owner/Dropbox/Wzone/tmp/tmp1993/shp656_19931231b.shp;C:/Users/owner/Dropbox/Wzone/tmp/tmp1993/shp657_19931231b.shp;C:/Users/owner/Dropbox/Wzone/tmp/tmp1993/shp658_19931231b.shp;C:/Users/owner/Dropbox/Wzone/tmp/tmp1993/shp663_19931231b.shp;C:/Users/owner/Dropbox/Wzone/tmp/tmp1993/shp688_19931231b.shp;C:/Users/owner/Dropbox/Wzone/tmp/tmp1993/shp692_19931231b.shp;C:/Users/owner/Dropbox/Wzone/tmp/tmp1993/shp705_19931231b.shp;C:/Users/owner/Dropbox/Wzone/tmp/tmp1993/shp714_19931231b.shp;C:/Users/owner/Dropbox/Wzone/tmp/tmp1993/shp722_19931231b.shp;C:/Users/owner/Dropbox/Wzone/tmp/tmp1993/shp726_19931231b.shp;C:/Users/owner/Dropbox/Wzone/tmp/tmp1993/shp734_19931231b.shp;C:/Users/owner/Dropbox/Wzone/tmp/tmp1993/shp739_19931231b.shp;C:/Users/owner/Dropbox/Wzone/tmp/tmp1993/shp753_19931231b.shp;C:/Users/owner/Dropbox/Wzone/tmp/tmp1993/shp763_19931231b.shp;C:/Users/owner/Dropbox/Wzone/tmp/tmp1993/shp768_19931231b.shp;C:/Users/owner/Dropbox/Wzone/tmp/tmp1993/shp769_19931231b.shp;C:/Users/owner/Dropbox/Wzone/tmp/tmp1993/shp776_19931231b.shp;C:/Users/owner/Dropbox/Wzone/tmp/tmp1993/shp781_19931231b.shp;C:/Users/owner/Dropbox/Wzone/tmp/tmp1993/shp792_19931231b.shp;C:/Users/owner/Dropbox/Wzone/tmp/tmp1993/shp793_19931231b.shp;C:/Users/owner/Dropbox/Wzone/tmp/tmp1993/shp797_19931231b.shp;C:/Users/owner/Dropbox/Wzone/tmp/tmp1993/shp801_19931231b.shp;C:/Users/owner/Dropbox/Wzone/tmp/tmp1993/shp806_19931231b.shp;C:/Users/owner/Dropbox/Wzone/tmp/tmp1993/shp810_19931231b.shp;C:/Users/owner/Dropbox/Wzone/tmp/tmp1993/shp818_19931231b.shp;C:/Users/owner/Dropbox/Wzone/tmp/tmp1993/shp822_19931231b.shp;C:/Users/owner/Dropbox/Wzone/tmp/tmp1993/shp828_19931231b.shp;C:/Users/owner/Dropbox/Wzone/tmp/tmp1993/shp832_19931231b.shp;C:/Users/owner/Dropbox/Wzone/tmp/tmp1993/shp833_19931231b.shp;C:/Users/owner/Dropbox/Wzone/tmp/tmp1993/shp835_19931231b.shp;C:/Users/owner/Dropbox/Wzone/tmp/tmp1993/shp838_19931231b.shp;C:/Users/owner/Dropbox/Wzone/tmp/tmp1993/shp839_19931231b.shp;C:/Users/owner/Dropbox/Wzone/tmp/tmp1993/shp842_19931231b.shp;C:/Users/owner/Dropbox/Wzone/tmp/tmp1993/shp846_19931231b.shp;C:/Users/owner/Dropbox/Wzone/tmp/tmp1993/shp848_19931231b.shp;C:/Users/owner/Dropbox/Wzone/tmp/tmp1993/shp869_19931231b.shp;C:/Users/owner/Dropbox/Wzone/tmp/tmp1993/shp885_19931231b.shp;C:/Users/owner/Dropbox/Wzone/tmp/tmp1993/shp891_19931231b.shp;C:/Users/owner/Dropbox/Wzone/tmp/tmp1993/shp912_19931231b.shp;C:/Users/owner/Dropbox/Wzone/tmp/tmp1993/shp913_19931231b.shp;C:/Users/owner/Dropbox/Wzone/tmp/tmp1993/shp914_19931231b.shp;C:/Users/owner/Dropbox/Wzone/tmp/tmp1993/shp915_19931231b.shp;C:/Users/owner/Dropbox/Wzone/tmp/tmp1993/shp918_19931231b.shp;C:/Users/owner/Dropbox/Wzone/tmp/tmp1993/shp921_19931231b.shp;C:/Users/owner/Dropbox/Wzone/tmp/tmp1993/shp923_19931231b.shp;C:/Users/owner/Dropbox/Wzone/tmp/tmp1993/shp926_19931231b.shp;C:/Users/owner/Dropbox/Wzone/tmp/tmp1993/shp927_19931231b.shp;C:/Users/owner/Dropbox/Wzone/tmp/tmp1993/shp930_19931231b.shp;C:/Users/owner/Dropbox/Wzone/tmp/tmp1993/shp932_19931231b.shp;C:/Users/owner/Dropbox/Wzone/tmp/tmp1993/shp935_19931231b.shp;C:/Users/owner/Dropbox/Wzone/tmp/tmp1993/shp936_19931231b.shp;C:/Users/owner/Dropbox/Wzone/tmp/tmp1993/shp938_19931231b.shp;C:/Users/owner/Dropbox/Wzone/tmp/tmp1993/shp939_19931231b.shp;C:/Users/owner/Dropbox/Wzone/tmp/tmp1993/shp941_19931231b.shp;C:/Users/owner/Dropbox/Wzone/tmp/tmp1993/shp942_19931231b.shp;C:/Users/owner/Dropbox/Wzone/tmp/tmp1993/shp944_19931231b.shp;C:/Users/owner/Dropbox/Wzone/tmp/tmp1993/shp947_19931231b.shp;C:/Users/owner/Dropbox/Wzone/tmp/tmp1993/shp948_19931231b.shp;C:/Users/owner/Dropbox/Wzone/tmp/tmp1993/shp950_19931231b.shp;C:/Users/owner/Dropbox/Wzone/tmp/tmp1993/shp951_19931231b.shp;C:/Users/owner/Dropbox/Wzone/tmp/tmp1993/shp954_19931231b.shp;C:/Users/owner/Dropbox/Wzone/tmp/tmp1993/shp955_19931231b.shp;C:/Users/owner/Dropbox/Wzone/tmp/tmp1993/shp956_19931231b.shp;C:/Users/owner/Dropbox/Wzone/tmp/tmp1993/shp957_19931231b.shp;C:/Users/owner/Dropbox/Wzone/tmp/tmp1993/shp959_19931231b.shp;C:/Users/owner/Dropbox/Wzone/tmp/tmp1993/shp960_19931231b.shp;C:/Users/owner/Dropbox/Wzone/tmp/tmp1993/shp961_19931231b.shp;C:/Users/owner/Dropbox/Wzone/tmp/tmp1993/shp962_19931231b.shp;C:/Users/owner/Dropbox/Wzone/tmp/tmp1993/shp963_19931231b.shp;C:/Users/owner/Dropbox/Wzone/tmp/tmp1993/shp964_19931231b.shp;C:/Users/owner/Dropbox/Wzone/tmp/tmp1993/shp965_19931231b.shp;C:/Users/owner/Dropbox/Wzone/tmp/tmp1993/shp967_19931231b.shp;C:/Users/owner/Dropbox/Wzone/tmp/tmp1993/shp968_19931231b.shp;C:/Users/owner/Dropbox/Wzone/tmp/tmp1993/shp970_19931231b.shp;C:/Users/owner/Dropbox/Wzone/tmp/tmp1993/shp975_19931231b.shp;C:/Users/owner/Dropbox/Wzone/tmp/tmp1993/shp979_19931231b.shp;C:/Users/owner/Dropbox/Wzone/tmp/tmp1993/shp983_19931231b.shp;C:/Users/owner/Dropbox/Wzone/tmp/tmp1993/shp986_19931231b.shp;C:/Users/owner/Dropbox/Wzone/tmp/tmp1993/shp987_19931231b.shp;C:/Users/owner/Dropbox/Wzone/tmp/tmp1993/shp988_19931231b.shp;C:/Users/owner/Dropbox/Wzone/tmp/tmp1993/shp989_19931231b.shp;C:/Users/owner/Dropbox/Wzone/tmp/tmp1993/shp990_19931231b.shp;C:/Users/owner/Dropbox/Wzone/tmp/tmp1993/shp995_19931231b.shp;C:/Users/owner/Dropbox/Wzone/tmp/tmp1993/shp998_19931231b.shp;C:/Users/owner/Dropbox/Wzone/tmp/tmp1993/shp1021_19931231b.shp;C:/Users/owner/Dropbox/Wzone/tmp/tmp1993/shp1029_19931231b.shp;C:/Users/owner/Dropbox/Wzone/tmp/tmp1993/shp1031_19931231b.shp;C:/Users/owner/Dropbox/Wzone/tmp/tmp1993/shp1035_19931231b.shp;C:/Users/owner/Dropbox/Wzone/tmp/tmp1993/shp1038_19931231b.shp;C:/Users/owner/Dropbox/Wzone/tmp/tmp1993/shp1045_19931231b.shp;C:/Users/owner/Dropbox/Wzone/tmp/tmp1993/shp1047_19931231b.shp;C:/Users/owner/Dropbox/Wzone/tmp/tmp1993/shp1059_19931231b.shp;C:/Users/owner/Dropbox/Wzone/tmp/tmp1993/shp1072_19931231b.shp;C:/Users/owner/Dropbox/Wzone/tmp/tmp1993/shp1073_19931231b.shp;C:/Users/owner/Dropbox/Wzone/tmp/tmp1993/shp1074_19931231b.shp;C:/Users/owner/Dropbox/Wzone/tmp/tmp1993/shp1108_19931231b.shp;C:/Users/owner/Dropbox/Wzone/tmp/tmp1993/shp1116_19931231b.shp;C:/Users/owner/Dropbox/Wzone/tmp/tmp1993/shp1167_19931231b.shp;C:/Users/owner/Dropbox/Wzone/tmp/tmp1993/shp1199_19931231b.shp;C:/Users/owner/Dropbox/Wzone/tmp/tmp1993/shp1204_19931231b.shp;C:/Users/owner/Dropbox/Wzone/tmp/tmp1993/shp2391_19931231b.shp;C:/Users/owner/Dropbox/Wzone/tmp/tmp1993/shp5129_19931231b.shp;C:/Users/owner/Dropbox/Wzone/tmp/tmp1993/shp5201_19931231b.shp;C:/Users/owner/Dropbox/Wzone/tmp/tmp1993/shp5266_19931231b.shp;C:/Users/owner/Dropbox/Wzone/tmp/tmp1993/shp5293_19931231b.shp;C:/Users/owner/Dropbox/Wzone/tmp/tmp1993/shp5313_19931231b.shp;C:/Users/owner/Dropbox/Wzone/tmp/tmp1993/shp5330_19931231b.shp;C:/Users/owner/Dropbox/Wzone/tmp/tmp1993/shp5349_19931231b.shp;C:/Users/owner/Dropbox/Wzone/tmp/tmp1993/shp5364_19931231b.shp;C:/Users/owner/Dropbox/Wzone/tmp/tmp1993/shp5367_19931231b.shp;C:/Users/owner/Dropbox/Wzone/tmp/tmp1993/shp5376_19931231b.shp;C:/Users/owner/Dropbox/Wzone/tmp/tmp1993/shp5405_19931231b.shp;C:/Users/owner/Dropbox/Wzone/tmp/tmp1993/shp5450_19931231b.shp;C:/Users/owner/Dropbox/Wzone/tmp/tmp1993/shp5467_19931231b.shp;C:/Users/owner/Dropbox/Wzone/tmp/tmp1993/shp5505_19931231b.shp;C:/Users/owner/Dropbox/Wzone/tmp/tmp1993/shp5512_19931231b.shp;C:/Users/owner/Dropbox/Wzone/tmp/tmp1993/shp5515_19931231b.shp;C:/Users/owner/Dropbox/Wzone/tmp/tmp1993/shp9878_19931231b.shp;C:/Users/owner/Dropbox/Wzone/tmp/tmp1993/shp10264_19931231b.shp;C:/Users/owner/Dropbox/Wzone/tmp/tmp1993/shp11123_19931231b.shp;C:/Users/owner/Dropbox/Wzone/tmp/tmp1993/shp12515_19931231b.shp;C:/Users/owner/Dropbox/Wzone/tmp/tmp1993/shp15558_19931231b.shp C:\Users\owner\Dropbox\Wzone\out\wzone_shp\1993\1993_12_31.shp "dyad_id "dyad_id" true true false 5 Long 0 5,First,#,C:/Users/owner/Dropbox/Wzone/tmp/tmp1993/shp406_19931231b.shp,dyad_id,-1,-1,C:/Users/owner/Dropbox/Wzone/tmp/tmp1993/shp411_19931231b.shp,dyad_id,-1,-1,C:/Users/owner/Dropbox/Wzone/tmp/tmp1993/shp422_19931231b.shp,dyad_id,-1,-1,C:/Users/owner/Dropbox/Wzone/tmp/tmp1993/shp428_19931231b.shp,dyad_id,-1,-1,C:/Users/owner/Dropbox/Wzone/tmp/tmp1993/shp451_19931231b.shp,dyad_id,-1,-1,C:/Users/owner/Dropbox/Wzone/tmp/tmp1993/shp461_19931231b.shp,dyad_id,-1,-1,C:/Users/owner/Dropbox/Wzone/tmp/tmp1993/shp469_19931231b.shp,dyad_id,-1,-1,C:/Users/owner/Dropbox/Wzone/tmp/tmp1993/shp475_19931231b.shp,dyad_id,-1,-1,C:/Users/owner/Dropbox/Wzone/tmp/tmp1993/shp476_19931231b.shp,dyad_id,-1,-1,C:/Users/owner/Dropbox/Wzone/tmp/tmp1993/shp478_19931231b.shp,dyad_id,-1,-1,C:/Users/owner/Dropbox/Wzone/tmp/tmp1993/shp508_19931231b.shp,dyad_id,-1,-1,C:/Users/owner/Dropbox/Wzone/tmp/tmp1993/shp511_19931231b.shp,dyad_id,-1,-1,C:/Users/owner/Dropbox/Wzone/tmp/tmp1993/shp521_19931231b.shp,dyad_id,-1,-1,C:/Users/owner/Dropbox/Wzone/tmp/tmp1993/shp549_19931231b.shp,dyad_id,-1,-1,C:/Users/owner/Dropbox/Wzone/tmp/tmp1993/shp565_19931231b.shp,dyad_id,-1,-1,C:/Users/owner/Dropbox/Wzone/tmp/tmp1993/shp623_19931231b.shp,dyad_id,-1,-1,C:/Users/owner/Dropbox/Wzone/tmp/tmp1993/shp624_19931231b.shp,dyad_id,-1,-1,C:/Users/owner/Dropbox/Wzone/tmp/tmp1993/shp631_19931231b.shp,dyad_id,-1,-1,C:/Users/owner/Dropbox/Wzone/tmp/tmp1993/shp632_19931231b.shp,dyad_id,-1,-1,C:/Users/owner/Dropbox/Wzone/tmp/tmp1993/shp644_19931231b.shp,dyad_id,-1,-1,C:/Users/owner/Dropbox/Wzone/tmp/tmp1993/shp656_19931231b.shp,dyad_id,-1,-1,C:/Users/owner/Dropbox/Wzone/tmp/tmp1993/shp657_19931231b.shp,dyad_id,-1,-1,C:/Users/owner/Dropbox/Wzone/tmp/tmp1993/shp658_19931231b.shp,dyad_id,-1,-1,C:/Users/owner/Dropbox/Wzone/tmp/tmp1993/shp663_19931231b.shp,dyad_id,-1,-1,C:/Users/owner/Dropbox/Wzone/tmp/tmp1993/shp688_19931231b.shp,dyad_id,-1,-1,C:/Users/owner/Dropbox/Wzone/tmp/tmp1993/shp692_19931231b.shp,dyad_id,-1,-1,C:/Users/owner/Dropbox/Wzone/tmp/tmp1993/shp705_19931231b.shp,dyad_id,-1,-1,C:/Users/owner/Dropbox/Wzone/tmp/tmp1993/shp714_19931231b.shp,dyad_id,-1,-1,C:/Users/owner/Dropbox/Wzone/tmp/tmp1993/shp722_19931231b.shp,dyad_id,-1,-1,C:/Users/owner/Dropbox/Wzone/tmp/tmp1993/shp726_19931231b.shp,dyad_id,-1,-1,C:/Users/owner/Dropbox/Wzone/tmp/tmp1993/shp734_19931231b.shp,dyad_id,-1,-1,C:/Users/owner/Dropbox/Wzone/tmp/tmp1993/shp739_19931231b.shp,dyad_id,-1,-1,C:/Users/owner/Dropbox/Wzone/tmp/tmp1993/shp753_19931231b.shp,dyad_id,-1,-1,C:/Users/owner/Dropbox/Wzone/tmp/tmp1993/shp763_19931231b.shp,dyad_id,-1,-1,C:/Users/owner/Dropbox/Wzone/tmp/tmp1993/shp768_19931231b.shp,dyad_id,-1,-1,C:/Users/owner/Dropbox/Wzone/tmp/tmp1993/shp769_19931231b.shp,dyad_id,-1,-1,C:/Users/owner/Dropbox/Wzone/tmp/tmp1993/shp776_19931231b.shp,dyad_id,-1,-1,C:/Users/owner/Dropbox/Wzone/tmp/tmp1993/shp781_19931231b.shp,dyad_id,-1,-1,C:/Users/owner/Dropbox/Wzone/tmp/tmp1993/shp792_19931231b.shp,dyad_id,-1,-1,C:/Users/owner/Dropbox/Wzone/tmp/tmp1993/shp793_19931231b.shp,dyad_id,-1,-1,C:/Users/owner/Dropbox/Wzone/tmp/tmp1993/shp797_19931231b.shp,dyad_id,-1,-1,C:/Users/owner/Dropbox/Wzone/tmp/tmp1993/shp801_19931231b.shp,dyad_id,-1,-1,C:/Users/owner/Dropbox/Wzone/tmp/tmp1993/shp806_19931231b.shp,dyad_id,-1,-1,C:/Users/owner/Dropbox/Wzone/tmp/tmp1993/shp810_19931231b.shp,dyad_id,-1,-1,C:/Users/owner/Dropbox/Wzone/tmp/tmp1993/shp818_19931231b.shp,dyad_id,-1,-1,C:/Users/owner/Dropbox/Wzone/tmp/tmp1993/shp822_19931231b.shp,dyad_id,-1,-1,C:/Users/owner/Dropbox/Wzone/tmp/tmp1993/shp828_19931231b.shp,dyad_id,-1,-1,C:/Users/owner/Dropbox/Wzone/tmp/tmp1993/shp832_19931231b.shp,dyad_id,-1,-1,C:/Users/owner/Dropbox/Wzone/tmp/tmp1993/shp833_19931231b.shp,dyad_id,-1,-1,C:/Users/owner/Dropbox/Wzone/tmp/tmp1993/shp835_19931231b.shp,dyad_id,-1,-1,C:/Users/owner/Dropbox/Wzone/tmp/tmp1993/shp838_19931231b.shp,dyad_id,-1,-1,C:/Users/owner/Dropbox/Wzone/tmp/tmp1993/shp839_19931231b.shp,dyad_id,-1,-1,C:/Users/owner/Dropbox/Wzone/tmp/tmp1993/shp842_19931231b.shp,dyad_id,-1,-1,C:/Users/owner/Dropbox/Wzone/tmp/tmp1993/shp846_19931231b.shp,dyad_id,-1,-1,C:/Users/owner/Dropbox/Wzone/tmp/tmp1993/shp848_19931231b.shp,dyad_id,-1,-1,C:/Users/owner/Dropbox/Wzone/tmp/tmp1993/shp869_19931231b.shp,dyad_id,-1,-1,C:/Users/owner/Dropbox/Wzone/tmp/tmp1993/shp885_19931231b.shp,dyad_id,-1,-1,C:/Users/owner/Dropbox/Wzone/tmp/tmp1993/shp891_19931231b.shp,dyad_id,-1,-1,C:/Users/owner/Dropbox/Wzone/tmp/tmp1993/shp912_19931231b.shp,dyad_id,-1,-1,C:/Users/owner/Dropbox/Wzone/tmp/tmp1993/shp913_19931231b.shp,dyad_id,-1,-1,C:/Users/owner/Dropbox/Wzone/tmp/tmp1993/shp914_19931231b.shp,dyad_id,-1,-1,C:/Users/owner/Dropbox/Wzone/tmp/tmp1993/shp915_19931231b.shp,dyad_id,-1,-1,C:/Users/owner/Dropbox/Wzone/tmp/tmp1993/shp918_19931231b.shp,dyad_id,-1,-1,C:/Users/owner/Dropbox/Wzone/tmp/tmp1993/shp921_19931231b.shp,dyad_id,-1,-1,C:/Users/owner/Dropbox/Wzone/tmp/tmp1993/shp923_19931231b.shp,dyad_id,-1,-1,C:/Users/owner/Dropbox/Wzone/tmp/tmp1993/shp926_19931231b.shp,dyad_id,-1,-1,C:/Users/owner/Dropbox/Wzone/tmp/tmp1993/shp927_19931231b.shp,dyad_id,-1,-1,C:/Users/owner/Dropbox/Wzone/tmp/tmp1993/shp930_19931231b.shp,dyad_id,-1,-1,C:/Users/owner/Dropbox/Wzone/tmp/tmp1993/shp932_19931231b.shp,dyad_id,-1,-1,C:/Users/owner/Dropbox/Wzone/tmp/tmp1993/shp935_19931231b.shp,dyad_id,-1,-1,C:/Users/owner/Dropbox/Wzone/tmp/tmp1993/shp936_19931231b.shp,dyad_id,-1,-1,C:/Users/owner/Dropbox/Wzone/tmp/tmp1993/shp938_19931231b.shp,dyad_id,-1,-1,C:/Users/owner/Dropbox/Wzone/tmp/tmp1993/shp939_19931231b.shp,dyad_id,-1,-1,C:/Users/owner/Dropbox/Wzone/tmp/tmp1993/shp941_19931231b.shp,dyad_id,-1,-1,C:/Users/owner/Dropbox/Wzone/tmp/tmp1993/shp942_19931231b.shp,dyad_id,-1,-1,C:/Users/owner/Dropbox/Wzone/tmp/tmp1993/shp944_19931231b.shp,dyad_id,-1,-1,C:/Users/owner/Dropbox/Wzone/tmp/tmp1993/shp947_19931231b.shp,dyad_id,-1,-1,C:/Users/owner/Dropbox/Wzone/tmp/tmp1993/shp948_19931231b.shp,dyad_id,-1,-1,C:/Users/owner/Dropbox/Wzone/tmp/tmp1993/shp950_19931231b.shp,dyad_id,-1,-1,C:/Users/owner/Dropbox/Wzone/tmp/tmp1993/shp951_19931231b.shp,dyad_id,-1,-1,C:/Users/owner/Dropbox/Wzone/tmp/tmp1993/shp954_19931231b.shp,dyad_id,-1,-1,C:/Users/owner/Dropbox/Wzone/tmp/tmp1993/shp955_19931231b.shp,dyad_id,-1,-1,C:/Users/owner/Dropbox/Wzone/tmp/tmp1993/shp956_19931231b.shp,dyad_id,-1,-1,C:/Users/owner/Dropbox/Wzone/tmp/tmp1993/shp957_19931231b.shp,dyad_id,-1,-1,C:/Users/owner/Dropbox/Wzone/tmp/tmp1993/shp959_19931231b.shp,dyad_id,-1,-1,C:/Users/owner/Dropbox/Wzone/tmp/tmp1993/shp960_19931231b.shp,dyad_id,-1,-1,C:/Users/owner/Dropbox/Wzone/tmp/tmp1993/shp961_19931231b.shp,dyad_id,-1,-1,C:/Users/owner/Dropbox/Wzone/tmp/tmp1993/shp962_19931231b.shp,dyad_id,-1,-1,C:/Users/owner/Dropbox/Wzone/tmp/tmp1993/shp963_19931231b.shp,dyad_id,-1,-1,C:/Users/owner/Dropbox/Wzone/tmp/tmp1993/shp964_19931231b.shp,dyad_id,-1,-1,C:/Users/owner/Dropbox/Wzone/tmp/tmp1993/shp965_19931231b.shp,dyad_id,-1,-1,C:/Users/owner/Dropbox/Wzone/tmp/tmp1993/shp967_19931231b.shp,dyad_id,-1,-1,C:/Users/owner/Dropbox/Wzone/tmp/tmp1993/shp968_19931231b.shp,dyad_id,-1,-1,C:/Users/owner/Dropbox/Wzone/tmp/tmp1993/shp970_19931231b.shp,dyad_id,-1,-1,C:/Users/owner/Dropbox/Wzone/tmp/tmp1993/shp975_19931231b.shp,dyad_id,-1,-1,C:/Users/owner/Dropbox/Wzone/tmp/tmp1993/shp979_19931231b.shp,dyad_id,-1,-1,C:/Users/owner/Dropbox/Wzone/tmp/tmp1993/shp983_19931231b.shp,dyad_id,-1,-1,C:/Users/owner/Dropbox/Wzone/tmp/tmp1993/shp986_19931231b.shp,dyad_id,-1,-1,C:/Users/owner/Dropbox/Wzone/tmp/tmp1993/shp987_19931231b.shp,dyad_id,-1,-1,C:/Users/owner/Dropbox/Wzone/tmp/tmp1993/shp988_19931231b.shp,dyad_id,-1,-1,C:/Users/owner/Dropbox/Wzone/tmp/tmp1993/shp989_19931231b.shp,dyad_id,-1,-1,C:/Users/owner/Dropbox/Wzone/tmp/tmp1993/shp990_19931231b.shp,dyad_id,-1,-1,C:/Users/owner/Dropbox/Wzone/tmp/tmp1993/shp995_19931231b.shp,dyad_id,-1,-1,C:/Users/owner/Dropbox/Wzone/tmp/tmp1993/shp998_19931231b.shp,dyad_id,-1,-1,C:/Users/owner/Dropbox/Wzone/tmp/tmp1993/shp1021_19931231b.shp,dyad_id,-1,-1,C:/Users/owner/Dropbox/Wzone/tmp/tmp1993/shp1029_19931231b.shp,dyad_id,-1,-1,C:/Users/owner/Dropbox/Wzone/tmp/tmp1993/shp1031_19931231b.shp,dyad_id,-1,-1,C:/Users/owner/Dropbox/Wzone/tmp/tmp1993/shp1035_19931231b.shp,dyad_id,-1,-1,C:/Users/owner/Dropbox/Wzone/tmp/tmp1993/shp1038_19931231b.shp,dyad_id,-1,-1,C:/Users/owner/Dropbox/Wzone/tmp/tmp1993/shp1045_19931231b.shp,dyad_id,-1,-1,C:/Users/owner/Dropbox/Wzone/tmp/tmp1993/shp1047_19931231b.shp,dyad_id,-1,-1,C:/Users/owner/Dropbox/Wzone/tmp/tmp1993/shp1059_19931231b.shp,dyad_id,-1,-1,C:/Users/owner/Dropbox/Wzone/tmp/tmp1993/shp1072_19931231b.shp,dyad_id,-1,-1,C:/Users/owner/Dropbox/Wzone/tmp/tmp1993/shp1073_19931231b.shp,dyad_id,-1,-1,C:/Users/owner/Dropbox/Wzone/tmp/tmp1993/shp1074_19931231b.shp,dyad_id,-1,-1,C:/Users/owner/Dropbox/Wzone/tmp/tmp1993/shp1108_19931231b.shp,dyad_id,-1,-1,C:/Users/owner/Dropbox/Wzone/tmp/tmp1993/shp1116_19931231b.shp,dyad_id,-1,-1,C:/Users/owner/Dropbox/Wzone/tmp/tmp1993/shp1167_19931231b.shp,dyad_id,-1,-1,C:/Users/owner/Dropbox/Wzone/tmp/tmp1993/shp1199_19931231b.shp,dyad_id,-1,-1,C:/Users/owner/Dropbox/Wzone/tmp/tmp1993/shp1204_19931231b.shp,dyad_id,-1,-1,C:/Users/owner/Dropbox/Wzone/tmp/tmp1993/shp2391_19931231b.shp,dyad_id,-1,-1,C:/Users/owner/Dropbox/Wzone/tmp/tmp1993/shp5129_19931231b.shp,dyad_id,-1,-1,C:/Users/owner/Dropbox/Wzone/tmp/tmp1993/shp5201_19931231b.shp,dyad_id,-1,-1,C:/Users/owner/Dropbox/Wzone/tmp/tmp1993/shp5266_19931231b.shp,dyad_id,-1,-1,C:/Users/owner/Dropbox/Wzone/tmp/tmp1993/shp5293_19931231b.shp,dyad_id,-1,-1,C:/Users/owner/Dropbox/Wzone/tmp/tmp1993/shp5313_19931231b.shp,dyad_id,-1,-1,C:/Users/owner/Dropbox/Wzone/tmp/tmp1993/shp5330_19931231b.shp,dyad_id,-1,-1,C:/Users/owner/Dropbox/Wzone/tmp/tmp1993/shp5349_19931231b.shp,dyad_id,-1,-1,C:/Users/owner/Dropbox/Wzone/tmp/tmp1993/shp5364_19931231b.shp,dyad_id,-1,-1,C:/Users/owner/Dropbox/Wzone/tmp/tmp1993/shp5367_19931231b.shp,dyad_id,-1,-1,C:/Users/owner/Dropbox/Wzone/tmp/tmp1993/shp5376_19931231b.shp,dyad_id,-1,-1,C:/Users/owner/Dropbox/Wzone/tmp/tmp1993/shp5405_19931231b.shp,dyad_id,-1,-1,C:/Users/owner/Dropbox/Wzone/tmp/tmp1993/shp5450_19931231b.shp,dyad_id,-1,-1,C:/Users/owner/Dropbox/Wzone/tmp/tmp1993/shp5467_19931231b.shp,dyad_id,-1,-1,C:/Users/owner/Dropbox/Wzone/tmp/tmp1993/shp5505_19931231b.shp,dyad_id,-1,-1,C:/Users/owner/Dropbox/Wzone/tmp/tmp1993/shp5512_19931231b.shp,dyad_id,-1,-1,C:/Users/owner/Dropbox/Wzone/tmp/tmp1993/shp5515_19931231b.shp,dyad_id,-1,-1,C:/Users/owner/Dropbox/Wzone/tmp/tmp1993/shp9878_19931231b.shp,dyad_id,-1,-1,C:/Users/owner/Dropbox/Wzone/tmp/tmp1993/shp10264_19931231b.shp,dyad_id,-1,-1,C:/Users/owner/Dropbox/Wzone/tmp/tmp1993/shp11123_19931231b.shp,dyad_id,-1,-1,C:/Users/owner/Dropbox/Wzone/tmp/tmp1993/shp12515_19931231b.shp,dyad_id,-1,-1,C:/Users/owner/Dropbox/Wzone/tmp/tmp1993/shp15558_19931231b.shp,dyad_id,-1,-1;conf_id "conf_id" true true false 5 Long 0 5,First,#,C:/Users/owner/Dropbox/Wzone/tmp/tmp1993/shp406_19931231b.shp,conf_id,-1,-1,C:/Users/owner/Dropbox/Wzone/tmp/tmp1993/shp411_19931231b.shp,conf_id,-1,-1,C:/Users/owner/Dropbox/Wzone/tmp/tmp1993/shp422_19931231b.shp,conf_id,-1,-1,C:/Users/owner/Dropbox/Wzone/tmp/tmp1993/shp428_19931231b.shp,conf_id,-1,-1,C:/Users/owner/Dropbox/Wzone/tmp/tmp1993/shp451_19931231b.shp,conf_id,-1,-1,C:/Users/owner/Dropbox/Wzone/tmp/tmp1993/shp461_19931231b.shp,conf_id,-1,-1,C:/Users/owner/Dropbox/Wzone/tmp/tmp1993/shp469_19931231b.shp,conf_id,-1,-1,C:/Users/owner/Dropbox/Wzone/tmp/tmp1993/shp475_19931231b.shp,conf_id,-1,-1,C:/Users/owner/Dropbox/Wzone/tmp/tmp1993/shp476_19931231b.shp,conf_id,-1,-1,C:/Users/owner/Dropbox/Wzone/tmp/tmp1993/shp478_19931231b.shp,conf_id,-1,-1,C:/Users/owner/Dropbox/Wzone/tmp/tmp1993/shp508_19931231b.shp,conf_id,-1,-1,C:/Users/owner/Dropbox/Wzone/tmp/tmp1993/shp511_19931231b.shp,conf_id,-1,-1,C:/Users/owner/Dropbox/Wzone/tmp/tmp1993/shp521_19931231b.shp,conf_id,-1,-1,C:/Users/owner/Dropbox/Wzone/tmp/tmp1993/shp549_19931231b.shp,conf_id,-1,-1,C:/Users/owner/Dropbox/Wzone/tmp/tmp1993/shp565_19931231b.shp,conf_id,-1,-1,C:/Users/owner/Dropbox/Wzone/tmp/tmp1993/shp623_19931231b.shp,conf_id,-1,-1,C:/Users/owner/Dropbox/Wzone/tmp/tmp1993/shp624_19931231b.shp,conf_id,-1,-1,C:/Users/owner/Dropbox/Wzone/tmp/tmp1993/shp631_19931231b.shp,conf_id,-1,-1,C:/Users/owner/Dropbox/Wzone/tmp/tmp1993/shp632_19931231b.shp,conf_id,-1,-1,C:/Users/owner/Dropbox/Wzone/tmp/tmp1993/shp644_19931231b.shp,conf_id,-1,-1,C:/Users/owner/Dropbox/Wzone/tmp/tmp1993/shp656_19931231b.shp,conf_id,-1,-1,C:/Users/owner/Dropbox/Wzone/tmp/tmp1993/shp657_19931231b.shp,conf_id,-1,-1,C:/Users/owner/Dropbox/Wzone/tmp/tmp1993/shp658_19931231b.shp,conf_id,-1,-1,C:/Users/owner/Dropbox/Wzone/tmp/tmp1993/shp663_19931231b.shp,conf_id,-1,-1,C:/Users/owner/Dropbox/Wzone/tmp/tmp1993/shp688_19931231b.shp,conf_id,-1,-1,C:/Users/owner/Dropbox/Wzone/tmp/tmp1993/shp692_19931231b.shp,conf_id,-1,-1,C:/Users/owner/Dropbox/Wzone/tmp/tmp1993/shp705_19931231b.shp,conf_id,-1,-1,C:/Users/owner/Dropbox/Wzone/tmp/tmp1993/shp714_19931231b.shp,conf_id,-1,-1,C:/Users/owner/Dropbox/Wzone/tmp/tmp1993/shp722_19931231b.shp,conf_id,-1,-1,C:/Users/owner/Dropbox/Wzone/tmp/tmp1993/shp726_19931231b.shp,conf_id,-1,-1,C:/Users/owner/Dropbox/Wzone/tmp/tmp1993/shp734_19931231b.shp,conf_id,-1,-1,C:/Users/owner/Dropbox/Wzone/tmp/tmp1993/shp739_19931231b.shp,conf_id,-1,-1,C:/Users/owner/Dropbox/Wzone/tmp/tmp1993/shp753_19931231b.shp,conf_id,-1,-1,C:/Users/owner/Dropbox/Wzone/tmp/tmp1993/shp763_19931231b.shp,conf_id,-1,-1,C:/Users/owner/Dropbox/Wzone/tmp/tmp1993/shp768_19931231b.shp,conf_id,-1,-1,C:/Users/owner/Dropbox/Wzone/tmp/tmp1993/shp769_19931231b.shp,conf_id,-1,-1,C:/Users/owner/Dropbox/Wzone/tmp/tmp1993/shp776_19931231b.shp,conf_id,-1,-1,C:/Users/owner/Dropbox/Wzone/tmp/tmp1993/shp781_19931231b.shp,conf_id,-1,-1,C:/Users/owner/Dropbox/Wzone/tmp/tmp1993/shp792_19931231b.shp,conf_id,-1,-1,C:/Users/owner/Dropbox/Wzone/tmp/tmp1993/shp793_19931231b.shp,conf_id,-1,-1,C:/Users/owner/Dropbox/Wzone/tmp/tmp1993/shp797_19931231b.shp,conf_id,-1,-1,C:/Users/owner/Dropbox/Wzone/tmp/tmp1993/shp801_19931231b.shp,conf_id,-1,-1,C:/Users/owner/Dropbox/Wzone/tmp/tmp1993/shp806_19931231b.shp,conf_id,-1,-1,C:/Users/owner/Dropbox/Wzone/tmp/tmp1993/shp810_19931231b.shp,conf_id,-1,-1,C:/Users/owner/Dropbox/Wzone/tmp/tmp1993/shp818_19931231b.shp,conf_id,-1,-1,C:/Users/owner/Dropbox/Wzone/tmp/tmp1993/shp822_19931231b.shp,conf_id,-1,-1,C:/Users/owner/Dropbox/Wzone/tmp/tmp1993/shp828_19931231b.shp,conf_id,-1,-1,C:/Users/owner/Dropbox/Wzone/tmp/tmp1993/shp832_19931231b.shp,conf_id,-1,-1,C:/Users/owner/Dropbox/Wzone/tmp/tmp1993/shp833_19931231b.shp,conf_id,-1,-1,C:/Users/owner/Dropbox/Wzone/tmp/tmp1993/shp835_19931231b.shp,conf_id,-1,-1,C:/Users/owner/Dropbox/Wzone/tmp/tmp1993/shp838_19931231b.shp,conf_id,-1,-1,C:/Users/owner/Dropbox/Wzone/tmp/tmp1993/shp839_19931231b.shp,conf_id,-1,-1,C:/Users/owner/Dropbox/Wzone/tmp/tmp1993/shp842_19931231b.shp,conf_id,-1,-1,C:/Users/owner/Dropbox/Wzone/tmp/tmp1993/shp846_19931231b.shp,conf_id,-1,-1,C:/Users/owner/Dropbox/Wzone/tmp/tmp1993/shp848_19931231b.shp,conf_id,-1,-1,C:/Users/owner/Dropbox/Wzone/tmp/tmp1993/shp869_19931231b.shp,conf_id,-1,-1,C:/Users/owner/Dropbox/Wzone/tmp/tmp1993/shp885_19931231b.shp,conf_id,-1,-1,C:/Users/owner/Dropbox/Wzone/tmp/tmp1993/shp891_19931231b.shp,conf_id,-1,-1,C:/Users/owner/Dropbox/Wzone/tmp/tmp1993/shp912_19931231b.shp,conf_id,-1,-1,C:/Users/owner/Dropbox/Wzone/tmp/tmp1993/shp913_19931231b.shp,conf_id,-1,-1,C:/Users/owner/Dropbox/Wzone/tmp/tmp1993/shp914_19931231b.shp,conf_id,-1,-1,C:/Users/owner/Dropbox/Wzone/tmp/tmp1993/shp915_19931231b.shp,conf_id,-1,-1,C:/Users/owner/Dropbox/Wzone/tmp/tmp1993/shp918_19931231b.shp,conf_id,-1,-1,C:/Users/owner/Dropbox/Wzone/tmp/tmp1993/shp921_19931231b.shp,conf_id,-1,-1,C:/Users/owner/Dropbox/Wzone/tmp/tmp1993/shp923_19931231b.shp,conf_id,-1,-1,C:/Users/owner/Dropbox/Wzone/tmp/tmp1993/shp926_19931231b.shp,conf_id,-1,-1,C:/Users/owner/Dropbox/Wzone/tmp/tmp1993/shp927_19931231b.shp,conf_id,-1,-1,C:/Users/owner/Dropbox/Wzone/tmp/tmp1993/shp930_19931231b.shp,conf_id,-1,-1,C:/Users/owner/Dropbox/Wzone/tmp/tmp1993/shp932_19931231b.shp,conf_id,-1,-1,C:/Users/owner/Dropbox/Wzone/tmp/tmp1993/shp935_19931231b.shp,conf_id,-1,-1,C:/Users/owner/Dropbox/Wzone/tmp/tmp1993/shp936_19931231b.shp,conf_id,-1,-1,C:/Users/owner/Dropbox/Wzone/tmp/tmp1993/shp938_19931231b.shp,conf_id,-1,-1,C:/Users/owner/Dropbox/Wzone/tmp/tmp1993/shp939_19931231b.shp,conf_id,-1,-1,C:/Users/owner/Dropbox/Wzone/tmp/tmp1993/shp941_19931231b.shp,conf_id,-1,-1,C:/Users/owner/Dropbox/Wzone/tmp/tmp1993/shp942_19931231b.shp,conf_id,-1,-1,C:/Users/owner/Dropbox/Wzone/tmp/tmp1993/shp944_19931231b.shp,conf_id,-1,-1,C:/Users/owner/Dropbox/Wzone/tmp/tmp1993/shp947_19931231b.shp,conf_id,-1,-1,C:/Users/owner/Dropbox/Wzone/tmp/tmp1993/shp948_19931231b.shp,conf_id,-1,-1,C:/Users/owner/Dropbox/Wzone/tmp/tmp1993/shp950_19931231b.shp,conf_id,-1,-1,C:/Users/owner/Dropbox/Wzone/tmp/tmp1993/shp951_19931231b.shp,conf_id,-1,-1,C:/Users/owner/Dropbox/Wzone/tmp/tmp1993/shp954_19931231b.shp,conf_id,-1,-1,C:/Users/owner/Dropbox/Wzone/tmp/tmp1993/shp955_19931231b.shp,conf_id,-1,-1,C:/Users/owner/Dropbox/Wzone/tmp/tmp1993/shp956_19931231b.shp,conf_id,-1,-1,C:/Users/owner/Dropbox/Wzone/tmp/tmp1993/shp957_19931231b.shp,conf_id,-1,-1,C:/Users/owner/Dropbox/Wzone/tmp/tmp1993/shp959_19931231b.shp,conf_id,-1,-1,C:/Users/owner/Dropbox/Wzone/tmp/tmp1993/shp960_19931231b.shp,conf_id,-1,-1,C:/Users/owner/Dropbox/Wzone/tmp/tmp1993/shp961_19931231b.shp,conf_id,-1,-1,C:/Users/owner/Dropbox/Wzone/tmp/tmp1993/shp962_19931231b.shp,conf_id,-1,-1,C:/Users/owner/Dropbox/Wzone/tmp/tmp1993/shp963_19931231b.shp,conf_id,-1,-1,C:/Users/owner/Dropbox/Wzone/tmp/tmp1993/shp964_19931231b.shp,conf_id,-1,-1,C:/Users/owner/Dropbox/Wzone/tmp/tmp1993/shp965_19931231b.shp,conf_id,-1,-1,C:/Users/owner/Dropbox/Wzone/tmp/tmp1993/shp967_19931231b.shp,conf_id,-1,-1,C:/Users/owner/Dropbox/Wzone/tmp/tmp1993/shp968_19931231b.shp,conf_id,-1,-1,C:/Users/owner/Dropbox/Wzone/tmp/tmp1993/shp970_19931231b.shp,conf_id,-1,-1,C:/Users/owner/Dropbox/Wzone/tmp/tmp1993/shp975_19931231b.shp,conf_id,-1,-1,C:/Users/owner/Dropbox/Wzone/tmp/tmp1993/shp979_19931231b.shp,conf_id,-1,-1,C:/Users/owner/Dropbox/Wzone/tmp/tmp1993/shp983_19931231b.shp,conf_id,-1,-1,C:/Users/owner/Dropbox/Wzone/tmp/tmp1993/shp986_19931231b.shp,conf_id,-1,-1,C:/Users/owner/Dropbox/Wzone/tmp/tmp1993/shp987_19931231b.shp,conf_id,-1,-1,C:/Users/owner/Dropbox/Wzone/tmp/tmp1993/shp988_19931231b.shp,conf_id,-1,-1,C:/Users/owner/Dropbox/Wzone/tmp/tmp1993/shp989_19931231b.shp,conf_id,-1,-1,C:/Users/owner/Dropbox/Wzone/tmp/tmp1993/shp990_19931231b.shp,conf_id,-1,-1,C:/Users/owner/Dropbox/Wzone/tmp/tmp1993/shp995_19931231b.shp,conf_id,-1,-1,C:/Users/owner/Dropbox/Wzone/tmp/tmp1993/shp998_19931231b.shp,conf_id,-1,-1,C:/Users/owner/Dropbox/Wzone/tmp/tmp1993/shp1021_19931231b.shp,conf_id,-1,-1,C:/Users/owner/Dropbox/Wzone/tmp/tmp1993/shp1029_19931231b.shp,conf_id,-1,-1,C:/Users/owner/Dropbox/Wzone/tmp/tmp1993/shp1031_19931231b.shp,conf_id,-1,-1,C:/Users/owner/Dropbox/Wzone/tmp/tmp1993/shp1035_19931231b.shp,conf_id,-1,-1,C:/Users/owner/Dropbox/Wzone/tmp/tmp1993/shp1038_19931231b.shp,conf_id,-1,-1,C:/Users/owner/Dropbox/Wzone/tmp/tmp1993/shp1045_19931231b.shp,conf_id,-1,-1,C:/Users/owner/Dropbox/Wzone/tmp/tmp1993/shp1047_19931231b.shp,conf_id,-1,-1,C:/Users/owner/Dropbox/Wzone/tmp/tmp1993/shp1059_19931231b.shp,conf_id,-1,-1,C:/Users/owner/Dropbox/Wzone/tmp/tmp1993/shp1072_19931231b.shp,conf_id,-1,-1,C:/Users/owner/Dropbox/Wzone/tmp/tmp1993/shp1073_19931231b.shp,conf_id,-1,-1,C:/Users/owner/Dropbox/Wzone/tmp/tmp1993/shp1074_19931231b.shp,conf_id,-1,-1,C:/Users/owner/Dropbox/Wzone/tmp/tmp1993/shp1108_19931231b.shp,conf_id,-1,-1,C:/Users/owner/Dropbox/Wzone/tmp/tmp1993/shp1116_19931231b.shp,conf_id,-1,-1,C:/Users/owner/Dropbox/Wzone/tmp/tmp1993/shp1167_19931231b.shp,conf_id,-1,-1,C:/Users/owner/Dropbox/Wzone/tmp/tmp1993/shp1199_19931231b.shp,conf_id,-1,-1,C:/Users/owner/Dropbox/Wzone/tmp/tmp1993/shp1204_19931231b.shp,conf_id,-1,-1,C:/Users/owner/Dropbox/Wzone/tmp/tmp1993/shp2391_19931231b.shp,conf_id,-1,-1,C:/Users/owner/Dropbox/Wzone/tmp/tmp1993/shp5129_19931231b.shp,conf_id,-1,-1,C:/Users/owner/Dropbox/Wzone/tmp/tmp1993/shp5201_19931231b.shp,conf_id,-1,-1,C:/Users/owner/Dropbox/Wzone/tmp/tmp1993/shp5266_19931231b.shp,conf_id,-1,-1,C:/Users/owner/Dropbox/Wzone/tmp/tmp1993/shp5293_19931231b.shp,conf_id,-1,-1,C:/Users/owner/Dropbox/Wzone/tmp/tmp1993/shp5313_19931231b.shp,conf_id,-1,-1,C:/Users/owner/Dropbox/Wzone/tmp/tmp1993/shp5330_19931231b.shp,conf_id,-1,-1,C:/Users/owner/Dropbox/Wzone/tmp/tmp1993/shp5349_19931231b.shp,conf_id,-1,-1,C:/Users/owner/Dropbox/Wzone/tmp/tmp1993/shp5364_19931231b.shp,conf_id,-1,-1,C:/Users/owner/Dropbox/Wzone/tmp/tmp1993/shp5367_19931231b.shp,conf_id,-1,-1,C:/Users/owner/Dropbox/Wzone/tmp/tmp1993/shp5376_19931231b.shp,conf_id,-1,-1,C:/Users/owner/Dropbox/Wzone/tmp/tmp1993/shp5405_19931231b.shp,conf_id,-1,-1,C:/Users/owner/Dropbox/Wzone/tmp/tmp1993/shp5450_19931231b.shp,conf_id,-1,-1,C:/Users/owner/Dropbox/Wzone/tmp/tmp1993/shp5467_19931231b.shp,conf_id,-1,-1,C:/Users/owner/Dropbox/Wzone/tmp/tmp1993/shp5505_19931231b.shp,conf_id,-1,-1,C:/Users/owner/Dropbox/Wzone/tmp/tmp1993/shp5512_19931231b.shp,conf_id,-1,-1,C:/Users/owner/Dropbox/Wzone/tmp/tmp1993/shp5515_19931231b.shp,conf_id,-1,-1,C:/Users/owner/Dropbox/Wzone/tmp/tmp1993/shp9878_19931231b.shp,conf_id,-1,-1,C:/Users/owner/Dropbox/Wzone/tmp/tmp1993/shp10264_19931231b.shp,conf_id,-1,-1,C:/Users/owner/Dropbox/Wzone/tmp/tmp1993/shp11123_19931231b.shp,conf_id,-1,-1,C:/Users/owner/Dropbox/Wzone/tmp/tmp1993/shp12515_19931231b.shp,conf_id,-1,-1,C:/Users/owner/Dropbox/Wzone/tmp/tmp1993/shp15558_19931231b.shp,conf_id,-1,-1;date "date" true true false 254 Text 0 0,First,#,C:/Users/owner/Dropbox/Wzone/tmp/tmp1993/shp406_19931231b.shp,date,0,253,C:/Users/owner/Dropbox/Wzone/tmp/tmp1993/shp411_19931231b.shp,date,0,253,C:/Users/owner/Dropbox/Wzone/tmp/tmp1993/shp422_19931231b.shp,date,0,253,C:/Users/owner/Dropbox/Wzone/tmp/tmp1993/shp428_19931231b.shp,date,0,253,C:/Users/owner/Dropbox/Wzone/tmp/tmp1993/shp451_19931231b.shp,date,0,253,C:/Users/owner/Dropbox/Wzone/tmp/tmp1993/shp461_19931231b.shp,date,0,253,C:/Users/owner/Dropbox/Wzone/tmp/tmp1993/shp469_19931231b.shp,date,0,253,C:/Users/owner/Dropbox/Wzone/tmp/tmp1993/shp475_19931231b.shp,date,0,253,C:/Users/owner/Dropbox/Wzone/tmp/tmp1993/shp476_19931231b.shp,date,0,253,C:/Users/owner/Dropbox/Wzone/tmp/tmp1993/shp478_19931231b.shp,date,0,253,C:/Users/owner/Dropbox/Wzone/tmp/tmp1993/shp508_19931231b.shp,date,0,253,C:/Users/owner/Dropbox/Wzone/tmp/tmp1993/shp511_19931231b.shp,date,0,253,C:/Users/owner/Dropbox/Wzone/tmp/tmp1993/shp521_19931231b.shp,date,0,253,C:/Users/owner/Dropbox/Wzone/tmp/tmp1993/shp549_19931231b.shp,date,0,253,C:/Users/owner/Dropbox/Wzone/tmp/tmp1993/shp565_19931231b.shp,date,0,253,C:/Users/owner/Dropbox/Wzone/tmp/tmp1993/shp623_19931231b.shp,date,0,253,C:/Users/owner/Dropbox/Wzone/tmp/tmp1993/shp624_19931231b.shp,date,0,253,C:/Users/owner/Dropbox/Wzone/tmp/tmp1993/shp631_19931231b.shp,date,0,253,C:/Users/owner/Dropbox/Wzone/tmp/tmp1993/shp632_19931231b.shp,date,0,253,C:/Users/owner/Dropbox/Wzone/tmp/tmp1993/shp644_19931231b.shp,date,0,253,C:/Users/owner/Dropbox/Wzone/tmp/tmp1993/shp656_19931231b.shp,date,0,253,C:/Users/owner/Dropbox/Wzone/tmp/tmp1993/shp657_19931231b.shp,date,0,253,C:/Users/owner/Dropbox/Wzone/tmp/tmp1993/shp658_19931231b.shp,date,0,253,C:/Users/owner/Dropbox/Wzone/tmp/tmp1993/shp663_19931231b.shp,date,0,253,C:/Users/owner/Dropbox/Wzone/tmp/tmp1993/shp688_19931231b.shp,date,0,253,C:/Users/owner/Dropbox/Wzone/tmp/tmp1993/shp692_19931231b.shp,date,0,253,C:/Users/owner/Dropbox/Wzone/tmp/tmp1993/shp705_19931231b.shp,date,0,253,C:/Users/owner/Dropbox/Wzone/tmp/tmp1993/shp714_19931231b.shp,date,0,253,C:/Users/owner/Dropbox/Wzone/tmp/tmp1993/shp722_19931231b.shp,date,0,253,C:/Users/owner/Dropbox/Wzone/tmp/tmp1993/shp726_19931231b.shp,date,0,253,C:/Users/owner/Dropbox/Wzone/tmp/tmp1993/shp734_19931231b.shp,date,0,253,C:/Users/owner/Dropbox/Wzone/tmp/tmp1993/shp739_19931231b.shp,date,0,253,C:/Users/owner/Dropbox/Wzone/tmp/tmp1993/shp753_19931231b.shp,date,0,253,C:/Users/owner/Dropbox/Wzone/tmp/tmp1993/shp763_19931231b.shp,date,0,253,C:/Users/owner/Dropbox/Wzone/tmp/tmp1993/shp768_19931231b.shp,date,0,253,C:/Users/owner/Dropbox/Wzone/tmp/tmp1993/shp769_19931231b.shp,date,0,253,C:/Users/owner/Dropbox/Wzone/tmp/tmp1993/shp776_19931231b.shp,date,0,253,C:/Users/owner/Dropbox/Wzone/tmp/tmp1993/shp781_19931231b.shp,date,0,253,C:/Users/owner/Dropbox/Wzone/tmp/tmp1993/shp792_19931231b.shp,date,0,253,C:/Users/owner/Dropbox/Wzone/tmp/tmp1993/shp793_19931231b.shp,date,0,253,C:/Users/owner/Dropbox/Wzone/tmp/tmp1993/shp797_19931231b.shp,date,0,253,C:/Users/owner/Dropbox/Wzone/tmp/tmp1993/shp801_19931231b.shp,date,0,253,C:/Users/owner/Dropbox/Wzone/tmp/tmp1993/shp806_19931231b.shp,date,0,253,C:/Users/owner/Dropbox/Wzone/tmp/tmp1993/shp810_19931231b.shp,date,0,253,C:/Users/owner/Dropbox/Wzone/tmp/tmp1993/shp818_19931231b.shp,date,0,253,C:/Users/owner/Dropbox/Wzone/tmp/tmp1993/shp822_19931231b.shp,date,0,253,C:/Users/owner/Dropbox/Wzone/tmp/tmp1993/shp828_19931231b.shp,date,0,253,C:/Users/owner/Dropbox/Wzone/tmp/tmp1993/shp832_19931231b.shp,date,0,253,C:/Users/owner/Dropbox/Wzone/tmp/tmp1993/shp833_19931231b.shp,date,0,253,C:/Users/owner/Dropbox/Wzone/tmp/tmp1993/shp835_19931231b.shp,date,0,253,C:/Users/owner/Dropbox/Wzone/tmp/tmp1993/shp838_19931231b.shp,date,0,253,C:/Users/owner/Dropbox/Wzone/tmp/tmp1993/shp839_19931231b.shp,date,0,253,C:/Users/owner/Dropbox/Wzone/tmp/tmp1993/shp842_19931231b.shp,date,0,253,C:/Users/owner/Dropbox/Wzone/tmp/tmp1993/shp846_19931231b.shp,date,0,253,C:/Users/owner/Dropbox/Wzone/tmp/tmp1993/shp848_19931231b.shp,date,0,253,C:/Users/owner/Dropbox/Wzone/tmp/tmp1993/shp869_19931231b.shp,date,0,253,C:/Users/owner/Dropbox/Wzone/tmp/tmp1993/shp885_19931231b.shp,date,0,253,C:/Users/owner/Dropbox/Wzone/tmp/tmp1993/shp891_19931231b.shp,date,0,253,C:/Users/owner/Dropbox/Wzone/tmp/tmp1993/shp912_19931231b.shp,date,0,253,C:/Users/owner/Dropbox/Wzone/tmp/tmp1993/shp913_19931231b.shp,date,0,253,C:/Users/owner/Dropbox/Wzone/tmp/tmp1993/shp914_19931231b.shp,date,0,253,C:/Users/owner/Dropbox/Wzone/tmp/tmp1993/shp915_19931231b.shp,date,0,253,C:/Users/owner/Dropbox/Wzone/tmp/tmp1993/shp918_19931231b.shp,date,0,253,C:/Users/owner/Dropbox/Wzone/tmp/tmp1993/shp921_19931231b.shp,date,0,253,C:/Users/owner/Dropbox/Wzone/tmp/tmp1993/shp923_19931231b.shp,date,0,253,C:/Users/owner/Dropbox/Wzone/tmp/tmp1993/shp926_19931231b.shp,date,0,253,C:/Users/owner/Dropbox/Wzone/tmp/tmp1993/shp927_19931231b.shp,date,0,253,C:/Users/owner/Dropbox/Wzone/tmp/tmp1993/shp930_19931231b.shp,date,0,253,C:/Users/owner/Dropbox/Wzone/tmp/tmp1993/shp932_19931231b.shp,date,0,253,C:/Users/owner/Dropbox/Wzone/tmp/tmp1993/shp935_19931231b.shp,date,0,253,C:/Users/owner/Dropbox/Wzone/tmp/tmp1993/shp936_19931231b.shp,date,0,253,C:/Users/owner/Dropbox/Wzone/tmp/tmp1993/shp938_19931231b.shp,date,0,253,C:/Users/owner/Dropbox/Wzone/tmp/tmp1993/shp939_19931231b.shp,date,0,253,C:/Users/owner/Dropbox/Wzone/tmp/tmp1993/shp941_19931231b.shp,date,0,253,C:/Users/owner/Dropbox/Wzone/tmp/tmp1993/shp942_19931231b.shp,date,0,253,C:/Users/owner/Dropbox/Wzone/tmp/tmp1993/shp944_19931231b.shp,date,0,253,C:/Users/owner/Dropbox/Wzone/tmp/tmp1993/shp947_19931231b.shp,date,0,253,C:/Users/owner/Dropbox/Wzone/tmp/tmp1993/shp948_19931231b.shp,date,0,253,C:/Users/owner/Dropbox/Wzone/tmp/tmp1993/shp950_19931231b.shp,date,0,253,C:/Users/owner/Dropbox/Wzone/tmp/tmp1993/shp951_19931231b.shp,date,0,253,C:/Users/owner/Dropbox/Wzone/tmp/tmp1993/shp954_19931231b.shp,date,0,253,C:/Users/owner/Dropbox/Wzone/tmp/tmp1993/shp955_19931231b.shp,date,0,253,C:/Users/owner/Dropbox/Wzone/tmp/tmp1993/shp956_19931231b.shp,date,0,253,C:/Users/owner/Dropbox/Wzone/tmp/tmp1993/shp957_19931231b.shp,date,0,253,C:/Users/owner/Dropbox/Wzone/tmp/tmp1993/shp959_19931231b.shp,date,0,253,C:/Users/owner/Dropbox/Wzone/tmp/tmp1993/shp960_19931231b.shp,date,0,253,C:/Users/owner/Dropbox/Wzone/tmp/tmp1993/shp961_19931231b.shp,date,0,253,C:/Users/owner/Dropbox/Wzone/tmp/tmp1993/shp962_19931231b.shp,date,0,253,C:/Users/owner/Dropbox/Wzone/tmp/tmp1993/shp963_19931231b.shp,date,0,253,C:/Users/owner/Dropbox/Wzone/tmp/tmp1993/shp964_19931231b.shp,date,0,253,C:/Users/owner/Dropbox/Wzone/tmp/tmp1993/shp965_19931231b.shp,date,0,253,C:/Users/owner/Dropbox/Wzone/tmp/tmp1993/shp967_19931231b.shp,date,0,253,C:/Users/owner/Dropbox/Wzone/tmp/tmp1993/shp968_19931231b.shp,date,0,253,C:/Users/owner/Dropbox/Wzone/tmp/tmp1993/shp970_19931231b.shp,date,0,253,C:/Users/owner/Dropbox/Wzone/tmp/tmp1993/shp975_19931231b.shp,date,0,253,C:/Users/owner/Dropbox/Wzone/tmp/tmp1993/shp979_19931231b.shp,date,0,253,C:/Users/owner/Dropbox/Wzone/tmp/tmp1993/shp983_19931231b.shp,date,0,253,C:/Users/owner/Dropbox/Wzone/tmp/tmp1993/shp986_19931231b.shp,date,0,253,C:/Users/owner/Dropbox/Wzone/tmp/tmp1993/shp987_19931231b.shp,date,0,253,C:/Users/owner/Dropbox/Wzone/tmp/tmp1993/shp988_19931231b.shp,date,0,253,C:/Users/owner/Dropbox/Wzone/tmp/tmp1993/shp989_19931231b.shp,date,0,253,C:/Users/owner/Dropbox/Wzone/tmp/tmp1993/shp990_19931231b.shp,date,0,253,C:/Users/owner/Dropbox/Wzone/tmp/tmp1993/shp995_19931231b.shp,date,0,253,C:/Users/owner/Dropbox/Wzone/tmp/tmp1993/shp998_19931231b.shp,date,0,253,C:/Users/owner/Dropbox/Wzone/tmp/tmp1993/shp1021_19931231b.shp,date,0,253,C:/Users/owner/Dropbox/Wzone/tmp/tmp1993/shp1029_19931231b.shp,date,0,253,C:/Users/owner/Dropbox/Wzone/tmp/tmp1993/shp1031_19931231b.shp,date,0,253,C:/Users/owner/Dropbox/Wzone/tmp/tmp1993/shp1035_19931231b.shp,date,0,253,C:/Users/owner/Dropbox/Wzone/tmp/tmp1993/shp1038_19931231b.shp,date,0,253,C:/Users/owner/Dropbox/Wzone/tmp/tmp1993/shp1045_19931231b.shp,date,0,253,C:/Users/owner/Dropbox/Wzone/tmp/tmp1993/shp1047_19931231b.shp,date,0,253,C:/Users/owner/Dropbox/Wzone/tmp/tmp1993/shp1059_19931231b.shp,date,0,253,C:/Users/owner/Dropbox/Wzone/tmp/tmp1993/shp1072_19931231b.shp,date,0,253,C:/Users/owner/Dropbox/Wzone/tmp/tmp1993/shp1073_19931231b.shp,date,0,253,C:/Users/owner/Dropbox/Wzone/tmp/tmp1993/shp1074_19931231b.shp,date,0,253,C:/Users/owner/Dropbox/Wzone/tmp/tmp1993/shp1108_19931231b.shp,date,0,253,C:/Users/owner/Dropbox/Wzone/tmp/tmp1993/shp1116_19931231b.shp,date,0,253,C:/Users/owner/Dropbox/Wzone/tmp/tmp1993/shp1167_19931231b.shp,date,0,253,C:/Users/owner/Dropbox/Wzone/tmp/tmp1993/shp1199_19931231b.shp,date,0,253,C:/Users/owner/Dropbox/Wzone/tmp/tmp1993/shp1204_19931231b.shp,date,0,253,C:/Users/owner/Dropbox/Wzone/tmp/tmp1993/shp2391_19931231b.shp,date,0,253,C:/Users/owner/Dropbox/Wzone/tmp/tmp1993/shp5129_19931231b.shp,date,0,253,C:/Users/owner/Dropbox/Wzone/tmp/tmp1993/shp5201_19931231b.shp,date,0,253,C:/Users/owner/Dropbox/Wzone/tmp/tmp1993/shp5266_19931231b.shp,date,0,253,C:/Users/owner/Dropbox/Wzone/tmp/tmp1993/shp5293_19931231b.shp,date,0,253,C:/Users/owner/Dropbox/Wzone/tmp/tmp1993/shp5313_19931231b.shp,date,0,253,C:/Users/owner/Dropbox/Wzone/tmp/tmp1993/shp5330_19931231b.shp,date,0,253,C:/Users/owner/Dropbox/Wzone/tmp/tmp1993/shp5349_19931231b.shp,date,0,253,C:/Users/owner/Dropbox/Wzone/tmp/tmp1993/shp5364_19931231b.shp,date,0,253,C:/Users/owner/Dropbox/Wzone/tmp/tmp1993/shp5367_19931231b.shp,date,0,253,C:/Users/owner/Dropbox/Wzone/tmp/tmp1993/shp5376_19931231b.shp,date,0,253,C:/Users/owner/Dropbox/Wzone/tmp/tmp1993/shp5405_19931231b.shp,date,0,253,C:/Users/owner/Dropbox/Wzone/tmp/tmp1993/shp5450_19931231b.shp,date,0,253,C:/Users/owner/Dropbox/Wzone/tmp/tmp1993/shp5467_19931231b.shp,date,0,253,C:/Users/owner/Dropbox/Wzone/tmp/tmp1993/shp5505_19931231b.shp,date,0,253,C:/Users/owner/Dropbox/Wzone/tmp/tmp1993/shp5512_19931231b.shp,date,0,253,C:/Users/owner/Dropbox/Wzone/tmp/tmp1993/shp5515_19931231b.shp,date,0,253,C:/Users/owner/Dropbox/Wzone/tmp/tmp1993/shp9878_19931231b.shp,date,0,253,C:/Users/owner/Dropbox/Wzone/tmp/tmp1993/shp10264_19931231b.shp,date,0,253,C:/Users/owner/Dropbox/Wzone/tmp/tmp1993/shp11123_19931231b.shp,date,0,253,C:/Users/owner/Dropbox/Wzone/tmp/tmp1993/shp12515_19931231b.shp,date,0,253,C:/Users/owner/Dropbox/Wzone/tmp/tmp1993/shp15558_19931231b.shp,date,0,253" NO_SOURCE_INFO</Process><Process ToolSource="c:\program files\arcgis\pro\Resources\ArcToolbox\toolboxes\Data Management Tools.tbx\DefineProjection" Date="20240715" Time="061108">DefineProjection C:/Users/owner/Dropbox/Wzone/out/wzone_shp/1993/1993_12_31.shp GEOGCS["GCS_WGS_1984",DATUM["D_WGS_1984",SPHEROID["WGS_1984",6378137.0,298.257223563]],PRIMEM["Greenwich",0.0],UNIT["Degree",0.0174532925199433]]</Process></lineage></DataProperties><SyncDate>20240715</SyncDate><SyncTime>06110700</SyncTime><ModDate>20240715</ModDate><ModTime>06110700</ModTime></Esri><dataIdInfo><envirDesc Sync="TRUE">Microsoft Windows 10 Version 10.0 (Build 19045) ; Esri ArcGIS 13.2.2.49743</envirDesc><dataLang><languageCode value="eng" Sync="TRUE"></languageCode><countryCode value="USA" Sync="TRUE"></countryCode></dataLang><idCitation><resTitle Sync="TRUE">1993_12_31</resTitle><presForm><PresFormCd value="005" Sync="TRUE"></PresFormCd></presForm></idCitation><spatRpType><SpatRepTypCd value="001" Sync="TRUE"></SpatRepTypCd></spatRpType></dataIdInfo><mdLang><languageCode value="eng" Sync="TRUE"></languageCode><countryCode value="USA" Sync="TRUE"></countryCode></mdLang><mdChar><CharSetCd value="004" Sync="TRUE"></CharSetCd></mdChar><distInfo><distFormat><formatName Sync="TRUE">Shapefile</formatName></distFormat><distTranOps><transSize Sync="TRUE">0.000</transSize></distTranOps></distInfo><mdHrLv><ScopeCd value="005" Sync="TRUE"></ScopeCd></mdHrLv><mdHrLvName Sync="TRUE">dataset</mdHrLvName><spatRepInfo><VectSpatRep><geometObjs Name="1993_12_31"><geoObjTyp><GeoObjTypCd value="002" Sync="TRUE"></GeoObjTypCd></geoObjTyp><geoObjCnt Sync="TRUE">0</geoObjCnt></geometObjs><topLvl><TopoLevCd value="001" Sync="TRUE"></TopoLevCd></topLvl></VectSpatRep></spatRepInfo><spdoinfo><ptvctinf><esriterm Name="1993_12_31"><efeatyp Sync="TRUE">Simple</efeatyp><efeageom code="4" Sync="TRUE"></efeageom><esritopo Sync="TRUE">FALSE</esritopo><efeacnt Sync="TRUE">0</efeacnt><spindex Sync="TRUE">FALSE</spindex><linrefer Sync="TRUE">FALSE</linrefer></esriterm></ptvctinf></spdoinfo><eainfo><detailed Name="1993_12_31"><enttyp><enttypl Sync="TRUE">1993_12_31</enttypl><enttypt Sync="TRUE">Feature Class</enttypt><enttypc Sync="TRUE">0</enttypc></enttyp><attr><attrlabl Sync="TRUE">FID</attrlabl><attalias Sync="TRUE">FID</attalias><attrtype Sync="TRUE">OID</attrtype><attwidth Sync="TRUE">4</attwidth><atprecis Sync="TRUE">0</atprecis><attscale Sync="TRUE">0</attscale><attrdef Sync="TRUE">Internal feature number.</attrdef><attrdefs Sync="TRUE">Esri</attrdefs><attrdomv><udom Sync="TRUE">Sequential unique whole numbers that are automatically generated.</udom></attrdomv></attr><attr><attrlabl Sync="TRUE">Shape</attrlabl><attalias Sync="TRUE">Shape</attalias><attrtype Sync="TRUE">Geometry</attrtype><attwidth Sync="TRUE">0</attwidth><atprecis Sync="TRUE">0</atprecis><attscale Sync="TRUE">0</attscale><attrdef Sync="TRUE">Feature geometry.</attrdef><attrdefs Sync="TRUE">Esri</attrdefs><attrdomv><udom Sync="TRUE">Coordinates defining the features.</udom></attrdomv></attr><attr><attrlabl Sync="TRUE">dyad_id</attrlabl><attalias Sync="TRUE">dyad_id</attalias><attrtype Sync="TRUE">Integer</attrtype><attwidth Sync="TRUE">5</attwidth><atprecis Sync="TRUE">5</atprecis><attscale Sync="TRUE">0</attscale></attr><attr><attrlabl Sync="TRUE">conf_id</attrlabl><attalias Sync="TRUE">conf_id</attalias><attrtype Sync="TRUE">Integer</attrtype><attwidth Sync="TRUE">5</attwidth><atprecis Sync="TRUE">5</atprecis><attscale Sync="TRUE">0</attscale></attr><attr><attrlabl Sync="TRUE">date</attrlabl><attalias Sync="TRUE">date</attalias><attrtype Sync="TRUE">String</attrtype><attwidth Sync="TRUE">254</attwidth><atprecis Sync="TRUE">0</atprecis><attscale Sync="TRUE">0</attscale></attr></detailed></eainfo><mdDateSt Sync="TRUE">20240715</mdDateSt></metadata>
