<?xml version="1.0" encoding="UTF-8"?>
<metadata xml:lang="en"><Esri><CreaDate>20240715</CreaDate><CreaTime>11065100</CreaTime><ArcGISFormat>1.0</ArcGISFormat><SyncOnce>FALSE</SyncOnce><DataProperties><itemProps><itemName Sync="TRUE">1994_12_31</itemName><imsContentType Sync="TRUE">002</imsContentType><itemSize Sync="TRUE">0.000</itemSize><itemLocation><linkage Sync="TRUE">file://\\DESKTOP-48J08HF\C$\Users\owner\Dropbox\Wzone\out\wzone_shp\1994\1994_12_31.shp</linkage><protocol Sync="TRUE">Local Area Network</protocol></itemLocation></itemProps><lineage><Process ToolSource="c:\program files\arcgis\pro\Resources\ArcToolbox\toolboxes\Analysis Tools.tbx\Select" Date="20240715" Time="110651">Select in_memory/shp1994406_19941231a C:\Users\owner\Dropbox\Wzone\tmp\tmp1994\shp406_19941231b.shp ""gridcode" &gt; 0"</Process><Process ToolSource="c:\program files\arcgis\pro\Resources\ArcToolbox\toolboxes\Data Management Tools.tbx\AddField" Date="20240715" Time="110651">AddField C:/Users/owner/Dropbox/Wzone/tmp/tmp1994/shp406_19941231b.shp dyad_id "Short (16-bit integer)" # # # # NULLABLE NON_REQUIRED #</Process><Process ToolSource="c:\program files\arcgis\pro\Resources\ArcToolbox\toolboxes\Data Management Tools.tbx\AddField" Date="20240715" Time="110651">AddField C:/Users/owner/Dropbox/Wzone/tmp/tmp1994/shp406_19941231b.shp conf_id "Short (16-bit integer)" # # # # NULLABLE NON_REQUIRED #</Process><Process ToolSource="c:\program files\arcgis\pro\Resources\ArcToolbox\toolboxes\Data Management Tools.tbx\AddField" Date="20240715" Time="110651">AddField C:/Users/owner/Dropbox/Wzone/tmp/tmp1994/shp406_19941231b.shp date Text # # # # NULLABLE NON_REQUIRED #</Process><Process ToolSource="c:\program files\arcgis\pro\Resources\ArcToolbox\toolboxes\Data Management Tools.tbx\DeleteField" Date="20240715" Time="110651">DeleteField C:/Users/owner/Dropbox/Wzone/tmp/tmp1994/shp406_19941231b.shp Id "Delete Fields"</Process><Process ToolSource="c:\program files\arcgis\pro\Resources\ArcToolbox\toolboxes\Data Management Tools.tbx\DeleteField" Date="20240715" Time="110651">DeleteField C:/Users/owner/Dropbox/Wzone/tmp/tmp1994/shp406_19941231b.shp gridcode "Delete Fields"</Process><Process ToolSource="c:\program files\arcgis\pro\Resources\ArcToolbox\toolboxes\Data Management Tools.tbx\Merge" Date="20240715" Time="111042">Merge C:/Users/owner/Dropbox/Wzone/tmp/tmp1994/shp406_19941231b.shp;C:/Users/owner/Dropbox/Wzone/tmp/tmp1994/shp411_19941231b.shp;C:/Users/owner/Dropbox/Wzone/tmp/tmp1994/shp422_19941231b.shp;C:/Users/owner/Dropbox/Wzone/tmp/tmp1994/shp428_19941231b.shp;C:/Users/owner/Dropbox/Wzone/tmp/tmp1994/shp442_19941231b.shp;C:/Users/owner/Dropbox/Wzone/tmp/tmp1994/shp451_19941231b.shp;C:/Users/owner/Dropbox/Wzone/tmp/tmp1994/shp461_19941231b.shp;C:/Users/owner/Dropbox/Wzone/tmp/tmp1994/shp469_19941231b.shp;C:/Users/owner/Dropbox/Wzone/tmp/tmp1994/shp475_19941231b.shp;C:/Users/owner/Dropbox/Wzone/tmp/tmp1994/shp476_19941231b.shp;C:/Users/owner/Dropbox/Wzone/tmp/tmp1994/shp478_19941231b.shp;C:/Users/owner/Dropbox/Wzone/tmp/tmp1994/shp508_19941231b.shp;C:/Users/owner/Dropbox/Wzone/tmp/tmp1994/shp511_19941231b.shp;C:/Users/owner/Dropbox/Wzone/tmp/tmp1994/shp521_19941231b.shp;C:/Users/owner/Dropbox/Wzone/tmp/tmp1994/shp549_19941231b.shp;C:/Users/owner/Dropbox/Wzone/tmp/tmp1994/shp565_19941231b.shp;C:/Users/owner/Dropbox/Wzone/tmp/tmp1994/shp623_19941231b.shp;C:/Users/owner/Dropbox/Wzone/tmp/tmp1994/shp624_19941231b.shp;C:/Users/owner/Dropbox/Wzone/tmp/tmp1994/shp631_19941231b.shp;C:/Users/owner/Dropbox/Wzone/tmp/tmp1994/shp644_19941231b.shp;C:/Users/owner/Dropbox/Wzone/tmp/tmp1994/shp657_19941231b.shp;C:/Users/owner/Dropbox/Wzone/tmp/tmp1994/shp658_19941231b.shp;C:/Users/owner/Dropbox/Wzone/tmp/tmp1994/shp663_19941231b.shp;C:/Users/owner/Dropbox/Wzone/tmp/tmp1994/shp688_19941231b.shp;C:/Users/owner/Dropbox/Wzone/tmp/tmp1994/shp705_19941231b.shp;C:/Users/owner/Dropbox/Wzone/tmp/tmp1994/shp714_19941231b.shp;C:/Users/owner/Dropbox/Wzone/tmp/tmp1994/shp719_19941231b.shp;C:/Users/owner/Dropbox/Wzone/tmp/tmp1994/shp722_19941231b.shp;C:/Users/owner/Dropbox/Wzone/tmp/tmp1994/shp726_19941231b.shp;C:/Users/owner/Dropbox/Wzone/tmp/tmp1994/shp734_19941231b.shp;C:/Users/owner/Dropbox/Wzone/tmp/tmp1994/shp739_19941231b.shp;C:/Users/owner/Dropbox/Wzone/tmp/tmp1994/shp753_19941231b.shp;C:/Users/owner/Dropbox/Wzone/tmp/tmp1994/shp763_19941231b.shp;C:/Users/owner/Dropbox/Wzone/tmp/tmp1994/shp768_19941231b.shp;C:/Users/owner/Dropbox/Wzone/tmp/tmp1994/shp769_19941231b.shp;C:/Users/owner/Dropbox/Wzone/tmp/tmp1994/shp776_19941231b.shp;C:/Users/owner/Dropbox/Wzone/tmp/tmp1994/shp781_19941231b.shp;C:/Users/owner/Dropbox/Wzone/tmp/tmp1994/shp792_19941231b.shp;C:/Users/owner/Dropbox/Wzone/tmp/tmp1994/shp793_19941231b.shp;C:/Users/owner/Dropbox/Wzone/tmp/tmp1994/shp797_19941231b.shp;C:/Users/owner/Dropbox/Wzone/tmp/tmp1994/shp801_19941231b.shp;C:/Users/owner/Dropbox/Wzone/tmp/tmp1994/shp806_19941231b.shp;C:/Users/owner/Dropbox/Wzone/tmp/tmp1994/shp818_19941231b.shp;C:/Users/owner/Dropbox/Wzone/tmp/tmp1994/shp822_19941231b.shp;C:/Users/owner/Dropbox/Wzone/tmp/tmp1994/shp828_19941231b.shp;C:/Users/owner/Dropbox/Wzone/tmp/tmp1994/shp829_19941231b.shp;C:/Users/owner/Dropbox/Wzone/tmp/tmp1994/shp832_19941231b.shp;C:/Users/owner/Dropbox/Wzone/tmp/tmp1994/shp833_19941231b.shp;C:/Users/owner/Dropbox/Wzone/tmp/tmp1994/shp835_19941231b.shp;C:/Users/owner/Dropbox/Wzone/tmp/tmp1994/shp838_19941231b.shp;C:/Users/owner/Dropbox/Wzone/tmp/tmp1994/shp842_19941231b.shp;C:/Users/owner/Dropbox/Wzone/tmp/tmp1994/shp846_19941231b.shp;C:/Users/owner/Dropbox/Wzone/tmp/tmp1994/shp869_19941231b.shp;C:/Users/owner/Dropbox/Wzone/tmp/tmp1994/shp885_19941231b.shp;C:/Users/owner/Dropbox/Wzone/tmp/tmp1994/shp891_19941231b.shp;C:/Users/owner/Dropbox/Wzone/tmp/tmp1994/shp912_19941231b.shp;C:/Users/owner/Dropbox/Wzone/tmp/tmp1994/shp913_19941231b.shp;C:/Users/owner/Dropbox/Wzone/tmp/tmp1994/shp914_19941231b.shp;C:/Users/owner/Dropbox/Wzone/tmp/tmp1994/shp915_19941231b.shp;C:/Users/owner/Dropbox/Wzone/tmp/tmp1994/shp918_19941231b.shp;C:/Users/owner/Dropbox/Wzone/tmp/tmp1994/shp921_19941231b.shp;C:/Users/owner/Dropbox/Wzone/tmp/tmp1994/shp923_19941231b.shp;C:/Users/owner/Dropbox/Wzone/tmp/tmp1994/shp926_19941231b.shp;C:/Users/owner/Dropbox/Wzone/tmp/tmp1994/shp927_19941231b.shp;C:/Users/owner/Dropbox/Wzone/tmp/tmp1994/shp930_19941231b.shp;C:/Users/owner/Dropbox/Wzone/tmp/tmp1994/shp932_19941231b.shp;C:/Users/owner/Dropbox/Wzone/tmp/tmp1994/shp934_19941231b.shp;C:/Users/owner/Dropbox/Wzone/tmp/tmp1994/shp935_19941231b.shp;C:/Users/owner/Dropbox/Wzone/tmp/tmp1994/shp936_19941231b.shp;C:/Users/owner/Dropbox/Wzone/tmp/tmp1994/shp938_19941231b.shp;C:/Users/owner/Dropbox/Wzone/tmp/tmp1994/shp939_19941231b.shp;C:/Users/owner/Dropbox/Wzone/tmp/tmp1994/shp941_19941231b.shp;C:/Users/owner/Dropbox/Wzone/tmp/tmp1994/shp942_19941231b.shp;C:/Users/owner/Dropbox/Wzone/tmp/tmp1994/shp944_19941231b.shp;C:/Users/owner/Dropbox/Wzone/tmp/tmp1994/shp947_19941231b.shp;C:/Users/owner/Dropbox/Wzone/tmp/tmp1994/shp948_19941231b.shp;C:/Users/owner/Dropbox/Wzone/tmp/tmp1994/shp950_19941231b.shp;C:/Users/owner/Dropbox/Wzone/tmp/tmp1994/shp951_19941231b.shp;C:/Users/owner/Dropbox/Wzone/tmp/tmp1994/shp954_19941231b.shp;C:/Users/owner/Dropbox/Wzone/tmp/tmp1994/shp955_19941231b.shp;C:/Users/owner/Dropbox/Wzone/tmp/tmp1994/shp956_19941231b.shp;C:/Users/owner/Dropbox/Wzone/tmp/tmp1994/shp957_19941231b.shp;C:/Users/owner/Dropbox/Wzone/tmp/tmp1994/shp959_19941231b.shp;C:/Users/owner/Dropbox/Wzone/tmp/tmp1994/shp960_19941231b.shp;C:/Users/owner/Dropbox/Wzone/tmp/tmp1994/shp961_19941231b.shp;C:/Users/owner/Dropbox/Wzone/tmp/tmp1994/shp962_19941231b.shp;C:/Users/owner/Dropbox/Wzone/tmp/tmp1994/shp963_19941231b.shp;C:/Users/owner/Dropbox/Wzone/tmp/tmp1994/shp964_19941231b.shp;C:/Users/owner/Dropbox/Wzone/tmp/tmp1994/shp965_19941231b.shp;C:/Users/owner/Dropbox/Wzone/tmp/tmp1994/shp967_19941231b.shp;C:/Users/owner/Dropbox/Wzone/tmp/tmp1994/shp968_19941231b.shp;C:/Users/owner/Dropbox/Wzone/tmp/tmp1994/shp970_19941231b.shp;C:/Users/owner/Dropbox/Wzone/tmp/tmp1994/shp975_19941231b.shp;C:/Users/owner/Dropbox/Wzone/tmp/tmp1994/shp976_19941231b.shp;C:/Users/owner/Dropbox/Wzone/tmp/tmp1994/shp977_19941231b.shp;C:/Users/owner/Dropbox/Wzone/tmp/tmp1994/shp979_19941231b.shp;C:/Users/owner/Dropbox/Wzone/tmp/tmp1994/shp983_19941231b.shp;C:/Users/owner/Dropbox/Wzone/tmp/tmp1994/shp987_19941231b.shp;C:/Users/owner/Dropbox/Wzone/tmp/tmp1994/shp988_19941231b.shp;C:/Users/owner/Dropbox/Wzone/tmp/tmp1994/shp989_19941231b.shp;C:/Users/owner/Dropbox/Wzone/tmp/tmp1994/shp990_19941231b.shp;C:/Users/owner/Dropbox/Wzone/tmp/tmp1994/shp993_19941231b.shp;C:/Users/owner/Dropbox/Wzone/tmp/tmp1994/shp998_19941231b.shp;C:/Users/owner/Dropbox/Wzone/tmp/tmp1994/shp1018_19941231b.shp;C:/Users/owner/Dropbox/Wzone/tmp/tmp1994/shp1021_19941231b.shp;C:/Users/owner/Dropbox/Wzone/tmp/tmp1994/shp1029_19941231b.shp;C:/Users/owner/Dropbox/Wzone/tmp/tmp1994/shp1031_19941231b.shp;C:/Users/owner/Dropbox/Wzone/tmp/tmp1994/shp1038_19941231b.shp;C:/Users/owner/Dropbox/Wzone/tmp/tmp1994/shp1045_19941231b.shp;C:/Users/owner/Dropbox/Wzone/tmp/tmp1994/shp1052_19941231b.shp;C:/Users/owner/Dropbox/Wzone/tmp/tmp1994/shp1054_19941231b.shp;C:/Users/owner/Dropbox/Wzone/tmp/tmp1994/shp1066_19941231b.shp;C:/Users/owner/Dropbox/Wzone/tmp/tmp1994/shp1072_19941231b.shp;C:/Users/owner/Dropbox/Wzone/tmp/tmp1994/shp1073_19941231b.shp;C:/Users/owner/Dropbox/Wzone/tmp/tmp1994/shp1074_19941231b.shp;C:/Users/owner/Dropbox/Wzone/tmp/tmp1994/shp1077_19941231b.shp;C:/Users/owner/Dropbox/Wzone/tmp/tmp1994/shp1108_19941231b.shp;C:/Users/owner/Dropbox/Wzone/tmp/tmp1994/shp1167_19941231b.shp;C:/Users/owner/Dropbox/Wzone/tmp/tmp1994/shp1199_19941231b.shp;C:/Users/owner/Dropbox/Wzone/tmp/tmp1994/shp1204_19941231b.shp;C:/Users/owner/Dropbox/Wzone/tmp/tmp1994/shp5129_19941231b.shp;C:/Users/owner/Dropbox/Wzone/tmp/tmp1994/shp5201_19941231b.shp;C:/Users/owner/Dropbox/Wzone/tmp/tmp1994/shp5266_19941231b.shp;C:/Users/owner/Dropbox/Wzone/tmp/tmp1994/shp5282_19941231b.shp;C:/Users/owner/Dropbox/Wzone/tmp/tmp1994/shp5293_19941231b.shp;C:/Users/owner/Dropbox/Wzone/tmp/tmp1994/shp5313_19941231b.shp;C:/Users/owner/Dropbox/Wzone/tmp/tmp1994/shp5323_19941231b.shp;C:/Users/owner/Dropbox/Wzone/tmp/tmp1994/shp5330_19941231b.shp;C:/Users/owner/Dropbox/Wzone/tmp/tmp1994/shp5336_19941231b.shp;C:/Users/owner/Dropbox/Wzone/tmp/tmp1994/shp5349_19941231b.shp;C:/Users/owner/Dropbox/Wzone/tmp/tmp1994/shp5368_19941231b.shp;C:/Users/owner/Dropbox/Wzone/tmp/tmp1994/shp5376_19941231b.shp;C:/Users/owner/Dropbox/Wzone/tmp/tmp1994/shp5386_19941231b.shp;C:/Users/owner/Dropbox/Wzone/tmp/tmp1994/shp5405_19941231b.shp;C:/Users/owner/Dropbox/Wzone/tmp/tmp1994/shp5432_19941231b.shp;C:/Users/owner/Dropbox/Wzone/tmp/tmp1994/shp5450_19941231b.shp;C:/Users/owner/Dropbox/Wzone/tmp/tmp1994/shp5467_19941231b.shp;C:/Users/owner/Dropbox/Wzone/tmp/tmp1994/shp5505_19941231b.shp;C:/Users/owner/Dropbox/Wzone/tmp/tmp1994/shp5512_19941231b.shp;C:/Users/owner/Dropbox/Wzone/tmp/tmp1994/shp5515_19941231b.shp;C:/Users/owner/Dropbox/Wzone/tmp/tmp1994/shp9878_19941231b.shp;C:/Users/owner/Dropbox/Wzone/tmp/tmp1994/shp10264_19941231b.shp;C:/Users/owner/Dropbox/Wzone/tmp/tmp1994/shp11123_19941231b.shp;C:/Users/owner/Dropbox/Wzone/tmp/tmp1994/shp12515_19941231b.shp;C:/Users/owner/Dropbox/Wzone/tmp/tmp1994/shp15558_19941231b.shp C:\Users\owner\Dropbox\Wzone\out\wzone_shp\1994\1994_12_31.shp "dyad_id "dyad_id" true true false 5 Long 0 5,First,#,C:/Users/owner/Dropbox/Wzone/tmp/tmp1994/shp406_19941231b.shp,dyad_id,-1,-1,C:/Users/owner/Dropbox/Wzone/tmp/tmp1994/shp411_19941231b.shp,dyad_id,-1,-1,C:/Users/owner/Dropbox/Wzone/tmp/tmp1994/shp422_19941231b.shp,dyad_id,-1,-1,C:/Users/owner/Dropbox/Wzone/tmp/tmp1994/shp428_19941231b.shp,dyad_id,-1,-1,C:/Users/owner/Dropbox/Wzone/tmp/tmp1994/shp442_19941231b.shp,dyad_id,-1,-1,C:/Users/owner/Dropbox/Wzone/tmp/tmp1994/shp451_19941231b.shp,dyad_id,-1,-1,C:/Users/owner/Dropbox/Wzone/tmp/tmp1994/shp461_19941231b.shp,dyad_id,-1,-1,C:/Users/owner/Dropbox/Wzone/tmp/tmp1994/shp469_19941231b.shp,dyad_id,-1,-1,C:/Users/owner/Dropbox/Wzone/tmp/tmp1994/shp475_19941231b.shp,dyad_id,-1,-1,C:/Users/owner/Dropbox/Wzone/tmp/tmp1994/shp476_19941231b.shp,dyad_id,-1,-1,C:/Users/owner/Dropbox/Wzone/tmp/tmp1994/shp478_19941231b.shp,dyad_id,-1,-1,C:/Users/owner/Dropbox/Wzone/tmp/tmp1994/shp508_19941231b.shp,dyad_id,-1,-1,C:/Users/owner/Dropbox/Wzone/tmp/tmp1994/shp511_19941231b.shp,dyad_id,-1,-1,C:/Users/owner/Dropbox/Wzone/tmp/tmp1994/shp521_19941231b.shp,dyad_id,-1,-1,C:/Users/owner/Dropbox/Wzone/tmp/tmp1994/shp549_19941231b.shp,dyad_id,-1,-1,C:/Users/owner/Dropbox/Wzone/tmp/tmp1994/shp565_19941231b.shp,dyad_id,-1,-1,C:/Users/owner/Dropbox/Wzone/tmp/tmp1994/shp623_19941231b.shp,dyad_id,-1,-1,C:/Users/owner/Dropbox/Wzone/tmp/tmp1994/shp624_19941231b.shp,dyad_id,-1,-1,C:/Users/owner/Dropbox/Wzone/tmp/tmp1994/shp631_19941231b.shp,dyad_id,-1,-1,C:/Users/owner/Dropbox/Wzone/tmp/tmp1994/shp644_19941231b.shp,dyad_id,-1,-1,C:/Users/owner/Dropbox/Wzone/tmp/tmp1994/shp657_19941231b.shp,dyad_id,-1,-1,C:/Users/owner/Dropbox/Wzone/tmp/tmp1994/shp658_19941231b.shp,dyad_id,-1,-1,C:/Users/owner/Dropbox/Wzone/tmp/tmp1994/shp663_19941231b.shp,dyad_id,-1,-1,C:/Users/owner/Dropbox/Wzone/tmp/tmp1994/shp688_19941231b.shp,dyad_id,-1,-1,C:/Users/owner/Dropbox/Wzone/tmp/tmp1994/shp705_19941231b.shp,dyad_id,-1,-1,C:/Users/owner/Dropbox/Wzone/tmp/tmp1994/shp714_19941231b.shp,dyad_id,-1,-1,C:/Users/owner/Dropbox/Wzone/tmp/tmp1994/shp719_19941231b.shp,dyad_id,-1,-1,C:/Users/owner/Dropbox/Wzone/tmp/tmp1994/shp722_19941231b.shp,dyad_id,-1,-1,C:/Users/owner/Dropbox/Wzone/tmp/tmp1994/shp726_19941231b.shp,dyad_id,-1,-1,C:/Users/owner/Dropbox/Wzone/tmp/tmp1994/shp734_19941231b.shp,dyad_id,-1,-1,C:/Users/owner/Dropbox/Wzone/tmp/tmp1994/shp739_19941231b.shp,dyad_id,-1,-1,C:/Users/owner/Dropbox/Wzone/tmp/tmp1994/shp753_19941231b.shp,dyad_id,-1,-1,C:/Users/owner/Dropbox/Wzone/tmp/tmp1994/shp763_19941231b.shp,dyad_id,-1,-1,C:/Users/owner/Dropbox/Wzone/tmp/tmp1994/shp768_19941231b.shp,dyad_id,-1,-1,C:/Users/owner/Dropbox/Wzone/tmp/tmp1994/shp769_19941231b.shp,dyad_id,-1,-1,C:/Users/owner/Dropbox/Wzone/tmp/tmp1994/shp776_19941231b.shp,dyad_id,-1,-1,C:/Users/owner/Dropbox/Wzone/tmp/tmp1994/shp781_19941231b.shp,dyad_id,-1,-1,C:/Users/owner/Dropbox/Wzone/tmp/tmp1994/shp792_19941231b.shp,dyad_id,-1,-1,C:/Users/owner/Dropbox/Wzone/tmp/tmp1994/shp793_19941231b.shp,dyad_id,-1,-1,C:/Users/owner/Dropbox/Wzone/tmp/tmp1994/shp797_19941231b.shp,dyad_id,-1,-1,C:/Users/owner/Dropbox/Wzone/tmp/tmp1994/shp801_19941231b.shp,dyad_id,-1,-1,C:/Users/owner/Dropbox/Wzone/tmp/tmp1994/shp806_19941231b.shp,dyad_id,-1,-1,C:/Users/owner/Dropbox/Wzone/tmp/tmp1994/shp818_19941231b.shp,dyad_id,-1,-1,C:/Users/owner/Dropbox/Wzone/tmp/tmp1994/shp822_19941231b.shp,dyad_id,-1,-1,C:/Users/owner/Dropbox/Wzone/tmp/tmp1994/shp828_19941231b.shp,dyad_id,-1,-1,C:/Users/owner/Dropbox/Wzone/tmp/tmp1994/shp829_19941231b.shp,dyad_id,-1,-1,C:/Users/owner/Dropbox/Wzone/tmp/tmp1994/shp832_19941231b.shp,dyad_id,-1,-1,C:/Users/owner/Dropbox/Wzone/tmp/tmp1994/shp833_19941231b.shp,dyad_id,-1,-1,C:/Users/owner/Dropbox/Wzone/tmp/tmp1994/shp835_19941231b.shp,dyad_id,-1,-1,C:/Users/owner/Dropbox/Wzone/tmp/tmp1994/shp838_19941231b.shp,dyad_id,-1,-1,C:/Users/owner/Dropbox/Wzone/tmp/tmp1994/shp842_19941231b.shp,dyad_id,-1,-1,C:/Users/owner/Dropbox/Wzone/tmp/tmp1994/shp846_19941231b.shp,dyad_id,-1,-1,C:/Users/owner/Dropbox/Wzone/tmp/tmp1994/shp869_19941231b.shp,dyad_id,-1,-1,C:/Users/owner/Dropbox/Wzone/tmp/tmp1994/shp885_19941231b.shp,dyad_id,-1,-1,C:/Users/owner/Dropbox/Wzone/tmp/tmp1994/shp891_19941231b.shp,dyad_id,-1,-1,C:/Users/owner/Dropbox/Wzone/tmp/tmp1994/shp912_19941231b.shp,dyad_id,-1,-1,C:/Users/owner/Dropbox/Wzone/tmp/tmp1994/shp913_19941231b.shp,dyad_id,-1,-1,C:/Users/owner/Dropbox/Wzone/tmp/tmp1994/shp914_19941231b.shp,dyad_id,-1,-1,C:/Users/owner/Dropbox/Wzone/tmp/tmp1994/shp915_19941231b.shp,dyad_id,-1,-1,C:/Users/owner/Dropbox/Wzone/tmp/tmp1994/shp918_19941231b.shp,dyad_id,-1,-1,C:/Users/owner/Dropbox/Wzone/tmp/tmp1994/shp921_19941231b.shp,dyad_id,-1,-1,C:/Users/owner/Dropbox/Wzone/tmp/tmp1994/shp923_19941231b.shp,dyad_id,-1,-1,C:/Users/owner/Dropbox/Wzone/tmp/tmp1994/shp926_19941231b.shp,dyad_id,-1,-1,C:/Users/owner/Dropbox/Wzone/tmp/tmp1994/shp927_19941231b.shp,dyad_id,-1,-1,C:/Users/owner/Dropbox/Wzone/tmp/tmp1994/shp930_19941231b.shp,dyad_id,-1,-1,C:/Users/owner/Dropbox/Wzone/tmp/tmp1994/shp932_19941231b.shp,dyad_id,-1,-1,C:/Users/owner/Dropbox/Wzone/tmp/tmp1994/shp934_19941231b.shp,dyad_id,-1,-1,C:/Users/owner/Dropbox/Wzone/tmp/tmp1994/shp935_19941231b.shp,dyad_id,-1,-1,C:/Users/owner/Dropbox/Wzone/tmp/tmp1994/shp936_19941231b.shp,dyad_id,-1,-1,C:/Users/owner/Dropbox/Wzone/tmp/tmp1994/shp938_19941231b.shp,dyad_id,-1,-1,C:/Users/owner/Dropbox/Wzone/tmp/tmp1994/shp939_19941231b.shp,dyad_id,-1,-1,C:/Users/owner/Dropbox/Wzone/tmp/tmp1994/shp941_19941231b.shp,dyad_id,-1,-1,C:/Users/owner/Dropbox/Wzone/tmp/tmp1994/shp942_19941231b.shp,dyad_id,-1,-1,C:/Users/owner/Dropbox/Wzone/tmp/tmp1994/shp944_19941231b.shp,dyad_id,-1,-1,C:/Users/owner/Dropbox/Wzone/tmp/tmp1994/shp947_19941231b.shp,dyad_id,-1,-1,C:/Users/owner/Dropbox/Wzone/tmp/tmp1994/shp948_19941231b.shp,dyad_id,-1,-1,C:/Users/owner/Dropbox/Wzone/tmp/tmp1994/shp950_19941231b.shp,dyad_id,-1,-1,C:/Users/owner/Dropbox/Wzone/tmp/tmp1994/shp951_19941231b.shp,dyad_id,-1,-1,C:/Users/owner/Dropbox/Wzone/tmp/tmp1994/shp954_19941231b.shp,dyad_id,-1,-1,C:/Users/owner/Dropbox/Wzone/tmp/tmp1994/shp955_19941231b.shp,dyad_id,-1,-1,C:/Users/owner/Dropbox/Wzone/tmp/tmp1994/shp956_19941231b.shp,dyad_id,-1,-1,C:/Users/owner/Dropbox/Wzone/tmp/tmp1994/shp957_19941231b.shp,dyad_id,-1,-1,C:/Users/owner/Dropbox/Wzone/tmp/tmp1994/shp959_19941231b.shp,dyad_id,-1,-1,C:/Users/owner/Dropbox/Wzone/tmp/tmp1994/shp960_19941231b.shp,dyad_id,-1,-1,C:/Users/owner/Dropbox/Wzone/tmp/tmp1994/shp961_19941231b.shp,dyad_id,-1,-1,C:/Users/owner/Dropbox/Wzone/tmp/tmp1994/shp962_19941231b.shp,dyad_id,-1,-1,C:/Users/owner/Dropbox/Wzone/tmp/tmp1994/shp963_19941231b.shp,dyad_id,-1,-1,C:/Users/owner/Dropbox/Wzone/tmp/tmp1994/shp964_19941231b.shp,dyad_id,-1,-1,C:/Users/owner/Dropbox/Wzone/tmp/tmp1994/shp965_19941231b.shp,dyad_id,-1,-1,C:/Users/owner/Dropbox/Wzone/tmp/tmp1994/shp967_19941231b.shp,dyad_id,-1,-1,C:/Users/owner/Dropbox/Wzone/tmp/tmp1994/shp968_19941231b.shp,dyad_id,-1,-1,C:/Users/owner/Dropbox/Wzone/tmp/tmp1994/shp970_19941231b.shp,dyad_id,-1,-1,C:/Users/owner/Dropbox/Wzone/tmp/tmp1994/shp975_19941231b.shp,dyad_id,-1,-1,C:/Users/owner/Dropbox/Wzone/tmp/tmp1994/shp976_19941231b.shp,dyad_id,-1,-1,C:/Users/owner/Dropbox/Wzone/tmp/tmp1994/shp977_19941231b.shp,dyad_id,-1,-1,C:/Users/owner/Dropbox/Wzone/tmp/tmp1994/shp979_19941231b.shp,dyad_id,-1,-1,C:/Users/owner/Dropbox/Wzone/tmp/tmp1994/shp983_19941231b.shp,dyad_id,-1,-1,C:/Users/owner/Dropbox/Wzone/tmp/tmp1994/shp987_19941231b.shp,dyad_id,-1,-1,C:/Users/owner/Dropbox/Wzone/tmp/tmp1994/shp988_19941231b.shp,dyad_id,-1,-1,C:/Users/owner/Dropbox/Wzone/tmp/tmp1994/shp989_19941231b.shp,dyad_id,-1,-1,C:/Users/owner/Dropbox/Wzone/tmp/tmp1994/shp990_19941231b.shp,dyad_id,-1,-1,C:/Users/owner/Dropbox/Wzone/tmp/tmp1994/shp993_19941231b.shp,dyad_id,-1,-1,C:/Users/owner/Dropbox/Wzone/tmp/tmp1994/shp998_19941231b.shp,dyad_id,-1,-1,C:/Users/owner/Dropbox/Wzone/tmp/tmp1994/shp1018_19941231b.shp,dyad_id,-1,-1,C:/Users/owner/Dropbox/Wzone/tmp/tmp1994/shp1021_19941231b.shp,dyad_id,-1,-1,C:/Users/owner/Dropbox/Wzone/tmp/tmp1994/shp1029_19941231b.shp,dyad_id,-1,-1,C:/Users/owner/Dropbox/Wzone/tmp/tmp1994/shp1031_19941231b.shp,dyad_id,-1,-1,C:/Users/owner/Dropbox/Wzone/tmp/tmp1994/shp1038_19941231b.shp,dyad_id,-1,-1,C:/Users/owner/Dropbox/Wzone/tmp/tmp1994/shp1045_19941231b.shp,dyad_id,-1,-1,C:/Users/owner/Dropbox/Wzone/tmp/tmp1994/shp1052_19941231b.shp,dyad_id,-1,-1,C:/Users/owner/Dropbox/Wzone/tmp/tmp1994/shp1054_19941231b.shp,dyad_id,-1,-1,C:/Users/owner/Dropbox/Wzone/tmp/tmp1994/shp1066_19941231b.shp,dyad_id,-1,-1,C:/Users/owner/Dropbox/Wzone/tmp/tmp1994/shp1072_19941231b.shp,dyad_id,-1,-1,C:/Users/owner/Dropbox/Wzone/tmp/tmp1994/shp1073_19941231b.shp,dyad_id,-1,-1,C:/Users/owner/Dropbox/Wzone/tmp/tmp1994/shp1074_19941231b.shp,dyad_id,-1,-1,C:/Users/owner/Dropbox/Wzone/tmp/tmp1994/shp1077_19941231b.shp,dyad_id,-1,-1,C:/Users/owner/Dropbox/Wzone/tmp/tmp1994/shp1108_19941231b.shp,dyad_id,-1,-1,C:/Users/owner/Dropbox/Wzone/tmp/tmp1994/shp1167_19941231b.shp,dyad_id,-1,-1,C:/Users/owner/Dropbox/Wzone/tmp/tmp1994/shp1199_19941231b.shp,dyad_id,-1,-1,C:/Users/owner/Dropbox/Wzone/tmp/tmp1994/shp1204_19941231b.shp,dyad_id,-1,-1,C:/Users/owner/Dropbox/Wzone/tmp/tmp1994/shp5129_19941231b.shp,dyad_id,-1,-1,C:/Users/owner/Dropbox/Wzone/tmp/tmp1994/shp5201_19941231b.shp,dyad_id,-1,-1,C:/Users/owner/Dropbox/Wzone/tmp/tmp1994/shp5266_19941231b.shp,dyad_id,-1,-1,C:/Users/owner/Dropbox/Wzone/tmp/tmp1994/shp5282_19941231b.shp,dyad_id,-1,-1,C:/Users/owner/Dropbox/Wzone/tmp/tmp1994/shp5293_19941231b.shp,dyad_id,-1,-1,C:/Users/owner/Dropbox/Wzone/tmp/tmp1994/shp5313_19941231b.shp,dyad_id,-1,-1,C:/Users/owner/Dropbox/Wzone/tmp/tmp1994/shp5323_19941231b.shp,dyad_id,-1,-1,C:/Users/owner/Dropbox/Wzone/tmp/tmp1994/shp5330_19941231b.shp,dyad_id,-1,-1,C:/Users/owner/Dropbox/Wzone/tmp/tmp1994/shp5336_19941231b.shp,dyad_id,-1,-1,C:/Users/owner/Dropbox/Wzone/tmp/tmp1994/shp5349_19941231b.shp,dyad_id,-1,-1,C:/Users/owner/Dropbox/Wzone/tmp/tmp1994/shp5368_19941231b.shp,dyad_id,-1,-1,C:/Users/owner/Dropbox/Wzone/tmp/tmp1994/shp5376_19941231b.shp,dyad_id,-1,-1,C:/Users/owner/Dropbox/Wzone/tmp/tmp1994/shp5386_19941231b.shp,dyad_id,-1,-1,C:/Users/owner/Dropbox/Wzone/tmp/tmp1994/shp5405_19941231b.shp,dyad_id,-1,-1,C:/Users/owner/Dropbox/Wzone/tmp/tmp1994/shp5432_19941231b.shp,dyad_id,-1,-1,C:/Users/owner/Dropbox/Wzone/tmp/tmp1994/shp5450_19941231b.shp,dyad_id,-1,-1,C:/Users/owner/Dropbox/Wzone/tmp/tmp1994/shp5467_19941231b.shp,dyad_id,-1,-1,C:/Users/owner/Dropbox/Wzone/tmp/tmp1994/shp5505_19941231b.shp,dyad_id,-1,-1,C:/Users/owner/Dropbox/Wzone/tmp/tmp1994/shp5512_19941231b.shp,dyad_id,-1,-1,C:/Users/owner/Dropbox/Wzone/tmp/tmp1994/shp5515_19941231b.shp,dyad_id,-1,-1,C:/Users/owner/Dropbox/Wzone/tmp/tmp1994/shp9878_19941231b.shp,dyad_id,-1,-1,C:/Users/owner/Dropbox/Wzone/tmp/tmp1994/shp10264_19941231b.shp,dyad_id,-1,-1,C:/Users/owner/Dropbox/Wzone/tmp/tmp1994/shp11123_19941231b.shp,dyad_id,-1,-1,C:/Users/owner/Dropbox/Wzone/tmp/tmp1994/shp12515_19941231b.shp,dyad_id,-1,-1,C:/Users/owner/Dropbox/Wzone/tmp/tmp1994/shp15558_19941231b.shp,dyad_id,-1,-1;conf_id "conf_id" true true false 5 Long 0 5,First,#,C:/Users/owner/Dropbox/Wzone/tmp/tmp1994/shp406_19941231b.shp,conf_id,-1,-1,C:/Users/owner/Dropbox/Wzone/tmp/tmp1994/shp411_19941231b.shp,conf_id,-1,-1,C:/Users/owner/Dropbox/Wzone/tmp/tmp1994/shp422_19941231b.shp,conf_id,-1,-1,C:/Users/owner/Dropbox/Wzone/tmp/tmp1994/shp428_19941231b.shp,conf_id,-1,-1,C:/Users/owner/Dropbox/Wzone/tmp/tmp1994/shp442_19941231b.shp,conf_id,-1,-1,C:/Users/owner/Dropbox/Wzone/tmp/tmp1994/shp451_19941231b.shp,conf_id,-1,-1,C:/Users/owner/Dropbox/Wzone/tmp/tmp1994/shp461_19941231b.shp,conf_id,-1,-1,C:/Users/owner/Dropbox/Wzone/tmp/tmp1994/shp469_19941231b.shp,conf_id,-1,-1,C:/Users/owner/Dropbox/Wzone/tmp/tmp1994/shp475_19941231b.shp,conf_id,-1,-1,C:/Users/owner/Dropbox/Wzone/tmp/tmp1994/shp476_19941231b.shp,conf_id,-1,-1,C:/Users/owner/Dropbox/Wzone/tmp/tmp1994/shp478_19941231b.shp,conf_id,-1,-1,C:/Users/owner/Dropbox/Wzone/tmp/tmp1994/shp508_19941231b.shp,conf_id,-1,-1,C:/Users/owner/Dropbox/Wzone/tmp/tmp1994/shp511_19941231b.shp,conf_id,-1,-1,C:/Users/owner/Dropbox/Wzone/tmp/tmp1994/shp521_19941231b.shp,conf_id,-1,-1,C:/Users/owner/Dropbox/Wzone/tmp/tmp1994/shp549_19941231b.shp,conf_id,-1,-1,C:/Users/owner/Dropbox/Wzone/tmp/tmp1994/shp565_19941231b.shp,conf_id,-1,-1,C:/Users/owner/Dropbox/Wzone/tmp/tmp1994/shp623_19941231b.shp,conf_id,-1,-1,C:/Users/owner/Dropbox/Wzone/tmp/tmp1994/shp624_19941231b.shp,conf_id,-1,-1,C:/Users/owner/Dropbox/Wzone/tmp/tmp1994/shp631_19941231b.shp,conf_id,-1,-1,C:/Users/owner/Dropbox/Wzone/tmp/tmp1994/shp644_19941231b.shp,conf_id,-1,-1,C:/Users/owner/Dropbox/Wzone/tmp/tmp1994/shp657_19941231b.shp,conf_id,-1,-1,C:/Users/owner/Dropbox/Wzone/tmp/tmp1994/shp658_19941231b.shp,conf_id,-1,-1,C:/Users/owner/Dropbox/Wzone/tmp/tmp1994/shp663_19941231b.shp,conf_id,-1,-1,C:/Users/owner/Dropbox/Wzone/tmp/tmp1994/shp688_19941231b.shp,conf_id,-1,-1,C:/Users/owner/Dropbox/Wzone/tmp/tmp1994/shp705_19941231b.shp,conf_id,-1,-1,C:/Users/owner/Dropbox/Wzone/tmp/tmp1994/shp714_19941231b.shp,conf_id,-1,-1,C:/Users/owner/Dropbox/Wzone/tmp/tmp1994/shp719_19941231b.shp,conf_id,-1,-1,C:/Users/owner/Dropbox/Wzone/tmp/tmp1994/shp722_19941231b.shp,conf_id,-1,-1,C:/Users/owner/Dropbox/Wzone/tmp/tmp1994/shp726_19941231b.shp,conf_id,-1,-1,C:/Users/owner/Dropbox/Wzone/tmp/tmp1994/shp734_19941231b.shp,conf_id,-1,-1,C:/Users/owner/Dropbox/Wzone/tmp/tmp1994/shp739_19941231b.shp,conf_id,-1,-1,C:/Users/owner/Dropbox/Wzone/tmp/tmp1994/shp753_19941231b.shp,conf_id,-1,-1,C:/Users/owner/Dropbox/Wzone/tmp/tmp1994/shp763_19941231b.shp,conf_id,-1,-1,C:/Users/owner/Dropbox/Wzone/tmp/tmp1994/shp768_19941231b.shp,conf_id,-1,-1,C:/Users/owner/Dropbox/Wzone/tmp/tmp1994/shp769_19941231b.shp,conf_id,-1,-1,C:/Users/owner/Dropbox/Wzone/tmp/tmp1994/shp776_19941231b.shp,conf_id,-1,-1,C:/Users/owner/Dropbox/Wzone/tmp/tmp1994/shp781_19941231b.shp,conf_id,-1,-1,C:/Users/owner/Dropbox/Wzone/tmp/tmp1994/shp792_19941231b.shp,conf_id,-1,-1,C:/Users/owner/Dropbox/Wzone/tmp/tmp1994/shp793_19941231b.shp,conf_id,-1,-1,C:/Users/owner/Dropbox/Wzone/tmp/tmp1994/shp797_19941231b.shp,conf_id,-1,-1,C:/Users/owner/Dropbox/Wzone/tmp/tmp1994/shp801_19941231b.shp,conf_id,-1,-1,C:/Users/owner/Dropbox/Wzone/tmp/tmp1994/shp806_19941231b.shp,conf_id,-1,-1,C:/Users/owner/Dropbox/Wzone/tmp/tmp1994/shp818_19941231b.shp,conf_id,-1,-1,C:/Users/owner/Dropbox/Wzone/tmp/tmp1994/shp822_19941231b.shp,conf_id,-1,-1,C:/Users/owner/Dropbox/Wzone/tmp/tmp1994/shp828_19941231b.shp,conf_id,-1,-1,C:/Users/owner/Dropbox/Wzone/tmp/tmp1994/shp829_19941231b.shp,conf_id,-1,-1,C:/Users/owner/Dropbox/Wzone/tmp/tmp1994/shp832_19941231b.shp,conf_id,-1,-1,C:/Users/owner/Dropbox/Wzone/tmp/tmp1994/shp833_19941231b.shp,conf_id,-1,-1,C:/Users/owner/Dropbox/Wzone/tmp/tmp1994/shp835_19941231b.shp,conf_id,-1,-1,C:/Users/owner/Dropbox/Wzone/tmp/tmp1994/shp838_19941231b.shp,conf_id,-1,-1,C:/Users/owner/Dropbox/Wzone/tmp/tmp1994/shp842_19941231b.shp,conf_id,-1,-1,C:/Users/owner/Dropbox/Wzone/tmp/tmp1994/shp846_19941231b.shp,conf_id,-1,-1,C:/Users/owner/Dropbox/Wzone/tmp/tmp1994/shp869_19941231b.shp,conf_id,-1,-1,C:/Users/owner/Dropbox/Wzone/tmp/tmp1994/shp885_19941231b.shp,conf_id,-1,-1,C:/Users/owner/Dropbox/Wzone/tmp/tmp1994/shp891_19941231b.shp,conf_id,-1,-1,C:/Users/owner/Dropbox/Wzone/tmp/tmp1994/shp912_19941231b.shp,conf_id,-1,-1,C:/Users/owner/Dropbox/Wzone/tmp/tmp1994/shp913_19941231b.shp,conf_id,-1,-1,C:/Users/owner/Dropbox/Wzone/tmp/tmp1994/shp914_19941231b.shp,conf_id,-1,-1,C:/Users/owner/Dropbox/Wzone/tmp/tmp1994/shp915_19941231b.shp,conf_id,-1,-1,C:/Users/owner/Dropbox/Wzone/tmp/tmp1994/shp918_19941231b.shp,conf_id,-1,-1,C:/Users/owner/Dropbox/Wzone/tmp/tmp1994/shp921_19941231b.shp,conf_id,-1,-1,C:/Users/owner/Dropbox/Wzone/tmp/tmp1994/shp923_19941231b.shp,conf_id,-1,-1,C:/Users/owner/Dropbox/Wzone/tmp/tmp1994/shp926_19941231b.shp,conf_id,-1,-1,C:/Users/owner/Dropbox/Wzone/tmp/tmp1994/shp927_19941231b.shp,conf_id,-1,-1,C:/Users/owner/Dropbox/Wzone/tmp/tmp1994/shp930_19941231b.shp,conf_id,-1,-1,C:/Users/owner/Dropbox/Wzone/tmp/tmp1994/shp932_19941231b.shp,conf_id,-1,-1,C:/Users/owner/Dropbox/Wzone/tmp/tmp1994/shp934_19941231b.shp,conf_id,-1,-1,C:/Users/owner/Dropbox/Wzone/tmp/tmp1994/shp935_19941231b.shp,conf_id,-1,-1,C:/Users/owner/Dropbox/Wzone/tmp/tmp1994/shp936_19941231b.shp,conf_id,-1,-1,C:/Users/owner/Dropbox/Wzone/tmp/tmp1994/shp938_19941231b.shp,conf_id,-1,-1,C:/Users/owner/Dropbox/Wzone/tmp/tmp1994/shp939_19941231b.shp,conf_id,-1,-1,C:/Users/owner/Dropbox/Wzone/tmp/tmp1994/shp941_19941231b.shp,conf_id,-1,-1,C:/Users/owner/Dropbox/Wzone/tmp/tmp1994/shp942_19941231b.shp,conf_id,-1,-1,C:/Users/owner/Dropbox/Wzone/tmp/tmp1994/shp944_19941231b.shp,conf_id,-1,-1,C:/Users/owner/Dropbox/Wzone/tmp/tmp1994/shp947_19941231b.shp,conf_id,-1,-1,C:/Users/owner/Dropbox/Wzone/tmp/tmp1994/shp948_19941231b.shp,conf_id,-1,-1,C:/Users/owner/Dropbox/Wzone/tmp/tmp1994/shp950_19941231b.shp,conf_id,-1,-1,C:/Users/owner/Dropbox/Wzone/tmp/tmp1994/shp951_19941231b.shp,conf_id,-1,-1,C:/Users/owner/Dropbox/Wzone/tmp/tmp1994/shp954_19941231b.shp,conf_id,-1,-1,C:/Users/owner/Dropbox/Wzone/tmp/tmp1994/shp955_19941231b.shp,conf_id,-1,-1,C:/Users/owner/Dropbox/Wzone/tmp/tmp1994/shp956_19941231b.shp,conf_id,-1,-1,C:/Users/owner/Dropbox/Wzone/tmp/tmp1994/shp957_19941231b.shp,conf_id,-1,-1,C:/Users/owner/Dropbox/Wzone/tmp/tmp1994/shp959_19941231b.shp,conf_id,-1,-1,C:/Users/owner/Dropbox/Wzone/tmp/tmp1994/shp960_19941231b.shp,conf_id,-1,-1,C:/Users/owner/Dropbox/Wzone/tmp/tmp1994/shp961_19941231b.shp,conf_id,-1,-1,C:/Users/owner/Dropbox/Wzone/tmp/tmp1994/shp962_19941231b.shp,conf_id,-1,-1,C:/Users/owner/Dropbox/Wzone/tmp/tmp1994/shp963_19941231b.shp,conf_id,-1,-1,C:/Users/owner/Dropbox/Wzone/tmp/tmp1994/shp964_19941231b.shp,conf_id,-1,-1,C:/Users/owner/Dropbox/Wzone/tmp/tmp1994/shp965_19941231b.shp,conf_id,-1,-1,C:/Users/owner/Dropbox/Wzone/tmp/tmp1994/shp967_19941231b.shp,conf_id,-1,-1,C:/Users/owner/Dropbox/Wzone/tmp/tmp1994/shp968_19941231b.shp,conf_id,-1,-1,C:/Users/owner/Dropbox/Wzone/tmp/tmp1994/shp970_19941231b.shp,conf_id,-1,-1,C:/Users/owner/Dropbox/Wzone/tmp/tmp1994/shp975_19941231b.shp,conf_id,-1,-1,C:/Users/owner/Dropbox/Wzone/tmp/tmp1994/shp976_19941231b.shp,conf_id,-1,-1,C:/Users/owner/Dropbox/Wzone/tmp/tmp1994/shp977_19941231b.shp,conf_id,-1,-1,C:/Users/owner/Dropbox/Wzone/tmp/tmp1994/shp979_19941231b.shp,conf_id,-1,-1,C:/Users/owner/Dropbox/Wzone/tmp/tmp1994/shp983_19941231b.shp,conf_id,-1,-1,C:/Users/owner/Dropbox/Wzone/tmp/tmp1994/shp987_19941231b.shp,conf_id,-1,-1,C:/Users/owner/Dropbox/Wzone/tmp/tmp1994/shp988_19941231b.shp,conf_id,-1,-1,C:/Users/owner/Dropbox/Wzone/tmp/tmp1994/shp989_19941231b.shp,conf_id,-1,-1,C:/Users/owner/Dropbox/Wzone/tmp/tmp1994/shp990_19941231b.shp,conf_id,-1,-1,C:/Users/owner/Dropbox/Wzone/tmp/tmp1994/shp993_19941231b.shp,conf_id,-1,-1,C:/Users/owner/Dropbox/Wzone/tmp/tmp1994/shp998_19941231b.shp,conf_id,-1,-1,C:/Users/owner/Dropbox/Wzone/tmp/tmp1994/shp1018_19941231b.shp,conf_id,-1,-1,C:/Users/owner/Dropbox/Wzone/tmp/tmp1994/shp1021_19941231b.shp,conf_id,-1,-1,C:/Users/owner/Dropbox/Wzone/tmp/tmp1994/shp1029_19941231b.shp,conf_id,-1,-1,C:/Users/owner/Dropbox/Wzone/tmp/tmp1994/shp1031_19941231b.shp,conf_id,-1,-1,C:/Users/owner/Dropbox/Wzone/tmp/tmp1994/shp1038_19941231b.shp,conf_id,-1,-1,C:/Users/owner/Dropbox/Wzone/tmp/tmp1994/shp1045_19941231b.shp,conf_id,-1,-1,C:/Users/owner/Dropbox/Wzone/tmp/tmp1994/shp1052_19941231b.shp,conf_id,-1,-1,C:/Users/owner/Dropbox/Wzone/tmp/tmp1994/shp1054_19941231b.shp,conf_id,-1,-1,C:/Users/owner/Dropbox/Wzone/tmp/tmp1994/shp1066_19941231b.shp,conf_id,-1,-1,C:/Users/owner/Dropbox/Wzone/tmp/tmp1994/shp1072_19941231b.shp,conf_id,-1,-1,C:/Users/owner/Dropbox/Wzone/tmp/tmp1994/shp1073_19941231b.shp,conf_id,-1,-1,C:/Users/owner/Dropbox/Wzone/tmp/tmp1994/shp1074_19941231b.shp,conf_id,-1,-1,C:/Users/owner/Dropbox/Wzone/tmp/tmp1994/shp1077_19941231b.shp,conf_id,-1,-1,C:/Users/owner/Dropbox/Wzone/tmp/tmp1994/shp1108_19941231b.shp,conf_id,-1,-1,C:/Users/owner/Dropbox/Wzone/tmp/tmp1994/shp1167_19941231b.shp,conf_id,-1,-1,C:/Users/owner/Dropbox/Wzone/tmp/tmp1994/shp1199_19941231b.shp,conf_id,-1,-1,C:/Users/owner/Dropbox/Wzone/tmp/tmp1994/shp1204_19941231b.shp,conf_id,-1,-1,C:/Users/owner/Dropbox/Wzone/tmp/tmp1994/shp5129_19941231b.shp,conf_id,-1,-1,C:/Users/owner/Dropbox/Wzone/tmp/tmp1994/shp5201_19941231b.shp,conf_id,-1,-1,C:/Users/owner/Dropbox/Wzone/tmp/tmp1994/shp5266_19941231b.shp,conf_id,-1,-1,C:/Users/owner/Dropbox/Wzone/tmp/tmp1994/shp5282_19941231b.shp,conf_id,-1,-1,C:/Users/owner/Dropbox/Wzone/tmp/tmp1994/shp5293_19941231b.shp,conf_id,-1,-1,C:/Users/owner/Dropbox/Wzone/tmp/tmp1994/shp5313_19941231b.shp,conf_id,-1,-1,C:/Users/owner/Dropbox/Wzone/tmp/tmp1994/shp5323_19941231b.shp,conf_id,-1,-1,C:/Users/owner/Dropbox/Wzone/tmp/tmp1994/shp5330_19941231b.shp,conf_id,-1,-1,C:/Users/owner/Dropbox/Wzone/tmp/tmp1994/shp5336_19941231b.shp,conf_id,-1,-1,C:/Users/owner/Dropbox/Wzone/tmp/tmp1994/shp5349_19941231b.shp,conf_id,-1,-1,C:/Users/owner/Dropbox/Wzone/tmp/tmp1994/shp5368_19941231b.shp,conf_id,-1,-1,C:/Users/owner/Dropbox/Wzone/tmp/tmp1994/shp5376_19941231b.shp,conf_id,-1,-1,C:/Users/owner/Dropbox/Wzone/tmp/tmp1994/shp5386_19941231b.shp,conf_id,-1,-1,C:/Users/owner/Dropbox/Wzone/tmp/tmp1994/shp5405_19941231b.shp,conf_id,-1,-1,C:/Users/owner/Dropbox/Wzone/tmp/tmp1994/shp5432_19941231b.shp,conf_id,-1,-1,C:/Users/owner/Dropbox/Wzone/tmp/tmp1994/shp5450_19941231b.shp,conf_id,-1,-1,C:/Users/owner/Dropbox/Wzone/tmp/tmp1994/shp5467_19941231b.shp,conf_id,-1,-1,C:/Users/owner/Dropbox/Wzone/tmp/tmp1994/shp5505_19941231b.shp,conf_id,-1,-1,C:/Users/owner/Dropbox/Wzone/tmp/tmp1994/shp5512_19941231b.shp,conf_id,-1,-1,C:/Users/owner/Dropbox/Wzone/tmp/tmp1994/shp5515_19941231b.shp,conf_id,-1,-1,C:/Users/owner/Dropbox/Wzone/tmp/tmp1994/shp9878_19941231b.shp,conf_id,-1,-1,C:/Users/owner/Dropbox/Wzone/tmp/tmp1994/shp10264_19941231b.shp,conf_id,-1,-1,C:/Users/owner/Dropbox/Wzone/tmp/tmp1994/shp11123_19941231b.shp,conf_id,-1,-1,C:/Users/owner/Dropbox/Wzone/tmp/tmp1994/shp12515_19941231b.shp,conf_id,-1,-1,C:/Users/owner/Dropbox/Wzone/tmp/tmp1994/shp15558_19941231b.shp,conf_id,-1,-1;date "date" true true false 254 Text 0 0,First,#,C:/Users/owner/Dropbox/Wzone/tmp/tmp1994/shp406_19941231b.shp,date,0,253,C:/Users/owner/Dropbox/Wzone/tmp/tmp1994/shp411_19941231b.shp,date,0,253,C:/Users/owner/Dropbox/Wzone/tmp/tmp1994/shp422_19941231b.shp,date,0,253,C:/Users/owner/Dropbox/Wzone/tmp/tmp1994/shp428_19941231b.shp,date,0,253,C:/Users/owner/Dropbox/Wzone/tmp/tmp1994/shp442_19941231b.shp,date,0,253,C:/Users/owner/Dropbox/Wzone/tmp/tmp1994/shp451_19941231b.shp,date,0,253,C:/Users/owner/Dropbox/Wzone/tmp/tmp1994/shp461_19941231b.shp,date,0,253,C:/Users/owner/Dropbox/Wzone/tmp/tmp1994/shp469_19941231b.shp,date,0,253,C:/Users/owner/Dropbox/Wzone/tmp/tmp1994/shp475_19941231b.shp,date,0,253,C:/Users/owner/Dropbox/Wzone/tmp/tmp1994/shp476_19941231b.shp,date,0,253,C:/Users/owner/Dropbox/Wzone/tmp/tmp1994/shp478_19941231b.shp,date,0,253,C:/Users/owner/Dropbox/Wzone/tmp/tmp1994/shp508_19941231b.shp,date,0,253,C:/Users/owner/Dropbox/Wzone/tmp/tmp1994/shp511_19941231b.shp,date,0,253,C:/Users/owner/Dropbox/Wzone/tmp/tmp1994/shp521_19941231b.shp,date,0,253,C:/Users/owner/Dropbox/Wzone/tmp/tmp1994/shp549_19941231b.shp,date,0,253,C:/Users/owner/Dropbox/Wzone/tmp/tmp1994/shp565_19941231b.shp,date,0,253,C:/Users/owner/Dropbox/Wzone/tmp/tmp1994/shp623_19941231b.shp,date,0,253,C:/Users/owner/Dropbox/Wzone/tmp/tmp1994/shp624_19941231b.shp,date,0,253,C:/Users/owner/Dropbox/Wzone/tmp/tmp1994/shp631_19941231b.shp,date,0,253,C:/Users/owner/Dropbox/Wzone/tmp/tmp1994/shp644_19941231b.shp,date,0,253,C:/Users/owner/Dropbox/Wzone/tmp/tmp1994/shp657_19941231b.shp,date,0,253,C:/Users/owner/Dropbox/Wzone/tmp/tmp1994/shp658_19941231b.shp,date,0,253,C:/Users/owner/Dropbox/Wzone/tmp/tmp1994/shp663_19941231b.shp,date,0,253,C:/Users/owner/Dropbox/Wzone/tmp/tmp1994/shp688_19941231b.shp,date,0,253,C:/Users/owner/Dropbox/Wzone/tmp/tmp1994/shp705_19941231b.shp,date,0,253,C:/Users/owner/Dropbox/Wzone/tmp/tmp1994/shp714_19941231b.shp,date,0,253,C:/Users/owner/Dropbox/Wzone/tmp/tmp1994/shp719_19941231b.shp,date,0,253,C:/Users/owner/Dropbox/Wzone/tmp/tmp1994/shp722_19941231b.shp,date,0,253,C:/Users/owner/Dropbox/Wzone/tmp/tmp1994/shp726_19941231b.shp,date,0,253,C:/Users/owner/Dropbox/Wzone/tmp/tmp1994/shp734_19941231b.shp,date,0,253,C:/Users/owner/Dropbox/Wzone/tmp/tmp1994/shp739_19941231b.shp,date,0,253,C:/Users/owner/Dropbox/Wzone/tmp/tmp1994/shp753_19941231b.shp,date,0,253,C:/Users/owner/Dropbox/Wzone/tmp/tmp1994/shp763_19941231b.shp,date,0,253,C:/Users/owner/Dropbox/Wzone/tmp/tmp1994/shp768_19941231b.shp,date,0,253,C:/Users/owner/Dropbox/Wzone/tmp/tmp1994/shp769_19941231b.shp,date,0,253,C:/Users/owner/Dropbox/Wzone/tmp/tmp1994/shp776_19941231b.shp,date,0,253,C:/Users/owner/Dropbox/Wzone/tmp/tmp1994/shp781_19941231b.shp,date,0,253,C:/Users/owner/Dropbox/Wzone/tmp/tmp1994/shp792_19941231b.shp,date,0,253,C:/Users/owner/Dropbox/Wzone/tmp/tmp1994/shp793_19941231b.shp,date,0,253,C:/Users/owner/Dropbox/Wzone/tmp/tmp1994/shp797_19941231b.shp,date,0,253,C:/Users/owner/Dropbox/Wzone/tmp/tmp1994/shp801_19941231b.shp,date,0,253,C:/Users/owner/Dropbox/Wzone/tmp/tmp1994/shp806_19941231b.shp,date,0,253,C:/Users/owner/Dropbox/Wzone/tmp/tmp1994/shp818_19941231b.shp,date,0,253,C:/Users/owner/Dropbox/Wzone/tmp/tmp1994/shp822_19941231b.shp,date,0,253,C:/Users/owner/Dropbox/Wzone/tmp/tmp1994/shp828_19941231b.shp,date,0,253,C:/Users/owner/Dropbox/Wzone/tmp/tmp1994/shp829_19941231b.shp,date,0,253,C:/Users/owner/Dropbox/Wzone/tmp/tmp1994/shp832_19941231b.shp,date,0,253,C:/Users/owner/Dropbox/Wzone/tmp/tmp1994/shp833_19941231b.shp,date,0,253,C:/Users/owner/Dropbox/Wzone/tmp/tmp1994/shp835_19941231b.shp,date,0,253,C:/Users/owner/Dropbox/Wzone/tmp/tmp1994/shp838_19941231b.shp,date,0,253,C:/Users/owner/Dropbox/Wzone/tmp/tmp1994/shp842_19941231b.shp,date,0,253,C:/Users/owner/Dropbox/Wzone/tmp/tmp1994/shp846_19941231b.shp,date,0,253,C:/Users/owner/Dropbox/Wzone/tmp/tmp1994/shp869_19941231b.shp,date,0,253,C:/Users/owner/Dropbox/Wzone/tmp/tmp1994/shp885_19941231b.shp,date,0,253,C:/Users/owner/Dropbox/Wzone/tmp/tmp1994/shp891_19941231b.shp,date,0,253,C:/Users/owner/Dropbox/Wzone/tmp/tmp1994/shp912_19941231b.shp,date,0,253,C:/Users/owner/Dropbox/Wzone/tmp/tmp1994/shp913_19941231b.shp,date,0,253,C:/Users/owner/Dropbox/Wzone/tmp/tmp1994/shp914_19941231b.shp,date,0,253,C:/Users/owner/Dropbox/Wzone/tmp/tmp1994/shp915_19941231b.shp,date,0,253,C:/Users/owner/Dropbox/Wzone/tmp/tmp1994/shp918_19941231b.shp,date,0,253,C:/Users/owner/Dropbox/Wzone/tmp/tmp1994/shp921_19941231b.shp,date,0,253,C:/Users/owner/Dropbox/Wzone/tmp/tmp1994/shp923_19941231b.shp,date,0,253,C:/Users/owner/Dropbox/Wzone/tmp/tmp1994/shp926_19941231b.shp,date,0,253,C:/Users/owner/Dropbox/Wzone/tmp/tmp1994/shp927_19941231b.shp,date,0,253,C:/Users/owner/Dropbox/Wzone/tmp/tmp1994/shp930_19941231b.shp,date,0,253,C:/Users/owner/Dropbox/Wzone/tmp/tmp1994/shp932_19941231b.shp,date,0,253,C:/Users/owner/Dropbox/Wzone/tmp/tmp1994/shp934_19941231b.shp,date,0,253,C:/Users/owner/Dropbox/Wzone/tmp/tmp1994/shp935_19941231b.shp,date,0,253,C:/Users/owner/Dropbox/Wzone/tmp/tmp1994/shp936_19941231b.shp,date,0,253,C:/Users/owner/Dropbox/Wzone/tmp/tmp1994/shp938_19941231b.shp,date,0,253,C:/Users/owner/Dropbox/Wzone/tmp/tmp1994/shp939_19941231b.shp,date,0,253,C:/Users/owner/Dropbox/Wzone/tmp/tmp1994/shp941_19941231b.shp,date,0,253,C:/Users/owner/Dropbox/Wzone/tmp/tmp1994/shp942_19941231b.shp,date,0,253,C:/Users/owner/Dropbox/Wzone/tmp/tmp1994/shp944_19941231b.shp,date,0,253,C:/Users/owner/Dropbox/Wzone/tmp/tmp1994/shp947_19941231b.shp,date,0,253,C:/Users/owner/Dropbox/Wzone/tmp/tmp1994/shp948_19941231b.shp,date,0,253,C:/Users/owner/Dropbox/Wzone/tmp/tmp1994/shp950_19941231b.shp,date,0,253,C:/Users/owner/Dropbox/Wzone/tmp/tmp1994/shp951_19941231b.shp,date,0,253,C:/Users/owner/Dropbox/Wzone/tmp/tmp1994/shp954_19941231b.shp,date,0,253,C:/Users/owner/Dropbox/Wzone/tmp/tmp1994/shp955_19941231b.shp,date,0,253,C:/Users/owner/Dropbox/Wzone/tmp/tmp1994/shp956_19941231b.shp,date,0,253,C:/Users/owner/Dropbox/Wzone/tmp/tmp1994/shp957_19941231b.shp,date,0,253,C:/Users/owner/Dropbox/Wzone/tmp/tmp1994/shp959_19941231b.shp,date,0,253,C:/Users/owner/Dropbox/Wzone/tmp/tmp1994/shp960_19941231b.shp,date,0,253,C:/Users/owner/Dropbox/Wzone/tmp/tmp1994/shp961_19941231b.shp,date,0,253,C:/Users/owner/Dropbox/Wzone/tmp/tmp1994/shp962_19941231b.shp,date,0,253,C:/Users/owner/Dropbox/Wzone/tmp/tmp1994/shp963_19941231b.shp,date,0,253,C:/Users/owner/Dropbox/Wzone/tmp/tmp1994/shp964_19941231b.shp,date,0,253,C:/Users/owner/Dropbox/Wzone/tmp/tmp1994/shp965_19941231b.shp,date,0,253,C:/Users/owner/Dropbox/Wzone/tmp/tmp1994/shp967_19941231b.shp,date,0,253,C:/Users/owner/Dropbox/Wzone/tmp/tmp1994/shp968_19941231b.shp,date,0,253,C:/Users/owner/Dropbox/Wzone/tmp/tmp1994/shp970_19941231b.shp,date,0,253,C:/Users/owner/Dropbox/Wzone/tmp/tmp1994/shp975_19941231b.shp,date,0,253,C:/Users/owner/Dropbox/Wzone/tmp/tmp1994/shp976_19941231b.shp,date,0,253,C:/Users/owner/Dropbox/Wzone/tmp/tmp1994/shp977_19941231b.shp,date,0,253,C:/Users/owner/Dropbox/Wzone/tmp/tmp1994/shp979_19941231b.shp,date,0,253,C:/Users/owner/Dropbox/Wzone/tmp/tmp1994/shp983_19941231b.shp,date,0,253,C:/Users/owner/Dropbox/Wzone/tmp/tmp1994/shp987_19941231b.shp,date,0,253,C:/Users/owner/Dropbox/Wzone/tmp/tmp1994/shp988_19941231b.shp,date,0,253,C:/Users/owner/Dropbox/Wzone/tmp/tmp1994/shp989_19941231b.shp,date,0,253,C:/Users/owner/Dropbox/Wzone/tmp/tmp1994/shp990_19941231b.shp,date,0,253,C:/Users/owner/Dropbox/Wzone/tmp/tmp1994/shp993_19941231b.shp,date,0,253,C:/Users/owner/Dropbox/Wzone/tmp/tmp1994/shp998_19941231b.shp,date,0,253,C:/Users/owner/Dropbox/Wzone/tmp/tmp1994/shp1018_19941231b.shp,date,0,253,C:/Users/owner/Dropbox/Wzone/tmp/tmp1994/shp1021_19941231b.shp,date,0,253,C:/Users/owner/Dropbox/Wzone/tmp/tmp1994/shp1029_19941231b.shp,date,0,253,C:/Users/owner/Dropbox/Wzone/tmp/tmp1994/shp1031_19941231b.shp,date,0,253,C:/Users/owner/Dropbox/Wzone/tmp/tmp1994/shp1038_19941231b.shp,date,0,253,C:/Users/owner/Dropbox/Wzone/tmp/tmp1994/shp1045_19941231b.shp,date,0,253,C:/Users/owner/Dropbox/Wzone/tmp/tmp1994/shp1052_19941231b.shp,date,0,253,C:/Users/owner/Dropbox/Wzone/tmp/tmp1994/shp1054_19941231b.shp,date,0,253,C:/Users/owner/Dropbox/Wzone/tmp/tmp1994/shp1066_19941231b.shp,date,0,253,C:/Users/owner/Dropbox/Wzone/tmp/tmp1994/shp1072_19941231b.shp,date,0,253,C:/Users/owner/Dropbox/Wzone/tmp/tmp1994/shp1073_19941231b.shp,date,0,253,C:/Users/owner/Dropbox/Wzone/tmp/tmp1994/shp1074_19941231b.shp,date,0,253,C:/Users/owner/Dropbox/Wzone/tmp/tmp1994/shp1077_19941231b.shp,date,0,253,C:/Users/owner/Dropbox/Wzone/tmp/tmp1994/shp1108_19941231b.shp,date,0,253,C:/Users/owner/Dropbox/Wzone/tmp/tmp1994/shp1167_19941231b.shp,date,0,253,C:/Users/owner/Dropbox/Wzone/tmp/tmp1994/shp1199_19941231b.shp,date,0,253,C:/Users/owner/Dropbox/Wzone/tmp/tmp1994/shp1204_19941231b.shp,date,0,253,C:/Users/owner/Dropbox/Wzone/tmp/tmp1994/shp5129_19941231b.shp,date,0,253,C:/Users/owner/Dropbox/Wzone/tmp/tmp1994/shp5201_19941231b.shp,date,0,253,C:/Users/owner/Dropbox/Wzone/tmp/tmp1994/shp5266_19941231b.shp,date,0,253,C:/Users/owner/Dropbox/Wzone/tmp/tmp1994/shp5282_19941231b.shp,date,0,253,C:/Users/owner/Dropbox/Wzone/tmp/tmp1994/shp5293_19941231b.shp,date,0,253,C:/Users/owner/Dropbox/Wzone/tmp/tmp1994/shp5313_19941231b.shp,date,0,253,C:/Users/owner/Dropbox/Wzone/tmp/tmp1994/shp5323_19941231b.shp,date,0,253,C:/Users/owner/Dropbox/Wzone/tmp/tmp1994/shp5330_19941231b.shp,date,0,253,C:/Users/owner/Dropbox/Wzone/tmp/tmp1994/shp5336_19941231b.shp,date,0,253,C:/Users/owner/Dropbox/Wzone/tmp/tmp1994/shp5349_19941231b.shp,date,0,253,C:/Users/owner/Dropbox/Wzone/tmp/tmp1994/shp5368_19941231b.shp,date,0,253,C:/Users/owner/Dropbox/Wzone/tmp/tmp1994/shp5376_19941231b.shp,date,0,253,C:/Users/owner/Dropbox/Wzone/tmp/tmp1994/shp5386_19941231b.shp,date,0,253,C:/Users/owner/Dropbox/Wzone/tmp/tmp1994/shp5405_19941231b.shp,date,0,253,C:/Users/owner/Dropbox/Wzone/tmp/tmp1994/shp5432_19941231b.shp,date,0,253,C:/Users/owner/Dropbox/Wzone/tmp/tmp1994/shp5450_19941231b.shp,date,0,253,C:/Users/owner/Dropbox/Wzone/tmp/tmp1994/shp5467_19941231b.shp,date,0,253,C:/Users/owner/Dropbox/Wzone/tmp/tmp1994/shp5505_19941231b.shp,date,0,253,C:/Users/owner/Dropbox/Wzone/tmp/tmp1994/shp5512_19941231b.shp,date,0,253,C:/Users/owner/Dropbox/Wzone/tmp/tmp1994/shp5515_19941231b.shp,date,0,253,C:/Users/owner/Dropbox/Wzone/tmp/tmp1994/shp9878_19941231b.shp,date,0,253,C:/Users/owner/Dropbox/Wzone/tmp/tmp1994/shp10264_19941231b.shp,date,0,253,C:/Users/owner/Dropbox/Wzone/tmp/tmp1994/shp11123_19941231b.shp,date,0,253,C:/Users/owner/Dropbox/Wzone/tmp/tmp1994/shp12515_19941231b.shp,date,0,253,C:/Users/owner/Dropbox/Wzone/tmp/tmp1994/shp15558_19941231b.shp,date,0,253" NO_SOURCE_INFO</Process><Process ToolSource="c:\program files\arcgis\pro\Resources\ArcToolbox\toolboxes\Data Management Tools.tbx\DefineProjection" Date="20240715" Time="111042">DefineProjection C:/Users/owner/Dropbox/Wzone/out/wzone_shp/1994/1994_12_31.shp GEOGCS["GCS_WGS_1984",DATUM["D_WGS_1984",SPHEROID["WGS_1984",6378137.0,298.257223563]],PRIMEM["Greenwich",0.0],UNIT["Degree",0.0174532925199433]]</Process></lineage></DataProperties><SyncDate>20240715</SyncDate><SyncTime>11104000</SyncTime><ModDate>20240715</ModDate><ModTime>11104000</ModTime></Esri><dataIdInfo><envirDesc Sync="TRUE">Microsoft Windows 10 Version 10.0 (Build 19045) ; Esri ArcGIS 13.2.2.49743</envirDesc><dataLang><languageCode value="eng" Sync="TRUE"></languageCode><countryCode value="USA" Sync="TRUE"></countryCode></dataLang><idCitation><resTitle Sync="TRUE">1994_12_31</resTitle><presForm><PresFormCd value="005" Sync="TRUE"></PresFormCd></presForm></idCitation><spatRpType><SpatRepTypCd value="001" Sync="TRUE"></SpatRepTypCd></spatRpType></dataIdInfo><mdLang><languageCode value="eng" Sync="TRUE"></languageCode><countryCode value="USA" Sync="TRUE"></countryCode></mdLang><mdChar><CharSetCd value="004" Sync="TRUE"></CharSetCd></mdChar><distInfo><distFormat><formatName Sync="TRUE">Shapefile</formatName></distFormat><distTranOps><transSize Sync="TRUE">0.000</transSize></distTranOps></distInfo><mdHrLv><ScopeCd value="005" Sync="TRUE"></ScopeCd></mdHrLv><mdHrLvName Sync="TRUE">dataset</mdHrLvName><spatRepInfo><VectSpatRep><geometObjs Name="1994_12_31"><geoObjTyp><GeoObjTypCd value="002" Sync="TRUE"></GeoObjTypCd></geoObjTyp><geoObjCnt Sync="TRUE">0</geoObjCnt></geometObjs><topLvl><TopoLevCd value="001" Sync="TRUE"></TopoLevCd></topLvl></VectSpatRep></spatRepInfo><spdoinfo><ptvctinf><esriterm Name="1994_12_31"><efeatyp Sync="TRUE">Simple</efeatyp><efeageom code="4" Sync="TRUE"></efeageom><esritopo Sync="TRUE">FALSE</esritopo><efeacnt Sync="TRUE">0</efeacnt><spindex Sync="TRUE">FALSE</spindex><linrefer Sync="TRUE">FALSE</linrefer></esriterm></ptvctinf></spdoinfo><eainfo><detailed Name="1994_12_31"><enttyp><enttypl Sync="TRUE">1994_12_31</enttypl><enttypt Sync="TRUE">Feature Class</enttypt><enttypc Sync="TRUE">0</enttypc></enttyp><attr><attrlabl Sync="TRUE">FID</attrlabl><attalias Sync="TRUE">FID</attalias><attrtype Sync="TRUE">OID</attrtype><attwidth Sync="TRUE">4</attwidth><atprecis Sync="TRUE">0</atprecis><attscale Sync="TRUE">0</attscale><attrdef Sync="TRUE">Internal feature number.</attrdef><attrdefs Sync="TRUE">Esri</attrdefs><attrdomv><udom Sync="TRUE">Sequential unique whole numbers that are automatically generated.</udom></attrdomv></attr><attr><attrlabl Sync="TRUE">Shape</attrlabl><attalias Sync="TRUE">Shape</attalias><attrtype Sync="TRUE">Geometry</attrtype><attwidth Sync="TRUE">0</attwidth><atprecis Sync="TRUE">0</atprecis><attscale Sync="TRUE">0</attscale><attrdef Sync="TRUE">Feature geometry.</attrdef><attrdefs Sync="TRUE">Esri</attrdefs><attrdomv><udom Sync="TRUE">Coordinates defining the features.</udom></attrdomv></attr><attr><attrlabl Sync="TRUE">dyad_id</attrlabl><attalias Sync="TRUE">dyad_id</attalias><attrtype Sync="TRUE">Integer</attrtype><attwidth Sync="TRUE">5</attwidth><atprecis Sync="TRUE">5</atprecis><attscale Sync="TRUE">0</attscale></attr><attr><attrlabl Sync="TRUE">conf_id</attrlabl><attalias Sync="TRUE">conf_id</attalias><attrtype Sync="TRUE">Integer</attrtype><attwidth Sync="TRUE">5</attwidth><atprecis Sync="TRUE">5</atprecis><attscale Sync="TRUE">0</attscale></attr><attr><attrlabl Sync="TRUE">date</attrlabl><attalias Sync="TRUE">date</attalias><attrtype Sync="TRUE">String</attrtype><attwidth Sync="TRUE">254</attwidth><atprecis Sync="TRUE">0</atprecis><attscale Sync="TRUE">0</attscale></attr></detailed></eainfo><mdDateSt Sync="TRUE">20240715</mdDateSt></metadata>
