<?xml version="1.0" encoding="UTF-8"?>
<metadata xml:lang="en"><Esri><CreaDate>20240716</CreaDate><CreaTime>00564500</CreaTime><ArcGISFormat>1.0</ArcGISFormat><SyncOnce>FALSE</SyncOnce><DataProperties><itemProps><itemName Sync="TRUE">1995_12_31</itemName><imsContentType Sync="TRUE">002</imsContentType><itemSize Sync="TRUE">0.000</itemSize><itemLocation><linkage Sync="TRUE">file://\\DESKTOP-48J08HF\C$\Users\owner\Dropbox\Wzone\out\wzone_shp\1995\1995_12_31.shp</linkage><protocol Sync="TRUE">Local Area Network</protocol></itemLocation></itemProps><lineage><Process ToolSource="c:\program files\arcgis\pro\Resources\ArcToolbox\toolboxes\Analysis Tools.tbx\Select" Date="20240716" Time="005645">Select in_memory/shp1995406_19951231a C:\Users\owner\Dropbox\Wzone\tmp\tmp1995\shp406_19951231b.shp ""gridcode" &gt; 0"</Process><Process ToolSource="c:\program files\arcgis\pro\Resources\ArcToolbox\toolboxes\Data Management Tools.tbx\AddField" Date="20240716" Time="005645">AddField C:/Users/owner/Dropbox/Wzone/tmp/tmp1995/shp406_19951231b.shp dyad_id "Short (16-bit integer)" # # # # NULLABLE NON_REQUIRED #</Process><Process ToolSource="c:\program files\arcgis\pro\Resources\ArcToolbox\toolboxes\Data Management Tools.tbx\AddField" Date="20240716" Time="005645">AddField C:/Users/owner/Dropbox/Wzone/tmp/tmp1995/shp406_19951231b.shp conf_id "Short (16-bit integer)" # # # # NULLABLE NON_REQUIRED #</Process><Process ToolSource="c:\program files\arcgis\pro\Resources\ArcToolbox\toolboxes\Data Management Tools.tbx\AddField" Date="20240716" Time="005645">AddField C:/Users/owner/Dropbox/Wzone/tmp/tmp1995/shp406_19951231b.shp date Text # # # # NULLABLE NON_REQUIRED #</Process><Process ToolSource="c:\program files\arcgis\pro\Resources\ArcToolbox\toolboxes\Data Management Tools.tbx\DeleteField" Date="20240716" Time="005645">DeleteField C:/Users/owner/Dropbox/Wzone/tmp/tmp1995/shp406_19951231b.shp Id "Delete Fields"</Process><Process ToolSource="c:\program files\arcgis\pro\Resources\ArcToolbox\toolboxes\Data Management Tools.tbx\DeleteField" Date="20240716" Time="005645">DeleteField C:/Users/owner/Dropbox/Wzone/tmp/tmp1995/shp406_19951231b.shp gridcode "Delete Fields"</Process><Process ToolSource="c:\program files\arcgis\pro\Resources\ArcToolbox\toolboxes\Data Management Tools.tbx\Merge" Date="20240716" Time="005941">Merge C:/Users/owner/Dropbox/Wzone/tmp/tmp1995/shp406_19951231b.shp;C:/Users/owner/Dropbox/Wzone/tmp/tmp1995/shp411_19951231b.shp;C:/Users/owner/Dropbox/Wzone/tmp/tmp1995/shp422_19951231b.shp;C:/Users/owner/Dropbox/Wzone/tmp/tmp1995/shp428_19951231b.shp;C:/Users/owner/Dropbox/Wzone/tmp/tmp1995/shp442_19951231b.shp;C:/Users/owner/Dropbox/Wzone/tmp/tmp1995/shp451_19951231b.shp;C:/Users/owner/Dropbox/Wzone/tmp/tmp1995/shp461_19951231b.shp;C:/Users/owner/Dropbox/Wzone/tmp/tmp1995/shp469_19951231b.shp;C:/Users/owner/Dropbox/Wzone/tmp/tmp1995/shp474_19951231b.shp;C:/Users/owner/Dropbox/Wzone/tmp/tmp1995/shp475_19951231b.shp;C:/Users/owner/Dropbox/Wzone/tmp/tmp1995/shp476_19951231b.shp;C:/Users/owner/Dropbox/Wzone/tmp/tmp1995/shp478_19951231b.shp;C:/Users/owner/Dropbox/Wzone/tmp/tmp1995/shp508_19951231b.shp;C:/Users/owner/Dropbox/Wzone/tmp/tmp1995/shp511_19951231b.shp;C:/Users/owner/Dropbox/Wzone/tmp/tmp1995/shp521_19951231b.shp;C:/Users/owner/Dropbox/Wzone/tmp/tmp1995/shp565_19951231b.shp;C:/Users/owner/Dropbox/Wzone/tmp/tmp1995/shp594_19951231b.shp;C:/Users/owner/Dropbox/Wzone/tmp/tmp1995/shp623_19951231b.shp;C:/Users/owner/Dropbox/Wzone/tmp/tmp1995/shp624_19951231b.shp;C:/Users/owner/Dropbox/Wzone/tmp/tmp1995/shp631_19951231b.shp;C:/Users/owner/Dropbox/Wzone/tmp/tmp1995/shp644_19951231b.shp;C:/Users/owner/Dropbox/Wzone/tmp/tmp1995/shp657_19951231b.shp;C:/Users/owner/Dropbox/Wzone/tmp/tmp1995/shp658_19951231b.shp;C:/Users/owner/Dropbox/Wzone/tmp/tmp1995/shp663_19951231b.shp;C:/Users/owner/Dropbox/Wzone/tmp/tmp1995/shp688_19951231b.shp;C:/Users/owner/Dropbox/Wzone/tmp/tmp1995/shp705_19951231b.shp;C:/Users/owner/Dropbox/Wzone/tmp/tmp1995/shp712_19951231b.shp;C:/Users/owner/Dropbox/Wzone/tmp/tmp1995/shp714_19951231b.shp;C:/Users/owner/Dropbox/Wzone/tmp/tmp1995/shp719_19951231b.shp;C:/Users/owner/Dropbox/Wzone/tmp/tmp1995/shp720_19951231b.shp;C:/Users/owner/Dropbox/Wzone/tmp/tmp1995/shp726_19951231b.shp;C:/Users/owner/Dropbox/Wzone/tmp/tmp1995/shp735_19951231b.shp;C:/Users/owner/Dropbox/Wzone/tmp/tmp1995/shp739_19951231b.shp;C:/Users/owner/Dropbox/Wzone/tmp/tmp1995/shp753_19951231b.shp;C:/Users/owner/Dropbox/Wzone/tmp/tmp1995/shp763_19951231b.shp;C:/Users/owner/Dropbox/Wzone/tmp/tmp1995/shp768_19951231b.shp;C:/Users/owner/Dropbox/Wzone/tmp/tmp1995/shp769_19951231b.shp;C:/Users/owner/Dropbox/Wzone/tmp/tmp1995/shp776_19951231b.shp;C:/Users/owner/Dropbox/Wzone/tmp/tmp1995/shp781_19951231b.shp;C:/Users/owner/Dropbox/Wzone/tmp/tmp1995/shp792_19951231b.shp;C:/Users/owner/Dropbox/Wzone/tmp/tmp1995/shp793_19951231b.shp;C:/Users/owner/Dropbox/Wzone/tmp/tmp1995/shp797_19951231b.shp;C:/Users/owner/Dropbox/Wzone/tmp/tmp1995/shp806_19951231b.shp;C:/Users/owner/Dropbox/Wzone/tmp/tmp1995/shp818_19951231b.shp;C:/Users/owner/Dropbox/Wzone/tmp/tmp1995/shp822_19951231b.shp;C:/Users/owner/Dropbox/Wzone/tmp/tmp1995/shp829_19951231b.shp;C:/Users/owner/Dropbox/Wzone/tmp/tmp1995/shp832_19951231b.shp;C:/Users/owner/Dropbox/Wzone/tmp/tmp1995/shp833_19951231b.shp;C:/Users/owner/Dropbox/Wzone/tmp/tmp1995/shp838_19951231b.shp;C:/Users/owner/Dropbox/Wzone/tmp/tmp1995/shp842_19951231b.shp;C:/Users/owner/Dropbox/Wzone/tmp/tmp1995/shp869_19951231b.shp;C:/Users/owner/Dropbox/Wzone/tmp/tmp1995/shp885_19951231b.shp;C:/Users/owner/Dropbox/Wzone/tmp/tmp1995/shp891_19951231b.shp;C:/Users/owner/Dropbox/Wzone/tmp/tmp1995/shp913_19951231b.shp;C:/Users/owner/Dropbox/Wzone/tmp/tmp1995/shp914_19951231b.shp;C:/Users/owner/Dropbox/Wzone/tmp/tmp1995/shp915_19951231b.shp;C:/Users/owner/Dropbox/Wzone/tmp/tmp1995/shp920_19951231b.shp;C:/Users/owner/Dropbox/Wzone/tmp/tmp1995/shp921_19951231b.shp;C:/Users/owner/Dropbox/Wzone/tmp/tmp1995/shp923_19951231b.shp;C:/Users/owner/Dropbox/Wzone/tmp/tmp1995/shp926_19951231b.shp;C:/Users/owner/Dropbox/Wzone/tmp/tmp1995/shp927_19951231b.shp;C:/Users/owner/Dropbox/Wzone/tmp/tmp1995/shp930_19951231b.shp;C:/Users/owner/Dropbox/Wzone/tmp/tmp1995/shp932_19951231b.shp;C:/Users/owner/Dropbox/Wzone/tmp/tmp1995/shp933_19951231b.shp;C:/Users/owner/Dropbox/Wzone/tmp/tmp1995/shp934_19951231b.shp;C:/Users/owner/Dropbox/Wzone/tmp/tmp1995/shp935_19951231b.shp;C:/Users/owner/Dropbox/Wzone/tmp/tmp1995/shp936_19951231b.shp;C:/Users/owner/Dropbox/Wzone/tmp/tmp1995/shp938_19951231b.shp;C:/Users/owner/Dropbox/Wzone/tmp/tmp1995/shp939_19951231b.shp;C:/Users/owner/Dropbox/Wzone/tmp/tmp1995/shp942_19951231b.shp;C:/Users/owner/Dropbox/Wzone/tmp/tmp1995/shp944_19951231b.shp;C:/Users/owner/Dropbox/Wzone/tmp/tmp1995/shp947_19951231b.shp;C:/Users/owner/Dropbox/Wzone/tmp/tmp1995/shp948_19951231b.shp;C:/Users/owner/Dropbox/Wzone/tmp/tmp1995/shp950_19951231b.shp;C:/Users/owner/Dropbox/Wzone/tmp/tmp1995/shp951_19951231b.shp;C:/Users/owner/Dropbox/Wzone/tmp/tmp1995/shp954_19951231b.shp;C:/Users/owner/Dropbox/Wzone/tmp/tmp1995/shp955_19951231b.shp;C:/Users/owner/Dropbox/Wzone/tmp/tmp1995/shp956_19951231b.shp;C:/Users/owner/Dropbox/Wzone/tmp/tmp1995/shp957_19951231b.shp;C:/Users/owner/Dropbox/Wzone/tmp/tmp1995/shp959_19951231b.shp;C:/Users/owner/Dropbox/Wzone/tmp/tmp1995/shp960_19951231b.shp;C:/Users/owner/Dropbox/Wzone/tmp/tmp1995/shp961_19951231b.shp;C:/Users/owner/Dropbox/Wzone/tmp/tmp1995/shp962_19951231b.shp;C:/Users/owner/Dropbox/Wzone/tmp/tmp1995/shp963_19951231b.shp;C:/Users/owner/Dropbox/Wzone/tmp/tmp1995/shp964_19951231b.shp;C:/Users/owner/Dropbox/Wzone/tmp/tmp1995/shp965_19951231b.shp;C:/Users/owner/Dropbox/Wzone/tmp/tmp1995/shp967_19951231b.shp;C:/Users/owner/Dropbox/Wzone/tmp/tmp1995/shp968_19951231b.shp;C:/Users/owner/Dropbox/Wzone/tmp/tmp1995/shp970_19951231b.shp;C:/Users/owner/Dropbox/Wzone/tmp/tmp1995/shp975_19951231b.shp;C:/Users/owner/Dropbox/Wzone/tmp/tmp1995/shp976_19951231b.shp;C:/Users/owner/Dropbox/Wzone/tmp/tmp1995/shp977_19951231b.shp;C:/Users/owner/Dropbox/Wzone/tmp/tmp1995/shp983_19951231b.shp;C:/Users/owner/Dropbox/Wzone/tmp/tmp1995/shp987_19951231b.shp;C:/Users/owner/Dropbox/Wzone/tmp/tmp1995/shp988_19951231b.shp;C:/Users/owner/Dropbox/Wzone/tmp/tmp1995/shp989_19951231b.shp;C:/Users/owner/Dropbox/Wzone/tmp/tmp1995/shp990_19951231b.shp;C:/Users/owner/Dropbox/Wzone/tmp/tmp1995/shp993_19951231b.shp;C:/Users/owner/Dropbox/Wzone/tmp/tmp1995/shp996_19951231b.shp;C:/Users/owner/Dropbox/Wzone/tmp/tmp1995/shp998_19951231b.shp;C:/Users/owner/Dropbox/Wzone/tmp/tmp1995/shp1018_19951231b.shp;C:/Users/owner/Dropbox/Wzone/tmp/tmp1995/shp1021_19951231b.shp;C:/Users/owner/Dropbox/Wzone/tmp/tmp1995/shp1026_19951231b.shp;C:/Users/owner/Dropbox/Wzone/tmp/tmp1995/shp1038_19951231b.shp;C:/Users/owner/Dropbox/Wzone/tmp/tmp1995/shp1045_19951231b.shp;C:/Users/owner/Dropbox/Wzone/tmp/tmp1995/shp1072_19951231b.shp;C:/Users/owner/Dropbox/Wzone/tmp/tmp1995/shp1073_19951231b.shp;C:/Users/owner/Dropbox/Wzone/tmp/tmp1995/shp1074_19951231b.shp;C:/Users/owner/Dropbox/Wzone/tmp/tmp1995/shp1077_19951231b.shp;C:/Users/owner/Dropbox/Wzone/tmp/tmp1995/shp1108_19951231b.shp;C:/Users/owner/Dropbox/Wzone/tmp/tmp1995/shp1167_19951231b.shp;C:/Users/owner/Dropbox/Wzone/tmp/tmp1995/shp1199_19951231b.shp;C:/Users/owner/Dropbox/Wzone/tmp/tmp1995/shp1204_19951231b.shp;C:/Users/owner/Dropbox/Wzone/tmp/tmp1995/shp1422_19951231b.shp;C:/Users/owner/Dropbox/Wzone/tmp/tmp1995/shp1504_19951231b.shp;C:/Users/owner/Dropbox/Wzone/tmp/tmp1995/shp5201_19951231b.shp;C:/Users/owner/Dropbox/Wzone/tmp/tmp1995/shp5222_19951231b.shp;C:/Users/owner/Dropbox/Wzone/tmp/tmp1995/shp5266_19951231b.shp;C:/Users/owner/Dropbox/Wzone/tmp/tmp1995/shp5282_19951231b.shp;C:/Users/owner/Dropbox/Wzone/tmp/tmp1995/shp5293_19951231b.shp;C:/Users/owner/Dropbox/Wzone/tmp/tmp1995/shp5313_19951231b.shp;C:/Users/owner/Dropbox/Wzone/tmp/tmp1995/shp5323_19951231b.shp;C:/Users/owner/Dropbox/Wzone/tmp/tmp1995/shp5330_19951231b.shp;C:/Users/owner/Dropbox/Wzone/tmp/tmp1995/shp5336_19951231b.shp;C:/Users/owner/Dropbox/Wzone/tmp/tmp1995/shp5349_19951231b.shp;C:/Users/owner/Dropbox/Wzone/tmp/tmp1995/shp5368_19951231b.shp;C:/Users/owner/Dropbox/Wzone/tmp/tmp1995/shp5369_19951231b.shp;C:/Users/owner/Dropbox/Wzone/tmp/tmp1995/shp5405_19951231b.shp;C:/Users/owner/Dropbox/Wzone/tmp/tmp1995/shp5432_19951231b.shp;C:/Users/owner/Dropbox/Wzone/tmp/tmp1995/shp5443_19951231b.shp;C:/Users/owner/Dropbox/Wzone/tmp/tmp1995/shp5445_19951231b.shp;C:/Users/owner/Dropbox/Wzone/tmp/tmp1995/shp5450_19951231b.shp;C:/Users/owner/Dropbox/Wzone/tmp/tmp1995/shp5505_19951231b.shp;C:/Users/owner/Dropbox/Wzone/tmp/tmp1995/shp5512_19951231b.shp;C:/Users/owner/Dropbox/Wzone/tmp/tmp1995/shp5515_19951231b.shp;C:/Users/owner/Dropbox/Wzone/tmp/tmp1995/shp9878_19951231b.shp;C:/Users/owner/Dropbox/Wzone/tmp/tmp1995/shp10264_19951231b.shp;C:/Users/owner/Dropbox/Wzone/tmp/tmp1995/shp11123_19951231b.shp;C:/Users/owner/Dropbox/Wzone/tmp/tmp1995/shp15558_19951231b.shp C:\Users\owner\Dropbox\Wzone\out\wzone_shp\1995\1995_12_31.shp "dyad_id "dyad_id" true true false 5 Long 0 5,First,#,C:/Users/owner/Dropbox/Wzone/tmp/tmp1995/shp406_19951231b.shp,dyad_id,-1,-1,C:/Users/owner/Dropbox/Wzone/tmp/tmp1995/shp411_19951231b.shp,dyad_id,-1,-1,C:/Users/owner/Dropbox/Wzone/tmp/tmp1995/shp422_19951231b.shp,dyad_id,-1,-1,C:/Users/owner/Dropbox/Wzone/tmp/tmp1995/shp428_19951231b.shp,dyad_id,-1,-1,C:/Users/owner/Dropbox/Wzone/tmp/tmp1995/shp442_19951231b.shp,dyad_id,-1,-1,C:/Users/owner/Dropbox/Wzone/tmp/tmp1995/shp451_19951231b.shp,dyad_id,-1,-1,C:/Users/owner/Dropbox/Wzone/tmp/tmp1995/shp461_19951231b.shp,dyad_id,-1,-1,C:/Users/owner/Dropbox/Wzone/tmp/tmp1995/shp469_19951231b.shp,dyad_id,-1,-1,C:/Users/owner/Dropbox/Wzone/tmp/tmp1995/shp474_19951231b.shp,dyad_id,-1,-1,C:/Users/owner/Dropbox/Wzone/tmp/tmp1995/shp475_19951231b.shp,dyad_id,-1,-1,C:/Users/owner/Dropbox/Wzone/tmp/tmp1995/shp476_19951231b.shp,dyad_id,-1,-1,C:/Users/owner/Dropbox/Wzone/tmp/tmp1995/shp478_19951231b.shp,dyad_id,-1,-1,C:/Users/owner/Dropbox/Wzone/tmp/tmp1995/shp508_19951231b.shp,dyad_id,-1,-1,C:/Users/owner/Dropbox/Wzone/tmp/tmp1995/shp511_19951231b.shp,dyad_id,-1,-1,C:/Users/owner/Dropbox/Wzone/tmp/tmp1995/shp521_19951231b.shp,dyad_id,-1,-1,C:/Users/owner/Dropbox/Wzone/tmp/tmp1995/shp565_19951231b.shp,dyad_id,-1,-1,C:/Users/owner/Dropbox/Wzone/tmp/tmp1995/shp594_19951231b.shp,dyad_id,-1,-1,C:/Users/owner/Dropbox/Wzone/tmp/tmp1995/shp623_19951231b.shp,dyad_id,-1,-1,C:/Users/owner/Dropbox/Wzone/tmp/tmp1995/shp624_19951231b.shp,dyad_id,-1,-1,C:/Users/owner/Dropbox/Wzone/tmp/tmp1995/shp631_19951231b.shp,dyad_id,-1,-1,C:/Users/owner/Dropbox/Wzone/tmp/tmp1995/shp644_19951231b.shp,dyad_id,-1,-1,C:/Users/owner/Dropbox/Wzone/tmp/tmp1995/shp657_19951231b.shp,dyad_id,-1,-1,C:/Users/owner/Dropbox/Wzone/tmp/tmp1995/shp658_19951231b.shp,dyad_id,-1,-1,C:/Users/owner/Dropbox/Wzone/tmp/tmp1995/shp663_19951231b.shp,dyad_id,-1,-1,C:/Users/owner/Dropbox/Wzone/tmp/tmp1995/shp688_19951231b.shp,dyad_id,-1,-1,C:/Users/owner/Dropbox/Wzone/tmp/tmp1995/shp705_19951231b.shp,dyad_id,-1,-1,C:/Users/owner/Dropbox/Wzone/tmp/tmp1995/shp712_19951231b.shp,dyad_id,-1,-1,C:/Users/owner/Dropbox/Wzone/tmp/tmp1995/shp714_19951231b.shp,dyad_id,-1,-1,C:/Users/owner/Dropbox/Wzone/tmp/tmp1995/shp719_19951231b.shp,dyad_id,-1,-1,C:/Users/owner/Dropbox/Wzone/tmp/tmp1995/shp720_19951231b.shp,dyad_id,-1,-1,C:/Users/owner/Dropbox/Wzone/tmp/tmp1995/shp726_19951231b.shp,dyad_id,-1,-1,C:/Users/owner/Dropbox/Wzone/tmp/tmp1995/shp735_19951231b.shp,dyad_id,-1,-1,C:/Users/owner/Dropbox/Wzone/tmp/tmp1995/shp739_19951231b.shp,dyad_id,-1,-1,C:/Users/owner/Dropbox/Wzone/tmp/tmp1995/shp753_19951231b.shp,dyad_id,-1,-1,C:/Users/owner/Dropbox/Wzone/tmp/tmp1995/shp763_19951231b.shp,dyad_id,-1,-1,C:/Users/owner/Dropbox/Wzone/tmp/tmp1995/shp768_19951231b.shp,dyad_id,-1,-1,C:/Users/owner/Dropbox/Wzone/tmp/tmp1995/shp769_19951231b.shp,dyad_id,-1,-1,C:/Users/owner/Dropbox/Wzone/tmp/tmp1995/shp776_19951231b.shp,dyad_id,-1,-1,C:/Users/owner/Dropbox/Wzone/tmp/tmp1995/shp781_19951231b.shp,dyad_id,-1,-1,C:/Users/owner/Dropbox/Wzone/tmp/tmp1995/shp792_19951231b.shp,dyad_id,-1,-1,C:/Users/owner/Dropbox/Wzone/tmp/tmp1995/shp793_19951231b.shp,dyad_id,-1,-1,C:/Users/owner/Dropbox/Wzone/tmp/tmp1995/shp797_19951231b.shp,dyad_id,-1,-1,C:/Users/owner/Dropbox/Wzone/tmp/tmp1995/shp806_19951231b.shp,dyad_id,-1,-1,C:/Users/owner/Dropbox/Wzone/tmp/tmp1995/shp818_19951231b.shp,dyad_id,-1,-1,C:/Users/owner/Dropbox/Wzone/tmp/tmp1995/shp822_19951231b.shp,dyad_id,-1,-1,C:/Users/owner/Dropbox/Wzone/tmp/tmp1995/shp829_19951231b.shp,dyad_id,-1,-1,C:/Users/owner/Dropbox/Wzone/tmp/tmp1995/shp832_19951231b.shp,dyad_id,-1,-1,C:/Users/owner/Dropbox/Wzone/tmp/tmp1995/shp833_19951231b.shp,dyad_id,-1,-1,C:/Users/owner/Dropbox/Wzone/tmp/tmp1995/shp838_19951231b.shp,dyad_id,-1,-1,C:/Users/owner/Dropbox/Wzone/tmp/tmp1995/shp842_19951231b.shp,dyad_id,-1,-1,C:/Users/owner/Dropbox/Wzone/tmp/tmp1995/shp869_19951231b.shp,dyad_id,-1,-1,C:/Users/owner/Dropbox/Wzone/tmp/tmp1995/shp885_19951231b.shp,dyad_id,-1,-1,C:/Users/owner/Dropbox/Wzone/tmp/tmp1995/shp891_19951231b.shp,dyad_id,-1,-1,C:/Users/owner/Dropbox/Wzone/tmp/tmp1995/shp913_19951231b.shp,dyad_id,-1,-1,C:/Users/owner/Dropbox/Wzone/tmp/tmp1995/shp914_19951231b.shp,dyad_id,-1,-1,C:/Users/owner/Dropbox/Wzone/tmp/tmp1995/shp915_19951231b.shp,dyad_id,-1,-1,C:/Users/owner/Dropbox/Wzone/tmp/tmp1995/shp920_19951231b.shp,dyad_id,-1,-1,C:/Users/owner/Dropbox/Wzone/tmp/tmp1995/shp921_19951231b.shp,dyad_id,-1,-1,C:/Users/owner/Dropbox/Wzone/tmp/tmp1995/shp923_19951231b.shp,dyad_id,-1,-1,C:/Users/owner/Dropbox/Wzone/tmp/tmp1995/shp926_19951231b.shp,dyad_id,-1,-1,C:/Users/owner/Dropbox/Wzone/tmp/tmp1995/shp927_19951231b.shp,dyad_id,-1,-1,C:/Users/owner/Dropbox/Wzone/tmp/tmp1995/shp930_19951231b.shp,dyad_id,-1,-1,C:/Users/owner/Dropbox/Wzone/tmp/tmp1995/shp932_19951231b.shp,dyad_id,-1,-1,C:/Users/owner/Dropbox/Wzone/tmp/tmp1995/shp933_19951231b.shp,dyad_id,-1,-1,C:/Users/owner/Dropbox/Wzone/tmp/tmp1995/shp934_19951231b.shp,dyad_id,-1,-1,C:/Users/owner/Dropbox/Wzone/tmp/tmp1995/shp935_19951231b.shp,dyad_id,-1,-1,C:/Users/owner/Dropbox/Wzone/tmp/tmp1995/shp936_19951231b.shp,dyad_id,-1,-1,C:/Users/owner/Dropbox/Wzone/tmp/tmp1995/shp938_19951231b.shp,dyad_id,-1,-1,C:/Users/owner/Dropbox/Wzone/tmp/tmp1995/shp939_19951231b.shp,dyad_id,-1,-1,C:/Users/owner/Dropbox/Wzone/tmp/tmp1995/shp942_19951231b.shp,dyad_id,-1,-1,C:/Users/owner/Dropbox/Wzone/tmp/tmp1995/shp944_19951231b.shp,dyad_id,-1,-1,C:/Users/owner/Dropbox/Wzone/tmp/tmp1995/shp947_19951231b.shp,dyad_id,-1,-1,C:/Users/owner/Dropbox/Wzone/tmp/tmp1995/shp948_19951231b.shp,dyad_id,-1,-1,C:/Users/owner/Dropbox/Wzone/tmp/tmp1995/shp950_19951231b.shp,dyad_id,-1,-1,C:/Users/owner/Dropbox/Wzone/tmp/tmp1995/shp951_19951231b.shp,dyad_id,-1,-1,C:/Users/owner/Dropbox/Wzone/tmp/tmp1995/shp954_19951231b.shp,dyad_id,-1,-1,C:/Users/owner/Dropbox/Wzone/tmp/tmp1995/shp955_19951231b.shp,dyad_id,-1,-1,C:/Users/owner/Dropbox/Wzone/tmp/tmp1995/shp956_19951231b.shp,dyad_id,-1,-1,C:/Users/owner/Dropbox/Wzone/tmp/tmp1995/shp957_19951231b.shp,dyad_id,-1,-1,C:/Users/owner/Dropbox/Wzone/tmp/tmp1995/shp959_19951231b.shp,dyad_id,-1,-1,C:/Users/owner/Dropbox/Wzone/tmp/tmp1995/shp960_19951231b.shp,dyad_id,-1,-1,C:/Users/owner/Dropbox/Wzone/tmp/tmp1995/shp961_19951231b.shp,dyad_id,-1,-1,C:/Users/owner/Dropbox/Wzone/tmp/tmp1995/shp962_19951231b.shp,dyad_id,-1,-1,C:/Users/owner/Dropbox/Wzone/tmp/tmp1995/shp963_19951231b.shp,dyad_id,-1,-1,C:/Users/owner/Dropbox/Wzone/tmp/tmp1995/shp964_19951231b.shp,dyad_id,-1,-1,C:/Users/owner/Dropbox/Wzone/tmp/tmp1995/shp965_19951231b.shp,dyad_id,-1,-1,C:/Users/owner/Dropbox/Wzone/tmp/tmp1995/shp967_19951231b.shp,dyad_id,-1,-1,C:/Users/owner/Dropbox/Wzone/tmp/tmp1995/shp968_19951231b.shp,dyad_id,-1,-1,C:/Users/owner/Dropbox/Wzone/tmp/tmp1995/shp970_19951231b.shp,dyad_id,-1,-1,C:/Users/owner/Dropbox/Wzone/tmp/tmp1995/shp975_19951231b.shp,dyad_id,-1,-1,C:/Users/owner/Dropbox/Wzone/tmp/tmp1995/shp976_19951231b.shp,dyad_id,-1,-1,C:/Users/owner/Dropbox/Wzone/tmp/tmp1995/shp977_19951231b.shp,dyad_id,-1,-1,C:/Users/owner/Dropbox/Wzone/tmp/tmp1995/shp983_19951231b.shp,dyad_id,-1,-1,C:/Users/owner/Dropbox/Wzone/tmp/tmp1995/shp987_19951231b.shp,dyad_id,-1,-1,C:/Users/owner/Dropbox/Wzone/tmp/tmp1995/shp988_19951231b.shp,dyad_id,-1,-1,C:/Users/owner/Dropbox/Wzone/tmp/tmp1995/shp989_19951231b.shp,dyad_id,-1,-1,C:/Users/owner/Dropbox/Wzone/tmp/tmp1995/shp990_19951231b.shp,dyad_id,-1,-1,C:/Users/owner/Dropbox/Wzone/tmp/tmp1995/shp993_19951231b.shp,dyad_id,-1,-1,C:/Users/owner/Dropbox/Wzone/tmp/tmp1995/shp996_19951231b.shp,dyad_id,-1,-1,C:/Users/owner/Dropbox/Wzone/tmp/tmp1995/shp998_19951231b.shp,dyad_id,-1,-1,C:/Users/owner/Dropbox/Wzone/tmp/tmp1995/shp1018_19951231b.shp,dyad_id,-1,-1,C:/Users/owner/Dropbox/Wzone/tmp/tmp1995/shp1021_19951231b.shp,dyad_id,-1,-1,C:/Users/owner/Dropbox/Wzone/tmp/tmp1995/shp1026_19951231b.shp,dyad_id,-1,-1,C:/Users/owner/Dropbox/Wzone/tmp/tmp1995/shp1038_19951231b.shp,dyad_id,-1,-1,C:/Users/owner/Dropbox/Wzone/tmp/tmp1995/shp1045_19951231b.shp,dyad_id,-1,-1,C:/Users/owner/Dropbox/Wzone/tmp/tmp1995/shp1072_19951231b.shp,dyad_id,-1,-1,C:/Users/owner/Dropbox/Wzone/tmp/tmp1995/shp1073_19951231b.shp,dyad_id,-1,-1,C:/Users/owner/Dropbox/Wzone/tmp/tmp1995/shp1074_19951231b.shp,dyad_id,-1,-1,C:/Users/owner/Dropbox/Wzone/tmp/tmp1995/shp1077_19951231b.shp,dyad_id,-1,-1,C:/Users/owner/Dropbox/Wzone/tmp/tmp1995/shp1108_19951231b.shp,dyad_id,-1,-1,C:/Users/owner/Dropbox/Wzone/tmp/tmp1995/shp1167_19951231b.shp,dyad_id,-1,-1,C:/Users/owner/Dropbox/Wzone/tmp/tmp1995/shp1199_19951231b.shp,dyad_id,-1,-1,C:/Users/owner/Dropbox/Wzone/tmp/tmp1995/shp1204_19951231b.shp,dyad_id,-1,-1,C:/Users/owner/Dropbox/Wzone/tmp/tmp1995/shp1422_19951231b.shp,dyad_id,-1,-1,C:/Users/owner/Dropbox/Wzone/tmp/tmp1995/shp1504_19951231b.shp,dyad_id,-1,-1,C:/Users/owner/Dropbox/Wzone/tmp/tmp1995/shp5201_19951231b.shp,dyad_id,-1,-1,C:/Users/owner/Dropbox/Wzone/tmp/tmp1995/shp5222_19951231b.shp,dyad_id,-1,-1,C:/Users/owner/Dropbox/Wzone/tmp/tmp1995/shp5266_19951231b.shp,dyad_id,-1,-1,C:/Users/owner/Dropbox/Wzone/tmp/tmp1995/shp5282_19951231b.shp,dyad_id,-1,-1,C:/Users/owner/Dropbox/Wzone/tmp/tmp1995/shp5293_19951231b.shp,dyad_id,-1,-1,C:/Users/owner/Dropbox/Wzone/tmp/tmp1995/shp5313_19951231b.shp,dyad_id,-1,-1,C:/Users/owner/Dropbox/Wzone/tmp/tmp1995/shp5323_19951231b.shp,dyad_id,-1,-1,C:/Users/owner/Dropbox/Wzone/tmp/tmp1995/shp5330_19951231b.shp,dyad_id,-1,-1,C:/Users/owner/Dropbox/Wzone/tmp/tmp1995/shp5336_19951231b.shp,dyad_id,-1,-1,C:/Users/owner/Dropbox/Wzone/tmp/tmp1995/shp5349_19951231b.shp,dyad_id,-1,-1,C:/Users/owner/Dropbox/Wzone/tmp/tmp1995/shp5368_19951231b.shp,dyad_id,-1,-1,C:/Users/owner/Dropbox/Wzone/tmp/tmp1995/shp5369_19951231b.shp,dyad_id,-1,-1,C:/Users/owner/Dropbox/Wzone/tmp/tmp1995/shp5405_19951231b.shp,dyad_id,-1,-1,C:/Users/owner/Dropbox/Wzone/tmp/tmp1995/shp5432_19951231b.shp,dyad_id,-1,-1,C:/Users/owner/Dropbox/Wzone/tmp/tmp1995/shp5443_19951231b.shp,dyad_id,-1,-1,C:/Users/owner/Dropbox/Wzone/tmp/tmp1995/shp5445_19951231b.shp,dyad_id,-1,-1,C:/Users/owner/Dropbox/Wzone/tmp/tmp1995/shp5450_19951231b.shp,dyad_id,-1,-1,C:/Users/owner/Dropbox/Wzone/tmp/tmp1995/shp5505_19951231b.shp,dyad_id,-1,-1,C:/Users/owner/Dropbox/Wzone/tmp/tmp1995/shp5512_19951231b.shp,dyad_id,-1,-1,C:/Users/owner/Dropbox/Wzone/tmp/tmp1995/shp5515_19951231b.shp,dyad_id,-1,-1,C:/Users/owner/Dropbox/Wzone/tmp/tmp1995/shp9878_19951231b.shp,dyad_id,-1,-1,C:/Users/owner/Dropbox/Wzone/tmp/tmp1995/shp10264_19951231b.shp,dyad_id,-1,-1,C:/Users/owner/Dropbox/Wzone/tmp/tmp1995/shp11123_19951231b.shp,dyad_id,-1,-1,C:/Users/owner/Dropbox/Wzone/tmp/tmp1995/shp15558_19951231b.shp,dyad_id,-1,-1;conf_id "conf_id" true true false 5 Long 0 5,First,#,C:/Users/owner/Dropbox/Wzone/tmp/tmp1995/shp406_19951231b.shp,conf_id,-1,-1,C:/Users/owner/Dropbox/Wzone/tmp/tmp1995/shp411_19951231b.shp,conf_id,-1,-1,C:/Users/owner/Dropbox/Wzone/tmp/tmp1995/shp422_19951231b.shp,conf_id,-1,-1,C:/Users/owner/Dropbox/Wzone/tmp/tmp1995/shp428_19951231b.shp,conf_id,-1,-1,C:/Users/owner/Dropbox/Wzone/tmp/tmp1995/shp442_19951231b.shp,conf_id,-1,-1,C:/Users/owner/Dropbox/Wzone/tmp/tmp1995/shp451_19951231b.shp,conf_id,-1,-1,C:/Users/owner/Dropbox/Wzone/tmp/tmp1995/shp461_19951231b.shp,conf_id,-1,-1,C:/Users/owner/Dropbox/Wzone/tmp/tmp1995/shp469_19951231b.shp,conf_id,-1,-1,C:/Users/owner/Dropbox/Wzone/tmp/tmp1995/shp474_19951231b.shp,conf_id,-1,-1,C:/Users/owner/Dropbox/Wzone/tmp/tmp1995/shp475_19951231b.shp,conf_id,-1,-1,C:/Users/owner/Dropbox/Wzone/tmp/tmp1995/shp476_19951231b.shp,conf_id,-1,-1,C:/Users/owner/Dropbox/Wzone/tmp/tmp1995/shp478_19951231b.shp,conf_id,-1,-1,C:/Users/owner/Dropbox/Wzone/tmp/tmp1995/shp508_19951231b.shp,conf_id,-1,-1,C:/Users/owner/Dropbox/Wzone/tmp/tmp1995/shp511_19951231b.shp,conf_id,-1,-1,C:/Users/owner/Dropbox/Wzone/tmp/tmp1995/shp521_19951231b.shp,conf_id,-1,-1,C:/Users/owner/Dropbox/Wzone/tmp/tmp1995/shp565_19951231b.shp,conf_id,-1,-1,C:/Users/owner/Dropbox/Wzone/tmp/tmp1995/shp594_19951231b.shp,conf_id,-1,-1,C:/Users/owner/Dropbox/Wzone/tmp/tmp1995/shp623_19951231b.shp,conf_id,-1,-1,C:/Users/owner/Dropbox/Wzone/tmp/tmp1995/shp624_19951231b.shp,conf_id,-1,-1,C:/Users/owner/Dropbox/Wzone/tmp/tmp1995/shp631_19951231b.shp,conf_id,-1,-1,C:/Users/owner/Dropbox/Wzone/tmp/tmp1995/shp644_19951231b.shp,conf_id,-1,-1,C:/Users/owner/Dropbox/Wzone/tmp/tmp1995/shp657_19951231b.shp,conf_id,-1,-1,C:/Users/owner/Dropbox/Wzone/tmp/tmp1995/shp658_19951231b.shp,conf_id,-1,-1,C:/Users/owner/Dropbox/Wzone/tmp/tmp1995/shp663_19951231b.shp,conf_id,-1,-1,C:/Users/owner/Dropbox/Wzone/tmp/tmp1995/shp688_19951231b.shp,conf_id,-1,-1,C:/Users/owner/Dropbox/Wzone/tmp/tmp1995/shp705_19951231b.shp,conf_id,-1,-1,C:/Users/owner/Dropbox/Wzone/tmp/tmp1995/shp712_19951231b.shp,conf_id,-1,-1,C:/Users/owner/Dropbox/Wzone/tmp/tmp1995/shp714_19951231b.shp,conf_id,-1,-1,C:/Users/owner/Dropbox/Wzone/tmp/tmp1995/shp719_19951231b.shp,conf_id,-1,-1,C:/Users/owner/Dropbox/Wzone/tmp/tmp1995/shp720_19951231b.shp,conf_id,-1,-1,C:/Users/owner/Dropbox/Wzone/tmp/tmp1995/shp726_19951231b.shp,conf_id,-1,-1,C:/Users/owner/Dropbox/Wzone/tmp/tmp1995/shp735_19951231b.shp,conf_id,-1,-1,C:/Users/owner/Dropbox/Wzone/tmp/tmp1995/shp739_19951231b.shp,conf_id,-1,-1,C:/Users/owner/Dropbox/Wzone/tmp/tmp1995/shp753_19951231b.shp,conf_id,-1,-1,C:/Users/owner/Dropbox/Wzone/tmp/tmp1995/shp763_19951231b.shp,conf_id,-1,-1,C:/Users/owner/Dropbox/Wzone/tmp/tmp1995/shp768_19951231b.shp,conf_id,-1,-1,C:/Users/owner/Dropbox/Wzone/tmp/tmp1995/shp769_19951231b.shp,conf_id,-1,-1,C:/Users/owner/Dropbox/Wzone/tmp/tmp1995/shp776_19951231b.shp,conf_id,-1,-1,C:/Users/owner/Dropbox/Wzone/tmp/tmp1995/shp781_19951231b.shp,conf_id,-1,-1,C:/Users/owner/Dropbox/Wzone/tmp/tmp1995/shp792_19951231b.shp,conf_id,-1,-1,C:/Users/owner/Dropbox/Wzone/tmp/tmp1995/shp793_19951231b.shp,conf_id,-1,-1,C:/Users/owner/Dropbox/Wzone/tmp/tmp1995/shp797_19951231b.shp,conf_id,-1,-1,C:/Users/owner/Dropbox/Wzone/tmp/tmp1995/shp806_19951231b.shp,conf_id,-1,-1,C:/Users/owner/Dropbox/Wzone/tmp/tmp1995/shp818_19951231b.shp,conf_id,-1,-1,C:/Users/owner/Dropbox/Wzone/tmp/tmp1995/shp822_19951231b.shp,conf_id,-1,-1,C:/Users/owner/Dropbox/Wzone/tmp/tmp1995/shp829_19951231b.shp,conf_id,-1,-1,C:/Users/owner/Dropbox/Wzone/tmp/tmp1995/shp832_19951231b.shp,conf_id,-1,-1,C:/Users/owner/Dropbox/Wzone/tmp/tmp1995/shp833_19951231b.shp,conf_id,-1,-1,C:/Users/owner/Dropbox/Wzone/tmp/tmp1995/shp838_19951231b.shp,conf_id,-1,-1,C:/Users/owner/Dropbox/Wzone/tmp/tmp1995/shp842_19951231b.shp,conf_id,-1,-1,C:/Users/owner/Dropbox/Wzone/tmp/tmp1995/shp869_19951231b.shp,conf_id,-1,-1,C:/Users/owner/Dropbox/Wzone/tmp/tmp1995/shp885_19951231b.shp,conf_id,-1,-1,C:/Users/owner/Dropbox/Wzone/tmp/tmp1995/shp891_19951231b.shp,conf_id,-1,-1,C:/Users/owner/Dropbox/Wzone/tmp/tmp1995/shp913_19951231b.shp,conf_id,-1,-1,C:/Users/owner/Dropbox/Wzone/tmp/tmp1995/shp914_19951231b.shp,conf_id,-1,-1,C:/Users/owner/Dropbox/Wzone/tmp/tmp1995/shp915_19951231b.shp,conf_id,-1,-1,C:/Users/owner/Dropbox/Wzone/tmp/tmp1995/shp920_19951231b.shp,conf_id,-1,-1,C:/Users/owner/Dropbox/Wzone/tmp/tmp1995/shp921_19951231b.shp,conf_id,-1,-1,C:/Users/owner/Dropbox/Wzone/tmp/tmp1995/shp923_19951231b.shp,conf_id,-1,-1,C:/Users/owner/Dropbox/Wzone/tmp/tmp1995/shp926_19951231b.shp,conf_id,-1,-1,C:/Users/owner/Dropbox/Wzone/tmp/tmp1995/shp927_19951231b.shp,conf_id,-1,-1,C:/Users/owner/Dropbox/Wzone/tmp/tmp1995/shp930_19951231b.shp,conf_id,-1,-1,C:/Users/owner/Dropbox/Wzone/tmp/tmp1995/shp932_19951231b.shp,conf_id,-1,-1,C:/Users/owner/Dropbox/Wzone/tmp/tmp1995/shp933_19951231b.shp,conf_id,-1,-1,C:/Users/owner/Dropbox/Wzone/tmp/tmp1995/shp934_19951231b.shp,conf_id,-1,-1,C:/Users/owner/Dropbox/Wzone/tmp/tmp1995/shp935_19951231b.shp,conf_id,-1,-1,C:/Users/owner/Dropbox/Wzone/tmp/tmp1995/shp936_19951231b.shp,conf_id,-1,-1,C:/Users/owner/Dropbox/Wzone/tmp/tmp1995/shp938_19951231b.shp,conf_id,-1,-1,C:/Users/owner/Dropbox/Wzone/tmp/tmp1995/shp939_19951231b.shp,conf_id,-1,-1,C:/Users/owner/Dropbox/Wzone/tmp/tmp1995/shp942_19951231b.shp,conf_id,-1,-1,C:/Users/owner/Dropbox/Wzone/tmp/tmp1995/shp944_19951231b.shp,conf_id,-1,-1,C:/Users/owner/Dropbox/Wzone/tmp/tmp1995/shp947_19951231b.shp,conf_id,-1,-1,C:/Users/owner/Dropbox/Wzone/tmp/tmp1995/shp948_19951231b.shp,conf_id,-1,-1,C:/Users/owner/Dropbox/Wzone/tmp/tmp1995/shp950_19951231b.shp,conf_id,-1,-1,C:/Users/owner/Dropbox/Wzone/tmp/tmp1995/shp951_19951231b.shp,conf_id,-1,-1,C:/Users/owner/Dropbox/Wzone/tmp/tmp1995/shp954_19951231b.shp,conf_id,-1,-1,C:/Users/owner/Dropbox/Wzone/tmp/tmp1995/shp955_19951231b.shp,conf_id,-1,-1,C:/Users/owner/Dropbox/Wzone/tmp/tmp1995/shp956_19951231b.shp,conf_id,-1,-1,C:/Users/owner/Dropbox/Wzone/tmp/tmp1995/shp957_19951231b.shp,conf_id,-1,-1,C:/Users/owner/Dropbox/Wzone/tmp/tmp1995/shp959_19951231b.shp,conf_id,-1,-1,C:/Users/owner/Dropbox/Wzone/tmp/tmp1995/shp960_19951231b.shp,conf_id,-1,-1,C:/Users/owner/Dropbox/Wzone/tmp/tmp1995/shp961_19951231b.shp,conf_id,-1,-1,C:/Users/owner/Dropbox/Wzone/tmp/tmp1995/shp962_19951231b.shp,conf_id,-1,-1,C:/Users/owner/Dropbox/Wzone/tmp/tmp1995/shp963_19951231b.shp,conf_id,-1,-1,C:/Users/owner/Dropbox/Wzone/tmp/tmp1995/shp964_19951231b.shp,conf_id,-1,-1,C:/Users/owner/Dropbox/Wzone/tmp/tmp1995/shp965_19951231b.shp,conf_id,-1,-1,C:/Users/owner/Dropbox/Wzone/tmp/tmp1995/shp967_19951231b.shp,conf_id,-1,-1,C:/Users/owner/Dropbox/Wzone/tmp/tmp1995/shp968_19951231b.shp,conf_id,-1,-1,C:/Users/owner/Dropbox/Wzone/tmp/tmp1995/shp970_19951231b.shp,conf_id,-1,-1,C:/Users/owner/Dropbox/Wzone/tmp/tmp1995/shp975_19951231b.shp,conf_id,-1,-1,C:/Users/owner/Dropbox/Wzone/tmp/tmp1995/shp976_19951231b.shp,conf_id,-1,-1,C:/Users/owner/Dropbox/Wzone/tmp/tmp1995/shp977_19951231b.shp,conf_id,-1,-1,C:/Users/owner/Dropbox/Wzone/tmp/tmp1995/shp983_19951231b.shp,conf_id,-1,-1,C:/Users/owner/Dropbox/Wzone/tmp/tmp1995/shp987_19951231b.shp,conf_id,-1,-1,C:/Users/owner/Dropbox/Wzone/tmp/tmp1995/shp988_19951231b.shp,conf_id,-1,-1,C:/Users/owner/Dropbox/Wzone/tmp/tmp1995/shp989_19951231b.shp,conf_id,-1,-1,C:/Users/owner/Dropbox/Wzone/tmp/tmp1995/shp990_19951231b.shp,conf_id,-1,-1,C:/Users/owner/Dropbox/Wzone/tmp/tmp1995/shp993_19951231b.shp,conf_id,-1,-1,C:/Users/owner/Dropbox/Wzone/tmp/tmp1995/shp996_19951231b.shp,conf_id,-1,-1,C:/Users/owner/Dropbox/Wzone/tmp/tmp1995/shp998_19951231b.shp,conf_id,-1,-1,C:/Users/owner/Dropbox/Wzone/tmp/tmp1995/shp1018_19951231b.shp,conf_id,-1,-1,C:/Users/owner/Dropbox/Wzone/tmp/tmp1995/shp1021_19951231b.shp,conf_id,-1,-1,C:/Users/owner/Dropbox/Wzone/tmp/tmp1995/shp1026_19951231b.shp,conf_id,-1,-1,C:/Users/owner/Dropbox/Wzone/tmp/tmp1995/shp1038_19951231b.shp,conf_id,-1,-1,C:/Users/owner/Dropbox/Wzone/tmp/tmp1995/shp1045_19951231b.shp,conf_id,-1,-1,C:/Users/owner/Dropbox/Wzone/tmp/tmp1995/shp1072_19951231b.shp,conf_id,-1,-1,C:/Users/owner/Dropbox/Wzone/tmp/tmp1995/shp1073_19951231b.shp,conf_id,-1,-1,C:/Users/owner/Dropbox/Wzone/tmp/tmp1995/shp1074_19951231b.shp,conf_id,-1,-1,C:/Users/owner/Dropbox/Wzone/tmp/tmp1995/shp1077_19951231b.shp,conf_id,-1,-1,C:/Users/owner/Dropbox/Wzone/tmp/tmp1995/shp1108_19951231b.shp,conf_id,-1,-1,C:/Users/owner/Dropbox/Wzone/tmp/tmp1995/shp1167_19951231b.shp,conf_id,-1,-1,C:/Users/owner/Dropbox/Wzone/tmp/tmp1995/shp1199_19951231b.shp,conf_id,-1,-1,C:/Users/owner/Dropbox/Wzone/tmp/tmp1995/shp1204_19951231b.shp,conf_id,-1,-1,C:/Users/owner/Dropbox/Wzone/tmp/tmp1995/shp1422_19951231b.shp,conf_id,-1,-1,C:/Users/owner/Dropbox/Wzone/tmp/tmp1995/shp1504_19951231b.shp,conf_id,-1,-1,C:/Users/owner/Dropbox/Wzone/tmp/tmp1995/shp5201_19951231b.shp,conf_id,-1,-1,C:/Users/owner/Dropbox/Wzone/tmp/tmp1995/shp5222_19951231b.shp,conf_id,-1,-1,C:/Users/owner/Dropbox/Wzone/tmp/tmp1995/shp5266_19951231b.shp,conf_id,-1,-1,C:/Users/owner/Dropbox/Wzone/tmp/tmp1995/shp5282_19951231b.shp,conf_id,-1,-1,C:/Users/owner/Dropbox/Wzone/tmp/tmp1995/shp5293_19951231b.shp,conf_id,-1,-1,C:/Users/owner/Dropbox/Wzone/tmp/tmp1995/shp5313_19951231b.shp,conf_id,-1,-1,C:/Users/owner/Dropbox/Wzone/tmp/tmp1995/shp5323_19951231b.shp,conf_id,-1,-1,C:/Users/owner/Dropbox/Wzone/tmp/tmp1995/shp5330_19951231b.shp,conf_id,-1,-1,C:/Users/owner/Dropbox/Wzone/tmp/tmp1995/shp5336_19951231b.shp,conf_id,-1,-1,C:/Users/owner/Dropbox/Wzone/tmp/tmp1995/shp5349_19951231b.shp,conf_id,-1,-1,C:/Users/owner/Dropbox/Wzone/tmp/tmp1995/shp5368_19951231b.shp,conf_id,-1,-1,C:/Users/owner/Dropbox/Wzone/tmp/tmp1995/shp5369_19951231b.shp,conf_id,-1,-1,C:/Users/owner/Dropbox/Wzone/tmp/tmp1995/shp5405_19951231b.shp,conf_id,-1,-1,C:/Users/owner/Dropbox/Wzone/tmp/tmp1995/shp5432_19951231b.shp,conf_id,-1,-1,C:/Users/owner/Dropbox/Wzone/tmp/tmp1995/shp5443_19951231b.shp,conf_id,-1,-1,C:/Users/owner/Dropbox/Wzone/tmp/tmp1995/shp5445_19951231b.shp,conf_id,-1,-1,C:/Users/owner/Dropbox/Wzone/tmp/tmp1995/shp5450_19951231b.shp,conf_id,-1,-1,C:/Users/owner/Dropbox/Wzone/tmp/tmp1995/shp5505_19951231b.shp,conf_id,-1,-1,C:/Users/owner/Dropbox/Wzone/tmp/tmp1995/shp5512_19951231b.shp,conf_id,-1,-1,C:/Users/owner/Dropbox/Wzone/tmp/tmp1995/shp5515_19951231b.shp,conf_id,-1,-1,C:/Users/owner/Dropbox/Wzone/tmp/tmp1995/shp9878_19951231b.shp,conf_id,-1,-1,C:/Users/owner/Dropbox/Wzone/tmp/tmp1995/shp10264_19951231b.shp,conf_id,-1,-1,C:/Users/owner/Dropbox/Wzone/tmp/tmp1995/shp11123_19951231b.shp,conf_id,-1,-1,C:/Users/owner/Dropbox/Wzone/tmp/tmp1995/shp15558_19951231b.shp,conf_id,-1,-1;date "date" true true false 254 Text 0 0,First,#,C:/Users/owner/Dropbox/Wzone/tmp/tmp1995/shp406_19951231b.shp,date,0,253,C:/Users/owner/Dropbox/Wzone/tmp/tmp1995/shp411_19951231b.shp,date,0,253,C:/Users/owner/Dropbox/Wzone/tmp/tmp1995/shp422_19951231b.shp,date,0,253,C:/Users/owner/Dropbox/Wzone/tmp/tmp1995/shp428_19951231b.shp,date,0,253,C:/Users/owner/Dropbox/Wzone/tmp/tmp1995/shp442_19951231b.shp,date,0,253,C:/Users/owner/Dropbox/Wzone/tmp/tmp1995/shp451_19951231b.shp,date,0,253,C:/Users/owner/Dropbox/Wzone/tmp/tmp1995/shp461_19951231b.shp,date,0,253,C:/Users/owner/Dropbox/Wzone/tmp/tmp1995/shp469_19951231b.shp,date,0,253,C:/Users/owner/Dropbox/Wzone/tmp/tmp1995/shp474_19951231b.shp,date,0,253,C:/Users/owner/Dropbox/Wzone/tmp/tmp1995/shp475_19951231b.shp,date,0,253,C:/Users/owner/Dropbox/Wzone/tmp/tmp1995/shp476_19951231b.shp,date,0,253,C:/Users/owner/Dropbox/Wzone/tmp/tmp1995/shp478_19951231b.shp,date,0,253,C:/Users/owner/Dropbox/Wzone/tmp/tmp1995/shp508_19951231b.shp,date,0,253,C:/Users/owner/Dropbox/Wzone/tmp/tmp1995/shp511_19951231b.shp,date,0,253,C:/Users/owner/Dropbox/Wzone/tmp/tmp1995/shp521_19951231b.shp,date,0,253,C:/Users/owner/Dropbox/Wzone/tmp/tmp1995/shp565_19951231b.shp,date,0,253,C:/Users/owner/Dropbox/Wzone/tmp/tmp1995/shp594_19951231b.shp,date,0,253,C:/Users/owner/Dropbox/Wzone/tmp/tmp1995/shp623_19951231b.shp,date,0,253,C:/Users/owner/Dropbox/Wzone/tmp/tmp1995/shp624_19951231b.shp,date,0,253,C:/Users/owner/Dropbox/Wzone/tmp/tmp1995/shp631_19951231b.shp,date,0,253,C:/Users/owner/Dropbox/Wzone/tmp/tmp1995/shp644_19951231b.shp,date,0,253,C:/Users/owner/Dropbox/Wzone/tmp/tmp1995/shp657_19951231b.shp,date,0,253,C:/Users/owner/Dropbox/Wzone/tmp/tmp1995/shp658_19951231b.shp,date,0,253,C:/Users/owner/Dropbox/Wzone/tmp/tmp1995/shp663_19951231b.shp,date,0,253,C:/Users/owner/Dropbox/Wzone/tmp/tmp1995/shp688_19951231b.shp,date,0,253,C:/Users/owner/Dropbox/Wzone/tmp/tmp1995/shp705_19951231b.shp,date,0,253,C:/Users/owner/Dropbox/Wzone/tmp/tmp1995/shp712_19951231b.shp,date,0,253,C:/Users/owner/Dropbox/Wzone/tmp/tmp1995/shp714_19951231b.shp,date,0,253,C:/Users/owner/Dropbox/Wzone/tmp/tmp1995/shp719_19951231b.shp,date,0,253,C:/Users/owner/Dropbox/Wzone/tmp/tmp1995/shp720_19951231b.shp,date,0,253,C:/Users/owner/Dropbox/Wzone/tmp/tmp1995/shp726_19951231b.shp,date,0,253,C:/Users/owner/Dropbox/Wzone/tmp/tmp1995/shp735_19951231b.shp,date,0,253,C:/Users/owner/Dropbox/Wzone/tmp/tmp1995/shp739_19951231b.shp,date,0,253,C:/Users/owner/Dropbox/Wzone/tmp/tmp1995/shp753_19951231b.shp,date,0,253,C:/Users/owner/Dropbox/Wzone/tmp/tmp1995/shp763_19951231b.shp,date,0,253,C:/Users/owner/Dropbox/Wzone/tmp/tmp1995/shp768_19951231b.shp,date,0,253,C:/Users/owner/Dropbox/Wzone/tmp/tmp1995/shp769_19951231b.shp,date,0,253,C:/Users/owner/Dropbox/Wzone/tmp/tmp1995/shp776_19951231b.shp,date,0,253,C:/Users/owner/Dropbox/Wzone/tmp/tmp1995/shp781_19951231b.shp,date,0,253,C:/Users/owner/Dropbox/Wzone/tmp/tmp1995/shp792_19951231b.shp,date,0,253,C:/Users/owner/Dropbox/Wzone/tmp/tmp1995/shp793_19951231b.shp,date,0,253,C:/Users/owner/Dropbox/Wzone/tmp/tmp1995/shp797_19951231b.shp,date,0,253,C:/Users/owner/Dropbox/Wzone/tmp/tmp1995/shp806_19951231b.shp,date,0,253,C:/Users/owner/Dropbox/Wzone/tmp/tmp1995/shp818_19951231b.shp,date,0,253,C:/Users/owner/Dropbox/Wzone/tmp/tmp1995/shp822_19951231b.shp,date,0,253,C:/Users/owner/Dropbox/Wzone/tmp/tmp1995/shp829_19951231b.shp,date,0,253,C:/Users/owner/Dropbox/Wzone/tmp/tmp1995/shp832_19951231b.shp,date,0,253,C:/Users/owner/Dropbox/Wzone/tmp/tmp1995/shp833_19951231b.shp,date,0,253,C:/Users/owner/Dropbox/Wzone/tmp/tmp1995/shp838_19951231b.shp,date,0,253,C:/Users/owner/Dropbox/Wzone/tmp/tmp1995/shp842_19951231b.shp,date,0,253,C:/Users/owner/Dropbox/Wzone/tmp/tmp1995/shp869_19951231b.shp,date,0,253,C:/Users/owner/Dropbox/Wzone/tmp/tmp1995/shp885_19951231b.shp,date,0,253,C:/Users/owner/Dropbox/Wzone/tmp/tmp1995/shp891_19951231b.shp,date,0,253,C:/Users/owner/Dropbox/Wzone/tmp/tmp1995/shp913_19951231b.shp,date,0,253,C:/Users/owner/Dropbox/Wzone/tmp/tmp1995/shp914_19951231b.shp,date,0,253,C:/Users/owner/Dropbox/Wzone/tmp/tmp1995/shp915_19951231b.shp,date,0,253,C:/Users/owner/Dropbox/Wzone/tmp/tmp1995/shp920_19951231b.shp,date,0,253,C:/Users/owner/Dropbox/Wzone/tmp/tmp1995/shp921_19951231b.shp,date,0,253,C:/Users/owner/Dropbox/Wzone/tmp/tmp1995/shp923_19951231b.shp,date,0,253,C:/Users/owner/Dropbox/Wzone/tmp/tmp1995/shp926_19951231b.shp,date,0,253,C:/Users/owner/Dropbox/Wzone/tmp/tmp1995/shp927_19951231b.shp,date,0,253,C:/Users/owner/Dropbox/Wzone/tmp/tmp1995/shp930_19951231b.shp,date,0,253,C:/Users/owner/Dropbox/Wzone/tmp/tmp1995/shp932_19951231b.shp,date,0,253,C:/Users/owner/Dropbox/Wzone/tmp/tmp1995/shp933_19951231b.shp,date,0,253,C:/Users/owner/Dropbox/Wzone/tmp/tmp1995/shp934_19951231b.shp,date,0,253,C:/Users/owner/Dropbox/Wzone/tmp/tmp1995/shp935_19951231b.shp,date,0,253,C:/Users/owner/Dropbox/Wzone/tmp/tmp1995/shp936_19951231b.shp,date,0,253,C:/Users/owner/Dropbox/Wzone/tmp/tmp1995/shp938_19951231b.shp,date,0,253,C:/Users/owner/Dropbox/Wzone/tmp/tmp1995/shp939_19951231b.shp,date,0,253,C:/Users/owner/Dropbox/Wzone/tmp/tmp1995/shp942_19951231b.shp,date,0,253,C:/Users/owner/Dropbox/Wzone/tmp/tmp1995/shp944_19951231b.shp,date,0,253,C:/Users/owner/Dropbox/Wzone/tmp/tmp1995/shp947_19951231b.shp,date,0,253,C:/Users/owner/Dropbox/Wzone/tmp/tmp1995/shp948_19951231b.shp,date,0,253,C:/Users/owner/Dropbox/Wzone/tmp/tmp1995/shp950_19951231b.shp,date,0,253,C:/Users/owner/Dropbox/Wzone/tmp/tmp1995/shp951_19951231b.shp,date,0,253,C:/Users/owner/Dropbox/Wzone/tmp/tmp1995/shp954_19951231b.shp,date,0,253,C:/Users/owner/Dropbox/Wzone/tmp/tmp1995/shp955_19951231b.shp,date,0,253,C:/Users/owner/Dropbox/Wzone/tmp/tmp1995/shp956_19951231b.shp,date,0,253,C:/Users/owner/Dropbox/Wzone/tmp/tmp1995/shp957_19951231b.shp,date,0,253,C:/Users/owner/Dropbox/Wzone/tmp/tmp1995/shp959_19951231b.shp,date,0,253,C:/Users/owner/Dropbox/Wzone/tmp/tmp1995/shp960_19951231b.shp,date,0,253,C:/Users/owner/Dropbox/Wzone/tmp/tmp1995/shp961_19951231b.shp,date,0,253,C:/Users/owner/Dropbox/Wzone/tmp/tmp1995/shp962_19951231b.shp,date,0,253,C:/Users/owner/Dropbox/Wzone/tmp/tmp1995/shp963_19951231b.shp,date,0,253,C:/Users/owner/Dropbox/Wzone/tmp/tmp1995/shp964_19951231b.shp,date,0,253,C:/Users/owner/Dropbox/Wzone/tmp/tmp1995/shp965_19951231b.shp,date,0,253,C:/Users/owner/Dropbox/Wzone/tmp/tmp1995/shp967_19951231b.shp,date,0,253,C:/Users/owner/Dropbox/Wzone/tmp/tmp1995/shp968_19951231b.shp,date,0,253,C:/Users/owner/Dropbox/Wzone/tmp/tmp1995/shp970_19951231b.shp,date,0,253,C:/Users/owner/Dropbox/Wzone/tmp/tmp1995/shp975_19951231b.shp,date,0,253,C:/Users/owner/Dropbox/Wzone/tmp/tmp1995/shp976_19951231b.shp,date,0,253,C:/Users/owner/Dropbox/Wzone/tmp/tmp1995/shp977_19951231b.shp,date,0,253,C:/Users/owner/Dropbox/Wzone/tmp/tmp1995/shp983_19951231b.shp,date,0,253,C:/Users/owner/Dropbox/Wzone/tmp/tmp1995/shp987_19951231b.shp,date,0,253,C:/Users/owner/Dropbox/Wzone/tmp/tmp1995/shp988_19951231b.shp,date,0,253,C:/Users/owner/Dropbox/Wzone/tmp/tmp1995/shp989_19951231b.shp,date,0,253,C:/Users/owner/Dropbox/Wzone/tmp/tmp1995/shp990_19951231b.shp,date,0,253,C:/Users/owner/Dropbox/Wzone/tmp/tmp1995/shp993_19951231b.shp,date,0,253,C:/Users/owner/Dropbox/Wzone/tmp/tmp1995/shp996_19951231b.shp,date,0,253,C:/Users/owner/Dropbox/Wzone/tmp/tmp1995/shp998_19951231b.shp,date,0,253,C:/Users/owner/Dropbox/Wzone/tmp/tmp1995/shp1018_19951231b.shp,date,0,253,C:/Users/owner/Dropbox/Wzone/tmp/tmp1995/shp1021_19951231b.shp,date,0,253,C:/Users/owner/Dropbox/Wzone/tmp/tmp1995/shp1026_19951231b.shp,date,0,253,C:/Users/owner/Dropbox/Wzone/tmp/tmp1995/shp1038_19951231b.shp,date,0,253,C:/Users/owner/Dropbox/Wzone/tmp/tmp1995/shp1045_19951231b.shp,date,0,253,C:/Users/owner/Dropbox/Wzone/tmp/tmp1995/shp1072_19951231b.shp,date,0,253,C:/Users/owner/Dropbox/Wzone/tmp/tmp1995/shp1073_19951231b.shp,date,0,253,C:/Users/owner/Dropbox/Wzone/tmp/tmp1995/shp1074_19951231b.shp,date,0,253,C:/Users/owner/Dropbox/Wzone/tmp/tmp1995/shp1077_19951231b.shp,date,0,253,C:/Users/owner/Dropbox/Wzone/tmp/tmp1995/shp1108_19951231b.shp,date,0,253,C:/Users/owner/Dropbox/Wzone/tmp/tmp1995/shp1167_19951231b.shp,date,0,253,C:/Users/owner/Dropbox/Wzone/tmp/tmp1995/shp1199_19951231b.shp,date,0,253,C:/Users/owner/Dropbox/Wzone/tmp/tmp1995/shp1204_19951231b.shp,date,0,253,C:/Users/owner/Dropbox/Wzone/tmp/tmp1995/shp1422_19951231b.shp,date,0,253,C:/Users/owner/Dropbox/Wzone/tmp/tmp1995/shp1504_19951231b.shp,date,0,253,C:/Users/owner/Dropbox/Wzone/tmp/tmp1995/shp5201_19951231b.shp,date,0,253,C:/Users/owner/Dropbox/Wzone/tmp/tmp1995/shp5222_19951231b.shp,date,0,253,C:/Users/owner/Dropbox/Wzone/tmp/tmp1995/shp5266_19951231b.shp,date,0,253,C:/Users/owner/Dropbox/Wzone/tmp/tmp1995/shp5282_19951231b.shp,date,0,253,C:/Users/owner/Dropbox/Wzone/tmp/tmp1995/shp5293_19951231b.shp,date,0,253,C:/Users/owner/Dropbox/Wzone/tmp/tmp1995/shp5313_19951231b.shp,date,0,253,C:/Users/owner/Dropbox/Wzone/tmp/tmp1995/shp5323_19951231b.shp,date,0,253,C:/Users/owner/Dropbox/Wzone/tmp/tmp1995/shp5330_19951231b.shp,date,0,253,C:/Users/owner/Dropbox/Wzone/tmp/tmp1995/shp5336_19951231b.shp,date,0,253,C:/Users/owner/Dropbox/Wzone/tmp/tmp1995/shp5349_19951231b.shp,date,0,253,C:/Users/owner/Dropbox/Wzone/tmp/tmp1995/shp5368_19951231b.shp,date,0,253,C:/Users/owner/Dropbox/Wzone/tmp/tmp1995/shp5369_19951231b.shp,date,0,253,C:/Users/owner/Dropbox/Wzone/tmp/tmp1995/shp5405_19951231b.shp,date,0,253,C:/Users/owner/Dropbox/Wzone/tmp/tmp1995/shp5432_19951231b.shp,date,0,253,C:/Users/owner/Dropbox/Wzone/tmp/tmp1995/shp5443_19951231b.shp,date,0,253,C:/Users/owner/Dropbox/Wzone/tmp/tmp1995/shp5445_19951231b.shp,date,0,253,C:/Users/owner/Dropbox/Wzone/tmp/tmp1995/shp5450_19951231b.shp,date,0,253,C:/Users/owner/Dropbox/Wzone/tmp/tmp1995/shp5505_19951231b.shp,date,0,253,C:/Users/owner/Dropbox/Wzone/tmp/tmp1995/shp5512_19951231b.shp,date,0,253,C:/Users/owner/Dropbox/Wzone/tmp/tmp1995/shp5515_19951231b.shp,date,0,253,C:/Users/owner/Dropbox/Wzone/tmp/tmp1995/shp9878_19951231b.shp,date,0,253,C:/Users/owner/Dropbox/Wzone/tmp/tmp1995/shp10264_19951231b.shp,date,0,253,C:/Users/owner/Dropbox/Wzone/tmp/tmp1995/shp11123_19951231b.shp,date,0,253,C:/Users/owner/Dropbox/Wzone/tmp/tmp1995/shp15558_19951231b.shp,date,0,253" NO_SOURCE_INFO</Process><Process ToolSource="c:\program files\arcgis\pro\Resources\ArcToolbox\toolboxes\Data Management Tools.tbx\DefineProjection" Date="20240716" Time="005941">DefineProjection C:/Users/owner/Dropbox/Wzone/out/wzone_shp/1995/1995_12_31.shp GEOGCS["GCS_WGS_1984",DATUM["D_WGS_1984",SPHEROID["WGS_1984",6378137.0,298.257223563]],PRIMEM["Greenwich",0.0],UNIT["Degree",0.0174532925199433]]</Process></lineage></DataProperties><SyncDate>20240716</SyncDate><SyncTime>00594000</SyncTime><ModDate>20240716</ModDate><ModTime>00594000</ModTime></Esri><dataIdInfo><envirDesc Sync="TRUE">Microsoft Windows 10 Version 10.0 (Build 19045) ; Esri ArcGIS 13.2.2.49743</envirDesc><dataLang><languageCode value="eng" Sync="TRUE"></languageCode><countryCode value="USA" Sync="TRUE"></countryCode></dataLang><idCitation><resTitle Sync="TRUE">1995_12_31</resTitle><presForm><PresFormCd value="005" Sync="TRUE"></PresFormCd></presForm></idCitation><spatRpType><SpatRepTypCd value="001" Sync="TRUE"></SpatRepTypCd></spatRpType></dataIdInfo><mdLang><languageCode value="eng" Sync="TRUE"></languageCode><countryCode value="USA" Sync="TRUE"></countryCode></mdLang><mdChar><CharSetCd value="004" Sync="TRUE"></CharSetCd></mdChar><distInfo><distFormat><formatName Sync="TRUE">Shapefile</formatName></distFormat><distTranOps><transSize Sync="TRUE">0.000</transSize></distTranOps></distInfo><mdHrLv><ScopeCd value="005" Sync="TRUE"></ScopeCd></mdHrLv><mdHrLvName Sync="TRUE">dataset</mdHrLvName><spatRepInfo><VectSpatRep><geometObjs Name="1995_12_31"><geoObjTyp><GeoObjTypCd value="002" Sync="TRUE"></GeoObjTypCd></geoObjTyp><geoObjCnt Sync="TRUE">0</geoObjCnt></geometObjs><topLvl><TopoLevCd value="001" Sync="TRUE"></TopoLevCd></topLvl></VectSpatRep></spatRepInfo><spdoinfo><ptvctinf><esriterm Name="1995_12_31"><efeatyp Sync="TRUE">Simple</efeatyp><efeageom code="4" Sync="TRUE"></efeageom><esritopo Sync="TRUE">FALSE</esritopo><efeacnt Sync="TRUE">0</efeacnt><spindex Sync="TRUE">FALSE</spindex><linrefer Sync="TRUE">FALSE</linrefer></esriterm></ptvctinf></spdoinfo><eainfo><detailed Name="1995_12_31"><enttyp><enttypl Sync="TRUE">1995_12_31</enttypl><enttypt Sync="TRUE">Feature Class</enttypt><enttypc Sync="TRUE">0</enttypc></enttyp><attr><attrlabl Sync="TRUE">FID</attrlabl><attalias Sync="TRUE">FID</attalias><attrtype Sync="TRUE">OID</attrtype><attwidth Sync="TRUE">4</attwidth><atprecis Sync="TRUE">0</atprecis><attscale Sync="TRUE">0</attscale><attrdef Sync="TRUE">Internal feature number.</attrdef><attrdefs Sync="TRUE">Esri</attrdefs><attrdomv><udom Sync="TRUE">Sequential unique whole numbers that are automatically generated.</udom></attrdomv></attr><attr><attrlabl Sync="TRUE">Shape</attrlabl><attalias Sync="TRUE">Shape</attalias><attrtype Sync="TRUE">Geometry</attrtype><attwidth Sync="TRUE">0</attwidth><atprecis Sync="TRUE">0</atprecis><attscale Sync="TRUE">0</attscale><attrdef Sync="TRUE">Feature geometry.</attrdef><attrdefs Sync="TRUE">Esri</attrdefs><attrdomv><udom Sync="TRUE">Coordinates defining the features.</udom></attrdomv></attr><attr><attrlabl Sync="TRUE">dyad_id</attrlabl><attalias Sync="TRUE">dyad_id</attalias><attrtype Sync="TRUE">Integer</attrtype><attwidth Sync="TRUE">5</attwidth><atprecis Sync="TRUE">5</atprecis><attscale Sync="TRUE">0</attscale></attr><attr><attrlabl Sync="TRUE">conf_id</attrlabl><attalias Sync="TRUE">conf_id</attalias><attrtype Sync="TRUE">Integer</attrtype><attwidth Sync="TRUE">5</attwidth><atprecis Sync="TRUE">5</atprecis><attscale Sync="TRUE">0</attscale></attr><attr><attrlabl Sync="TRUE">date</attrlabl><attalias Sync="TRUE">date</attalias><attrtype Sync="TRUE">String</attrtype><attwidth Sync="TRUE">254</attwidth><atprecis Sync="TRUE">0</atprecis><attscale Sync="TRUE">0</attscale></attr></detailed></eainfo><mdDateSt Sync="TRUE">20240716</mdDateSt></metadata>
