<?xml version="1.0" encoding="UTF-8"?>
<metadata xml:lang="en"><Esri><CreaDate>20240715</CreaDate><CreaTime>20074200</CreaTime><ArcGISFormat>1.0</ArcGISFormat><SyncOnce>FALSE</SyncOnce><DataProperties><itemProps><itemName Sync="TRUE">1996_12_31</itemName><imsContentType Sync="TRUE">002</imsContentType><itemSize Sync="TRUE">0.000</itemSize><itemLocation><linkage Sync="TRUE">file://\\DESKTOP-48J08HF\C$\Users\owner\Dropbox\Wzone\out\wzone_shp\1996\1996_12_31.shp</linkage><protocol Sync="TRUE">Local Area Network</protocol></itemLocation></itemProps><lineage><Process ToolSource="c:\program files\arcgis\pro\Resources\ArcToolbox\toolboxes\Analysis Tools.tbx\Select" Date="20240715" Time="200742">Select in_memory/shp1996406_19961231a C:\Users\owner\Dropbox\Wzone\tmp\tmp1996\shp406_19961231b.shp ""gridcode" &gt; 0"</Process><Process ToolSource="c:\program files\arcgis\pro\Resources\ArcToolbox\toolboxes\Data Management Tools.tbx\AddField" Date="20240715" Time="200742">AddField C:/Users/owner/Dropbox/Wzone/tmp/tmp1996/shp406_19961231b.shp dyad_id "Short (16-bit integer)" # # # # NULLABLE NON_REQUIRED #</Process><Process ToolSource="c:\program files\arcgis\pro\Resources\ArcToolbox\toolboxes\Data Management Tools.tbx\AddField" Date="20240715" Time="200743">AddField C:/Users/owner/Dropbox/Wzone/tmp/tmp1996/shp406_19961231b.shp conf_id "Short (16-bit integer)" # # # # NULLABLE NON_REQUIRED #</Process><Process ToolSource="c:\program files\arcgis\pro\Resources\ArcToolbox\toolboxes\Data Management Tools.tbx\AddField" Date="20240715" Time="200743">AddField C:/Users/owner/Dropbox/Wzone/tmp/tmp1996/shp406_19961231b.shp date Text # # # # NULLABLE NON_REQUIRED #</Process><Process ToolSource="c:\program files\arcgis\pro\Resources\ArcToolbox\toolboxes\Data Management Tools.tbx\DeleteField" Date="20240715" Time="200743">DeleteField C:/Users/owner/Dropbox/Wzone/tmp/tmp1996/shp406_19961231b.shp Id "Delete Fields"</Process><Process ToolSource="c:\program files\arcgis\pro\Resources\ArcToolbox\toolboxes\Data Management Tools.tbx\DeleteField" Date="20240715" Time="200743">DeleteField C:/Users/owner/Dropbox/Wzone/tmp/tmp1996/shp406_19961231b.shp gridcode "Delete Fields"</Process><Process ToolSource="c:\program files\arcgis\pro\Resources\ArcToolbox\toolboxes\Data Management Tools.tbx\Merge" Date="20240715" Time="201042">Merge C:/Users/owner/Dropbox/Wzone/tmp/tmp1996/shp406_19961231b.shp;C:/Users/owner/Dropbox/Wzone/tmp/tmp1996/shp411_19961231b.shp;C:/Users/owner/Dropbox/Wzone/tmp/tmp1996/shp422_19961231b.shp;C:/Users/owner/Dropbox/Wzone/tmp/tmp1996/shp428_19961231b.shp;C:/Users/owner/Dropbox/Wzone/tmp/tmp1996/shp442_19961231b.shp;C:/Users/owner/Dropbox/Wzone/tmp/tmp1996/shp451_19961231b.shp;C:/Users/owner/Dropbox/Wzone/tmp/tmp1996/shp452_19961231b.shp;C:/Users/owner/Dropbox/Wzone/tmp/tmp1996/shp461_19961231b.shp;C:/Users/owner/Dropbox/Wzone/tmp/tmp1996/shp474_19961231b.shp;C:/Users/owner/Dropbox/Wzone/tmp/tmp1996/shp475_19961231b.shp;C:/Users/owner/Dropbox/Wzone/tmp/tmp1996/shp476_19961231b.shp;C:/Users/owner/Dropbox/Wzone/tmp/tmp1996/shp478_19961231b.shp;C:/Users/owner/Dropbox/Wzone/tmp/tmp1996/shp508_19961231b.shp;C:/Users/owner/Dropbox/Wzone/tmp/tmp1996/shp511_19961231b.shp;C:/Users/owner/Dropbox/Wzone/tmp/tmp1996/shp521_19961231b.shp;C:/Users/owner/Dropbox/Wzone/tmp/tmp1996/shp550_19961231b.shp;C:/Users/owner/Dropbox/Wzone/tmp/tmp1996/shp584_19961231b.shp;C:/Users/owner/Dropbox/Wzone/tmp/tmp1996/shp623_19961231b.shp;C:/Users/owner/Dropbox/Wzone/tmp/tmp1996/shp624_19961231b.shp;C:/Users/owner/Dropbox/Wzone/tmp/tmp1996/shp631_19961231b.shp;C:/Users/owner/Dropbox/Wzone/tmp/tmp1996/shp644_19961231b.shp;C:/Users/owner/Dropbox/Wzone/tmp/tmp1996/shp657_19961231b.shp;C:/Users/owner/Dropbox/Wzone/tmp/tmp1996/shp658_19961231b.shp;C:/Users/owner/Dropbox/Wzone/tmp/tmp1996/shp663_19961231b.shp;C:/Users/owner/Dropbox/Wzone/tmp/tmp1996/shp664_19961231b.shp;C:/Users/owner/Dropbox/Wzone/tmp/tmp1996/shp688_19961231b.shp;C:/Users/owner/Dropbox/Wzone/tmp/tmp1996/shp689_19961231b.shp;C:/Users/owner/Dropbox/Wzone/tmp/tmp1996/shp705_19961231b.shp;C:/Users/owner/Dropbox/Wzone/tmp/tmp1996/shp712_19961231b.shp;C:/Users/owner/Dropbox/Wzone/tmp/tmp1996/shp714_19961231b.shp;C:/Users/owner/Dropbox/Wzone/tmp/tmp1996/shp719_19961231b.shp;C:/Users/owner/Dropbox/Wzone/tmp/tmp1996/shp720_19961231b.shp;C:/Users/owner/Dropbox/Wzone/tmp/tmp1996/shp726_19961231b.shp;C:/Users/owner/Dropbox/Wzone/tmp/tmp1996/shp735_19961231b.shp;C:/Users/owner/Dropbox/Wzone/tmp/tmp1996/shp736_19961231b.shp;C:/Users/owner/Dropbox/Wzone/tmp/tmp1996/shp739_19961231b.shp;C:/Users/owner/Dropbox/Wzone/tmp/tmp1996/shp740_19961231b.shp;C:/Users/owner/Dropbox/Wzone/tmp/tmp1996/shp753_19961231b.shp;C:/Users/owner/Dropbox/Wzone/tmp/tmp1996/shp763_19961231b.shp;C:/Users/owner/Dropbox/Wzone/tmp/tmp1996/shp768_19961231b.shp;C:/Users/owner/Dropbox/Wzone/tmp/tmp1996/shp769_19961231b.shp;C:/Users/owner/Dropbox/Wzone/tmp/tmp1996/shp781_19961231b.shp;C:/Users/owner/Dropbox/Wzone/tmp/tmp1996/shp792_19961231b.shp;C:/Users/owner/Dropbox/Wzone/tmp/tmp1996/shp793_19961231b.shp;C:/Users/owner/Dropbox/Wzone/tmp/tmp1996/shp797_19961231b.shp;C:/Users/owner/Dropbox/Wzone/tmp/tmp1996/shp806_19961231b.shp;C:/Users/owner/Dropbox/Wzone/tmp/tmp1996/shp818_19961231b.shp;C:/Users/owner/Dropbox/Wzone/tmp/tmp1996/shp829_19961231b.shp;C:/Users/owner/Dropbox/Wzone/tmp/tmp1996/shp832_19961231b.shp;C:/Users/owner/Dropbox/Wzone/tmp/tmp1996/shp833_19961231b.shp;C:/Users/owner/Dropbox/Wzone/tmp/tmp1996/shp838_19961231b.shp;C:/Users/owner/Dropbox/Wzone/tmp/tmp1996/shp842_19961231b.shp;C:/Users/owner/Dropbox/Wzone/tmp/tmp1996/shp851_19961231b.shp;C:/Users/owner/Dropbox/Wzone/tmp/tmp1996/shp869_19961231b.shp;C:/Users/owner/Dropbox/Wzone/tmp/tmp1996/shp885_19961231b.shp;C:/Users/owner/Dropbox/Wzone/tmp/tmp1996/shp891_19961231b.shp;C:/Users/owner/Dropbox/Wzone/tmp/tmp1996/shp913_19961231b.shp;C:/Users/owner/Dropbox/Wzone/tmp/tmp1996/shp914_19961231b.shp;C:/Users/owner/Dropbox/Wzone/tmp/tmp1996/shp915_19961231b.shp;C:/Users/owner/Dropbox/Wzone/tmp/tmp1996/shp920_19961231b.shp;C:/Users/owner/Dropbox/Wzone/tmp/tmp1996/shp921_19961231b.shp;C:/Users/owner/Dropbox/Wzone/tmp/tmp1996/shp923_19961231b.shp;C:/Users/owner/Dropbox/Wzone/tmp/tmp1996/shp926_19961231b.shp;C:/Users/owner/Dropbox/Wzone/tmp/tmp1996/shp927_19961231b.shp;C:/Users/owner/Dropbox/Wzone/tmp/tmp1996/shp930_19961231b.shp;C:/Users/owner/Dropbox/Wzone/tmp/tmp1996/shp932_19961231b.shp;C:/Users/owner/Dropbox/Wzone/tmp/tmp1996/shp933_19961231b.shp;C:/Users/owner/Dropbox/Wzone/tmp/tmp1996/shp934_19961231b.shp;C:/Users/owner/Dropbox/Wzone/tmp/tmp1996/shp935_19961231b.shp;C:/Users/owner/Dropbox/Wzone/tmp/tmp1996/shp936_19961231b.shp;C:/Users/owner/Dropbox/Wzone/tmp/tmp1996/shp938_19961231b.shp;C:/Users/owner/Dropbox/Wzone/tmp/tmp1996/shp939_19961231b.shp;C:/Users/owner/Dropbox/Wzone/tmp/tmp1996/shp942_19961231b.shp;C:/Users/owner/Dropbox/Wzone/tmp/tmp1996/shp944_19961231b.shp;C:/Users/owner/Dropbox/Wzone/tmp/tmp1996/shp947_19961231b.shp;C:/Users/owner/Dropbox/Wzone/tmp/tmp1996/shp948_19961231b.shp;C:/Users/owner/Dropbox/Wzone/tmp/tmp1996/shp950_19961231b.shp;C:/Users/owner/Dropbox/Wzone/tmp/tmp1996/shp951_19961231b.shp;C:/Users/owner/Dropbox/Wzone/tmp/tmp1996/shp954_19961231b.shp;C:/Users/owner/Dropbox/Wzone/tmp/tmp1996/shp955_19961231b.shp;C:/Users/owner/Dropbox/Wzone/tmp/tmp1996/shp956_19961231b.shp;C:/Users/owner/Dropbox/Wzone/tmp/tmp1996/shp957_19961231b.shp;C:/Users/owner/Dropbox/Wzone/tmp/tmp1996/shp959_19961231b.shp;C:/Users/owner/Dropbox/Wzone/tmp/tmp1996/shp960_19961231b.shp;C:/Users/owner/Dropbox/Wzone/tmp/tmp1996/shp961_19961231b.shp;C:/Users/owner/Dropbox/Wzone/tmp/tmp1996/shp962_19961231b.shp;C:/Users/owner/Dropbox/Wzone/tmp/tmp1996/shp963_19961231b.shp;C:/Users/owner/Dropbox/Wzone/tmp/tmp1996/shp964_19961231b.shp;C:/Users/owner/Dropbox/Wzone/tmp/tmp1996/shp965_19961231b.shp;C:/Users/owner/Dropbox/Wzone/tmp/tmp1996/shp967_19961231b.shp;C:/Users/owner/Dropbox/Wzone/tmp/tmp1996/shp968_19961231b.shp;C:/Users/owner/Dropbox/Wzone/tmp/tmp1996/shp970_19961231b.shp;C:/Users/owner/Dropbox/Wzone/tmp/tmp1996/shp976_19961231b.shp;C:/Users/owner/Dropbox/Wzone/tmp/tmp1996/shp977_19961231b.shp;C:/Users/owner/Dropbox/Wzone/tmp/tmp1996/shp981_19961231b.shp;C:/Users/owner/Dropbox/Wzone/tmp/tmp1996/shp983_19961231b.shp;C:/Users/owner/Dropbox/Wzone/tmp/tmp1996/shp987_19961231b.shp;C:/Users/owner/Dropbox/Wzone/tmp/tmp1996/shp988_19961231b.shp;C:/Users/owner/Dropbox/Wzone/tmp/tmp1996/shp989_19961231b.shp;C:/Users/owner/Dropbox/Wzone/tmp/tmp1996/shp990_19961231b.shp;C:/Users/owner/Dropbox/Wzone/tmp/tmp1996/shp993_19961231b.shp;C:/Users/owner/Dropbox/Wzone/tmp/tmp1996/shp996_19961231b.shp;C:/Users/owner/Dropbox/Wzone/tmp/tmp1996/shp998_19961231b.shp;C:/Users/owner/Dropbox/Wzone/tmp/tmp1996/shp1007_19961231b.shp;C:/Users/owner/Dropbox/Wzone/tmp/tmp1996/shp1014_19961231b.shp;C:/Users/owner/Dropbox/Wzone/tmp/tmp1996/shp1018_19961231b.shp;C:/Users/owner/Dropbox/Wzone/tmp/tmp1996/shp1021_19961231b.shp;C:/Users/owner/Dropbox/Wzone/tmp/tmp1996/shp1026_19961231b.shp;C:/Users/owner/Dropbox/Wzone/tmp/tmp1996/shp1027_19961231b.shp;C:/Users/owner/Dropbox/Wzone/tmp/tmp1996/shp1038_19961231b.shp;C:/Users/owner/Dropbox/Wzone/tmp/tmp1996/shp1039_19961231b.shp;C:/Users/owner/Dropbox/Wzone/tmp/tmp1996/shp1045_19961231b.shp;C:/Users/owner/Dropbox/Wzone/tmp/tmp1996/shp1056_19961231b.shp;C:/Users/owner/Dropbox/Wzone/tmp/tmp1996/shp1072_19961231b.shp;C:/Users/owner/Dropbox/Wzone/tmp/tmp1996/shp1073_19961231b.shp;C:/Users/owner/Dropbox/Wzone/tmp/tmp1996/shp1074_19961231b.shp;C:/Users/owner/Dropbox/Wzone/tmp/tmp1996/shp1077_19961231b.shp;C:/Users/owner/Dropbox/Wzone/tmp/tmp1996/shp1108_19961231b.shp;C:/Users/owner/Dropbox/Wzone/tmp/tmp1996/shp1167_19961231b.shp;C:/Users/owner/Dropbox/Wzone/tmp/tmp1996/shp1199_19961231b.shp;C:/Users/owner/Dropbox/Wzone/tmp/tmp1996/shp1204_19961231b.shp;C:/Users/owner/Dropbox/Wzone/tmp/tmp1996/shp1301_19961231b.shp;C:/Users/owner/Dropbox/Wzone/tmp/tmp1996/shp1422_19961231b.shp;C:/Users/owner/Dropbox/Wzone/tmp/tmp1996/shp1504_19961231b.shp;C:/Users/owner/Dropbox/Wzone/tmp/tmp1996/shp1702_19961231b.shp;C:/Users/owner/Dropbox/Wzone/tmp/tmp1996/shp2402_19961231b.shp;C:/Users/owner/Dropbox/Wzone/tmp/tmp1996/shp5201_19961231b.shp;C:/Users/owner/Dropbox/Wzone/tmp/tmp1996/shp5222_19961231b.shp;C:/Users/owner/Dropbox/Wzone/tmp/tmp1996/shp5266_19961231b.shp;C:/Users/owner/Dropbox/Wzone/tmp/tmp1996/shp5272_19961231b.shp;C:/Users/owner/Dropbox/Wzone/tmp/tmp1996/shp5282_19961231b.shp;C:/Users/owner/Dropbox/Wzone/tmp/tmp1996/shp5293_19961231b.shp;C:/Users/owner/Dropbox/Wzone/tmp/tmp1996/shp5313_19961231b.shp;C:/Users/owner/Dropbox/Wzone/tmp/tmp1996/shp5336_19961231b.shp;C:/Users/owner/Dropbox/Wzone/tmp/tmp1996/shp5349_19961231b.shp;C:/Users/owner/Dropbox/Wzone/tmp/tmp1996/shp5368_19961231b.shp;C:/Users/owner/Dropbox/Wzone/tmp/tmp1996/shp5369_19961231b.shp;C:/Users/owner/Dropbox/Wzone/tmp/tmp1996/shp5405_19961231b.shp;C:/Users/owner/Dropbox/Wzone/tmp/tmp1996/shp5445_19961231b.shp;C:/Users/owner/Dropbox/Wzone/tmp/tmp1996/shp5505_19961231b.shp;C:/Users/owner/Dropbox/Wzone/tmp/tmp1996/shp5512_19961231b.shp;C:/Users/owner/Dropbox/Wzone/tmp/tmp1996/shp5515_19961231b.shp;C:/Users/owner/Dropbox/Wzone/tmp/tmp1996/shp10264_19961231b.shp;C:/Users/owner/Dropbox/Wzone/tmp/tmp1996/shp11123_19961231b.shp;C:/Users/owner/Dropbox/Wzone/tmp/tmp1996/shp15558_19961231b.shp C:\Users\owner\Dropbox\Wzone\out\wzone_shp\1996\1996_12_31.shp "dyad_id "dyad_id" true true false 5 Long 0 5,First,#,C:/Users/owner/Dropbox/Wzone/tmp/tmp1996/shp406_19961231b.shp,dyad_id,-1,-1,C:/Users/owner/Dropbox/Wzone/tmp/tmp1996/shp411_19961231b.shp,dyad_id,-1,-1,C:/Users/owner/Dropbox/Wzone/tmp/tmp1996/shp422_19961231b.shp,dyad_id,-1,-1,C:/Users/owner/Dropbox/Wzone/tmp/tmp1996/shp428_19961231b.shp,dyad_id,-1,-1,C:/Users/owner/Dropbox/Wzone/tmp/tmp1996/shp442_19961231b.shp,dyad_id,-1,-1,C:/Users/owner/Dropbox/Wzone/tmp/tmp1996/shp451_19961231b.shp,dyad_id,-1,-1,C:/Users/owner/Dropbox/Wzone/tmp/tmp1996/shp452_19961231b.shp,dyad_id,-1,-1,C:/Users/owner/Dropbox/Wzone/tmp/tmp1996/shp461_19961231b.shp,dyad_id,-1,-1,C:/Users/owner/Dropbox/Wzone/tmp/tmp1996/shp474_19961231b.shp,dyad_id,-1,-1,C:/Users/owner/Dropbox/Wzone/tmp/tmp1996/shp475_19961231b.shp,dyad_id,-1,-1,C:/Users/owner/Dropbox/Wzone/tmp/tmp1996/shp476_19961231b.shp,dyad_id,-1,-1,C:/Users/owner/Dropbox/Wzone/tmp/tmp1996/shp478_19961231b.shp,dyad_id,-1,-1,C:/Users/owner/Dropbox/Wzone/tmp/tmp1996/shp508_19961231b.shp,dyad_id,-1,-1,C:/Users/owner/Dropbox/Wzone/tmp/tmp1996/shp511_19961231b.shp,dyad_id,-1,-1,C:/Users/owner/Dropbox/Wzone/tmp/tmp1996/shp521_19961231b.shp,dyad_id,-1,-1,C:/Users/owner/Dropbox/Wzone/tmp/tmp1996/shp550_19961231b.shp,dyad_id,-1,-1,C:/Users/owner/Dropbox/Wzone/tmp/tmp1996/shp584_19961231b.shp,dyad_id,-1,-1,C:/Users/owner/Dropbox/Wzone/tmp/tmp1996/shp623_19961231b.shp,dyad_id,-1,-1,C:/Users/owner/Dropbox/Wzone/tmp/tmp1996/shp624_19961231b.shp,dyad_id,-1,-1,C:/Users/owner/Dropbox/Wzone/tmp/tmp1996/shp631_19961231b.shp,dyad_id,-1,-1,C:/Users/owner/Dropbox/Wzone/tmp/tmp1996/shp644_19961231b.shp,dyad_id,-1,-1,C:/Users/owner/Dropbox/Wzone/tmp/tmp1996/shp657_19961231b.shp,dyad_id,-1,-1,C:/Users/owner/Dropbox/Wzone/tmp/tmp1996/shp658_19961231b.shp,dyad_id,-1,-1,C:/Users/owner/Dropbox/Wzone/tmp/tmp1996/shp663_19961231b.shp,dyad_id,-1,-1,C:/Users/owner/Dropbox/Wzone/tmp/tmp1996/shp664_19961231b.shp,dyad_id,-1,-1,C:/Users/owner/Dropbox/Wzone/tmp/tmp1996/shp688_19961231b.shp,dyad_id,-1,-1,C:/Users/owner/Dropbox/Wzone/tmp/tmp1996/shp689_19961231b.shp,dyad_id,-1,-1,C:/Users/owner/Dropbox/Wzone/tmp/tmp1996/shp705_19961231b.shp,dyad_id,-1,-1,C:/Users/owner/Dropbox/Wzone/tmp/tmp1996/shp712_19961231b.shp,dyad_id,-1,-1,C:/Users/owner/Dropbox/Wzone/tmp/tmp1996/shp714_19961231b.shp,dyad_id,-1,-1,C:/Users/owner/Dropbox/Wzone/tmp/tmp1996/shp719_19961231b.shp,dyad_id,-1,-1,C:/Users/owner/Dropbox/Wzone/tmp/tmp1996/shp720_19961231b.shp,dyad_id,-1,-1,C:/Users/owner/Dropbox/Wzone/tmp/tmp1996/shp726_19961231b.shp,dyad_id,-1,-1,C:/Users/owner/Dropbox/Wzone/tmp/tmp1996/shp735_19961231b.shp,dyad_id,-1,-1,C:/Users/owner/Dropbox/Wzone/tmp/tmp1996/shp736_19961231b.shp,dyad_id,-1,-1,C:/Users/owner/Dropbox/Wzone/tmp/tmp1996/shp739_19961231b.shp,dyad_id,-1,-1,C:/Users/owner/Dropbox/Wzone/tmp/tmp1996/shp740_19961231b.shp,dyad_id,-1,-1,C:/Users/owner/Dropbox/Wzone/tmp/tmp1996/shp753_19961231b.shp,dyad_id,-1,-1,C:/Users/owner/Dropbox/Wzone/tmp/tmp1996/shp763_19961231b.shp,dyad_id,-1,-1,C:/Users/owner/Dropbox/Wzone/tmp/tmp1996/shp768_19961231b.shp,dyad_id,-1,-1,C:/Users/owner/Dropbox/Wzone/tmp/tmp1996/shp769_19961231b.shp,dyad_id,-1,-1,C:/Users/owner/Dropbox/Wzone/tmp/tmp1996/shp781_19961231b.shp,dyad_id,-1,-1,C:/Users/owner/Dropbox/Wzone/tmp/tmp1996/shp792_19961231b.shp,dyad_id,-1,-1,C:/Users/owner/Dropbox/Wzone/tmp/tmp1996/shp793_19961231b.shp,dyad_id,-1,-1,C:/Users/owner/Dropbox/Wzone/tmp/tmp1996/shp797_19961231b.shp,dyad_id,-1,-1,C:/Users/owner/Dropbox/Wzone/tmp/tmp1996/shp806_19961231b.shp,dyad_id,-1,-1,C:/Users/owner/Dropbox/Wzone/tmp/tmp1996/shp818_19961231b.shp,dyad_id,-1,-1,C:/Users/owner/Dropbox/Wzone/tmp/tmp1996/shp829_19961231b.shp,dyad_id,-1,-1,C:/Users/owner/Dropbox/Wzone/tmp/tmp1996/shp832_19961231b.shp,dyad_id,-1,-1,C:/Users/owner/Dropbox/Wzone/tmp/tmp1996/shp833_19961231b.shp,dyad_id,-1,-1,C:/Users/owner/Dropbox/Wzone/tmp/tmp1996/shp838_19961231b.shp,dyad_id,-1,-1,C:/Users/owner/Dropbox/Wzone/tmp/tmp1996/shp842_19961231b.shp,dyad_id,-1,-1,C:/Users/owner/Dropbox/Wzone/tmp/tmp1996/shp851_19961231b.shp,dyad_id,-1,-1,C:/Users/owner/Dropbox/Wzone/tmp/tmp1996/shp869_19961231b.shp,dyad_id,-1,-1,C:/Users/owner/Dropbox/Wzone/tmp/tmp1996/shp885_19961231b.shp,dyad_id,-1,-1,C:/Users/owner/Dropbox/Wzone/tmp/tmp1996/shp891_19961231b.shp,dyad_id,-1,-1,C:/Users/owner/Dropbox/Wzone/tmp/tmp1996/shp913_19961231b.shp,dyad_id,-1,-1,C:/Users/owner/Dropbox/Wzone/tmp/tmp1996/shp914_19961231b.shp,dyad_id,-1,-1,C:/Users/owner/Dropbox/Wzone/tmp/tmp1996/shp915_19961231b.shp,dyad_id,-1,-1,C:/Users/owner/Dropbox/Wzone/tmp/tmp1996/shp920_19961231b.shp,dyad_id,-1,-1,C:/Users/owner/Dropbox/Wzone/tmp/tmp1996/shp921_19961231b.shp,dyad_id,-1,-1,C:/Users/owner/Dropbox/Wzone/tmp/tmp1996/shp923_19961231b.shp,dyad_id,-1,-1,C:/Users/owner/Dropbox/Wzone/tmp/tmp1996/shp926_19961231b.shp,dyad_id,-1,-1,C:/Users/owner/Dropbox/Wzone/tmp/tmp1996/shp927_19961231b.shp,dyad_id,-1,-1,C:/Users/owner/Dropbox/Wzone/tmp/tmp1996/shp930_19961231b.shp,dyad_id,-1,-1,C:/Users/owner/Dropbox/Wzone/tmp/tmp1996/shp932_19961231b.shp,dyad_id,-1,-1,C:/Users/owner/Dropbox/Wzone/tmp/tmp1996/shp933_19961231b.shp,dyad_id,-1,-1,C:/Users/owner/Dropbox/Wzone/tmp/tmp1996/shp934_19961231b.shp,dyad_id,-1,-1,C:/Users/owner/Dropbox/Wzone/tmp/tmp1996/shp935_19961231b.shp,dyad_id,-1,-1,C:/Users/owner/Dropbox/Wzone/tmp/tmp1996/shp936_19961231b.shp,dyad_id,-1,-1,C:/Users/owner/Dropbox/Wzone/tmp/tmp1996/shp938_19961231b.shp,dyad_id,-1,-1,C:/Users/owner/Dropbox/Wzone/tmp/tmp1996/shp939_19961231b.shp,dyad_id,-1,-1,C:/Users/owner/Dropbox/Wzone/tmp/tmp1996/shp942_19961231b.shp,dyad_id,-1,-1,C:/Users/owner/Dropbox/Wzone/tmp/tmp1996/shp944_19961231b.shp,dyad_id,-1,-1,C:/Users/owner/Dropbox/Wzone/tmp/tmp1996/shp947_19961231b.shp,dyad_id,-1,-1,C:/Users/owner/Dropbox/Wzone/tmp/tmp1996/shp948_19961231b.shp,dyad_id,-1,-1,C:/Users/owner/Dropbox/Wzone/tmp/tmp1996/shp950_19961231b.shp,dyad_id,-1,-1,C:/Users/owner/Dropbox/Wzone/tmp/tmp1996/shp951_19961231b.shp,dyad_id,-1,-1,C:/Users/owner/Dropbox/Wzone/tmp/tmp1996/shp954_19961231b.shp,dyad_id,-1,-1,C:/Users/owner/Dropbox/Wzone/tmp/tmp1996/shp955_19961231b.shp,dyad_id,-1,-1,C:/Users/owner/Dropbox/Wzone/tmp/tmp1996/shp956_19961231b.shp,dyad_id,-1,-1,C:/Users/owner/Dropbox/Wzone/tmp/tmp1996/shp957_19961231b.shp,dyad_id,-1,-1,C:/Users/owner/Dropbox/Wzone/tmp/tmp1996/shp959_19961231b.shp,dyad_id,-1,-1,C:/Users/owner/Dropbox/Wzone/tmp/tmp1996/shp960_19961231b.shp,dyad_id,-1,-1,C:/Users/owner/Dropbox/Wzone/tmp/tmp1996/shp961_19961231b.shp,dyad_id,-1,-1,C:/Users/owner/Dropbox/Wzone/tmp/tmp1996/shp962_19961231b.shp,dyad_id,-1,-1,C:/Users/owner/Dropbox/Wzone/tmp/tmp1996/shp963_19961231b.shp,dyad_id,-1,-1,C:/Users/owner/Dropbox/Wzone/tmp/tmp1996/shp964_19961231b.shp,dyad_id,-1,-1,C:/Users/owner/Dropbox/Wzone/tmp/tmp1996/shp965_19961231b.shp,dyad_id,-1,-1,C:/Users/owner/Dropbox/Wzone/tmp/tmp1996/shp967_19961231b.shp,dyad_id,-1,-1,C:/Users/owner/Dropbox/Wzone/tmp/tmp1996/shp968_19961231b.shp,dyad_id,-1,-1,C:/Users/owner/Dropbox/Wzone/tmp/tmp1996/shp970_19961231b.shp,dyad_id,-1,-1,C:/Users/owner/Dropbox/Wzone/tmp/tmp1996/shp976_19961231b.shp,dyad_id,-1,-1,C:/Users/owner/Dropbox/Wzone/tmp/tmp1996/shp977_19961231b.shp,dyad_id,-1,-1,C:/Users/owner/Dropbox/Wzone/tmp/tmp1996/shp981_19961231b.shp,dyad_id,-1,-1,C:/Users/owner/Dropbox/Wzone/tmp/tmp1996/shp983_19961231b.shp,dyad_id,-1,-1,C:/Users/owner/Dropbox/Wzone/tmp/tmp1996/shp987_19961231b.shp,dyad_id,-1,-1,C:/Users/owner/Dropbox/Wzone/tmp/tmp1996/shp988_19961231b.shp,dyad_id,-1,-1,C:/Users/owner/Dropbox/Wzone/tmp/tmp1996/shp989_19961231b.shp,dyad_id,-1,-1,C:/Users/owner/Dropbox/Wzone/tmp/tmp1996/shp990_19961231b.shp,dyad_id,-1,-1,C:/Users/owner/Dropbox/Wzone/tmp/tmp1996/shp993_19961231b.shp,dyad_id,-1,-1,C:/Users/owner/Dropbox/Wzone/tmp/tmp1996/shp996_19961231b.shp,dyad_id,-1,-1,C:/Users/owner/Dropbox/Wzone/tmp/tmp1996/shp998_19961231b.shp,dyad_id,-1,-1,C:/Users/owner/Dropbox/Wzone/tmp/tmp1996/shp1007_19961231b.shp,dyad_id,-1,-1,C:/Users/owner/Dropbox/Wzone/tmp/tmp1996/shp1014_19961231b.shp,dyad_id,-1,-1,C:/Users/owner/Dropbox/Wzone/tmp/tmp1996/shp1018_19961231b.shp,dyad_id,-1,-1,C:/Users/owner/Dropbox/Wzone/tmp/tmp1996/shp1021_19961231b.shp,dyad_id,-1,-1,C:/Users/owner/Dropbox/Wzone/tmp/tmp1996/shp1026_19961231b.shp,dyad_id,-1,-1,C:/Users/owner/Dropbox/Wzone/tmp/tmp1996/shp1027_19961231b.shp,dyad_id,-1,-1,C:/Users/owner/Dropbox/Wzone/tmp/tmp1996/shp1038_19961231b.shp,dyad_id,-1,-1,C:/Users/owner/Dropbox/Wzone/tmp/tmp1996/shp1039_19961231b.shp,dyad_id,-1,-1,C:/Users/owner/Dropbox/Wzone/tmp/tmp1996/shp1045_19961231b.shp,dyad_id,-1,-1,C:/Users/owner/Dropbox/Wzone/tmp/tmp1996/shp1056_19961231b.shp,dyad_id,-1,-1,C:/Users/owner/Dropbox/Wzone/tmp/tmp1996/shp1072_19961231b.shp,dyad_id,-1,-1,C:/Users/owner/Dropbox/Wzone/tmp/tmp1996/shp1073_19961231b.shp,dyad_id,-1,-1,C:/Users/owner/Dropbox/Wzone/tmp/tmp1996/shp1074_19961231b.shp,dyad_id,-1,-1,C:/Users/owner/Dropbox/Wzone/tmp/tmp1996/shp1077_19961231b.shp,dyad_id,-1,-1,C:/Users/owner/Dropbox/Wzone/tmp/tmp1996/shp1108_19961231b.shp,dyad_id,-1,-1,C:/Users/owner/Dropbox/Wzone/tmp/tmp1996/shp1167_19961231b.shp,dyad_id,-1,-1,C:/Users/owner/Dropbox/Wzone/tmp/tmp1996/shp1199_19961231b.shp,dyad_id,-1,-1,C:/Users/owner/Dropbox/Wzone/tmp/tmp1996/shp1204_19961231b.shp,dyad_id,-1,-1,C:/Users/owner/Dropbox/Wzone/tmp/tmp1996/shp1301_19961231b.shp,dyad_id,-1,-1,C:/Users/owner/Dropbox/Wzone/tmp/tmp1996/shp1422_19961231b.shp,dyad_id,-1,-1,C:/Users/owner/Dropbox/Wzone/tmp/tmp1996/shp1504_19961231b.shp,dyad_id,-1,-1,C:/Users/owner/Dropbox/Wzone/tmp/tmp1996/shp1702_19961231b.shp,dyad_id,-1,-1,C:/Users/owner/Dropbox/Wzone/tmp/tmp1996/shp2402_19961231b.shp,dyad_id,-1,-1,C:/Users/owner/Dropbox/Wzone/tmp/tmp1996/shp5201_19961231b.shp,dyad_id,-1,-1,C:/Users/owner/Dropbox/Wzone/tmp/tmp1996/shp5222_19961231b.shp,dyad_id,-1,-1,C:/Users/owner/Dropbox/Wzone/tmp/tmp1996/shp5266_19961231b.shp,dyad_id,-1,-1,C:/Users/owner/Dropbox/Wzone/tmp/tmp1996/shp5272_19961231b.shp,dyad_id,-1,-1,C:/Users/owner/Dropbox/Wzone/tmp/tmp1996/shp5282_19961231b.shp,dyad_id,-1,-1,C:/Users/owner/Dropbox/Wzone/tmp/tmp1996/shp5293_19961231b.shp,dyad_id,-1,-1,C:/Users/owner/Dropbox/Wzone/tmp/tmp1996/shp5313_19961231b.shp,dyad_id,-1,-1,C:/Users/owner/Dropbox/Wzone/tmp/tmp1996/shp5336_19961231b.shp,dyad_id,-1,-1,C:/Users/owner/Dropbox/Wzone/tmp/tmp1996/shp5349_19961231b.shp,dyad_id,-1,-1,C:/Users/owner/Dropbox/Wzone/tmp/tmp1996/shp5368_19961231b.shp,dyad_id,-1,-1,C:/Users/owner/Dropbox/Wzone/tmp/tmp1996/shp5369_19961231b.shp,dyad_id,-1,-1,C:/Users/owner/Dropbox/Wzone/tmp/tmp1996/shp5405_19961231b.shp,dyad_id,-1,-1,C:/Users/owner/Dropbox/Wzone/tmp/tmp1996/shp5445_19961231b.shp,dyad_id,-1,-1,C:/Users/owner/Dropbox/Wzone/tmp/tmp1996/shp5505_19961231b.shp,dyad_id,-1,-1,C:/Users/owner/Dropbox/Wzone/tmp/tmp1996/shp5512_19961231b.shp,dyad_id,-1,-1,C:/Users/owner/Dropbox/Wzone/tmp/tmp1996/shp5515_19961231b.shp,dyad_id,-1,-1,C:/Users/owner/Dropbox/Wzone/tmp/tmp1996/shp10264_19961231b.shp,dyad_id,-1,-1,C:/Users/owner/Dropbox/Wzone/tmp/tmp1996/shp11123_19961231b.shp,dyad_id,-1,-1,C:/Users/owner/Dropbox/Wzone/tmp/tmp1996/shp15558_19961231b.shp,dyad_id,-1,-1;conf_id "conf_id" true true false 5 Long 0 5,First,#,C:/Users/owner/Dropbox/Wzone/tmp/tmp1996/shp406_19961231b.shp,conf_id,-1,-1,C:/Users/owner/Dropbox/Wzone/tmp/tmp1996/shp411_19961231b.shp,conf_id,-1,-1,C:/Users/owner/Dropbox/Wzone/tmp/tmp1996/shp422_19961231b.shp,conf_id,-1,-1,C:/Users/owner/Dropbox/Wzone/tmp/tmp1996/shp428_19961231b.shp,conf_id,-1,-1,C:/Users/owner/Dropbox/Wzone/tmp/tmp1996/shp442_19961231b.shp,conf_id,-1,-1,C:/Users/owner/Dropbox/Wzone/tmp/tmp1996/shp451_19961231b.shp,conf_id,-1,-1,C:/Users/owner/Dropbox/Wzone/tmp/tmp1996/shp452_19961231b.shp,conf_id,-1,-1,C:/Users/owner/Dropbox/Wzone/tmp/tmp1996/shp461_19961231b.shp,conf_id,-1,-1,C:/Users/owner/Dropbox/Wzone/tmp/tmp1996/shp474_19961231b.shp,conf_id,-1,-1,C:/Users/owner/Dropbox/Wzone/tmp/tmp1996/shp475_19961231b.shp,conf_id,-1,-1,C:/Users/owner/Dropbox/Wzone/tmp/tmp1996/shp476_19961231b.shp,conf_id,-1,-1,C:/Users/owner/Dropbox/Wzone/tmp/tmp1996/shp478_19961231b.shp,conf_id,-1,-1,C:/Users/owner/Dropbox/Wzone/tmp/tmp1996/shp508_19961231b.shp,conf_id,-1,-1,C:/Users/owner/Dropbox/Wzone/tmp/tmp1996/shp511_19961231b.shp,conf_id,-1,-1,C:/Users/owner/Dropbox/Wzone/tmp/tmp1996/shp521_19961231b.shp,conf_id,-1,-1,C:/Users/owner/Dropbox/Wzone/tmp/tmp1996/shp550_19961231b.shp,conf_id,-1,-1,C:/Users/owner/Dropbox/Wzone/tmp/tmp1996/shp584_19961231b.shp,conf_id,-1,-1,C:/Users/owner/Dropbox/Wzone/tmp/tmp1996/shp623_19961231b.shp,conf_id,-1,-1,C:/Users/owner/Dropbox/Wzone/tmp/tmp1996/shp624_19961231b.shp,conf_id,-1,-1,C:/Users/owner/Dropbox/Wzone/tmp/tmp1996/shp631_19961231b.shp,conf_id,-1,-1,C:/Users/owner/Dropbox/Wzone/tmp/tmp1996/shp644_19961231b.shp,conf_id,-1,-1,C:/Users/owner/Dropbox/Wzone/tmp/tmp1996/shp657_19961231b.shp,conf_id,-1,-1,C:/Users/owner/Dropbox/Wzone/tmp/tmp1996/shp658_19961231b.shp,conf_id,-1,-1,C:/Users/owner/Dropbox/Wzone/tmp/tmp1996/shp663_19961231b.shp,conf_id,-1,-1,C:/Users/owner/Dropbox/Wzone/tmp/tmp1996/shp664_19961231b.shp,conf_id,-1,-1,C:/Users/owner/Dropbox/Wzone/tmp/tmp1996/shp688_19961231b.shp,conf_id,-1,-1,C:/Users/owner/Dropbox/Wzone/tmp/tmp1996/shp689_19961231b.shp,conf_id,-1,-1,C:/Users/owner/Dropbox/Wzone/tmp/tmp1996/shp705_19961231b.shp,conf_id,-1,-1,C:/Users/owner/Dropbox/Wzone/tmp/tmp1996/shp712_19961231b.shp,conf_id,-1,-1,C:/Users/owner/Dropbox/Wzone/tmp/tmp1996/shp714_19961231b.shp,conf_id,-1,-1,C:/Users/owner/Dropbox/Wzone/tmp/tmp1996/shp719_19961231b.shp,conf_id,-1,-1,C:/Users/owner/Dropbox/Wzone/tmp/tmp1996/shp720_19961231b.shp,conf_id,-1,-1,C:/Users/owner/Dropbox/Wzone/tmp/tmp1996/shp726_19961231b.shp,conf_id,-1,-1,C:/Users/owner/Dropbox/Wzone/tmp/tmp1996/shp735_19961231b.shp,conf_id,-1,-1,C:/Users/owner/Dropbox/Wzone/tmp/tmp1996/shp736_19961231b.shp,conf_id,-1,-1,C:/Users/owner/Dropbox/Wzone/tmp/tmp1996/shp739_19961231b.shp,conf_id,-1,-1,C:/Users/owner/Dropbox/Wzone/tmp/tmp1996/shp740_19961231b.shp,conf_id,-1,-1,C:/Users/owner/Dropbox/Wzone/tmp/tmp1996/shp753_19961231b.shp,conf_id,-1,-1,C:/Users/owner/Dropbox/Wzone/tmp/tmp1996/shp763_19961231b.shp,conf_id,-1,-1,C:/Users/owner/Dropbox/Wzone/tmp/tmp1996/shp768_19961231b.shp,conf_id,-1,-1,C:/Users/owner/Dropbox/Wzone/tmp/tmp1996/shp769_19961231b.shp,conf_id,-1,-1,C:/Users/owner/Dropbox/Wzone/tmp/tmp1996/shp781_19961231b.shp,conf_id,-1,-1,C:/Users/owner/Dropbox/Wzone/tmp/tmp1996/shp792_19961231b.shp,conf_id,-1,-1,C:/Users/owner/Dropbox/Wzone/tmp/tmp1996/shp793_19961231b.shp,conf_id,-1,-1,C:/Users/owner/Dropbox/Wzone/tmp/tmp1996/shp797_19961231b.shp,conf_id,-1,-1,C:/Users/owner/Dropbox/Wzone/tmp/tmp1996/shp806_19961231b.shp,conf_id,-1,-1,C:/Users/owner/Dropbox/Wzone/tmp/tmp1996/shp818_19961231b.shp,conf_id,-1,-1,C:/Users/owner/Dropbox/Wzone/tmp/tmp1996/shp829_19961231b.shp,conf_id,-1,-1,C:/Users/owner/Dropbox/Wzone/tmp/tmp1996/shp832_19961231b.shp,conf_id,-1,-1,C:/Users/owner/Dropbox/Wzone/tmp/tmp1996/shp833_19961231b.shp,conf_id,-1,-1,C:/Users/owner/Dropbox/Wzone/tmp/tmp1996/shp838_19961231b.shp,conf_id,-1,-1,C:/Users/owner/Dropbox/Wzone/tmp/tmp1996/shp842_19961231b.shp,conf_id,-1,-1,C:/Users/owner/Dropbox/Wzone/tmp/tmp1996/shp851_19961231b.shp,conf_id,-1,-1,C:/Users/owner/Dropbox/Wzone/tmp/tmp1996/shp869_19961231b.shp,conf_id,-1,-1,C:/Users/owner/Dropbox/Wzone/tmp/tmp1996/shp885_19961231b.shp,conf_id,-1,-1,C:/Users/owner/Dropbox/Wzone/tmp/tmp1996/shp891_19961231b.shp,conf_id,-1,-1,C:/Users/owner/Dropbox/Wzone/tmp/tmp1996/shp913_19961231b.shp,conf_id,-1,-1,C:/Users/owner/Dropbox/Wzone/tmp/tmp1996/shp914_19961231b.shp,conf_id,-1,-1,C:/Users/owner/Dropbox/Wzone/tmp/tmp1996/shp915_19961231b.shp,conf_id,-1,-1,C:/Users/owner/Dropbox/Wzone/tmp/tmp1996/shp920_19961231b.shp,conf_id,-1,-1,C:/Users/owner/Dropbox/Wzone/tmp/tmp1996/shp921_19961231b.shp,conf_id,-1,-1,C:/Users/owner/Dropbox/Wzone/tmp/tmp1996/shp923_19961231b.shp,conf_id,-1,-1,C:/Users/owner/Dropbox/Wzone/tmp/tmp1996/shp926_19961231b.shp,conf_id,-1,-1,C:/Users/owner/Dropbox/Wzone/tmp/tmp1996/shp927_19961231b.shp,conf_id,-1,-1,C:/Users/owner/Dropbox/Wzone/tmp/tmp1996/shp930_19961231b.shp,conf_id,-1,-1,C:/Users/owner/Dropbox/Wzone/tmp/tmp1996/shp932_19961231b.shp,conf_id,-1,-1,C:/Users/owner/Dropbox/Wzone/tmp/tmp1996/shp933_19961231b.shp,conf_id,-1,-1,C:/Users/owner/Dropbox/Wzone/tmp/tmp1996/shp934_19961231b.shp,conf_id,-1,-1,C:/Users/owner/Dropbox/Wzone/tmp/tmp1996/shp935_19961231b.shp,conf_id,-1,-1,C:/Users/owner/Dropbox/Wzone/tmp/tmp1996/shp936_19961231b.shp,conf_id,-1,-1,C:/Users/owner/Dropbox/Wzone/tmp/tmp1996/shp938_19961231b.shp,conf_id,-1,-1,C:/Users/owner/Dropbox/Wzone/tmp/tmp1996/shp939_19961231b.shp,conf_id,-1,-1,C:/Users/owner/Dropbox/Wzone/tmp/tmp1996/shp942_19961231b.shp,conf_id,-1,-1,C:/Users/owner/Dropbox/Wzone/tmp/tmp1996/shp944_19961231b.shp,conf_id,-1,-1,C:/Users/owner/Dropbox/Wzone/tmp/tmp1996/shp947_19961231b.shp,conf_id,-1,-1,C:/Users/owner/Dropbox/Wzone/tmp/tmp1996/shp948_19961231b.shp,conf_id,-1,-1,C:/Users/owner/Dropbox/Wzone/tmp/tmp1996/shp950_19961231b.shp,conf_id,-1,-1,C:/Users/owner/Dropbox/Wzone/tmp/tmp1996/shp951_19961231b.shp,conf_id,-1,-1,C:/Users/owner/Dropbox/Wzone/tmp/tmp1996/shp954_19961231b.shp,conf_id,-1,-1,C:/Users/owner/Dropbox/Wzone/tmp/tmp1996/shp955_19961231b.shp,conf_id,-1,-1,C:/Users/owner/Dropbox/Wzone/tmp/tmp1996/shp956_19961231b.shp,conf_id,-1,-1,C:/Users/owner/Dropbox/Wzone/tmp/tmp1996/shp957_19961231b.shp,conf_id,-1,-1,C:/Users/owner/Dropbox/Wzone/tmp/tmp1996/shp959_19961231b.shp,conf_id,-1,-1,C:/Users/owner/Dropbox/Wzone/tmp/tmp1996/shp960_19961231b.shp,conf_id,-1,-1,C:/Users/owner/Dropbox/Wzone/tmp/tmp1996/shp961_19961231b.shp,conf_id,-1,-1,C:/Users/owner/Dropbox/Wzone/tmp/tmp1996/shp962_19961231b.shp,conf_id,-1,-1,C:/Users/owner/Dropbox/Wzone/tmp/tmp1996/shp963_19961231b.shp,conf_id,-1,-1,C:/Users/owner/Dropbox/Wzone/tmp/tmp1996/shp964_19961231b.shp,conf_id,-1,-1,C:/Users/owner/Dropbox/Wzone/tmp/tmp1996/shp965_19961231b.shp,conf_id,-1,-1,C:/Users/owner/Dropbox/Wzone/tmp/tmp1996/shp967_19961231b.shp,conf_id,-1,-1,C:/Users/owner/Dropbox/Wzone/tmp/tmp1996/shp968_19961231b.shp,conf_id,-1,-1,C:/Users/owner/Dropbox/Wzone/tmp/tmp1996/shp970_19961231b.shp,conf_id,-1,-1,C:/Users/owner/Dropbox/Wzone/tmp/tmp1996/shp976_19961231b.shp,conf_id,-1,-1,C:/Users/owner/Dropbox/Wzone/tmp/tmp1996/shp977_19961231b.shp,conf_id,-1,-1,C:/Users/owner/Dropbox/Wzone/tmp/tmp1996/shp981_19961231b.shp,conf_id,-1,-1,C:/Users/owner/Dropbox/Wzone/tmp/tmp1996/shp983_19961231b.shp,conf_id,-1,-1,C:/Users/owner/Dropbox/Wzone/tmp/tmp1996/shp987_19961231b.shp,conf_id,-1,-1,C:/Users/owner/Dropbox/Wzone/tmp/tmp1996/shp988_19961231b.shp,conf_id,-1,-1,C:/Users/owner/Dropbox/Wzone/tmp/tmp1996/shp989_19961231b.shp,conf_id,-1,-1,C:/Users/owner/Dropbox/Wzone/tmp/tmp1996/shp990_19961231b.shp,conf_id,-1,-1,C:/Users/owner/Dropbox/Wzone/tmp/tmp1996/shp993_19961231b.shp,conf_id,-1,-1,C:/Users/owner/Dropbox/Wzone/tmp/tmp1996/shp996_19961231b.shp,conf_id,-1,-1,C:/Users/owner/Dropbox/Wzone/tmp/tmp1996/shp998_19961231b.shp,conf_id,-1,-1,C:/Users/owner/Dropbox/Wzone/tmp/tmp1996/shp1007_19961231b.shp,conf_id,-1,-1,C:/Users/owner/Dropbox/Wzone/tmp/tmp1996/shp1014_19961231b.shp,conf_id,-1,-1,C:/Users/owner/Dropbox/Wzone/tmp/tmp1996/shp1018_19961231b.shp,conf_id,-1,-1,C:/Users/owner/Dropbox/Wzone/tmp/tmp1996/shp1021_19961231b.shp,conf_id,-1,-1,C:/Users/owner/Dropbox/Wzone/tmp/tmp1996/shp1026_19961231b.shp,conf_id,-1,-1,C:/Users/owner/Dropbox/Wzone/tmp/tmp1996/shp1027_19961231b.shp,conf_id,-1,-1,C:/Users/owner/Dropbox/Wzone/tmp/tmp1996/shp1038_19961231b.shp,conf_id,-1,-1,C:/Users/owner/Dropbox/Wzone/tmp/tmp1996/shp1039_19961231b.shp,conf_id,-1,-1,C:/Users/owner/Dropbox/Wzone/tmp/tmp1996/shp1045_19961231b.shp,conf_id,-1,-1,C:/Users/owner/Dropbox/Wzone/tmp/tmp1996/shp1056_19961231b.shp,conf_id,-1,-1,C:/Users/owner/Dropbox/Wzone/tmp/tmp1996/shp1072_19961231b.shp,conf_id,-1,-1,C:/Users/owner/Dropbox/Wzone/tmp/tmp1996/shp1073_19961231b.shp,conf_id,-1,-1,C:/Users/owner/Dropbox/Wzone/tmp/tmp1996/shp1074_19961231b.shp,conf_id,-1,-1,C:/Users/owner/Dropbox/Wzone/tmp/tmp1996/shp1077_19961231b.shp,conf_id,-1,-1,C:/Users/owner/Dropbox/Wzone/tmp/tmp1996/shp1108_19961231b.shp,conf_id,-1,-1,C:/Users/owner/Dropbox/Wzone/tmp/tmp1996/shp1167_19961231b.shp,conf_id,-1,-1,C:/Users/owner/Dropbox/Wzone/tmp/tmp1996/shp1199_19961231b.shp,conf_id,-1,-1,C:/Users/owner/Dropbox/Wzone/tmp/tmp1996/shp1204_19961231b.shp,conf_id,-1,-1,C:/Users/owner/Dropbox/Wzone/tmp/tmp1996/shp1301_19961231b.shp,conf_id,-1,-1,C:/Users/owner/Dropbox/Wzone/tmp/tmp1996/shp1422_19961231b.shp,conf_id,-1,-1,C:/Users/owner/Dropbox/Wzone/tmp/tmp1996/shp1504_19961231b.shp,conf_id,-1,-1,C:/Users/owner/Dropbox/Wzone/tmp/tmp1996/shp1702_19961231b.shp,conf_id,-1,-1,C:/Users/owner/Dropbox/Wzone/tmp/tmp1996/shp2402_19961231b.shp,conf_id,-1,-1,C:/Users/owner/Dropbox/Wzone/tmp/tmp1996/shp5201_19961231b.shp,conf_id,-1,-1,C:/Users/owner/Dropbox/Wzone/tmp/tmp1996/shp5222_19961231b.shp,conf_id,-1,-1,C:/Users/owner/Dropbox/Wzone/tmp/tmp1996/shp5266_19961231b.shp,conf_id,-1,-1,C:/Users/owner/Dropbox/Wzone/tmp/tmp1996/shp5272_19961231b.shp,conf_id,-1,-1,C:/Users/owner/Dropbox/Wzone/tmp/tmp1996/shp5282_19961231b.shp,conf_id,-1,-1,C:/Users/owner/Dropbox/Wzone/tmp/tmp1996/shp5293_19961231b.shp,conf_id,-1,-1,C:/Users/owner/Dropbox/Wzone/tmp/tmp1996/shp5313_19961231b.shp,conf_id,-1,-1,C:/Users/owner/Dropbox/Wzone/tmp/tmp1996/shp5336_19961231b.shp,conf_id,-1,-1,C:/Users/owner/Dropbox/Wzone/tmp/tmp1996/shp5349_19961231b.shp,conf_id,-1,-1,C:/Users/owner/Dropbox/Wzone/tmp/tmp1996/shp5368_19961231b.shp,conf_id,-1,-1,C:/Users/owner/Dropbox/Wzone/tmp/tmp1996/shp5369_19961231b.shp,conf_id,-1,-1,C:/Users/owner/Dropbox/Wzone/tmp/tmp1996/shp5405_19961231b.shp,conf_id,-1,-1,C:/Users/owner/Dropbox/Wzone/tmp/tmp1996/shp5445_19961231b.shp,conf_id,-1,-1,C:/Users/owner/Dropbox/Wzone/tmp/tmp1996/shp5505_19961231b.shp,conf_id,-1,-1,C:/Users/owner/Dropbox/Wzone/tmp/tmp1996/shp5512_19961231b.shp,conf_id,-1,-1,C:/Users/owner/Dropbox/Wzone/tmp/tmp1996/shp5515_19961231b.shp,conf_id,-1,-1,C:/Users/owner/Dropbox/Wzone/tmp/tmp1996/shp10264_19961231b.shp,conf_id,-1,-1,C:/Users/owner/Dropbox/Wzone/tmp/tmp1996/shp11123_19961231b.shp,conf_id,-1,-1,C:/Users/owner/Dropbox/Wzone/tmp/tmp1996/shp15558_19961231b.shp,conf_id,-1,-1;date "date" true true false 254 Text 0 0,First,#,C:/Users/owner/Dropbox/Wzone/tmp/tmp1996/shp406_19961231b.shp,date,0,253,C:/Users/owner/Dropbox/Wzone/tmp/tmp1996/shp411_19961231b.shp,date,0,253,C:/Users/owner/Dropbox/Wzone/tmp/tmp1996/shp422_19961231b.shp,date,0,253,C:/Users/owner/Dropbox/Wzone/tmp/tmp1996/shp428_19961231b.shp,date,0,253,C:/Users/owner/Dropbox/Wzone/tmp/tmp1996/shp442_19961231b.shp,date,0,253,C:/Users/owner/Dropbox/Wzone/tmp/tmp1996/shp451_19961231b.shp,date,0,253,C:/Users/owner/Dropbox/Wzone/tmp/tmp1996/shp452_19961231b.shp,date,0,253,C:/Users/owner/Dropbox/Wzone/tmp/tmp1996/shp461_19961231b.shp,date,0,253,C:/Users/owner/Dropbox/Wzone/tmp/tmp1996/shp474_19961231b.shp,date,0,253,C:/Users/owner/Dropbox/Wzone/tmp/tmp1996/shp475_19961231b.shp,date,0,253,C:/Users/owner/Dropbox/Wzone/tmp/tmp1996/shp476_19961231b.shp,date,0,253,C:/Users/owner/Dropbox/Wzone/tmp/tmp1996/shp478_19961231b.shp,date,0,253,C:/Users/owner/Dropbox/Wzone/tmp/tmp1996/shp508_19961231b.shp,date,0,253,C:/Users/owner/Dropbox/Wzone/tmp/tmp1996/shp511_19961231b.shp,date,0,253,C:/Users/owner/Dropbox/Wzone/tmp/tmp1996/shp521_19961231b.shp,date,0,253,C:/Users/owner/Dropbox/Wzone/tmp/tmp1996/shp550_19961231b.shp,date,0,253,C:/Users/owner/Dropbox/Wzone/tmp/tmp1996/shp584_19961231b.shp,date,0,253,C:/Users/owner/Dropbox/Wzone/tmp/tmp1996/shp623_19961231b.shp,date,0,253,C:/Users/owner/Dropbox/Wzone/tmp/tmp1996/shp624_19961231b.shp,date,0,253,C:/Users/owner/Dropbox/Wzone/tmp/tmp1996/shp631_19961231b.shp,date,0,253,C:/Users/owner/Dropbox/Wzone/tmp/tmp1996/shp644_19961231b.shp,date,0,253,C:/Users/owner/Dropbox/Wzone/tmp/tmp1996/shp657_19961231b.shp,date,0,253,C:/Users/owner/Dropbox/Wzone/tmp/tmp1996/shp658_19961231b.shp,date,0,253,C:/Users/owner/Dropbox/Wzone/tmp/tmp1996/shp663_19961231b.shp,date,0,253,C:/Users/owner/Dropbox/Wzone/tmp/tmp1996/shp664_19961231b.shp,date,0,253,C:/Users/owner/Dropbox/Wzone/tmp/tmp1996/shp688_19961231b.shp,date,0,253,C:/Users/owner/Dropbox/Wzone/tmp/tmp1996/shp689_19961231b.shp,date,0,253,C:/Users/owner/Dropbox/Wzone/tmp/tmp1996/shp705_19961231b.shp,date,0,253,C:/Users/owner/Dropbox/Wzone/tmp/tmp1996/shp712_19961231b.shp,date,0,253,C:/Users/owner/Dropbox/Wzone/tmp/tmp1996/shp714_19961231b.shp,date,0,253,C:/Users/owner/Dropbox/Wzone/tmp/tmp1996/shp719_19961231b.shp,date,0,253,C:/Users/owner/Dropbox/Wzone/tmp/tmp1996/shp720_19961231b.shp,date,0,253,C:/Users/owner/Dropbox/Wzone/tmp/tmp1996/shp726_19961231b.shp,date,0,253,C:/Users/owner/Dropbox/Wzone/tmp/tmp1996/shp735_19961231b.shp,date,0,253,C:/Users/owner/Dropbox/Wzone/tmp/tmp1996/shp736_19961231b.shp,date,0,253,C:/Users/owner/Dropbox/Wzone/tmp/tmp1996/shp739_19961231b.shp,date,0,253,C:/Users/owner/Dropbox/Wzone/tmp/tmp1996/shp740_19961231b.shp,date,0,253,C:/Users/owner/Dropbox/Wzone/tmp/tmp1996/shp753_19961231b.shp,date,0,253,C:/Users/owner/Dropbox/Wzone/tmp/tmp1996/shp763_19961231b.shp,date,0,253,C:/Users/owner/Dropbox/Wzone/tmp/tmp1996/shp768_19961231b.shp,date,0,253,C:/Users/owner/Dropbox/Wzone/tmp/tmp1996/shp769_19961231b.shp,date,0,253,C:/Users/owner/Dropbox/Wzone/tmp/tmp1996/shp781_19961231b.shp,date,0,253,C:/Users/owner/Dropbox/Wzone/tmp/tmp1996/shp792_19961231b.shp,date,0,253,C:/Users/owner/Dropbox/Wzone/tmp/tmp1996/shp793_19961231b.shp,date,0,253,C:/Users/owner/Dropbox/Wzone/tmp/tmp1996/shp797_19961231b.shp,date,0,253,C:/Users/owner/Dropbox/Wzone/tmp/tmp1996/shp806_19961231b.shp,date,0,253,C:/Users/owner/Dropbox/Wzone/tmp/tmp1996/shp818_19961231b.shp,date,0,253,C:/Users/owner/Dropbox/Wzone/tmp/tmp1996/shp829_19961231b.shp,date,0,253,C:/Users/owner/Dropbox/Wzone/tmp/tmp1996/shp832_19961231b.shp,date,0,253,C:/Users/owner/Dropbox/Wzone/tmp/tmp1996/shp833_19961231b.shp,date,0,253,C:/Users/owner/Dropbox/Wzone/tmp/tmp1996/shp838_19961231b.shp,date,0,253,C:/Users/owner/Dropbox/Wzone/tmp/tmp1996/shp842_19961231b.shp,date,0,253,C:/Users/owner/Dropbox/Wzone/tmp/tmp1996/shp851_19961231b.shp,date,0,253,C:/Users/owner/Dropbox/Wzone/tmp/tmp1996/shp869_19961231b.shp,date,0,253,C:/Users/owner/Dropbox/Wzone/tmp/tmp1996/shp885_19961231b.shp,date,0,253,C:/Users/owner/Dropbox/Wzone/tmp/tmp1996/shp891_19961231b.shp,date,0,253,C:/Users/owner/Dropbox/Wzone/tmp/tmp1996/shp913_19961231b.shp,date,0,253,C:/Users/owner/Dropbox/Wzone/tmp/tmp1996/shp914_19961231b.shp,date,0,253,C:/Users/owner/Dropbox/Wzone/tmp/tmp1996/shp915_19961231b.shp,date,0,253,C:/Users/owner/Dropbox/Wzone/tmp/tmp1996/shp920_19961231b.shp,date,0,253,C:/Users/owner/Dropbox/Wzone/tmp/tmp1996/shp921_19961231b.shp,date,0,253,C:/Users/owner/Dropbox/Wzone/tmp/tmp1996/shp923_19961231b.shp,date,0,253,C:/Users/owner/Dropbox/Wzone/tmp/tmp1996/shp926_19961231b.shp,date,0,253,C:/Users/owner/Dropbox/Wzone/tmp/tmp1996/shp927_19961231b.shp,date,0,253,C:/Users/owner/Dropbox/Wzone/tmp/tmp1996/shp930_19961231b.shp,date,0,253,C:/Users/owner/Dropbox/Wzone/tmp/tmp1996/shp932_19961231b.shp,date,0,253,C:/Users/owner/Dropbox/Wzone/tmp/tmp1996/shp933_19961231b.shp,date,0,253,C:/Users/owner/Dropbox/Wzone/tmp/tmp1996/shp934_19961231b.shp,date,0,253,C:/Users/owner/Dropbox/Wzone/tmp/tmp1996/shp935_19961231b.shp,date,0,253,C:/Users/owner/Dropbox/Wzone/tmp/tmp1996/shp936_19961231b.shp,date,0,253,C:/Users/owner/Dropbox/Wzone/tmp/tmp1996/shp938_19961231b.shp,date,0,253,C:/Users/owner/Dropbox/Wzone/tmp/tmp1996/shp939_19961231b.shp,date,0,253,C:/Users/owner/Dropbox/Wzone/tmp/tmp1996/shp942_19961231b.shp,date,0,253,C:/Users/owner/Dropbox/Wzone/tmp/tmp1996/shp944_19961231b.shp,date,0,253,C:/Users/owner/Dropbox/Wzone/tmp/tmp1996/shp947_19961231b.shp,date,0,253,C:/Users/owner/Dropbox/Wzone/tmp/tmp1996/shp948_19961231b.shp,date,0,253,C:/Users/owner/Dropbox/Wzone/tmp/tmp1996/shp950_19961231b.shp,date,0,253,C:/Users/owner/Dropbox/Wzone/tmp/tmp1996/shp951_19961231b.shp,date,0,253,C:/Users/owner/Dropbox/Wzone/tmp/tmp1996/shp954_19961231b.shp,date,0,253,C:/Users/owner/Dropbox/Wzone/tmp/tmp1996/shp955_19961231b.shp,date,0,253,C:/Users/owner/Dropbox/Wzone/tmp/tmp1996/shp956_19961231b.shp,date,0,253,C:/Users/owner/Dropbox/Wzone/tmp/tmp1996/shp957_19961231b.shp,date,0,253,C:/Users/owner/Dropbox/Wzone/tmp/tmp1996/shp959_19961231b.shp,date,0,253,C:/Users/owner/Dropbox/Wzone/tmp/tmp1996/shp960_19961231b.shp,date,0,253,C:/Users/owner/Dropbox/Wzone/tmp/tmp1996/shp961_19961231b.shp,date,0,253,C:/Users/owner/Dropbox/Wzone/tmp/tmp1996/shp962_19961231b.shp,date,0,253,C:/Users/owner/Dropbox/Wzone/tmp/tmp1996/shp963_19961231b.shp,date,0,253,C:/Users/owner/Dropbox/Wzone/tmp/tmp1996/shp964_19961231b.shp,date,0,253,C:/Users/owner/Dropbox/Wzone/tmp/tmp1996/shp965_19961231b.shp,date,0,253,C:/Users/owner/Dropbox/Wzone/tmp/tmp1996/shp967_19961231b.shp,date,0,253,C:/Users/owner/Dropbox/Wzone/tmp/tmp1996/shp968_19961231b.shp,date,0,253,C:/Users/owner/Dropbox/Wzone/tmp/tmp1996/shp970_19961231b.shp,date,0,253,C:/Users/owner/Dropbox/Wzone/tmp/tmp1996/shp976_19961231b.shp,date,0,253,C:/Users/owner/Dropbox/Wzone/tmp/tmp1996/shp977_19961231b.shp,date,0,253,C:/Users/owner/Dropbox/Wzone/tmp/tmp1996/shp981_19961231b.shp,date,0,253,C:/Users/owner/Dropbox/Wzone/tmp/tmp1996/shp983_19961231b.shp,date,0,253,C:/Users/owner/Dropbox/Wzone/tmp/tmp1996/shp987_19961231b.shp,date,0,253,C:/Users/owner/Dropbox/Wzone/tmp/tmp1996/shp988_19961231b.shp,date,0,253,C:/Users/owner/Dropbox/Wzone/tmp/tmp1996/shp989_19961231b.shp,date,0,253,C:/Users/owner/Dropbox/Wzone/tmp/tmp1996/shp990_19961231b.shp,date,0,253,C:/Users/owner/Dropbox/Wzone/tmp/tmp1996/shp993_19961231b.shp,date,0,253,C:/Users/owner/Dropbox/Wzone/tmp/tmp1996/shp996_19961231b.shp,date,0,253,C:/Users/owner/Dropbox/Wzone/tmp/tmp1996/shp998_19961231b.shp,date,0,253,C:/Users/owner/Dropbox/Wzone/tmp/tmp1996/shp1007_19961231b.shp,date,0,253,C:/Users/owner/Dropbox/Wzone/tmp/tmp1996/shp1014_19961231b.shp,date,0,253,C:/Users/owner/Dropbox/Wzone/tmp/tmp1996/shp1018_19961231b.shp,date,0,253,C:/Users/owner/Dropbox/Wzone/tmp/tmp1996/shp1021_19961231b.shp,date,0,253,C:/Users/owner/Dropbox/Wzone/tmp/tmp1996/shp1026_19961231b.shp,date,0,253,C:/Users/owner/Dropbox/Wzone/tmp/tmp1996/shp1027_19961231b.shp,date,0,253,C:/Users/owner/Dropbox/Wzone/tmp/tmp1996/shp1038_19961231b.shp,date,0,253,C:/Users/owner/Dropbox/Wzone/tmp/tmp1996/shp1039_19961231b.shp,date,0,253,C:/Users/owner/Dropbox/Wzone/tmp/tmp1996/shp1045_19961231b.shp,date,0,253,C:/Users/owner/Dropbox/Wzone/tmp/tmp1996/shp1056_19961231b.shp,date,0,253,C:/Users/owner/Dropbox/Wzone/tmp/tmp1996/shp1072_19961231b.shp,date,0,253,C:/Users/owner/Dropbox/Wzone/tmp/tmp1996/shp1073_19961231b.shp,date,0,253,C:/Users/owner/Dropbox/Wzone/tmp/tmp1996/shp1074_19961231b.shp,date,0,253,C:/Users/owner/Dropbox/Wzone/tmp/tmp1996/shp1077_19961231b.shp,date,0,253,C:/Users/owner/Dropbox/Wzone/tmp/tmp1996/shp1108_19961231b.shp,date,0,253,C:/Users/owner/Dropbox/Wzone/tmp/tmp1996/shp1167_19961231b.shp,date,0,253,C:/Users/owner/Dropbox/Wzone/tmp/tmp1996/shp1199_19961231b.shp,date,0,253,C:/Users/owner/Dropbox/Wzone/tmp/tmp1996/shp1204_19961231b.shp,date,0,253,C:/Users/owner/Dropbox/Wzone/tmp/tmp1996/shp1301_19961231b.shp,date,0,253,C:/Users/owner/Dropbox/Wzone/tmp/tmp1996/shp1422_19961231b.shp,date,0,253,C:/Users/owner/Dropbox/Wzone/tmp/tmp1996/shp1504_19961231b.shp,date,0,253,C:/Users/owner/Dropbox/Wzone/tmp/tmp1996/shp1702_19961231b.shp,date,0,253,C:/Users/owner/Dropbox/Wzone/tmp/tmp1996/shp2402_19961231b.shp,date,0,253,C:/Users/owner/Dropbox/Wzone/tmp/tmp1996/shp5201_19961231b.shp,date,0,253,C:/Users/owner/Dropbox/Wzone/tmp/tmp1996/shp5222_19961231b.shp,date,0,253,C:/Users/owner/Dropbox/Wzone/tmp/tmp1996/shp5266_19961231b.shp,date,0,253,C:/Users/owner/Dropbox/Wzone/tmp/tmp1996/shp5272_19961231b.shp,date,0,253,C:/Users/owner/Dropbox/Wzone/tmp/tmp1996/shp5282_19961231b.shp,date,0,253,C:/Users/owner/Dropbox/Wzone/tmp/tmp1996/shp5293_19961231b.shp,date,0,253,C:/Users/owner/Dropbox/Wzone/tmp/tmp1996/shp5313_19961231b.shp,date,0,253,C:/Users/owner/Dropbox/Wzone/tmp/tmp1996/shp5336_19961231b.shp,date,0,253,C:/Users/owner/Dropbox/Wzone/tmp/tmp1996/shp5349_19961231b.shp,date,0,253,C:/Users/owner/Dropbox/Wzone/tmp/tmp1996/shp5368_19961231b.shp,date,0,253,C:/Users/owner/Dropbox/Wzone/tmp/tmp1996/shp5369_19961231b.shp,date,0,253,C:/Users/owner/Dropbox/Wzone/tmp/tmp1996/shp5405_19961231b.shp,date,0,253,C:/Users/owner/Dropbox/Wzone/tmp/tmp1996/shp5445_19961231b.shp,date,0,253,C:/Users/owner/Dropbox/Wzone/tmp/tmp1996/shp5505_19961231b.shp,date,0,253,C:/Users/owner/Dropbox/Wzone/tmp/tmp1996/shp5512_19961231b.shp,date,0,253,C:/Users/owner/Dropbox/Wzone/tmp/tmp1996/shp5515_19961231b.shp,date,0,253,C:/Users/owner/Dropbox/Wzone/tmp/tmp1996/shp10264_19961231b.shp,date,0,253,C:/Users/owner/Dropbox/Wzone/tmp/tmp1996/shp11123_19961231b.shp,date,0,253,C:/Users/owner/Dropbox/Wzone/tmp/tmp1996/shp15558_19961231b.shp,date,0,253" NO_SOURCE_INFO</Process><Process ToolSource="c:\program files\arcgis\pro\Resources\ArcToolbox\toolboxes\Data Management Tools.tbx\DefineProjection" Date="20240715" Time="201042">DefineProjection C:/Users/owner/Dropbox/Wzone/out/wzone_shp/1996/1996_12_31.shp GEOGCS["GCS_WGS_1984",DATUM["D_WGS_1984",SPHEROID["WGS_1984",6378137.0,298.257223563]],PRIMEM["Greenwich",0.0],UNIT["Degree",0.0174532925199433]]</Process></lineage></DataProperties><SyncDate>20240715</SyncDate><SyncTime>20104100</SyncTime><ModDate>20240715</ModDate><ModTime>20104100</ModTime></Esri><dataIdInfo><envirDesc Sync="TRUE">Microsoft Windows 10 Version 10.0 (Build 19045) ; Esri ArcGIS 13.2.2.49743</envirDesc><dataLang><languageCode value="eng" Sync="TRUE"></languageCode><countryCode value="USA" Sync="TRUE"></countryCode></dataLang><idCitation><resTitle Sync="TRUE">1996_12_31</resTitle><presForm><PresFormCd value="005" Sync="TRUE"></PresFormCd></presForm></idCitation><spatRpType><SpatRepTypCd value="001" Sync="TRUE"></SpatRepTypCd></spatRpType></dataIdInfo><mdLang><languageCode value="eng" Sync="TRUE"></languageCode><countryCode value="USA" Sync="TRUE"></countryCode></mdLang><mdChar><CharSetCd value="004" Sync="TRUE"></CharSetCd></mdChar><distInfo><distFormat><formatName Sync="TRUE">Shapefile</formatName></distFormat><distTranOps><transSize Sync="TRUE">0.000</transSize></distTranOps></distInfo><mdHrLv><ScopeCd value="005" Sync="TRUE"></ScopeCd></mdHrLv><mdHrLvName Sync="TRUE">dataset</mdHrLvName><spatRepInfo><VectSpatRep><geometObjs Name="1996_12_31"><geoObjTyp><GeoObjTypCd value="002" Sync="TRUE"></GeoObjTypCd></geoObjTyp><geoObjCnt Sync="TRUE">0</geoObjCnt></geometObjs><topLvl><TopoLevCd value="001" Sync="TRUE"></TopoLevCd></topLvl></VectSpatRep></spatRepInfo><spdoinfo><ptvctinf><esriterm Name="1996_12_31"><efeatyp Sync="TRUE">Simple</efeatyp><efeageom code="4" Sync="TRUE"></efeageom><esritopo Sync="TRUE">FALSE</esritopo><efeacnt Sync="TRUE">0</efeacnt><spindex Sync="TRUE">FALSE</spindex><linrefer Sync="TRUE">FALSE</linrefer></esriterm></ptvctinf></spdoinfo><eainfo><detailed Name="1996_12_31"><enttyp><enttypl Sync="TRUE">1996_12_31</enttypl><enttypt Sync="TRUE">Feature Class</enttypt><enttypc Sync="TRUE">0</enttypc></enttyp><attr><attrlabl Sync="TRUE">FID</attrlabl><attalias Sync="TRUE">FID</attalias><attrtype Sync="TRUE">OID</attrtype><attwidth Sync="TRUE">4</attwidth><atprecis Sync="TRUE">0</atprecis><attscale Sync="TRUE">0</attscale><attrdef Sync="TRUE">Internal feature number.</attrdef><attrdefs Sync="TRUE">Esri</attrdefs><attrdomv><udom Sync="TRUE">Sequential unique whole numbers that are automatically generated.</udom></attrdomv></attr><attr><attrlabl Sync="TRUE">Shape</attrlabl><attalias Sync="TRUE">Shape</attalias><attrtype Sync="TRUE">Geometry</attrtype><attwidth Sync="TRUE">0</attwidth><atprecis Sync="TRUE">0</atprecis><attscale Sync="TRUE">0</attscale><attrdef Sync="TRUE">Feature geometry.</attrdef><attrdefs Sync="TRUE">Esri</attrdefs><attrdomv><udom Sync="TRUE">Coordinates defining the features.</udom></attrdomv></attr><attr><attrlabl Sync="TRUE">dyad_id</attrlabl><attalias Sync="TRUE">dyad_id</attalias><attrtype Sync="TRUE">Integer</attrtype><attwidth Sync="TRUE">5</attwidth><atprecis Sync="TRUE">5</atprecis><attscale Sync="TRUE">0</attscale></attr><attr><attrlabl Sync="TRUE">conf_id</attrlabl><attalias Sync="TRUE">conf_id</attalias><attrtype Sync="TRUE">Integer</attrtype><attwidth Sync="TRUE">5</attwidth><atprecis Sync="TRUE">5</atprecis><attscale Sync="TRUE">0</attscale></attr><attr><attrlabl Sync="TRUE">date</attrlabl><attalias Sync="TRUE">date</attalias><attrtype Sync="TRUE">String</attrtype><attwidth Sync="TRUE">254</attwidth><atprecis Sync="TRUE">0</atprecis><attscale Sync="TRUE">0</attscale></attr></detailed></eainfo><mdDateSt Sync="TRUE">20240715</mdDateSt></metadata>
