<?xml version="1.0" encoding="UTF-8"?>
<metadata xml:lang="en"><Esri><CreaDate>20240715</CreaDate><CreaTime>10525300</CreaTime><ArcGISFormat>1.0</ArcGISFormat><SyncOnce>FALSE</SyncOnce><DataProperties><itemProps><itemName Sync="TRUE">1997_12_31</itemName><imsContentType Sync="TRUE">002</imsContentType><itemSize Sync="TRUE">0.000</itemSize><itemLocation><linkage Sync="TRUE">file://\\DESKTOP-48J08HF\C$\Users\owner\Dropbox\Wzone\out\wzone_shp\1997\1997_12_31.shp</linkage><protocol Sync="TRUE">Local Area Network</protocol></itemLocation></itemProps><lineage><Process ToolSource="c:\program files\arcgis\pro\Resources\ArcToolbox\toolboxes\Analysis Tools.tbx\Select" Date="20240715" Time="105253">Select in_memory/shp1997411_19971231a C:\Users\owner\Dropbox\Wzone\tmp\tmp1997\shp411_19971231b.shp ""gridcode" &gt; 0"</Process><Process ToolSource="c:\program files\arcgis\pro\Resources\ArcToolbox\toolboxes\Data Management Tools.tbx\AddField" Date="20240715" Time="105254">AddField C:/Users/owner/Dropbox/Wzone/tmp/tmp1997/shp411_19971231b.shp dyad_id "Short (16-bit integer)" # # # # NULLABLE NON_REQUIRED #</Process><Process ToolSource="c:\program files\arcgis\pro\Resources\ArcToolbox\toolboxes\Data Management Tools.tbx\AddField" Date="20240715" Time="105254">AddField C:/Users/owner/Dropbox/Wzone/tmp/tmp1997/shp411_19971231b.shp conf_id "Short (16-bit integer)" # # # # NULLABLE NON_REQUIRED #</Process><Process ToolSource="c:\program files\arcgis\pro\Resources\ArcToolbox\toolboxes\Data Management Tools.tbx\AddField" Date="20240715" Time="105254">AddField C:/Users/owner/Dropbox/Wzone/tmp/tmp1997/shp411_19971231b.shp date Text # # # # NULLABLE NON_REQUIRED #</Process><Process ToolSource="c:\program files\arcgis\pro\Resources\ArcToolbox\toolboxes\Data Management Tools.tbx\DeleteField" Date="20240715" Time="105254">DeleteField C:/Users/owner/Dropbox/Wzone/tmp/tmp1997/shp411_19971231b.shp Id "Delete Fields"</Process><Process ToolSource="c:\program files\arcgis\pro\Resources\ArcToolbox\toolboxes\Data Management Tools.tbx\DeleteField" Date="20240715" Time="105254">DeleteField C:/Users/owner/Dropbox/Wzone/tmp/tmp1997/shp411_19971231b.shp gridcode "Delete Fields"</Process><Process ToolSource="c:\program files\arcgis\pro\Resources\ArcToolbox\toolboxes\Data Management Tools.tbx\Merge" Date="20240715" Time="105647">Merge C:/Users/owner/Dropbox/Wzone/tmp/tmp1997/shp411_19971231b.shp;C:/Users/owner/Dropbox/Wzone/tmp/tmp1997/shp422_19971231b.shp;C:/Users/owner/Dropbox/Wzone/tmp/tmp1997/shp428_19971231b.shp;C:/Users/owner/Dropbox/Wzone/tmp/tmp1997/shp442_19971231b.shp;C:/Users/owner/Dropbox/Wzone/tmp/tmp1997/shp451_19971231b.shp;C:/Users/owner/Dropbox/Wzone/tmp/tmp1997/shp452_19971231b.shp;C:/Users/owner/Dropbox/Wzone/tmp/tmp1997/shp474_19971231b.shp;C:/Users/owner/Dropbox/Wzone/tmp/tmp1997/shp475_19971231b.shp;C:/Users/owner/Dropbox/Wzone/tmp/tmp1997/shp478_19971231b.shp;C:/Users/owner/Dropbox/Wzone/tmp/tmp1997/shp508_19971231b.shp;C:/Users/owner/Dropbox/Wzone/tmp/tmp1997/shp511_19971231b.shp;C:/Users/owner/Dropbox/Wzone/tmp/tmp1997/shp550_19971231b.shp;C:/Users/owner/Dropbox/Wzone/tmp/tmp1997/shp623_19971231b.shp;C:/Users/owner/Dropbox/Wzone/tmp/tmp1997/shp624_19971231b.shp;C:/Users/owner/Dropbox/Wzone/tmp/tmp1997/shp631_19971231b.shp;C:/Users/owner/Dropbox/Wzone/tmp/tmp1997/shp657_19971231b.shp;C:/Users/owner/Dropbox/Wzone/tmp/tmp1997/shp658_19971231b.shp;C:/Users/owner/Dropbox/Wzone/tmp/tmp1997/shp663_19971231b.shp;C:/Users/owner/Dropbox/Wzone/tmp/tmp1997/shp664_19971231b.shp;C:/Users/owner/Dropbox/Wzone/tmp/tmp1997/shp688_19971231b.shp;C:/Users/owner/Dropbox/Wzone/tmp/tmp1997/shp689_19971231b.shp;C:/Users/owner/Dropbox/Wzone/tmp/tmp1997/shp705_19971231b.shp;C:/Users/owner/Dropbox/Wzone/tmp/tmp1997/shp712_19971231b.shp;C:/Users/owner/Dropbox/Wzone/tmp/tmp1997/shp714_19971231b.shp;C:/Users/owner/Dropbox/Wzone/tmp/tmp1997/shp719_19971231b.shp;C:/Users/owner/Dropbox/Wzone/tmp/tmp1997/shp720_19971231b.shp;C:/Users/owner/Dropbox/Wzone/tmp/tmp1997/shp726_19971231b.shp;C:/Users/owner/Dropbox/Wzone/tmp/tmp1997/shp735_19971231b.shp;C:/Users/owner/Dropbox/Wzone/tmp/tmp1997/shp736_19971231b.shp;C:/Users/owner/Dropbox/Wzone/tmp/tmp1997/shp740_19971231b.shp;C:/Users/owner/Dropbox/Wzone/tmp/tmp1997/shp753_19971231b.shp;C:/Users/owner/Dropbox/Wzone/tmp/tmp1997/shp763_19971231b.shp;C:/Users/owner/Dropbox/Wzone/tmp/tmp1997/shp768_19971231b.shp;C:/Users/owner/Dropbox/Wzone/tmp/tmp1997/shp769_19971231b.shp;C:/Users/owner/Dropbox/Wzone/tmp/tmp1997/shp781_19971231b.shp;C:/Users/owner/Dropbox/Wzone/tmp/tmp1997/shp792_19971231b.shp;C:/Users/owner/Dropbox/Wzone/tmp/tmp1997/shp793_19971231b.shp;C:/Users/owner/Dropbox/Wzone/tmp/tmp1997/shp794_19971231b.shp;C:/Users/owner/Dropbox/Wzone/tmp/tmp1997/shp806_19971231b.shp;C:/Users/owner/Dropbox/Wzone/tmp/tmp1997/shp818_19971231b.shp;C:/Users/owner/Dropbox/Wzone/tmp/tmp1997/shp820_19971231b.shp;C:/Users/owner/Dropbox/Wzone/tmp/tmp1997/shp829_19971231b.shp;C:/Users/owner/Dropbox/Wzone/tmp/tmp1997/shp832_19971231b.shp;C:/Users/owner/Dropbox/Wzone/tmp/tmp1997/shp833_19971231b.shp;C:/Users/owner/Dropbox/Wzone/tmp/tmp1997/shp838_19971231b.shp;C:/Users/owner/Dropbox/Wzone/tmp/tmp1997/shp852_19971231b.shp;C:/Users/owner/Dropbox/Wzone/tmp/tmp1997/shp869_19971231b.shp;C:/Users/owner/Dropbox/Wzone/tmp/tmp1997/shp885_19971231b.shp;C:/Users/owner/Dropbox/Wzone/tmp/tmp1997/shp887_19971231b.shp;C:/Users/owner/Dropbox/Wzone/tmp/tmp1997/shp913_19971231b.shp;C:/Users/owner/Dropbox/Wzone/tmp/tmp1997/shp914_19971231b.shp;C:/Users/owner/Dropbox/Wzone/tmp/tmp1997/shp915_19971231b.shp;C:/Users/owner/Dropbox/Wzone/tmp/tmp1997/shp920_19971231b.shp;C:/Users/owner/Dropbox/Wzone/tmp/tmp1997/shp921_19971231b.shp;C:/Users/owner/Dropbox/Wzone/tmp/tmp1997/shp923_19971231b.shp;C:/Users/owner/Dropbox/Wzone/tmp/tmp1997/shp926_19971231b.shp;C:/Users/owner/Dropbox/Wzone/tmp/tmp1997/shp927_19971231b.shp;C:/Users/owner/Dropbox/Wzone/tmp/tmp1997/shp930_19971231b.shp;C:/Users/owner/Dropbox/Wzone/tmp/tmp1997/shp932_19971231b.shp;C:/Users/owner/Dropbox/Wzone/tmp/tmp1997/shp933_19971231b.shp;C:/Users/owner/Dropbox/Wzone/tmp/tmp1997/shp934_19971231b.shp;C:/Users/owner/Dropbox/Wzone/tmp/tmp1997/shp935_19971231b.shp;C:/Users/owner/Dropbox/Wzone/tmp/tmp1997/shp936_19971231b.shp;C:/Users/owner/Dropbox/Wzone/tmp/tmp1997/shp938_19971231b.shp;C:/Users/owner/Dropbox/Wzone/tmp/tmp1997/shp942_19971231b.shp;C:/Users/owner/Dropbox/Wzone/tmp/tmp1997/shp944_19971231b.shp;C:/Users/owner/Dropbox/Wzone/tmp/tmp1997/shp947_19971231b.shp;C:/Users/owner/Dropbox/Wzone/tmp/tmp1997/shp948_19971231b.shp;C:/Users/owner/Dropbox/Wzone/tmp/tmp1997/shp950_19971231b.shp;C:/Users/owner/Dropbox/Wzone/tmp/tmp1997/shp951_19971231b.shp;C:/Users/owner/Dropbox/Wzone/tmp/tmp1997/shp954_19971231b.shp;C:/Users/owner/Dropbox/Wzone/tmp/tmp1997/shp955_19971231b.shp;C:/Users/owner/Dropbox/Wzone/tmp/tmp1997/shp956_19971231b.shp;C:/Users/owner/Dropbox/Wzone/tmp/tmp1997/shp957_19971231b.shp;C:/Users/owner/Dropbox/Wzone/tmp/tmp1997/shp959_19971231b.shp;C:/Users/owner/Dropbox/Wzone/tmp/tmp1997/shp960_19971231b.shp;C:/Users/owner/Dropbox/Wzone/tmp/tmp1997/shp962_19971231b.shp;C:/Users/owner/Dropbox/Wzone/tmp/tmp1997/shp963_19971231b.shp;C:/Users/owner/Dropbox/Wzone/tmp/tmp1997/shp964_19971231b.shp;C:/Users/owner/Dropbox/Wzone/tmp/tmp1997/shp965_19971231b.shp;C:/Users/owner/Dropbox/Wzone/tmp/tmp1997/shp967_19971231b.shp;C:/Users/owner/Dropbox/Wzone/tmp/tmp1997/shp968_19971231b.shp;C:/Users/owner/Dropbox/Wzone/tmp/tmp1997/shp970_19971231b.shp;C:/Users/owner/Dropbox/Wzone/tmp/tmp1997/shp976_19971231b.shp;C:/Users/owner/Dropbox/Wzone/tmp/tmp1997/shp977_19971231b.shp;C:/Users/owner/Dropbox/Wzone/tmp/tmp1997/shp981_19971231b.shp;C:/Users/owner/Dropbox/Wzone/tmp/tmp1997/shp983_19971231b.shp;C:/Users/owner/Dropbox/Wzone/tmp/tmp1997/shp987_19971231b.shp;C:/Users/owner/Dropbox/Wzone/tmp/tmp1997/shp988_19971231b.shp;C:/Users/owner/Dropbox/Wzone/tmp/tmp1997/shp989_19971231b.shp;C:/Users/owner/Dropbox/Wzone/tmp/tmp1997/shp990_19971231b.shp;C:/Users/owner/Dropbox/Wzone/tmp/tmp1997/shp996_19971231b.shp;C:/Users/owner/Dropbox/Wzone/tmp/tmp1997/shp998_19971231b.shp;C:/Users/owner/Dropbox/Wzone/tmp/tmp1997/shp1007_19971231b.shp;C:/Users/owner/Dropbox/Wzone/tmp/tmp1997/shp1021_19971231b.shp;C:/Users/owner/Dropbox/Wzone/tmp/tmp1997/shp1026_19971231b.shp;C:/Users/owner/Dropbox/Wzone/tmp/tmp1997/shp1027_19971231b.shp;C:/Users/owner/Dropbox/Wzone/tmp/tmp1997/shp1038_19971231b.shp;C:/Users/owner/Dropbox/Wzone/tmp/tmp1997/shp1039_19971231b.shp;C:/Users/owner/Dropbox/Wzone/tmp/tmp1997/shp1045_19971231b.shp;C:/Users/owner/Dropbox/Wzone/tmp/tmp1997/shp1056_19971231b.shp;C:/Users/owner/Dropbox/Wzone/tmp/tmp1997/shp1072_19971231b.shp;C:/Users/owner/Dropbox/Wzone/tmp/tmp1997/shp1073_19971231b.shp;C:/Users/owner/Dropbox/Wzone/tmp/tmp1997/shp1074_19971231b.shp;C:/Users/owner/Dropbox/Wzone/tmp/tmp1997/shp1077_19971231b.shp;C:/Users/owner/Dropbox/Wzone/tmp/tmp1997/shp1108_19971231b.shp;C:/Users/owner/Dropbox/Wzone/tmp/tmp1997/shp1167_19971231b.shp;C:/Users/owner/Dropbox/Wzone/tmp/tmp1997/shp1199_19971231b.shp;C:/Users/owner/Dropbox/Wzone/tmp/tmp1997/shp1204_19971231b.shp;C:/Users/owner/Dropbox/Wzone/tmp/tmp1997/shp1301_19971231b.shp;C:/Users/owner/Dropbox/Wzone/tmp/tmp1997/shp1504_19971231b.shp;C:/Users/owner/Dropbox/Wzone/tmp/tmp1997/shp1702_19971231b.shp;C:/Users/owner/Dropbox/Wzone/tmp/tmp1997/shp2402_19971231b.shp;C:/Users/owner/Dropbox/Wzone/tmp/tmp1997/shp5196_19971231b.shp;C:/Users/owner/Dropbox/Wzone/tmp/tmp1997/shp5201_19971231b.shp;C:/Users/owner/Dropbox/Wzone/tmp/tmp1997/shp5222_19971231b.shp;C:/Users/owner/Dropbox/Wzone/tmp/tmp1997/shp5266_19971231b.shp;C:/Users/owner/Dropbox/Wzone/tmp/tmp1997/shp5282_19971231b.shp;C:/Users/owner/Dropbox/Wzone/tmp/tmp1997/shp5293_19971231b.shp;C:/Users/owner/Dropbox/Wzone/tmp/tmp1997/shp5313_19971231b.shp;C:/Users/owner/Dropbox/Wzone/tmp/tmp1997/shp5336_19971231b.shp;C:/Users/owner/Dropbox/Wzone/tmp/tmp1997/shp5338_19971231b.shp;C:/Users/owner/Dropbox/Wzone/tmp/tmp1997/shp5349_19971231b.shp;C:/Users/owner/Dropbox/Wzone/tmp/tmp1997/shp5364_19971231b.shp;C:/Users/owner/Dropbox/Wzone/tmp/tmp1997/shp5405_19971231b.shp;C:/Users/owner/Dropbox/Wzone/tmp/tmp1997/shp5505_19971231b.shp;C:/Users/owner/Dropbox/Wzone/tmp/tmp1997/shp5512_19971231b.shp;C:/Users/owner/Dropbox/Wzone/tmp/tmp1997/shp10264_19971231b.shp;C:/Users/owner/Dropbox/Wzone/tmp/tmp1997/shp11123_19971231b.shp;C:/Users/owner/Dropbox/Wzone/tmp/tmp1997/shp15558_19971231b.shp C:\Users\owner\Dropbox\Wzone\out\wzone_shp\1997\1997_12_31.shp "dyad_id "dyad_id" true true false 5 Long 0 5,First,#,C:/Users/owner/Dropbox/Wzone/tmp/tmp1997/shp411_19971231b.shp,dyad_id,-1,-1,C:/Users/owner/Dropbox/Wzone/tmp/tmp1997/shp422_19971231b.shp,dyad_id,-1,-1,C:/Users/owner/Dropbox/Wzone/tmp/tmp1997/shp428_19971231b.shp,dyad_id,-1,-1,C:/Users/owner/Dropbox/Wzone/tmp/tmp1997/shp442_19971231b.shp,dyad_id,-1,-1,C:/Users/owner/Dropbox/Wzone/tmp/tmp1997/shp451_19971231b.shp,dyad_id,-1,-1,C:/Users/owner/Dropbox/Wzone/tmp/tmp1997/shp452_19971231b.shp,dyad_id,-1,-1,C:/Users/owner/Dropbox/Wzone/tmp/tmp1997/shp474_19971231b.shp,dyad_id,-1,-1,C:/Users/owner/Dropbox/Wzone/tmp/tmp1997/shp475_19971231b.shp,dyad_id,-1,-1,C:/Users/owner/Dropbox/Wzone/tmp/tmp1997/shp478_19971231b.shp,dyad_id,-1,-1,C:/Users/owner/Dropbox/Wzone/tmp/tmp1997/shp508_19971231b.shp,dyad_id,-1,-1,C:/Users/owner/Dropbox/Wzone/tmp/tmp1997/shp511_19971231b.shp,dyad_id,-1,-1,C:/Users/owner/Dropbox/Wzone/tmp/tmp1997/shp550_19971231b.shp,dyad_id,-1,-1,C:/Users/owner/Dropbox/Wzone/tmp/tmp1997/shp623_19971231b.shp,dyad_id,-1,-1,C:/Users/owner/Dropbox/Wzone/tmp/tmp1997/shp624_19971231b.shp,dyad_id,-1,-1,C:/Users/owner/Dropbox/Wzone/tmp/tmp1997/shp631_19971231b.shp,dyad_id,-1,-1,C:/Users/owner/Dropbox/Wzone/tmp/tmp1997/shp657_19971231b.shp,dyad_id,-1,-1,C:/Users/owner/Dropbox/Wzone/tmp/tmp1997/shp658_19971231b.shp,dyad_id,-1,-1,C:/Users/owner/Dropbox/Wzone/tmp/tmp1997/shp663_19971231b.shp,dyad_id,-1,-1,C:/Users/owner/Dropbox/Wzone/tmp/tmp1997/shp664_19971231b.shp,dyad_id,-1,-1,C:/Users/owner/Dropbox/Wzone/tmp/tmp1997/shp688_19971231b.shp,dyad_id,-1,-1,C:/Users/owner/Dropbox/Wzone/tmp/tmp1997/shp689_19971231b.shp,dyad_id,-1,-1,C:/Users/owner/Dropbox/Wzone/tmp/tmp1997/shp705_19971231b.shp,dyad_id,-1,-1,C:/Users/owner/Dropbox/Wzone/tmp/tmp1997/shp712_19971231b.shp,dyad_id,-1,-1,C:/Users/owner/Dropbox/Wzone/tmp/tmp1997/shp714_19971231b.shp,dyad_id,-1,-1,C:/Users/owner/Dropbox/Wzone/tmp/tmp1997/shp719_19971231b.shp,dyad_id,-1,-1,C:/Users/owner/Dropbox/Wzone/tmp/tmp1997/shp720_19971231b.shp,dyad_id,-1,-1,C:/Users/owner/Dropbox/Wzone/tmp/tmp1997/shp726_19971231b.shp,dyad_id,-1,-1,C:/Users/owner/Dropbox/Wzone/tmp/tmp1997/shp735_19971231b.shp,dyad_id,-1,-1,C:/Users/owner/Dropbox/Wzone/tmp/tmp1997/shp736_19971231b.shp,dyad_id,-1,-1,C:/Users/owner/Dropbox/Wzone/tmp/tmp1997/shp740_19971231b.shp,dyad_id,-1,-1,C:/Users/owner/Dropbox/Wzone/tmp/tmp1997/shp753_19971231b.shp,dyad_id,-1,-1,C:/Users/owner/Dropbox/Wzone/tmp/tmp1997/shp763_19971231b.shp,dyad_id,-1,-1,C:/Users/owner/Dropbox/Wzone/tmp/tmp1997/shp768_19971231b.shp,dyad_id,-1,-1,C:/Users/owner/Dropbox/Wzone/tmp/tmp1997/shp769_19971231b.shp,dyad_id,-1,-1,C:/Users/owner/Dropbox/Wzone/tmp/tmp1997/shp781_19971231b.shp,dyad_id,-1,-1,C:/Users/owner/Dropbox/Wzone/tmp/tmp1997/shp792_19971231b.shp,dyad_id,-1,-1,C:/Users/owner/Dropbox/Wzone/tmp/tmp1997/shp793_19971231b.shp,dyad_id,-1,-1,C:/Users/owner/Dropbox/Wzone/tmp/tmp1997/shp794_19971231b.shp,dyad_id,-1,-1,C:/Users/owner/Dropbox/Wzone/tmp/tmp1997/shp806_19971231b.shp,dyad_id,-1,-1,C:/Users/owner/Dropbox/Wzone/tmp/tmp1997/shp818_19971231b.shp,dyad_id,-1,-1,C:/Users/owner/Dropbox/Wzone/tmp/tmp1997/shp820_19971231b.shp,dyad_id,-1,-1,C:/Users/owner/Dropbox/Wzone/tmp/tmp1997/shp829_19971231b.shp,dyad_id,-1,-1,C:/Users/owner/Dropbox/Wzone/tmp/tmp1997/shp832_19971231b.shp,dyad_id,-1,-1,C:/Users/owner/Dropbox/Wzone/tmp/tmp1997/shp833_19971231b.shp,dyad_id,-1,-1,C:/Users/owner/Dropbox/Wzone/tmp/tmp1997/shp838_19971231b.shp,dyad_id,-1,-1,C:/Users/owner/Dropbox/Wzone/tmp/tmp1997/shp852_19971231b.shp,dyad_id,-1,-1,C:/Users/owner/Dropbox/Wzone/tmp/tmp1997/shp869_19971231b.shp,dyad_id,-1,-1,C:/Users/owner/Dropbox/Wzone/tmp/tmp1997/shp885_19971231b.shp,dyad_id,-1,-1,C:/Users/owner/Dropbox/Wzone/tmp/tmp1997/shp887_19971231b.shp,dyad_id,-1,-1,C:/Users/owner/Dropbox/Wzone/tmp/tmp1997/shp913_19971231b.shp,dyad_id,-1,-1,C:/Users/owner/Dropbox/Wzone/tmp/tmp1997/shp914_19971231b.shp,dyad_id,-1,-1,C:/Users/owner/Dropbox/Wzone/tmp/tmp1997/shp915_19971231b.shp,dyad_id,-1,-1,C:/Users/owner/Dropbox/Wzone/tmp/tmp1997/shp920_19971231b.shp,dyad_id,-1,-1,C:/Users/owner/Dropbox/Wzone/tmp/tmp1997/shp921_19971231b.shp,dyad_id,-1,-1,C:/Users/owner/Dropbox/Wzone/tmp/tmp1997/shp923_19971231b.shp,dyad_id,-1,-1,C:/Users/owner/Dropbox/Wzone/tmp/tmp1997/shp926_19971231b.shp,dyad_id,-1,-1,C:/Users/owner/Dropbox/Wzone/tmp/tmp1997/shp927_19971231b.shp,dyad_id,-1,-1,C:/Users/owner/Dropbox/Wzone/tmp/tmp1997/shp930_19971231b.shp,dyad_id,-1,-1,C:/Users/owner/Dropbox/Wzone/tmp/tmp1997/shp932_19971231b.shp,dyad_id,-1,-1,C:/Users/owner/Dropbox/Wzone/tmp/tmp1997/shp933_19971231b.shp,dyad_id,-1,-1,C:/Users/owner/Dropbox/Wzone/tmp/tmp1997/shp934_19971231b.shp,dyad_id,-1,-1,C:/Users/owner/Dropbox/Wzone/tmp/tmp1997/shp935_19971231b.shp,dyad_id,-1,-1,C:/Users/owner/Dropbox/Wzone/tmp/tmp1997/shp936_19971231b.shp,dyad_id,-1,-1,C:/Users/owner/Dropbox/Wzone/tmp/tmp1997/shp938_19971231b.shp,dyad_id,-1,-1,C:/Users/owner/Dropbox/Wzone/tmp/tmp1997/shp942_19971231b.shp,dyad_id,-1,-1,C:/Users/owner/Dropbox/Wzone/tmp/tmp1997/shp944_19971231b.shp,dyad_id,-1,-1,C:/Users/owner/Dropbox/Wzone/tmp/tmp1997/shp947_19971231b.shp,dyad_id,-1,-1,C:/Users/owner/Dropbox/Wzone/tmp/tmp1997/shp948_19971231b.shp,dyad_id,-1,-1,C:/Users/owner/Dropbox/Wzone/tmp/tmp1997/shp950_19971231b.shp,dyad_id,-1,-1,C:/Users/owner/Dropbox/Wzone/tmp/tmp1997/shp951_19971231b.shp,dyad_id,-1,-1,C:/Users/owner/Dropbox/Wzone/tmp/tmp1997/shp954_19971231b.shp,dyad_id,-1,-1,C:/Users/owner/Dropbox/Wzone/tmp/tmp1997/shp955_19971231b.shp,dyad_id,-1,-1,C:/Users/owner/Dropbox/Wzone/tmp/tmp1997/shp956_19971231b.shp,dyad_id,-1,-1,C:/Users/owner/Dropbox/Wzone/tmp/tmp1997/shp957_19971231b.shp,dyad_id,-1,-1,C:/Users/owner/Dropbox/Wzone/tmp/tmp1997/shp959_19971231b.shp,dyad_id,-1,-1,C:/Users/owner/Dropbox/Wzone/tmp/tmp1997/shp960_19971231b.shp,dyad_id,-1,-1,C:/Users/owner/Dropbox/Wzone/tmp/tmp1997/shp962_19971231b.shp,dyad_id,-1,-1,C:/Users/owner/Dropbox/Wzone/tmp/tmp1997/shp963_19971231b.shp,dyad_id,-1,-1,C:/Users/owner/Dropbox/Wzone/tmp/tmp1997/shp964_19971231b.shp,dyad_id,-1,-1,C:/Users/owner/Dropbox/Wzone/tmp/tmp1997/shp965_19971231b.shp,dyad_id,-1,-1,C:/Users/owner/Dropbox/Wzone/tmp/tmp1997/shp967_19971231b.shp,dyad_id,-1,-1,C:/Users/owner/Dropbox/Wzone/tmp/tmp1997/shp968_19971231b.shp,dyad_id,-1,-1,C:/Users/owner/Dropbox/Wzone/tmp/tmp1997/shp970_19971231b.shp,dyad_id,-1,-1,C:/Users/owner/Dropbox/Wzone/tmp/tmp1997/shp976_19971231b.shp,dyad_id,-1,-1,C:/Users/owner/Dropbox/Wzone/tmp/tmp1997/shp977_19971231b.shp,dyad_id,-1,-1,C:/Users/owner/Dropbox/Wzone/tmp/tmp1997/shp981_19971231b.shp,dyad_id,-1,-1,C:/Users/owner/Dropbox/Wzone/tmp/tmp1997/shp983_19971231b.shp,dyad_id,-1,-1,C:/Users/owner/Dropbox/Wzone/tmp/tmp1997/shp987_19971231b.shp,dyad_id,-1,-1,C:/Users/owner/Dropbox/Wzone/tmp/tmp1997/shp988_19971231b.shp,dyad_id,-1,-1,C:/Users/owner/Dropbox/Wzone/tmp/tmp1997/shp989_19971231b.shp,dyad_id,-1,-1,C:/Users/owner/Dropbox/Wzone/tmp/tmp1997/shp990_19971231b.shp,dyad_id,-1,-1,C:/Users/owner/Dropbox/Wzone/tmp/tmp1997/shp996_19971231b.shp,dyad_id,-1,-1,C:/Users/owner/Dropbox/Wzone/tmp/tmp1997/shp998_19971231b.shp,dyad_id,-1,-1,C:/Users/owner/Dropbox/Wzone/tmp/tmp1997/shp1007_19971231b.shp,dyad_id,-1,-1,C:/Users/owner/Dropbox/Wzone/tmp/tmp1997/shp1021_19971231b.shp,dyad_id,-1,-1,C:/Users/owner/Dropbox/Wzone/tmp/tmp1997/shp1026_19971231b.shp,dyad_id,-1,-1,C:/Users/owner/Dropbox/Wzone/tmp/tmp1997/shp1027_19971231b.shp,dyad_id,-1,-1,C:/Users/owner/Dropbox/Wzone/tmp/tmp1997/shp1038_19971231b.shp,dyad_id,-1,-1,C:/Users/owner/Dropbox/Wzone/tmp/tmp1997/shp1039_19971231b.shp,dyad_id,-1,-1,C:/Users/owner/Dropbox/Wzone/tmp/tmp1997/shp1045_19971231b.shp,dyad_id,-1,-1,C:/Users/owner/Dropbox/Wzone/tmp/tmp1997/shp1056_19971231b.shp,dyad_id,-1,-1,C:/Users/owner/Dropbox/Wzone/tmp/tmp1997/shp1072_19971231b.shp,dyad_id,-1,-1,C:/Users/owner/Dropbox/Wzone/tmp/tmp1997/shp1073_19971231b.shp,dyad_id,-1,-1,C:/Users/owner/Dropbox/Wzone/tmp/tmp1997/shp1074_19971231b.shp,dyad_id,-1,-1,C:/Users/owner/Dropbox/Wzone/tmp/tmp1997/shp1077_19971231b.shp,dyad_id,-1,-1,C:/Users/owner/Dropbox/Wzone/tmp/tmp1997/shp1108_19971231b.shp,dyad_id,-1,-1,C:/Users/owner/Dropbox/Wzone/tmp/tmp1997/shp1167_19971231b.shp,dyad_id,-1,-1,C:/Users/owner/Dropbox/Wzone/tmp/tmp1997/shp1199_19971231b.shp,dyad_id,-1,-1,C:/Users/owner/Dropbox/Wzone/tmp/tmp1997/shp1204_19971231b.shp,dyad_id,-1,-1,C:/Users/owner/Dropbox/Wzone/tmp/tmp1997/shp1301_19971231b.shp,dyad_id,-1,-1,C:/Users/owner/Dropbox/Wzone/tmp/tmp1997/shp1504_19971231b.shp,dyad_id,-1,-1,C:/Users/owner/Dropbox/Wzone/tmp/tmp1997/shp1702_19971231b.shp,dyad_id,-1,-1,C:/Users/owner/Dropbox/Wzone/tmp/tmp1997/shp2402_19971231b.shp,dyad_id,-1,-1,C:/Users/owner/Dropbox/Wzone/tmp/tmp1997/shp5196_19971231b.shp,dyad_id,-1,-1,C:/Users/owner/Dropbox/Wzone/tmp/tmp1997/shp5201_19971231b.shp,dyad_id,-1,-1,C:/Users/owner/Dropbox/Wzone/tmp/tmp1997/shp5222_19971231b.shp,dyad_id,-1,-1,C:/Users/owner/Dropbox/Wzone/tmp/tmp1997/shp5266_19971231b.shp,dyad_id,-1,-1,C:/Users/owner/Dropbox/Wzone/tmp/tmp1997/shp5282_19971231b.shp,dyad_id,-1,-1,C:/Users/owner/Dropbox/Wzone/tmp/tmp1997/shp5293_19971231b.shp,dyad_id,-1,-1,C:/Users/owner/Dropbox/Wzone/tmp/tmp1997/shp5313_19971231b.shp,dyad_id,-1,-1,C:/Users/owner/Dropbox/Wzone/tmp/tmp1997/shp5336_19971231b.shp,dyad_id,-1,-1,C:/Users/owner/Dropbox/Wzone/tmp/tmp1997/shp5338_19971231b.shp,dyad_id,-1,-1,C:/Users/owner/Dropbox/Wzone/tmp/tmp1997/shp5349_19971231b.shp,dyad_id,-1,-1,C:/Users/owner/Dropbox/Wzone/tmp/tmp1997/shp5364_19971231b.shp,dyad_id,-1,-1,C:/Users/owner/Dropbox/Wzone/tmp/tmp1997/shp5405_19971231b.shp,dyad_id,-1,-1,C:/Users/owner/Dropbox/Wzone/tmp/tmp1997/shp5505_19971231b.shp,dyad_id,-1,-1,C:/Users/owner/Dropbox/Wzone/tmp/tmp1997/shp5512_19971231b.shp,dyad_id,-1,-1,C:/Users/owner/Dropbox/Wzone/tmp/tmp1997/shp10264_19971231b.shp,dyad_id,-1,-1,C:/Users/owner/Dropbox/Wzone/tmp/tmp1997/shp11123_19971231b.shp,dyad_id,-1,-1,C:/Users/owner/Dropbox/Wzone/tmp/tmp1997/shp15558_19971231b.shp,dyad_id,-1,-1;conf_id "conf_id" true true false 5 Long 0 5,First,#,C:/Users/owner/Dropbox/Wzone/tmp/tmp1997/shp411_19971231b.shp,conf_id,-1,-1,C:/Users/owner/Dropbox/Wzone/tmp/tmp1997/shp422_19971231b.shp,conf_id,-1,-1,C:/Users/owner/Dropbox/Wzone/tmp/tmp1997/shp428_19971231b.shp,conf_id,-1,-1,C:/Users/owner/Dropbox/Wzone/tmp/tmp1997/shp442_19971231b.shp,conf_id,-1,-1,C:/Users/owner/Dropbox/Wzone/tmp/tmp1997/shp451_19971231b.shp,conf_id,-1,-1,C:/Users/owner/Dropbox/Wzone/tmp/tmp1997/shp452_19971231b.shp,conf_id,-1,-1,C:/Users/owner/Dropbox/Wzone/tmp/tmp1997/shp474_19971231b.shp,conf_id,-1,-1,C:/Users/owner/Dropbox/Wzone/tmp/tmp1997/shp475_19971231b.shp,conf_id,-1,-1,C:/Users/owner/Dropbox/Wzone/tmp/tmp1997/shp478_19971231b.shp,conf_id,-1,-1,C:/Users/owner/Dropbox/Wzone/tmp/tmp1997/shp508_19971231b.shp,conf_id,-1,-1,C:/Users/owner/Dropbox/Wzone/tmp/tmp1997/shp511_19971231b.shp,conf_id,-1,-1,C:/Users/owner/Dropbox/Wzone/tmp/tmp1997/shp550_19971231b.shp,conf_id,-1,-1,C:/Users/owner/Dropbox/Wzone/tmp/tmp1997/shp623_19971231b.shp,conf_id,-1,-1,C:/Users/owner/Dropbox/Wzone/tmp/tmp1997/shp624_19971231b.shp,conf_id,-1,-1,C:/Users/owner/Dropbox/Wzone/tmp/tmp1997/shp631_19971231b.shp,conf_id,-1,-1,C:/Users/owner/Dropbox/Wzone/tmp/tmp1997/shp657_19971231b.shp,conf_id,-1,-1,C:/Users/owner/Dropbox/Wzone/tmp/tmp1997/shp658_19971231b.shp,conf_id,-1,-1,C:/Users/owner/Dropbox/Wzone/tmp/tmp1997/shp663_19971231b.shp,conf_id,-1,-1,C:/Users/owner/Dropbox/Wzone/tmp/tmp1997/shp664_19971231b.shp,conf_id,-1,-1,C:/Users/owner/Dropbox/Wzone/tmp/tmp1997/shp688_19971231b.shp,conf_id,-1,-1,C:/Users/owner/Dropbox/Wzone/tmp/tmp1997/shp689_19971231b.shp,conf_id,-1,-1,C:/Users/owner/Dropbox/Wzone/tmp/tmp1997/shp705_19971231b.shp,conf_id,-1,-1,C:/Users/owner/Dropbox/Wzone/tmp/tmp1997/shp712_19971231b.shp,conf_id,-1,-1,C:/Users/owner/Dropbox/Wzone/tmp/tmp1997/shp714_19971231b.shp,conf_id,-1,-1,C:/Users/owner/Dropbox/Wzone/tmp/tmp1997/shp719_19971231b.shp,conf_id,-1,-1,C:/Users/owner/Dropbox/Wzone/tmp/tmp1997/shp720_19971231b.shp,conf_id,-1,-1,C:/Users/owner/Dropbox/Wzone/tmp/tmp1997/shp726_19971231b.shp,conf_id,-1,-1,C:/Users/owner/Dropbox/Wzone/tmp/tmp1997/shp735_19971231b.shp,conf_id,-1,-1,C:/Users/owner/Dropbox/Wzone/tmp/tmp1997/shp736_19971231b.shp,conf_id,-1,-1,C:/Users/owner/Dropbox/Wzone/tmp/tmp1997/shp740_19971231b.shp,conf_id,-1,-1,C:/Users/owner/Dropbox/Wzone/tmp/tmp1997/shp753_19971231b.shp,conf_id,-1,-1,C:/Users/owner/Dropbox/Wzone/tmp/tmp1997/shp763_19971231b.shp,conf_id,-1,-1,C:/Users/owner/Dropbox/Wzone/tmp/tmp1997/shp768_19971231b.shp,conf_id,-1,-1,C:/Users/owner/Dropbox/Wzone/tmp/tmp1997/shp769_19971231b.shp,conf_id,-1,-1,C:/Users/owner/Dropbox/Wzone/tmp/tmp1997/shp781_19971231b.shp,conf_id,-1,-1,C:/Users/owner/Dropbox/Wzone/tmp/tmp1997/shp792_19971231b.shp,conf_id,-1,-1,C:/Users/owner/Dropbox/Wzone/tmp/tmp1997/shp793_19971231b.shp,conf_id,-1,-1,C:/Users/owner/Dropbox/Wzone/tmp/tmp1997/shp794_19971231b.shp,conf_id,-1,-1,C:/Users/owner/Dropbox/Wzone/tmp/tmp1997/shp806_19971231b.shp,conf_id,-1,-1,C:/Users/owner/Dropbox/Wzone/tmp/tmp1997/shp818_19971231b.shp,conf_id,-1,-1,C:/Users/owner/Dropbox/Wzone/tmp/tmp1997/shp820_19971231b.shp,conf_id,-1,-1,C:/Users/owner/Dropbox/Wzone/tmp/tmp1997/shp829_19971231b.shp,conf_id,-1,-1,C:/Users/owner/Dropbox/Wzone/tmp/tmp1997/shp832_19971231b.shp,conf_id,-1,-1,C:/Users/owner/Dropbox/Wzone/tmp/tmp1997/shp833_19971231b.shp,conf_id,-1,-1,C:/Users/owner/Dropbox/Wzone/tmp/tmp1997/shp838_19971231b.shp,conf_id,-1,-1,C:/Users/owner/Dropbox/Wzone/tmp/tmp1997/shp852_19971231b.shp,conf_id,-1,-1,C:/Users/owner/Dropbox/Wzone/tmp/tmp1997/shp869_19971231b.shp,conf_id,-1,-1,C:/Users/owner/Dropbox/Wzone/tmp/tmp1997/shp885_19971231b.shp,conf_id,-1,-1,C:/Users/owner/Dropbox/Wzone/tmp/tmp1997/shp887_19971231b.shp,conf_id,-1,-1,C:/Users/owner/Dropbox/Wzone/tmp/tmp1997/shp913_19971231b.shp,conf_id,-1,-1,C:/Users/owner/Dropbox/Wzone/tmp/tmp1997/shp914_19971231b.shp,conf_id,-1,-1,C:/Users/owner/Dropbox/Wzone/tmp/tmp1997/shp915_19971231b.shp,conf_id,-1,-1,C:/Users/owner/Dropbox/Wzone/tmp/tmp1997/shp920_19971231b.shp,conf_id,-1,-1,C:/Users/owner/Dropbox/Wzone/tmp/tmp1997/shp921_19971231b.shp,conf_id,-1,-1,C:/Users/owner/Dropbox/Wzone/tmp/tmp1997/shp923_19971231b.shp,conf_id,-1,-1,C:/Users/owner/Dropbox/Wzone/tmp/tmp1997/shp926_19971231b.shp,conf_id,-1,-1,C:/Users/owner/Dropbox/Wzone/tmp/tmp1997/shp927_19971231b.shp,conf_id,-1,-1,C:/Users/owner/Dropbox/Wzone/tmp/tmp1997/shp930_19971231b.shp,conf_id,-1,-1,C:/Users/owner/Dropbox/Wzone/tmp/tmp1997/shp932_19971231b.shp,conf_id,-1,-1,C:/Users/owner/Dropbox/Wzone/tmp/tmp1997/shp933_19971231b.shp,conf_id,-1,-1,C:/Users/owner/Dropbox/Wzone/tmp/tmp1997/shp934_19971231b.shp,conf_id,-1,-1,C:/Users/owner/Dropbox/Wzone/tmp/tmp1997/shp935_19971231b.shp,conf_id,-1,-1,C:/Users/owner/Dropbox/Wzone/tmp/tmp1997/shp936_19971231b.shp,conf_id,-1,-1,C:/Users/owner/Dropbox/Wzone/tmp/tmp1997/shp938_19971231b.shp,conf_id,-1,-1,C:/Users/owner/Dropbox/Wzone/tmp/tmp1997/shp942_19971231b.shp,conf_id,-1,-1,C:/Users/owner/Dropbox/Wzone/tmp/tmp1997/shp944_19971231b.shp,conf_id,-1,-1,C:/Users/owner/Dropbox/Wzone/tmp/tmp1997/shp947_19971231b.shp,conf_id,-1,-1,C:/Users/owner/Dropbox/Wzone/tmp/tmp1997/shp948_19971231b.shp,conf_id,-1,-1,C:/Users/owner/Dropbox/Wzone/tmp/tmp1997/shp950_19971231b.shp,conf_id,-1,-1,C:/Users/owner/Dropbox/Wzone/tmp/tmp1997/shp951_19971231b.shp,conf_id,-1,-1,C:/Users/owner/Dropbox/Wzone/tmp/tmp1997/shp954_19971231b.shp,conf_id,-1,-1,C:/Users/owner/Dropbox/Wzone/tmp/tmp1997/shp955_19971231b.shp,conf_id,-1,-1,C:/Users/owner/Dropbox/Wzone/tmp/tmp1997/shp956_19971231b.shp,conf_id,-1,-1,C:/Users/owner/Dropbox/Wzone/tmp/tmp1997/shp957_19971231b.shp,conf_id,-1,-1,C:/Users/owner/Dropbox/Wzone/tmp/tmp1997/shp959_19971231b.shp,conf_id,-1,-1,C:/Users/owner/Dropbox/Wzone/tmp/tmp1997/shp960_19971231b.shp,conf_id,-1,-1,C:/Users/owner/Dropbox/Wzone/tmp/tmp1997/shp962_19971231b.shp,conf_id,-1,-1,C:/Users/owner/Dropbox/Wzone/tmp/tmp1997/shp963_19971231b.shp,conf_id,-1,-1,C:/Users/owner/Dropbox/Wzone/tmp/tmp1997/shp964_19971231b.shp,conf_id,-1,-1,C:/Users/owner/Dropbox/Wzone/tmp/tmp1997/shp965_19971231b.shp,conf_id,-1,-1,C:/Users/owner/Dropbox/Wzone/tmp/tmp1997/shp967_19971231b.shp,conf_id,-1,-1,C:/Users/owner/Dropbox/Wzone/tmp/tmp1997/shp968_19971231b.shp,conf_id,-1,-1,C:/Users/owner/Dropbox/Wzone/tmp/tmp1997/shp970_19971231b.shp,conf_id,-1,-1,C:/Users/owner/Dropbox/Wzone/tmp/tmp1997/shp976_19971231b.shp,conf_id,-1,-1,C:/Users/owner/Dropbox/Wzone/tmp/tmp1997/shp977_19971231b.shp,conf_id,-1,-1,C:/Users/owner/Dropbox/Wzone/tmp/tmp1997/shp981_19971231b.shp,conf_id,-1,-1,C:/Users/owner/Dropbox/Wzone/tmp/tmp1997/shp983_19971231b.shp,conf_id,-1,-1,C:/Users/owner/Dropbox/Wzone/tmp/tmp1997/shp987_19971231b.shp,conf_id,-1,-1,C:/Users/owner/Dropbox/Wzone/tmp/tmp1997/shp988_19971231b.shp,conf_id,-1,-1,C:/Users/owner/Dropbox/Wzone/tmp/tmp1997/shp989_19971231b.shp,conf_id,-1,-1,C:/Users/owner/Dropbox/Wzone/tmp/tmp1997/shp990_19971231b.shp,conf_id,-1,-1,C:/Users/owner/Dropbox/Wzone/tmp/tmp1997/shp996_19971231b.shp,conf_id,-1,-1,C:/Users/owner/Dropbox/Wzone/tmp/tmp1997/shp998_19971231b.shp,conf_id,-1,-1,C:/Users/owner/Dropbox/Wzone/tmp/tmp1997/shp1007_19971231b.shp,conf_id,-1,-1,C:/Users/owner/Dropbox/Wzone/tmp/tmp1997/shp1021_19971231b.shp,conf_id,-1,-1,C:/Users/owner/Dropbox/Wzone/tmp/tmp1997/shp1026_19971231b.shp,conf_id,-1,-1,C:/Users/owner/Dropbox/Wzone/tmp/tmp1997/shp1027_19971231b.shp,conf_id,-1,-1,C:/Users/owner/Dropbox/Wzone/tmp/tmp1997/shp1038_19971231b.shp,conf_id,-1,-1,C:/Users/owner/Dropbox/Wzone/tmp/tmp1997/shp1039_19971231b.shp,conf_id,-1,-1,C:/Users/owner/Dropbox/Wzone/tmp/tmp1997/shp1045_19971231b.shp,conf_id,-1,-1,C:/Users/owner/Dropbox/Wzone/tmp/tmp1997/shp1056_19971231b.shp,conf_id,-1,-1,C:/Users/owner/Dropbox/Wzone/tmp/tmp1997/shp1072_19971231b.shp,conf_id,-1,-1,C:/Users/owner/Dropbox/Wzone/tmp/tmp1997/shp1073_19971231b.shp,conf_id,-1,-1,C:/Users/owner/Dropbox/Wzone/tmp/tmp1997/shp1074_19971231b.shp,conf_id,-1,-1,C:/Users/owner/Dropbox/Wzone/tmp/tmp1997/shp1077_19971231b.shp,conf_id,-1,-1,C:/Users/owner/Dropbox/Wzone/tmp/tmp1997/shp1108_19971231b.shp,conf_id,-1,-1,C:/Users/owner/Dropbox/Wzone/tmp/tmp1997/shp1167_19971231b.shp,conf_id,-1,-1,C:/Users/owner/Dropbox/Wzone/tmp/tmp1997/shp1199_19971231b.shp,conf_id,-1,-1,C:/Users/owner/Dropbox/Wzone/tmp/tmp1997/shp1204_19971231b.shp,conf_id,-1,-1,C:/Users/owner/Dropbox/Wzone/tmp/tmp1997/shp1301_19971231b.shp,conf_id,-1,-1,C:/Users/owner/Dropbox/Wzone/tmp/tmp1997/shp1504_19971231b.shp,conf_id,-1,-1,C:/Users/owner/Dropbox/Wzone/tmp/tmp1997/shp1702_19971231b.shp,conf_id,-1,-1,C:/Users/owner/Dropbox/Wzone/tmp/tmp1997/shp2402_19971231b.shp,conf_id,-1,-1,C:/Users/owner/Dropbox/Wzone/tmp/tmp1997/shp5196_19971231b.shp,conf_id,-1,-1,C:/Users/owner/Dropbox/Wzone/tmp/tmp1997/shp5201_19971231b.shp,conf_id,-1,-1,C:/Users/owner/Dropbox/Wzone/tmp/tmp1997/shp5222_19971231b.shp,conf_id,-1,-1,C:/Users/owner/Dropbox/Wzone/tmp/tmp1997/shp5266_19971231b.shp,conf_id,-1,-1,C:/Users/owner/Dropbox/Wzone/tmp/tmp1997/shp5282_19971231b.shp,conf_id,-1,-1,C:/Users/owner/Dropbox/Wzone/tmp/tmp1997/shp5293_19971231b.shp,conf_id,-1,-1,C:/Users/owner/Dropbox/Wzone/tmp/tmp1997/shp5313_19971231b.shp,conf_id,-1,-1,C:/Users/owner/Dropbox/Wzone/tmp/tmp1997/shp5336_19971231b.shp,conf_id,-1,-1,C:/Users/owner/Dropbox/Wzone/tmp/tmp1997/shp5338_19971231b.shp,conf_id,-1,-1,C:/Users/owner/Dropbox/Wzone/tmp/tmp1997/shp5349_19971231b.shp,conf_id,-1,-1,C:/Users/owner/Dropbox/Wzone/tmp/tmp1997/shp5364_19971231b.shp,conf_id,-1,-1,C:/Users/owner/Dropbox/Wzone/tmp/tmp1997/shp5405_19971231b.shp,conf_id,-1,-1,C:/Users/owner/Dropbox/Wzone/tmp/tmp1997/shp5505_19971231b.shp,conf_id,-1,-1,C:/Users/owner/Dropbox/Wzone/tmp/tmp1997/shp5512_19971231b.shp,conf_id,-1,-1,C:/Users/owner/Dropbox/Wzone/tmp/tmp1997/shp10264_19971231b.shp,conf_id,-1,-1,C:/Users/owner/Dropbox/Wzone/tmp/tmp1997/shp11123_19971231b.shp,conf_id,-1,-1,C:/Users/owner/Dropbox/Wzone/tmp/tmp1997/shp15558_19971231b.shp,conf_id,-1,-1;date "date" true true false 254 Text 0 0,First,#,C:/Users/owner/Dropbox/Wzone/tmp/tmp1997/shp411_19971231b.shp,date,0,253,C:/Users/owner/Dropbox/Wzone/tmp/tmp1997/shp422_19971231b.shp,date,0,253,C:/Users/owner/Dropbox/Wzone/tmp/tmp1997/shp428_19971231b.shp,date,0,253,C:/Users/owner/Dropbox/Wzone/tmp/tmp1997/shp442_19971231b.shp,date,0,253,C:/Users/owner/Dropbox/Wzone/tmp/tmp1997/shp451_19971231b.shp,date,0,253,C:/Users/owner/Dropbox/Wzone/tmp/tmp1997/shp452_19971231b.shp,date,0,253,C:/Users/owner/Dropbox/Wzone/tmp/tmp1997/shp474_19971231b.shp,date,0,253,C:/Users/owner/Dropbox/Wzone/tmp/tmp1997/shp475_19971231b.shp,date,0,253,C:/Users/owner/Dropbox/Wzone/tmp/tmp1997/shp478_19971231b.shp,date,0,253,C:/Users/owner/Dropbox/Wzone/tmp/tmp1997/shp508_19971231b.shp,date,0,253,C:/Users/owner/Dropbox/Wzone/tmp/tmp1997/shp511_19971231b.shp,date,0,253,C:/Users/owner/Dropbox/Wzone/tmp/tmp1997/shp550_19971231b.shp,date,0,253,C:/Users/owner/Dropbox/Wzone/tmp/tmp1997/shp623_19971231b.shp,date,0,253,C:/Users/owner/Dropbox/Wzone/tmp/tmp1997/shp624_19971231b.shp,date,0,253,C:/Users/owner/Dropbox/Wzone/tmp/tmp1997/shp631_19971231b.shp,date,0,253,C:/Users/owner/Dropbox/Wzone/tmp/tmp1997/shp657_19971231b.shp,date,0,253,C:/Users/owner/Dropbox/Wzone/tmp/tmp1997/shp658_19971231b.shp,date,0,253,C:/Users/owner/Dropbox/Wzone/tmp/tmp1997/shp663_19971231b.shp,date,0,253,C:/Users/owner/Dropbox/Wzone/tmp/tmp1997/shp664_19971231b.shp,date,0,253,C:/Users/owner/Dropbox/Wzone/tmp/tmp1997/shp688_19971231b.shp,date,0,253,C:/Users/owner/Dropbox/Wzone/tmp/tmp1997/shp689_19971231b.shp,date,0,253,C:/Users/owner/Dropbox/Wzone/tmp/tmp1997/shp705_19971231b.shp,date,0,253,C:/Users/owner/Dropbox/Wzone/tmp/tmp1997/shp712_19971231b.shp,date,0,253,C:/Users/owner/Dropbox/Wzone/tmp/tmp1997/shp714_19971231b.shp,date,0,253,C:/Users/owner/Dropbox/Wzone/tmp/tmp1997/shp719_19971231b.shp,date,0,253,C:/Users/owner/Dropbox/Wzone/tmp/tmp1997/shp720_19971231b.shp,date,0,253,C:/Users/owner/Dropbox/Wzone/tmp/tmp1997/shp726_19971231b.shp,date,0,253,C:/Users/owner/Dropbox/Wzone/tmp/tmp1997/shp735_19971231b.shp,date,0,253,C:/Users/owner/Dropbox/Wzone/tmp/tmp1997/shp736_19971231b.shp,date,0,253,C:/Users/owner/Dropbox/Wzone/tmp/tmp1997/shp740_19971231b.shp,date,0,253,C:/Users/owner/Dropbox/Wzone/tmp/tmp1997/shp753_19971231b.shp,date,0,253,C:/Users/owner/Dropbox/Wzone/tmp/tmp1997/shp763_19971231b.shp,date,0,253,C:/Users/owner/Dropbox/Wzone/tmp/tmp1997/shp768_19971231b.shp,date,0,253,C:/Users/owner/Dropbox/Wzone/tmp/tmp1997/shp769_19971231b.shp,date,0,253,C:/Users/owner/Dropbox/Wzone/tmp/tmp1997/shp781_19971231b.shp,date,0,253,C:/Users/owner/Dropbox/Wzone/tmp/tmp1997/shp792_19971231b.shp,date,0,253,C:/Users/owner/Dropbox/Wzone/tmp/tmp1997/shp793_19971231b.shp,date,0,253,C:/Users/owner/Dropbox/Wzone/tmp/tmp1997/shp794_19971231b.shp,date,0,253,C:/Users/owner/Dropbox/Wzone/tmp/tmp1997/shp806_19971231b.shp,date,0,253,C:/Users/owner/Dropbox/Wzone/tmp/tmp1997/shp818_19971231b.shp,date,0,253,C:/Users/owner/Dropbox/Wzone/tmp/tmp1997/shp820_19971231b.shp,date,0,253,C:/Users/owner/Dropbox/Wzone/tmp/tmp1997/shp829_19971231b.shp,date,0,253,C:/Users/owner/Dropbox/Wzone/tmp/tmp1997/shp832_19971231b.shp,date,0,253,C:/Users/owner/Dropbox/Wzone/tmp/tmp1997/shp833_19971231b.shp,date,0,253,C:/Users/owner/Dropbox/Wzone/tmp/tmp1997/shp838_19971231b.shp,date,0,253,C:/Users/owner/Dropbox/Wzone/tmp/tmp1997/shp852_19971231b.shp,date,0,253,C:/Users/owner/Dropbox/Wzone/tmp/tmp1997/shp869_19971231b.shp,date,0,253,C:/Users/owner/Dropbox/Wzone/tmp/tmp1997/shp885_19971231b.shp,date,0,253,C:/Users/owner/Dropbox/Wzone/tmp/tmp1997/shp887_19971231b.shp,date,0,253,C:/Users/owner/Dropbox/Wzone/tmp/tmp1997/shp913_19971231b.shp,date,0,253,C:/Users/owner/Dropbox/Wzone/tmp/tmp1997/shp914_19971231b.shp,date,0,253,C:/Users/owner/Dropbox/Wzone/tmp/tmp1997/shp915_19971231b.shp,date,0,253,C:/Users/owner/Dropbox/Wzone/tmp/tmp1997/shp920_19971231b.shp,date,0,253,C:/Users/owner/Dropbox/Wzone/tmp/tmp1997/shp921_19971231b.shp,date,0,253,C:/Users/owner/Dropbox/Wzone/tmp/tmp1997/shp923_19971231b.shp,date,0,253,C:/Users/owner/Dropbox/Wzone/tmp/tmp1997/shp926_19971231b.shp,date,0,253,C:/Users/owner/Dropbox/Wzone/tmp/tmp1997/shp927_19971231b.shp,date,0,253,C:/Users/owner/Dropbox/Wzone/tmp/tmp1997/shp930_19971231b.shp,date,0,253,C:/Users/owner/Dropbox/Wzone/tmp/tmp1997/shp932_19971231b.shp,date,0,253,C:/Users/owner/Dropbox/Wzone/tmp/tmp1997/shp933_19971231b.shp,date,0,253,C:/Users/owner/Dropbox/Wzone/tmp/tmp1997/shp934_19971231b.shp,date,0,253,C:/Users/owner/Dropbox/Wzone/tmp/tmp1997/shp935_19971231b.shp,date,0,253,C:/Users/owner/Dropbox/Wzone/tmp/tmp1997/shp936_19971231b.shp,date,0,253,C:/Users/owner/Dropbox/Wzone/tmp/tmp1997/shp938_19971231b.shp,date,0,253,C:/Users/owner/Dropbox/Wzone/tmp/tmp1997/shp942_19971231b.shp,date,0,253,C:/Users/owner/Dropbox/Wzone/tmp/tmp1997/shp944_19971231b.shp,date,0,253,C:/Users/owner/Dropbox/Wzone/tmp/tmp1997/shp947_19971231b.shp,date,0,253,C:/Users/owner/Dropbox/Wzone/tmp/tmp1997/shp948_19971231b.shp,date,0,253,C:/Users/owner/Dropbox/Wzone/tmp/tmp1997/shp950_19971231b.shp,date,0,253,C:/Users/owner/Dropbox/Wzone/tmp/tmp1997/shp951_19971231b.shp,date,0,253,C:/Users/owner/Dropbox/Wzone/tmp/tmp1997/shp954_19971231b.shp,date,0,253,C:/Users/owner/Dropbox/Wzone/tmp/tmp1997/shp955_19971231b.shp,date,0,253,C:/Users/owner/Dropbox/Wzone/tmp/tmp1997/shp956_19971231b.shp,date,0,253,C:/Users/owner/Dropbox/Wzone/tmp/tmp1997/shp957_19971231b.shp,date,0,253,C:/Users/owner/Dropbox/Wzone/tmp/tmp1997/shp959_19971231b.shp,date,0,253,C:/Users/owner/Dropbox/Wzone/tmp/tmp1997/shp960_19971231b.shp,date,0,253,C:/Users/owner/Dropbox/Wzone/tmp/tmp1997/shp962_19971231b.shp,date,0,253,C:/Users/owner/Dropbox/Wzone/tmp/tmp1997/shp963_19971231b.shp,date,0,253,C:/Users/owner/Dropbox/Wzone/tmp/tmp1997/shp964_19971231b.shp,date,0,253,C:/Users/owner/Dropbox/Wzone/tmp/tmp1997/shp965_19971231b.shp,date,0,253,C:/Users/owner/Dropbox/Wzone/tmp/tmp1997/shp967_19971231b.shp,date,0,253,C:/Users/owner/Dropbox/Wzone/tmp/tmp1997/shp968_19971231b.shp,date,0,253,C:/Users/owner/Dropbox/Wzone/tmp/tmp1997/shp970_19971231b.shp,date,0,253,C:/Users/owner/Dropbox/Wzone/tmp/tmp1997/shp976_19971231b.shp,date,0,253,C:/Users/owner/Dropbox/Wzone/tmp/tmp1997/shp977_19971231b.shp,date,0,253,C:/Users/owner/Dropbox/Wzone/tmp/tmp1997/shp981_19971231b.shp,date,0,253,C:/Users/owner/Dropbox/Wzone/tmp/tmp1997/shp983_19971231b.shp,date,0,253,C:/Users/owner/Dropbox/Wzone/tmp/tmp1997/shp987_19971231b.shp,date,0,253,C:/Users/owner/Dropbox/Wzone/tmp/tmp1997/shp988_19971231b.shp,date,0,253,C:/Users/owner/Dropbox/Wzone/tmp/tmp1997/shp989_19971231b.shp,date,0,253,C:/Users/owner/Dropbox/Wzone/tmp/tmp1997/shp990_19971231b.shp,date,0,253,C:/Users/owner/Dropbox/Wzone/tmp/tmp1997/shp996_19971231b.shp,date,0,253,C:/Users/owner/Dropbox/Wzone/tmp/tmp1997/shp998_19971231b.shp,date,0,253,C:/Users/owner/Dropbox/Wzone/tmp/tmp1997/shp1007_19971231b.shp,date,0,253,C:/Users/owner/Dropbox/Wzone/tmp/tmp1997/shp1021_19971231b.shp,date,0,253,C:/Users/owner/Dropbox/Wzone/tmp/tmp1997/shp1026_19971231b.shp,date,0,253,C:/Users/owner/Dropbox/Wzone/tmp/tmp1997/shp1027_19971231b.shp,date,0,253,C:/Users/owner/Dropbox/Wzone/tmp/tmp1997/shp1038_19971231b.shp,date,0,253,C:/Users/owner/Dropbox/Wzone/tmp/tmp1997/shp1039_19971231b.shp,date,0,253,C:/Users/owner/Dropbox/Wzone/tmp/tmp1997/shp1045_19971231b.shp,date,0,253,C:/Users/owner/Dropbox/Wzone/tmp/tmp1997/shp1056_19971231b.shp,date,0,253,C:/Users/owner/Dropbox/Wzone/tmp/tmp1997/shp1072_19971231b.shp,date,0,253,C:/Users/owner/Dropbox/Wzone/tmp/tmp1997/shp1073_19971231b.shp,date,0,253,C:/Users/owner/Dropbox/Wzone/tmp/tmp1997/shp1074_19971231b.shp,date,0,253,C:/Users/owner/Dropbox/Wzone/tmp/tmp1997/shp1077_19971231b.shp,date,0,253,C:/Users/owner/Dropbox/Wzone/tmp/tmp1997/shp1108_19971231b.shp,date,0,253,C:/Users/owner/Dropbox/Wzone/tmp/tmp1997/shp1167_19971231b.shp,date,0,253,C:/Users/owner/Dropbox/Wzone/tmp/tmp1997/shp1199_19971231b.shp,date,0,253,C:/Users/owner/Dropbox/Wzone/tmp/tmp1997/shp1204_19971231b.shp,date,0,253,C:/Users/owner/Dropbox/Wzone/tmp/tmp1997/shp1301_19971231b.shp,date,0,253,C:/Users/owner/Dropbox/Wzone/tmp/tmp1997/shp1504_19971231b.shp,date,0,253,C:/Users/owner/Dropbox/Wzone/tmp/tmp1997/shp1702_19971231b.shp,date,0,253,C:/Users/owner/Dropbox/Wzone/tmp/tmp1997/shp2402_19971231b.shp,date,0,253,C:/Users/owner/Dropbox/Wzone/tmp/tmp1997/shp5196_19971231b.shp,date,0,253,C:/Users/owner/Dropbox/Wzone/tmp/tmp1997/shp5201_19971231b.shp,date,0,253,C:/Users/owner/Dropbox/Wzone/tmp/tmp1997/shp5222_19971231b.shp,date,0,253,C:/Users/owner/Dropbox/Wzone/tmp/tmp1997/shp5266_19971231b.shp,date,0,253,C:/Users/owner/Dropbox/Wzone/tmp/tmp1997/shp5282_19971231b.shp,date,0,253,C:/Users/owner/Dropbox/Wzone/tmp/tmp1997/shp5293_19971231b.shp,date,0,253,C:/Users/owner/Dropbox/Wzone/tmp/tmp1997/shp5313_19971231b.shp,date,0,253,C:/Users/owner/Dropbox/Wzone/tmp/tmp1997/shp5336_19971231b.shp,date,0,253,C:/Users/owner/Dropbox/Wzone/tmp/tmp1997/shp5338_19971231b.shp,date,0,253,C:/Users/owner/Dropbox/Wzone/tmp/tmp1997/shp5349_19971231b.shp,date,0,253,C:/Users/owner/Dropbox/Wzone/tmp/tmp1997/shp5364_19971231b.shp,date,0,253,C:/Users/owner/Dropbox/Wzone/tmp/tmp1997/shp5405_19971231b.shp,date,0,253,C:/Users/owner/Dropbox/Wzone/tmp/tmp1997/shp5505_19971231b.shp,date,0,253,C:/Users/owner/Dropbox/Wzone/tmp/tmp1997/shp5512_19971231b.shp,date,0,253,C:/Users/owner/Dropbox/Wzone/tmp/tmp1997/shp10264_19971231b.shp,date,0,253,C:/Users/owner/Dropbox/Wzone/tmp/tmp1997/shp11123_19971231b.shp,date,0,253,C:/Users/owner/Dropbox/Wzone/tmp/tmp1997/shp15558_19971231b.shp,date,0,253" NO_SOURCE_INFO</Process><Process ToolSource="c:\program files\arcgis\pro\Resources\ArcToolbox\toolboxes\Data Management Tools.tbx\DefineProjection" Date="20240715" Time="105647">DefineProjection C:/Users/owner/Dropbox/Wzone/out/wzone_shp/1997/1997_12_31.shp GEOGCS["GCS_WGS_1984",DATUM["D_WGS_1984",SPHEROID["WGS_1984",6378137.0,298.257223563]],PRIMEM["Greenwich",0.0],UNIT["Degree",0.0174532925199433]]</Process></lineage></DataProperties><SyncDate>20240715</SyncDate><SyncTime>10564500</SyncTime><ModDate>20240715</ModDate><ModTime>10564500</ModTime></Esri><dataIdInfo><envirDesc Sync="TRUE">Microsoft Windows 10 Version 10.0 (Build 19045) ; Esri ArcGIS 13.2.2.49743</envirDesc><dataLang><languageCode value="eng" Sync="TRUE"></languageCode><countryCode value="USA" Sync="TRUE"></countryCode></dataLang><idCitation><resTitle Sync="TRUE">1997_12_31</resTitle><presForm><PresFormCd value="005" Sync="TRUE"></PresFormCd></presForm></idCitation><spatRpType><SpatRepTypCd value="001" Sync="TRUE"></SpatRepTypCd></spatRpType></dataIdInfo><mdLang><languageCode value="eng" Sync="TRUE"></languageCode><countryCode value="USA" Sync="TRUE"></countryCode></mdLang><mdChar><CharSetCd value="004" Sync="TRUE"></CharSetCd></mdChar><distInfo><distFormat><formatName Sync="TRUE">Shapefile</formatName></distFormat><distTranOps><transSize Sync="TRUE">0.000</transSize></distTranOps></distInfo><mdHrLv><ScopeCd value="005" Sync="TRUE"></ScopeCd></mdHrLv><mdHrLvName Sync="TRUE">dataset</mdHrLvName><spatRepInfo><VectSpatRep><geometObjs Name="1997_12_31"><geoObjTyp><GeoObjTypCd value="002" Sync="TRUE"></GeoObjTypCd></geoObjTyp><geoObjCnt Sync="TRUE">0</geoObjCnt></geometObjs><topLvl><TopoLevCd value="001" Sync="TRUE"></TopoLevCd></topLvl></VectSpatRep></spatRepInfo><spdoinfo><ptvctinf><esriterm Name="1997_12_31"><efeatyp Sync="TRUE">Simple</efeatyp><efeageom code="4" Sync="TRUE"></efeageom><esritopo Sync="TRUE">FALSE</esritopo><efeacnt Sync="TRUE">0</efeacnt><spindex Sync="TRUE">FALSE</spindex><linrefer Sync="TRUE">FALSE</linrefer></esriterm></ptvctinf></spdoinfo><eainfo><detailed Name="1997_12_31"><enttyp><enttypl Sync="TRUE">1997_12_31</enttypl><enttypt Sync="TRUE">Feature Class</enttypt><enttypc Sync="TRUE">0</enttypc></enttyp><attr><attrlabl Sync="TRUE">FID</attrlabl><attalias Sync="TRUE">FID</attalias><attrtype Sync="TRUE">OID</attrtype><attwidth Sync="TRUE">4</attwidth><atprecis Sync="TRUE">0</atprecis><attscale Sync="TRUE">0</attscale><attrdef Sync="TRUE">Internal feature number.</attrdef><attrdefs Sync="TRUE">Esri</attrdefs><attrdomv><udom Sync="TRUE">Sequential unique whole numbers that are automatically generated.</udom></attrdomv></attr><attr><attrlabl Sync="TRUE">Shape</attrlabl><attalias Sync="TRUE">Shape</attalias><attrtype Sync="TRUE">Geometry</attrtype><attwidth Sync="TRUE">0</attwidth><atprecis Sync="TRUE">0</atprecis><attscale Sync="TRUE">0</attscale><attrdef Sync="TRUE">Feature geometry.</attrdef><attrdefs Sync="TRUE">Esri</attrdefs><attrdomv><udom Sync="TRUE">Coordinates defining the features.</udom></attrdomv></attr><attr><attrlabl Sync="TRUE">dyad_id</attrlabl><attalias Sync="TRUE">dyad_id</attalias><attrtype Sync="TRUE">Integer</attrtype><attwidth Sync="TRUE">5</attwidth><atprecis Sync="TRUE">5</atprecis><attscale Sync="TRUE">0</attscale></attr><attr><attrlabl Sync="TRUE">conf_id</attrlabl><attalias Sync="TRUE">conf_id</attalias><attrtype Sync="TRUE">Integer</attrtype><attwidth Sync="TRUE">5</attwidth><atprecis Sync="TRUE">5</atprecis><attscale Sync="TRUE">0</attscale></attr><attr><attrlabl Sync="TRUE">date</attrlabl><attalias Sync="TRUE">date</attalias><attrtype Sync="TRUE">String</attrtype><attwidth Sync="TRUE">254</attwidth><atprecis Sync="TRUE">0</atprecis><attscale Sync="TRUE">0</attscale></attr></detailed></eainfo><mdDateSt Sync="TRUE">20240715</mdDateSt></metadata>
