<?xml version="1.0" encoding="UTF-8"?>
<metadata xml:lang="en"><Esri><CreaDate>20240715</CreaDate><CreaTime>06324800</CreaTime><ArcGISFormat>1.0</ArcGISFormat><SyncOnce>FALSE</SyncOnce><DataProperties><itemProps><itemName Sync="TRUE">1998_12_31</itemName><imsContentType Sync="TRUE">002</imsContentType><itemSize Sync="TRUE">0.000</itemSize><itemLocation><linkage Sync="TRUE">file://\\DESKTOP-48J08HF\C$\Users\owner\Dropbox\Wzone\out\wzone_shp\1998\1998_12_31.shp</linkage><protocol Sync="TRUE">Local Area Network</protocol></itemLocation></itemProps><lineage><Process ToolSource="c:\program files\arcgis\pro\Resources\ArcToolbox\toolboxes\Analysis Tools.tbx\Select" Date="20240715" Time="063248">Select in_memory/shp1998411_19981231a C:\Users\owner\Dropbox\Wzone\tmp\tmp1998\shp411_19981231b.shp ""gridcode" &gt; 0"</Process><Process ToolSource="c:\program files\arcgis\pro\Resources\ArcToolbox\toolboxes\Data Management Tools.tbx\AddField" Date="20240715" Time="063248">AddField C:/Users/owner/Dropbox/Wzone/tmp/tmp1998/shp411_19981231b.shp dyad_id "Short (16-bit integer)" # # # # NULLABLE NON_REQUIRED #</Process><Process ToolSource="c:\program files\arcgis\pro\Resources\ArcToolbox\toolboxes\Data Management Tools.tbx\AddField" Date="20240715" Time="063248">AddField C:/Users/owner/Dropbox/Wzone/tmp/tmp1998/shp411_19981231b.shp conf_id "Short (16-bit integer)" # # # # NULLABLE NON_REQUIRED #</Process><Process ToolSource="c:\program files\arcgis\pro\Resources\ArcToolbox\toolboxes\Data Management Tools.tbx\AddField" Date="20240715" Time="063248">AddField C:/Users/owner/Dropbox/Wzone/tmp/tmp1998/shp411_19981231b.shp date Text # # # # NULLABLE NON_REQUIRED #</Process><Process ToolSource="c:\program files\arcgis\pro\Resources\ArcToolbox\toolboxes\Data Management Tools.tbx\DeleteField" Date="20240715" Time="063248">DeleteField C:/Users/owner/Dropbox/Wzone/tmp/tmp1998/shp411_19981231b.shp Id "Delete Fields"</Process><Process ToolSource="c:\program files\arcgis\pro\Resources\ArcToolbox\toolboxes\Data Management Tools.tbx\DeleteField" Date="20240715" Time="063248">DeleteField C:/Users/owner/Dropbox/Wzone/tmp/tmp1998/shp411_19981231b.shp gridcode "Delete Fields"</Process><Process ToolSource="c:\program files\arcgis\pro\Resources\ArcToolbox\toolboxes\Data Management Tools.tbx\Merge" Date="20240715" Time="063701">Merge C:/Users/owner/Dropbox/Wzone/tmp/tmp1998/shp411_19981231b.shp;C:/Users/owner/Dropbox/Wzone/tmp/tmp1998/shp422_19981231b.shp;C:/Users/owner/Dropbox/Wzone/tmp/tmp1998/shp428_19981231b.shp;C:/Users/owner/Dropbox/Wzone/tmp/tmp1998/shp451_19981231b.shp;C:/Users/owner/Dropbox/Wzone/tmp/tmp1998/shp452_19981231b.shp;C:/Users/owner/Dropbox/Wzone/tmp/tmp1998/shp474_19981231b.shp;C:/Users/owner/Dropbox/Wzone/tmp/tmp1998/shp475_19981231b.shp;C:/Users/owner/Dropbox/Wzone/tmp/tmp1998/shp478_19981231b.shp;C:/Users/owner/Dropbox/Wzone/tmp/tmp1998/shp479_19981231b.shp;C:/Users/owner/Dropbox/Wzone/tmp/tmp1998/shp508_19981231b.shp;C:/Users/owner/Dropbox/Wzone/tmp/tmp1998/shp511_19981231b.shp;C:/Users/owner/Dropbox/Wzone/tmp/tmp1998/shp550_19981231b.shp;C:/Users/owner/Dropbox/Wzone/tmp/tmp1998/shp585_19981231b.shp;C:/Users/owner/Dropbox/Wzone/tmp/tmp1998/shp586_19981231b.shp;C:/Users/owner/Dropbox/Wzone/tmp/tmp1998/shp597_19981231b.shp;C:/Users/owner/Dropbox/Wzone/tmp/tmp1998/shp623_19981231b.shp;C:/Users/owner/Dropbox/Wzone/tmp/tmp1998/shp624_19981231b.shp;C:/Users/owner/Dropbox/Wzone/tmp/tmp1998/shp631_19981231b.shp;C:/Users/owner/Dropbox/Wzone/tmp/tmp1998/shp657_19981231b.shp;C:/Users/owner/Dropbox/Wzone/tmp/tmp1998/shp658_19981231b.shp;C:/Users/owner/Dropbox/Wzone/tmp/tmp1998/shp663_19981231b.shp;C:/Users/owner/Dropbox/Wzone/tmp/tmp1998/shp664_19981231b.shp;C:/Users/owner/Dropbox/Wzone/tmp/tmp1998/shp688_19981231b.shp;C:/Users/owner/Dropbox/Wzone/tmp/tmp1998/shp689_19981231b.shp;C:/Users/owner/Dropbox/Wzone/tmp/tmp1998/shp714_19981231b.shp;C:/Users/owner/Dropbox/Wzone/tmp/tmp1998/shp719_19981231b.shp;C:/Users/owner/Dropbox/Wzone/tmp/tmp1998/shp720_19981231b.shp;C:/Users/owner/Dropbox/Wzone/tmp/tmp1998/shp726_19981231b.shp;C:/Users/owner/Dropbox/Wzone/tmp/tmp1998/shp735_19981231b.shp;C:/Users/owner/Dropbox/Wzone/tmp/tmp1998/shp736_19981231b.shp;C:/Users/owner/Dropbox/Wzone/tmp/tmp1998/shp740_19981231b.shp;C:/Users/owner/Dropbox/Wzone/tmp/tmp1998/shp753_19981231b.shp;C:/Users/owner/Dropbox/Wzone/tmp/tmp1998/shp763_19981231b.shp;C:/Users/owner/Dropbox/Wzone/tmp/tmp1998/shp768_19981231b.shp;C:/Users/owner/Dropbox/Wzone/tmp/tmp1998/shp769_19981231b.shp;C:/Users/owner/Dropbox/Wzone/tmp/tmp1998/shp781_19981231b.shp;C:/Users/owner/Dropbox/Wzone/tmp/tmp1998/shp792_19981231b.shp;C:/Users/owner/Dropbox/Wzone/tmp/tmp1998/shp793_19981231b.shp;C:/Users/owner/Dropbox/Wzone/tmp/tmp1998/shp794_19981231b.shp;C:/Users/owner/Dropbox/Wzone/tmp/tmp1998/shp806_19981231b.shp;C:/Users/owner/Dropbox/Wzone/tmp/tmp1998/shp818_19981231b.shp;C:/Users/owner/Dropbox/Wzone/tmp/tmp1998/shp819_19981231b.shp;C:/Users/owner/Dropbox/Wzone/tmp/tmp1998/shp829_19981231b.shp;C:/Users/owner/Dropbox/Wzone/tmp/tmp1998/shp830_19981231b.shp;C:/Users/owner/Dropbox/Wzone/tmp/tmp1998/shp832_19981231b.shp;C:/Users/owner/Dropbox/Wzone/tmp/tmp1998/shp833_19981231b.shp;C:/Users/owner/Dropbox/Wzone/tmp/tmp1998/shp838_19981231b.shp;C:/Users/owner/Dropbox/Wzone/tmp/tmp1998/shp852_19981231b.shp;C:/Users/owner/Dropbox/Wzone/tmp/tmp1998/shp863_19981231b.shp;C:/Users/owner/Dropbox/Wzone/tmp/tmp1998/shp864_19981231b.shp;C:/Users/owner/Dropbox/Wzone/tmp/tmp1998/shp868_19981231b.shp;C:/Users/owner/Dropbox/Wzone/tmp/tmp1998/shp869_19981231b.shp;C:/Users/owner/Dropbox/Wzone/tmp/tmp1998/shp885_19981231b.shp;C:/Users/owner/Dropbox/Wzone/tmp/tmp1998/shp887_19981231b.shp;C:/Users/owner/Dropbox/Wzone/tmp/tmp1998/shp913_19981231b.shp;C:/Users/owner/Dropbox/Wzone/tmp/tmp1998/shp914_19981231b.shp;C:/Users/owner/Dropbox/Wzone/tmp/tmp1998/shp915_19981231b.shp;C:/Users/owner/Dropbox/Wzone/tmp/tmp1998/shp917_19981231b.shp;C:/Users/owner/Dropbox/Wzone/tmp/tmp1998/shp920_19981231b.shp;C:/Users/owner/Dropbox/Wzone/tmp/tmp1998/shp923_19981231b.shp;C:/Users/owner/Dropbox/Wzone/tmp/tmp1998/shp926_19981231b.shp;C:/Users/owner/Dropbox/Wzone/tmp/tmp1998/shp927_19981231b.shp;C:/Users/owner/Dropbox/Wzone/tmp/tmp1998/shp930_19981231b.shp;C:/Users/owner/Dropbox/Wzone/tmp/tmp1998/shp931_19981231b.shp;C:/Users/owner/Dropbox/Wzone/tmp/tmp1998/shp932_19981231b.shp;C:/Users/owner/Dropbox/Wzone/tmp/tmp1998/shp933_19981231b.shp;C:/Users/owner/Dropbox/Wzone/tmp/tmp1998/shp934_19981231b.shp;C:/Users/owner/Dropbox/Wzone/tmp/tmp1998/shp935_19981231b.shp;C:/Users/owner/Dropbox/Wzone/tmp/tmp1998/shp936_19981231b.shp;C:/Users/owner/Dropbox/Wzone/tmp/tmp1998/shp938_19981231b.shp;C:/Users/owner/Dropbox/Wzone/tmp/tmp1998/shp942_19981231b.shp;C:/Users/owner/Dropbox/Wzone/tmp/tmp1998/shp944_19981231b.shp;C:/Users/owner/Dropbox/Wzone/tmp/tmp1998/shp947_19981231b.shp;C:/Users/owner/Dropbox/Wzone/tmp/tmp1998/shp948_19981231b.shp;C:/Users/owner/Dropbox/Wzone/tmp/tmp1998/shp950_19981231b.shp;C:/Users/owner/Dropbox/Wzone/tmp/tmp1998/shp951_19981231b.shp;C:/Users/owner/Dropbox/Wzone/tmp/tmp1998/shp954_19981231b.shp;C:/Users/owner/Dropbox/Wzone/tmp/tmp1998/shp955_19981231b.shp;C:/Users/owner/Dropbox/Wzone/tmp/tmp1998/shp956_19981231b.shp;C:/Users/owner/Dropbox/Wzone/tmp/tmp1998/shp957_19981231b.shp;C:/Users/owner/Dropbox/Wzone/tmp/tmp1998/shp959_19981231b.shp;C:/Users/owner/Dropbox/Wzone/tmp/tmp1998/shp960_19981231b.shp;C:/Users/owner/Dropbox/Wzone/tmp/tmp1998/shp962_19981231b.shp;C:/Users/owner/Dropbox/Wzone/tmp/tmp1998/shp963_19981231b.shp;C:/Users/owner/Dropbox/Wzone/tmp/tmp1998/shp964_19981231b.shp;C:/Users/owner/Dropbox/Wzone/tmp/tmp1998/shp965_19981231b.shp;C:/Users/owner/Dropbox/Wzone/tmp/tmp1998/shp967_19981231b.shp;C:/Users/owner/Dropbox/Wzone/tmp/tmp1998/shp968_19981231b.shp;C:/Users/owner/Dropbox/Wzone/tmp/tmp1998/shp970_19981231b.shp;C:/Users/owner/Dropbox/Wzone/tmp/tmp1998/shp974_19981231b.shp;C:/Users/owner/Dropbox/Wzone/tmp/tmp1998/shp976_19981231b.shp;C:/Users/owner/Dropbox/Wzone/tmp/tmp1998/shp977_19981231b.shp;C:/Users/owner/Dropbox/Wzone/tmp/tmp1998/shp981_19981231b.shp;C:/Users/owner/Dropbox/Wzone/tmp/tmp1998/shp983_19981231b.shp;C:/Users/owner/Dropbox/Wzone/tmp/tmp1998/shp984_19981231b.shp;C:/Users/owner/Dropbox/Wzone/tmp/tmp1998/shp987_19981231b.shp;C:/Users/owner/Dropbox/Wzone/tmp/tmp1998/shp988_19981231b.shp;C:/Users/owner/Dropbox/Wzone/tmp/tmp1998/shp989_19981231b.shp;C:/Users/owner/Dropbox/Wzone/tmp/tmp1998/shp990_19981231b.shp;C:/Users/owner/Dropbox/Wzone/tmp/tmp1998/shp996_19981231b.shp;C:/Users/owner/Dropbox/Wzone/tmp/tmp1998/shp998_19981231b.shp;C:/Users/owner/Dropbox/Wzone/tmp/tmp1998/shp1007_19981231b.shp;C:/Users/owner/Dropbox/Wzone/tmp/tmp1998/shp1015_19981231b.shp;C:/Users/owner/Dropbox/Wzone/tmp/tmp1998/shp1019_19981231b.shp;C:/Users/owner/Dropbox/Wzone/tmp/tmp1998/shp1021_19981231b.shp;C:/Users/owner/Dropbox/Wzone/tmp/tmp1998/shp1026_19981231b.shp;C:/Users/owner/Dropbox/Wzone/tmp/tmp1998/shp1027_19981231b.shp;C:/Users/owner/Dropbox/Wzone/tmp/tmp1998/shp1038_19981231b.shp;C:/Users/owner/Dropbox/Wzone/tmp/tmp1998/shp1039_19981231b.shp;C:/Users/owner/Dropbox/Wzone/tmp/tmp1998/shp1042_19981231b.shp;C:/Users/owner/Dropbox/Wzone/tmp/tmp1998/shp1045_19981231b.shp;C:/Users/owner/Dropbox/Wzone/tmp/tmp1998/shp1056_19981231b.shp;C:/Users/owner/Dropbox/Wzone/tmp/tmp1998/shp1072_19981231b.shp;C:/Users/owner/Dropbox/Wzone/tmp/tmp1998/shp1073_19981231b.shp;C:/Users/owner/Dropbox/Wzone/tmp/tmp1998/shp1077_19981231b.shp;C:/Users/owner/Dropbox/Wzone/tmp/tmp1998/shp1167_19981231b.shp;C:/Users/owner/Dropbox/Wzone/tmp/tmp1998/shp1199_19981231b.shp;C:/Users/owner/Dropbox/Wzone/tmp/tmp1998/shp1204_19981231b.shp;C:/Users/owner/Dropbox/Wzone/tmp/tmp1998/shp1301_19981231b.shp;C:/Users/owner/Dropbox/Wzone/tmp/tmp1998/shp1503_19981231b.shp;C:/Users/owner/Dropbox/Wzone/tmp/tmp1998/shp1702_19981231b.shp;C:/Users/owner/Dropbox/Wzone/tmp/tmp1998/shp5188_19981231b.shp;C:/Users/owner/Dropbox/Wzone/tmp/tmp1998/shp5196_19981231b.shp;C:/Users/owner/Dropbox/Wzone/tmp/tmp1998/shp5201_19981231b.shp;C:/Users/owner/Dropbox/Wzone/tmp/tmp1998/shp5222_19981231b.shp;C:/Users/owner/Dropbox/Wzone/tmp/tmp1998/shp5282_19981231b.shp;C:/Users/owner/Dropbox/Wzone/tmp/tmp1998/shp5293_19981231b.shp;C:/Users/owner/Dropbox/Wzone/tmp/tmp1998/shp5299_19981231b.shp;C:/Users/owner/Dropbox/Wzone/tmp/tmp1998/shp5313_19981231b.shp;C:/Users/owner/Dropbox/Wzone/tmp/tmp1998/shp5324_19981231b.shp;C:/Users/owner/Dropbox/Wzone/tmp/tmp1998/shp5336_19981231b.shp;C:/Users/owner/Dropbox/Wzone/tmp/tmp1998/shp5338_19981231b.shp;C:/Users/owner/Dropbox/Wzone/tmp/tmp1998/shp5349_19981231b.shp;C:/Users/owner/Dropbox/Wzone/tmp/tmp1998/shp5405_19981231b.shp;C:/Users/owner/Dropbox/Wzone/tmp/tmp1998/shp5462_19981231b.shp;C:/Users/owner/Dropbox/Wzone/tmp/tmp1998/shp5505_19981231b.shp;C:/Users/owner/Dropbox/Wzone/tmp/tmp1998/shp5512_19981231b.shp;C:/Users/owner/Dropbox/Wzone/tmp/tmp1998/shp10264_19981231b.shp;C:/Users/owner/Dropbox/Wzone/tmp/tmp1998/shp11123_19981231b.shp;C:/Users/owner/Dropbox/Wzone/tmp/tmp1998/shp11932_19981231b.shp;C:/Users/owner/Dropbox/Wzone/tmp/tmp1998/shp15558_19981231b.shp C:\Users\owner\Dropbox\Wzone\out\wzone_shp\1998\1998_12_31.shp "dyad_id "dyad_id" true true false 5 Long 0 5,First,#,C:/Users/owner/Dropbox/Wzone/tmp/tmp1998/shp411_19981231b.shp,dyad_id,-1,-1,C:/Users/owner/Dropbox/Wzone/tmp/tmp1998/shp422_19981231b.shp,dyad_id,-1,-1,C:/Users/owner/Dropbox/Wzone/tmp/tmp1998/shp428_19981231b.shp,dyad_id,-1,-1,C:/Users/owner/Dropbox/Wzone/tmp/tmp1998/shp451_19981231b.shp,dyad_id,-1,-1,C:/Users/owner/Dropbox/Wzone/tmp/tmp1998/shp452_19981231b.shp,dyad_id,-1,-1,C:/Users/owner/Dropbox/Wzone/tmp/tmp1998/shp474_19981231b.shp,dyad_id,-1,-1,C:/Users/owner/Dropbox/Wzone/tmp/tmp1998/shp475_19981231b.shp,dyad_id,-1,-1,C:/Users/owner/Dropbox/Wzone/tmp/tmp1998/shp478_19981231b.shp,dyad_id,-1,-1,C:/Users/owner/Dropbox/Wzone/tmp/tmp1998/shp479_19981231b.shp,dyad_id,-1,-1,C:/Users/owner/Dropbox/Wzone/tmp/tmp1998/shp508_19981231b.shp,dyad_id,-1,-1,C:/Users/owner/Dropbox/Wzone/tmp/tmp1998/shp511_19981231b.shp,dyad_id,-1,-1,C:/Users/owner/Dropbox/Wzone/tmp/tmp1998/shp550_19981231b.shp,dyad_id,-1,-1,C:/Users/owner/Dropbox/Wzone/tmp/tmp1998/shp585_19981231b.shp,dyad_id,-1,-1,C:/Users/owner/Dropbox/Wzone/tmp/tmp1998/shp586_19981231b.shp,dyad_id,-1,-1,C:/Users/owner/Dropbox/Wzone/tmp/tmp1998/shp597_19981231b.shp,dyad_id,-1,-1,C:/Users/owner/Dropbox/Wzone/tmp/tmp1998/shp623_19981231b.shp,dyad_id,-1,-1,C:/Users/owner/Dropbox/Wzone/tmp/tmp1998/shp624_19981231b.shp,dyad_id,-1,-1,C:/Users/owner/Dropbox/Wzone/tmp/tmp1998/shp631_19981231b.shp,dyad_id,-1,-1,C:/Users/owner/Dropbox/Wzone/tmp/tmp1998/shp657_19981231b.shp,dyad_id,-1,-1,C:/Users/owner/Dropbox/Wzone/tmp/tmp1998/shp658_19981231b.shp,dyad_id,-1,-1,C:/Users/owner/Dropbox/Wzone/tmp/tmp1998/shp663_19981231b.shp,dyad_id,-1,-1,C:/Users/owner/Dropbox/Wzone/tmp/tmp1998/shp664_19981231b.shp,dyad_id,-1,-1,C:/Users/owner/Dropbox/Wzone/tmp/tmp1998/shp688_19981231b.shp,dyad_id,-1,-1,C:/Users/owner/Dropbox/Wzone/tmp/tmp1998/shp689_19981231b.shp,dyad_id,-1,-1,C:/Users/owner/Dropbox/Wzone/tmp/tmp1998/shp714_19981231b.shp,dyad_id,-1,-1,C:/Users/owner/Dropbox/Wzone/tmp/tmp1998/shp719_19981231b.shp,dyad_id,-1,-1,C:/Users/owner/Dropbox/Wzone/tmp/tmp1998/shp720_19981231b.shp,dyad_id,-1,-1,C:/Users/owner/Dropbox/Wzone/tmp/tmp1998/shp726_19981231b.shp,dyad_id,-1,-1,C:/Users/owner/Dropbox/Wzone/tmp/tmp1998/shp735_19981231b.shp,dyad_id,-1,-1,C:/Users/owner/Dropbox/Wzone/tmp/tmp1998/shp736_19981231b.shp,dyad_id,-1,-1,C:/Users/owner/Dropbox/Wzone/tmp/tmp1998/shp740_19981231b.shp,dyad_id,-1,-1,C:/Users/owner/Dropbox/Wzone/tmp/tmp1998/shp753_19981231b.shp,dyad_id,-1,-1,C:/Users/owner/Dropbox/Wzone/tmp/tmp1998/shp763_19981231b.shp,dyad_id,-1,-1,C:/Users/owner/Dropbox/Wzone/tmp/tmp1998/shp768_19981231b.shp,dyad_id,-1,-1,C:/Users/owner/Dropbox/Wzone/tmp/tmp1998/shp769_19981231b.shp,dyad_id,-1,-1,C:/Users/owner/Dropbox/Wzone/tmp/tmp1998/shp781_19981231b.shp,dyad_id,-1,-1,C:/Users/owner/Dropbox/Wzone/tmp/tmp1998/shp792_19981231b.shp,dyad_id,-1,-1,C:/Users/owner/Dropbox/Wzone/tmp/tmp1998/shp793_19981231b.shp,dyad_id,-1,-1,C:/Users/owner/Dropbox/Wzone/tmp/tmp1998/shp794_19981231b.shp,dyad_id,-1,-1,C:/Users/owner/Dropbox/Wzone/tmp/tmp1998/shp806_19981231b.shp,dyad_id,-1,-1,C:/Users/owner/Dropbox/Wzone/tmp/tmp1998/shp818_19981231b.shp,dyad_id,-1,-1,C:/Users/owner/Dropbox/Wzone/tmp/tmp1998/shp819_19981231b.shp,dyad_id,-1,-1,C:/Users/owner/Dropbox/Wzone/tmp/tmp1998/shp829_19981231b.shp,dyad_id,-1,-1,C:/Users/owner/Dropbox/Wzone/tmp/tmp1998/shp830_19981231b.shp,dyad_id,-1,-1,C:/Users/owner/Dropbox/Wzone/tmp/tmp1998/shp832_19981231b.shp,dyad_id,-1,-1,C:/Users/owner/Dropbox/Wzone/tmp/tmp1998/shp833_19981231b.shp,dyad_id,-1,-1,C:/Users/owner/Dropbox/Wzone/tmp/tmp1998/shp838_19981231b.shp,dyad_id,-1,-1,C:/Users/owner/Dropbox/Wzone/tmp/tmp1998/shp852_19981231b.shp,dyad_id,-1,-1,C:/Users/owner/Dropbox/Wzone/tmp/tmp1998/shp863_19981231b.shp,dyad_id,-1,-1,C:/Users/owner/Dropbox/Wzone/tmp/tmp1998/shp864_19981231b.shp,dyad_id,-1,-1,C:/Users/owner/Dropbox/Wzone/tmp/tmp1998/shp868_19981231b.shp,dyad_id,-1,-1,C:/Users/owner/Dropbox/Wzone/tmp/tmp1998/shp869_19981231b.shp,dyad_id,-1,-1,C:/Users/owner/Dropbox/Wzone/tmp/tmp1998/shp885_19981231b.shp,dyad_id,-1,-1,C:/Users/owner/Dropbox/Wzone/tmp/tmp1998/shp887_19981231b.shp,dyad_id,-1,-1,C:/Users/owner/Dropbox/Wzone/tmp/tmp1998/shp913_19981231b.shp,dyad_id,-1,-1,C:/Users/owner/Dropbox/Wzone/tmp/tmp1998/shp914_19981231b.shp,dyad_id,-1,-1,C:/Users/owner/Dropbox/Wzone/tmp/tmp1998/shp915_19981231b.shp,dyad_id,-1,-1,C:/Users/owner/Dropbox/Wzone/tmp/tmp1998/shp917_19981231b.shp,dyad_id,-1,-1,C:/Users/owner/Dropbox/Wzone/tmp/tmp1998/shp920_19981231b.shp,dyad_id,-1,-1,C:/Users/owner/Dropbox/Wzone/tmp/tmp1998/shp923_19981231b.shp,dyad_id,-1,-1,C:/Users/owner/Dropbox/Wzone/tmp/tmp1998/shp926_19981231b.shp,dyad_id,-1,-1,C:/Users/owner/Dropbox/Wzone/tmp/tmp1998/shp927_19981231b.shp,dyad_id,-1,-1,C:/Users/owner/Dropbox/Wzone/tmp/tmp1998/shp930_19981231b.shp,dyad_id,-1,-1,C:/Users/owner/Dropbox/Wzone/tmp/tmp1998/shp931_19981231b.shp,dyad_id,-1,-1,C:/Users/owner/Dropbox/Wzone/tmp/tmp1998/shp932_19981231b.shp,dyad_id,-1,-1,C:/Users/owner/Dropbox/Wzone/tmp/tmp1998/shp933_19981231b.shp,dyad_id,-1,-1,C:/Users/owner/Dropbox/Wzone/tmp/tmp1998/shp934_19981231b.shp,dyad_id,-1,-1,C:/Users/owner/Dropbox/Wzone/tmp/tmp1998/shp935_19981231b.shp,dyad_id,-1,-1,C:/Users/owner/Dropbox/Wzone/tmp/tmp1998/shp936_19981231b.shp,dyad_id,-1,-1,C:/Users/owner/Dropbox/Wzone/tmp/tmp1998/shp938_19981231b.shp,dyad_id,-1,-1,C:/Users/owner/Dropbox/Wzone/tmp/tmp1998/shp942_19981231b.shp,dyad_id,-1,-1,C:/Users/owner/Dropbox/Wzone/tmp/tmp1998/shp944_19981231b.shp,dyad_id,-1,-1,C:/Users/owner/Dropbox/Wzone/tmp/tmp1998/shp947_19981231b.shp,dyad_id,-1,-1,C:/Users/owner/Dropbox/Wzone/tmp/tmp1998/shp948_19981231b.shp,dyad_id,-1,-1,C:/Users/owner/Dropbox/Wzone/tmp/tmp1998/shp950_19981231b.shp,dyad_id,-1,-1,C:/Users/owner/Dropbox/Wzone/tmp/tmp1998/shp951_19981231b.shp,dyad_id,-1,-1,C:/Users/owner/Dropbox/Wzone/tmp/tmp1998/shp954_19981231b.shp,dyad_id,-1,-1,C:/Users/owner/Dropbox/Wzone/tmp/tmp1998/shp955_19981231b.shp,dyad_id,-1,-1,C:/Users/owner/Dropbox/Wzone/tmp/tmp1998/shp956_19981231b.shp,dyad_id,-1,-1,C:/Users/owner/Dropbox/Wzone/tmp/tmp1998/shp957_19981231b.shp,dyad_id,-1,-1,C:/Users/owner/Dropbox/Wzone/tmp/tmp1998/shp959_19981231b.shp,dyad_id,-1,-1,C:/Users/owner/Dropbox/Wzone/tmp/tmp1998/shp960_19981231b.shp,dyad_id,-1,-1,C:/Users/owner/Dropbox/Wzone/tmp/tmp1998/shp962_19981231b.shp,dyad_id,-1,-1,C:/Users/owner/Dropbox/Wzone/tmp/tmp1998/shp963_19981231b.shp,dyad_id,-1,-1,C:/Users/owner/Dropbox/Wzone/tmp/tmp1998/shp964_19981231b.shp,dyad_id,-1,-1,C:/Users/owner/Dropbox/Wzone/tmp/tmp1998/shp965_19981231b.shp,dyad_id,-1,-1,C:/Users/owner/Dropbox/Wzone/tmp/tmp1998/shp967_19981231b.shp,dyad_id,-1,-1,C:/Users/owner/Dropbox/Wzone/tmp/tmp1998/shp968_19981231b.shp,dyad_id,-1,-1,C:/Users/owner/Dropbox/Wzone/tmp/tmp1998/shp970_19981231b.shp,dyad_id,-1,-1,C:/Users/owner/Dropbox/Wzone/tmp/tmp1998/shp974_19981231b.shp,dyad_id,-1,-1,C:/Users/owner/Dropbox/Wzone/tmp/tmp1998/shp976_19981231b.shp,dyad_id,-1,-1,C:/Users/owner/Dropbox/Wzone/tmp/tmp1998/shp977_19981231b.shp,dyad_id,-1,-1,C:/Users/owner/Dropbox/Wzone/tmp/tmp1998/shp981_19981231b.shp,dyad_id,-1,-1,C:/Users/owner/Dropbox/Wzone/tmp/tmp1998/shp983_19981231b.shp,dyad_id,-1,-1,C:/Users/owner/Dropbox/Wzone/tmp/tmp1998/shp984_19981231b.shp,dyad_id,-1,-1,C:/Users/owner/Dropbox/Wzone/tmp/tmp1998/shp987_19981231b.shp,dyad_id,-1,-1,C:/Users/owner/Dropbox/Wzone/tmp/tmp1998/shp988_19981231b.shp,dyad_id,-1,-1,C:/Users/owner/Dropbox/Wzone/tmp/tmp1998/shp989_19981231b.shp,dyad_id,-1,-1,C:/Users/owner/Dropbox/Wzone/tmp/tmp1998/shp990_19981231b.shp,dyad_id,-1,-1,C:/Users/owner/Dropbox/Wzone/tmp/tmp1998/shp996_19981231b.shp,dyad_id,-1,-1,C:/Users/owner/Dropbox/Wzone/tmp/tmp1998/shp998_19981231b.shp,dyad_id,-1,-1,C:/Users/owner/Dropbox/Wzone/tmp/tmp1998/shp1007_19981231b.shp,dyad_id,-1,-1,C:/Users/owner/Dropbox/Wzone/tmp/tmp1998/shp1015_19981231b.shp,dyad_id,-1,-1,C:/Users/owner/Dropbox/Wzone/tmp/tmp1998/shp1019_19981231b.shp,dyad_id,-1,-1,C:/Users/owner/Dropbox/Wzone/tmp/tmp1998/shp1021_19981231b.shp,dyad_id,-1,-1,C:/Users/owner/Dropbox/Wzone/tmp/tmp1998/shp1026_19981231b.shp,dyad_id,-1,-1,C:/Users/owner/Dropbox/Wzone/tmp/tmp1998/shp1027_19981231b.shp,dyad_id,-1,-1,C:/Users/owner/Dropbox/Wzone/tmp/tmp1998/shp1038_19981231b.shp,dyad_id,-1,-1,C:/Users/owner/Dropbox/Wzone/tmp/tmp1998/shp1039_19981231b.shp,dyad_id,-1,-1,C:/Users/owner/Dropbox/Wzone/tmp/tmp1998/shp1042_19981231b.shp,dyad_id,-1,-1,C:/Users/owner/Dropbox/Wzone/tmp/tmp1998/shp1045_19981231b.shp,dyad_id,-1,-1,C:/Users/owner/Dropbox/Wzone/tmp/tmp1998/shp1056_19981231b.shp,dyad_id,-1,-1,C:/Users/owner/Dropbox/Wzone/tmp/tmp1998/shp1072_19981231b.shp,dyad_id,-1,-1,C:/Users/owner/Dropbox/Wzone/tmp/tmp1998/shp1073_19981231b.shp,dyad_id,-1,-1,C:/Users/owner/Dropbox/Wzone/tmp/tmp1998/shp1077_19981231b.shp,dyad_id,-1,-1,C:/Users/owner/Dropbox/Wzone/tmp/tmp1998/shp1167_19981231b.shp,dyad_id,-1,-1,C:/Users/owner/Dropbox/Wzone/tmp/tmp1998/shp1199_19981231b.shp,dyad_id,-1,-1,C:/Users/owner/Dropbox/Wzone/tmp/tmp1998/shp1204_19981231b.shp,dyad_id,-1,-1,C:/Users/owner/Dropbox/Wzone/tmp/tmp1998/shp1301_19981231b.shp,dyad_id,-1,-1,C:/Users/owner/Dropbox/Wzone/tmp/tmp1998/shp1503_19981231b.shp,dyad_id,-1,-1,C:/Users/owner/Dropbox/Wzone/tmp/tmp1998/shp1702_19981231b.shp,dyad_id,-1,-1,C:/Users/owner/Dropbox/Wzone/tmp/tmp1998/shp5188_19981231b.shp,dyad_id,-1,-1,C:/Users/owner/Dropbox/Wzone/tmp/tmp1998/shp5196_19981231b.shp,dyad_id,-1,-1,C:/Users/owner/Dropbox/Wzone/tmp/tmp1998/shp5201_19981231b.shp,dyad_id,-1,-1,C:/Users/owner/Dropbox/Wzone/tmp/tmp1998/shp5222_19981231b.shp,dyad_id,-1,-1,C:/Users/owner/Dropbox/Wzone/tmp/tmp1998/shp5282_19981231b.shp,dyad_id,-1,-1,C:/Users/owner/Dropbox/Wzone/tmp/tmp1998/shp5293_19981231b.shp,dyad_id,-1,-1,C:/Users/owner/Dropbox/Wzone/tmp/tmp1998/shp5299_19981231b.shp,dyad_id,-1,-1,C:/Users/owner/Dropbox/Wzone/tmp/tmp1998/shp5313_19981231b.shp,dyad_id,-1,-1,C:/Users/owner/Dropbox/Wzone/tmp/tmp1998/shp5324_19981231b.shp,dyad_id,-1,-1,C:/Users/owner/Dropbox/Wzone/tmp/tmp1998/shp5336_19981231b.shp,dyad_id,-1,-1,C:/Users/owner/Dropbox/Wzone/tmp/tmp1998/shp5338_19981231b.shp,dyad_id,-1,-1,C:/Users/owner/Dropbox/Wzone/tmp/tmp1998/shp5349_19981231b.shp,dyad_id,-1,-1,C:/Users/owner/Dropbox/Wzone/tmp/tmp1998/shp5405_19981231b.shp,dyad_id,-1,-1,C:/Users/owner/Dropbox/Wzone/tmp/tmp1998/shp5462_19981231b.shp,dyad_id,-1,-1,C:/Users/owner/Dropbox/Wzone/tmp/tmp1998/shp5505_19981231b.shp,dyad_id,-1,-1,C:/Users/owner/Dropbox/Wzone/tmp/tmp1998/shp5512_19981231b.shp,dyad_id,-1,-1,C:/Users/owner/Dropbox/Wzone/tmp/tmp1998/shp10264_19981231b.shp,dyad_id,-1,-1,C:/Users/owner/Dropbox/Wzone/tmp/tmp1998/shp11123_19981231b.shp,dyad_id,-1,-1,C:/Users/owner/Dropbox/Wzone/tmp/tmp1998/shp11932_19981231b.shp,dyad_id,-1,-1,C:/Users/owner/Dropbox/Wzone/tmp/tmp1998/shp15558_19981231b.shp,dyad_id,-1,-1;conf_id "conf_id" true true false 5 Long 0 5,First,#,C:/Users/owner/Dropbox/Wzone/tmp/tmp1998/shp411_19981231b.shp,conf_id,-1,-1,C:/Users/owner/Dropbox/Wzone/tmp/tmp1998/shp422_19981231b.shp,conf_id,-1,-1,C:/Users/owner/Dropbox/Wzone/tmp/tmp1998/shp428_19981231b.shp,conf_id,-1,-1,C:/Users/owner/Dropbox/Wzone/tmp/tmp1998/shp451_19981231b.shp,conf_id,-1,-1,C:/Users/owner/Dropbox/Wzone/tmp/tmp1998/shp452_19981231b.shp,conf_id,-1,-1,C:/Users/owner/Dropbox/Wzone/tmp/tmp1998/shp474_19981231b.shp,conf_id,-1,-1,C:/Users/owner/Dropbox/Wzone/tmp/tmp1998/shp475_19981231b.shp,conf_id,-1,-1,C:/Users/owner/Dropbox/Wzone/tmp/tmp1998/shp478_19981231b.shp,conf_id,-1,-1,C:/Users/owner/Dropbox/Wzone/tmp/tmp1998/shp479_19981231b.shp,conf_id,-1,-1,C:/Users/owner/Dropbox/Wzone/tmp/tmp1998/shp508_19981231b.shp,conf_id,-1,-1,C:/Users/owner/Dropbox/Wzone/tmp/tmp1998/shp511_19981231b.shp,conf_id,-1,-1,C:/Users/owner/Dropbox/Wzone/tmp/tmp1998/shp550_19981231b.shp,conf_id,-1,-1,C:/Users/owner/Dropbox/Wzone/tmp/tmp1998/shp585_19981231b.shp,conf_id,-1,-1,C:/Users/owner/Dropbox/Wzone/tmp/tmp1998/shp586_19981231b.shp,conf_id,-1,-1,C:/Users/owner/Dropbox/Wzone/tmp/tmp1998/shp597_19981231b.shp,conf_id,-1,-1,C:/Users/owner/Dropbox/Wzone/tmp/tmp1998/shp623_19981231b.shp,conf_id,-1,-1,C:/Users/owner/Dropbox/Wzone/tmp/tmp1998/shp624_19981231b.shp,conf_id,-1,-1,C:/Users/owner/Dropbox/Wzone/tmp/tmp1998/shp631_19981231b.shp,conf_id,-1,-1,C:/Users/owner/Dropbox/Wzone/tmp/tmp1998/shp657_19981231b.shp,conf_id,-1,-1,C:/Users/owner/Dropbox/Wzone/tmp/tmp1998/shp658_19981231b.shp,conf_id,-1,-1,C:/Users/owner/Dropbox/Wzone/tmp/tmp1998/shp663_19981231b.shp,conf_id,-1,-1,C:/Users/owner/Dropbox/Wzone/tmp/tmp1998/shp664_19981231b.shp,conf_id,-1,-1,C:/Users/owner/Dropbox/Wzone/tmp/tmp1998/shp688_19981231b.shp,conf_id,-1,-1,C:/Users/owner/Dropbox/Wzone/tmp/tmp1998/shp689_19981231b.shp,conf_id,-1,-1,C:/Users/owner/Dropbox/Wzone/tmp/tmp1998/shp714_19981231b.shp,conf_id,-1,-1,C:/Users/owner/Dropbox/Wzone/tmp/tmp1998/shp719_19981231b.shp,conf_id,-1,-1,C:/Users/owner/Dropbox/Wzone/tmp/tmp1998/shp720_19981231b.shp,conf_id,-1,-1,C:/Users/owner/Dropbox/Wzone/tmp/tmp1998/shp726_19981231b.shp,conf_id,-1,-1,C:/Users/owner/Dropbox/Wzone/tmp/tmp1998/shp735_19981231b.shp,conf_id,-1,-1,C:/Users/owner/Dropbox/Wzone/tmp/tmp1998/shp736_19981231b.shp,conf_id,-1,-1,C:/Users/owner/Dropbox/Wzone/tmp/tmp1998/shp740_19981231b.shp,conf_id,-1,-1,C:/Users/owner/Dropbox/Wzone/tmp/tmp1998/shp753_19981231b.shp,conf_id,-1,-1,C:/Users/owner/Dropbox/Wzone/tmp/tmp1998/shp763_19981231b.shp,conf_id,-1,-1,C:/Users/owner/Dropbox/Wzone/tmp/tmp1998/shp768_19981231b.shp,conf_id,-1,-1,C:/Users/owner/Dropbox/Wzone/tmp/tmp1998/shp769_19981231b.shp,conf_id,-1,-1,C:/Users/owner/Dropbox/Wzone/tmp/tmp1998/shp781_19981231b.shp,conf_id,-1,-1,C:/Users/owner/Dropbox/Wzone/tmp/tmp1998/shp792_19981231b.shp,conf_id,-1,-1,C:/Users/owner/Dropbox/Wzone/tmp/tmp1998/shp793_19981231b.shp,conf_id,-1,-1,C:/Users/owner/Dropbox/Wzone/tmp/tmp1998/shp794_19981231b.shp,conf_id,-1,-1,C:/Users/owner/Dropbox/Wzone/tmp/tmp1998/shp806_19981231b.shp,conf_id,-1,-1,C:/Users/owner/Dropbox/Wzone/tmp/tmp1998/shp818_19981231b.shp,conf_id,-1,-1,C:/Users/owner/Dropbox/Wzone/tmp/tmp1998/shp819_19981231b.shp,conf_id,-1,-1,C:/Users/owner/Dropbox/Wzone/tmp/tmp1998/shp829_19981231b.shp,conf_id,-1,-1,C:/Users/owner/Dropbox/Wzone/tmp/tmp1998/shp830_19981231b.shp,conf_id,-1,-1,C:/Users/owner/Dropbox/Wzone/tmp/tmp1998/shp832_19981231b.shp,conf_id,-1,-1,C:/Users/owner/Dropbox/Wzone/tmp/tmp1998/shp833_19981231b.shp,conf_id,-1,-1,C:/Users/owner/Dropbox/Wzone/tmp/tmp1998/shp838_19981231b.shp,conf_id,-1,-1,C:/Users/owner/Dropbox/Wzone/tmp/tmp1998/shp852_19981231b.shp,conf_id,-1,-1,C:/Users/owner/Dropbox/Wzone/tmp/tmp1998/shp863_19981231b.shp,conf_id,-1,-1,C:/Users/owner/Dropbox/Wzone/tmp/tmp1998/shp864_19981231b.shp,conf_id,-1,-1,C:/Users/owner/Dropbox/Wzone/tmp/tmp1998/shp868_19981231b.shp,conf_id,-1,-1,C:/Users/owner/Dropbox/Wzone/tmp/tmp1998/shp869_19981231b.shp,conf_id,-1,-1,C:/Users/owner/Dropbox/Wzone/tmp/tmp1998/shp885_19981231b.shp,conf_id,-1,-1,C:/Users/owner/Dropbox/Wzone/tmp/tmp1998/shp887_19981231b.shp,conf_id,-1,-1,C:/Users/owner/Dropbox/Wzone/tmp/tmp1998/shp913_19981231b.shp,conf_id,-1,-1,C:/Users/owner/Dropbox/Wzone/tmp/tmp1998/shp914_19981231b.shp,conf_id,-1,-1,C:/Users/owner/Dropbox/Wzone/tmp/tmp1998/shp915_19981231b.shp,conf_id,-1,-1,C:/Users/owner/Dropbox/Wzone/tmp/tmp1998/shp917_19981231b.shp,conf_id,-1,-1,C:/Users/owner/Dropbox/Wzone/tmp/tmp1998/shp920_19981231b.shp,conf_id,-1,-1,C:/Users/owner/Dropbox/Wzone/tmp/tmp1998/shp923_19981231b.shp,conf_id,-1,-1,C:/Users/owner/Dropbox/Wzone/tmp/tmp1998/shp926_19981231b.shp,conf_id,-1,-1,C:/Users/owner/Dropbox/Wzone/tmp/tmp1998/shp927_19981231b.shp,conf_id,-1,-1,C:/Users/owner/Dropbox/Wzone/tmp/tmp1998/shp930_19981231b.shp,conf_id,-1,-1,C:/Users/owner/Dropbox/Wzone/tmp/tmp1998/shp931_19981231b.shp,conf_id,-1,-1,C:/Users/owner/Dropbox/Wzone/tmp/tmp1998/shp932_19981231b.shp,conf_id,-1,-1,C:/Users/owner/Dropbox/Wzone/tmp/tmp1998/shp933_19981231b.shp,conf_id,-1,-1,C:/Users/owner/Dropbox/Wzone/tmp/tmp1998/shp934_19981231b.shp,conf_id,-1,-1,C:/Users/owner/Dropbox/Wzone/tmp/tmp1998/shp935_19981231b.shp,conf_id,-1,-1,C:/Users/owner/Dropbox/Wzone/tmp/tmp1998/shp936_19981231b.shp,conf_id,-1,-1,C:/Users/owner/Dropbox/Wzone/tmp/tmp1998/shp938_19981231b.shp,conf_id,-1,-1,C:/Users/owner/Dropbox/Wzone/tmp/tmp1998/shp942_19981231b.shp,conf_id,-1,-1,C:/Users/owner/Dropbox/Wzone/tmp/tmp1998/shp944_19981231b.shp,conf_id,-1,-1,C:/Users/owner/Dropbox/Wzone/tmp/tmp1998/shp947_19981231b.shp,conf_id,-1,-1,C:/Users/owner/Dropbox/Wzone/tmp/tmp1998/shp948_19981231b.shp,conf_id,-1,-1,C:/Users/owner/Dropbox/Wzone/tmp/tmp1998/shp950_19981231b.shp,conf_id,-1,-1,C:/Users/owner/Dropbox/Wzone/tmp/tmp1998/shp951_19981231b.shp,conf_id,-1,-1,C:/Users/owner/Dropbox/Wzone/tmp/tmp1998/shp954_19981231b.shp,conf_id,-1,-1,C:/Users/owner/Dropbox/Wzone/tmp/tmp1998/shp955_19981231b.shp,conf_id,-1,-1,C:/Users/owner/Dropbox/Wzone/tmp/tmp1998/shp956_19981231b.shp,conf_id,-1,-1,C:/Users/owner/Dropbox/Wzone/tmp/tmp1998/shp957_19981231b.shp,conf_id,-1,-1,C:/Users/owner/Dropbox/Wzone/tmp/tmp1998/shp959_19981231b.shp,conf_id,-1,-1,C:/Users/owner/Dropbox/Wzone/tmp/tmp1998/shp960_19981231b.shp,conf_id,-1,-1,C:/Users/owner/Dropbox/Wzone/tmp/tmp1998/shp962_19981231b.shp,conf_id,-1,-1,C:/Users/owner/Dropbox/Wzone/tmp/tmp1998/shp963_19981231b.shp,conf_id,-1,-1,C:/Users/owner/Dropbox/Wzone/tmp/tmp1998/shp964_19981231b.shp,conf_id,-1,-1,C:/Users/owner/Dropbox/Wzone/tmp/tmp1998/shp965_19981231b.shp,conf_id,-1,-1,C:/Users/owner/Dropbox/Wzone/tmp/tmp1998/shp967_19981231b.shp,conf_id,-1,-1,C:/Users/owner/Dropbox/Wzone/tmp/tmp1998/shp968_19981231b.shp,conf_id,-1,-1,C:/Users/owner/Dropbox/Wzone/tmp/tmp1998/shp970_19981231b.shp,conf_id,-1,-1,C:/Users/owner/Dropbox/Wzone/tmp/tmp1998/shp974_19981231b.shp,conf_id,-1,-1,C:/Users/owner/Dropbox/Wzone/tmp/tmp1998/shp976_19981231b.shp,conf_id,-1,-1,C:/Users/owner/Dropbox/Wzone/tmp/tmp1998/shp977_19981231b.shp,conf_id,-1,-1,C:/Users/owner/Dropbox/Wzone/tmp/tmp1998/shp981_19981231b.shp,conf_id,-1,-1,C:/Users/owner/Dropbox/Wzone/tmp/tmp1998/shp983_19981231b.shp,conf_id,-1,-1,C:/Users/owner/Dropbox/Wzone/tmp/tmp1998/shp984_19981231b.shp,conf_id,-1,-1,C:/Users/owner/Dropbox/Wzone/tmp/tmp1998/shp987_19981231b.shp,conf_id,-1,-1,C:/Users/owner/Dropbox/Wzone/tmp/tmp1998/shp988_19981231b.shp,conf_id,-1,-1,C:/Users/owner/Dropbox/Wzone/tmp/tmp1998/shp989_19981231b.shp,conf_id,-1,-1,C:/Users/owner/Dropbox/Wzone/tmp/tmp1998/shp990_19981231b.shp,conf_id,-1,-1,C:/Users/owner/Dropbox/Wzone/tmp/tmp1998/shp996_19981231b.shp,conf_id,-1,-1,C:/Users/owner/Dropbox/Wzone/tmp/tmp1998/shp998_19981231b.shp,conf_id,-1,-1,C:/Users/owner/Dropbox/Wzone/tmp/tmp1998/shp1007_19981231b.shp,conf_id,-1,-1,C:/Users/owner/Dropbox/Wzone/tmp/tmp1998/shp1015_19981231b.shp,conf_id,-1,-1,C:/Users/owner/Dropbox/Wzone/tmp/tmp1998/shp1019_19981231b.shp,conf_id,-1,-1,C:/Users/owner/Dropbox/Wzone/tmp/tmp1998/shp1021_19981231b.shp,conf_id,-1,-1,C:/Users/owner/Dropbox/Wzone/tmp/tmp1998/shp1026_19981231b.shp,conf_id,-1,-1,C:/Users/owner/Dropbox/Wzone/tmp/tmp1998/shp1027_19981231b.shp,conf_id,-1,-1,C:/Users/owner/Dropbox/Wzone/tmp/tmp1998/shp1038_19981231b.shp,conf_id,-1,-1,C:/Users/owner/Dropbox/Wzone/tmp/tmp1998/shp1039_19981231b.shp,conf_id,-1,-1,C:/Users/owner/Dropbox/Wzone/tmp/tmp1998/shp1042_19981231b.shp,conf_id,-1,-1,C:/Users/owner/Dropbox/Wzone/tmp/tmp1998/shp1045_19981231b.shp,conf_id,-1,-1,C:/Users/owner/Dropbox/Wzone/tmp/tmp1998/shp1056_19981231b.shp,conf_id,-1,-1,C:/Users/owner/Dropbox/Wzone/tmp/tmp1998/shp1072_19981231b.shp,conf_id,-1,-1,C:/Users/owner/Dropbox/Wzone/tmp/tmp1998/shp1073_19981231b.shp,conf_id,-1,-1,C:/Users/owner/Dropbox/Wzone/tmp/tmp1998/shp1077_19981231b.shp,conf_id,-1,-1,C:/Users/owner/Dropbox/Wzone/tmp/tmp1998/shp1167_19981231b.shp,conf_id,-1,-1,C:/Users/owner/Dropbox/Wzone/tmp/tmp1998/shp1199_19981231b.shp,conf_id,-1,-1,C:/Users/owner/Dropbox/Wzone/tmp/tmp1998/shp1204_19981231b.shp,conf_id,-1,-1,C:/Users/owner/Dropbox/Wzone/tmp/tmp1998/shp1301_19981231b.shp,conf_id,-1,-1,C:/Users/owner/Dropbox/Wzone/tmp/tmp1998/shp1503_19981231b.shp,conf_id,-1,-1,C:/Users/owner/Dropbox/Wzone/tmp/tmp1998/shp1702_19981231b.shp,conf_id,-1,-1,C:/Users/owner/Dropbox/Wzone/tmp/tmp1998/shp5188_19981231b.shp,conf_id,-1,-1,C:/Users/owner/Dropbox/Wzone/tmp/tmp1998/shp5196_19981231b.shp,conf_id,-1,-1,C:/Users/owner/Dropbox/Wzone/tmp/tmp1998/shp5201_19981231b.shp,conf_id,-1,-1,C:/Users/owner/Dropbox/Wzone/tmp/tmp1998/shp5222_19981231b.shp,conf_id,-1,-1,C:/Users/owner/Dropbox/Wzone/tmp/tmp1998/shp5282_19981231b.shp,conf_id,-1,-1,C:/Users/owner/Dropbox/Wzone/tmp/tmp1998/shp5293_19981231b.shp,conf_id,-1,-1,C:/Users/owner/Dropbox/Wzone/tmp/tmp1998/shp5299_19981231b.shp,conf_id,-1,-1,C:/Users/owner/Dropbox/Wzone/tmp/tmp1998/shp5313_19981231b.shp,conf_id,-1,-1,C:/Users/owner/Dropbox/Wzone/tmp/tmp1998/shp5324_19981231b.shp,conf_id,-1,-1,C:/Users/owner/Dropbox/Wzone/tmp/tmp1998/shp5336_19981231b.shp,conf_id,-1,-1,C:/Users/owner/Dropbox/Wzone/tmp/tmp1998/shp5338_19981231b.shp,conf_id,-1,-1,C:/Users/owner/Dropbox/Wzone/tmp/tmp1998/shp5349_19981231b.shp,conf_id,-1,-1,C:/Users/owner/Dropbox/Wzone/tmp/tmp1998/shp5405_19981231b.shp,conf_id,-1,-1,C:/Users/owner/Dropbox/Wzone/tmp/tmp1998/shp5462_19981231b.shp,conf_id,-1,-1,C:/Users/owner/Dropbox/Wzone/tmp/tmp1998/shp5505_19981231b.shp,conf_id,-1,-1,C:/Users/owner/Dropbox/Wzone/tmp/tmp1998/shp5512_19981231b.shp,conf_id,-1,-1,C:/Users/owner/Dropbox/Wzone/tmp/tmp1998/shp10264_19981231b.shp,conf_id,-1,-1,C:/Users/owner/Dropbox/Wzone/tmp/tmp1998/shp11123_19981231b.shp,conf_id,-1,-1,C:/Users/owner/Dropbox/Wzone/tmp/tmp1998/shp11932_19981231b.shp,conf_id,-1,-1,C:/Users/owner/Dropbox/Wzone/tmp/tmp1998/shp15558_19981231b.shp,conf_id,-1,-1;date "date" true true false 254 Text 0 0,First,#,C:/Users/owner/Dropbox/Wzone/tmp/tmp1998/shp411_19981231b.shp,date,0,253,C:/Users/owner/Dropbox/Wzone/tmp/tmp1998/shp422_19981231b.shp,date,0,253,C:/Users/owner/Dropbox/Wzone/tmp/tmp1998/shp428_19981231b.shp,date,0,253,C:/Users/owner/Dropbox/Wzone/tmp/tmp1998/shp451_19981231b.shp,date,0,253,C:/Users/owner/Dropbox/Wzone/tmp/tmp1998/shp452_19981231b.shp,date,0,253,C:/Users/owner/Dropbox/Wzone/tmp/tmp1998/shp474_19981231b.shp,date,0,253,C:/Users/owner/Dropbox/Wzone/tmp/tmp1998/shp475_19981231b.shp,date,0,253,C:/Users/owner/Dropbox/Wzone/tmp/tmp1998/shp478_19981231b.shp,date,0,253,C:/Users/owner/Dropbox/Wzone/tmp/tmp1998/shp479_19981231b.shp,date,0,253,C:/Users/owner/Dropbox/Wzone/tmp/tmp1998/shp508_19981231b.shp,date,0,253,C:/Users/owner/Dropbox/Wzone/tmp/tmp1998/shp511_19981231b.shp,date,0,253,C:/Users/owner/Dropbox/Wzone/tmp/tmp1998/shp550_19981231b.shp,date,0,253,C:/Users/owner/Dropbox/Wzone/tmp/tmp1998/shp585_19981231b.shp,date,0,253,C:/Users/owner/Dropbox/Wzone/tmp/tmp1998/shp586_19981231b.shp,date,0,253,C:/Users/owner/Dropbox/Wzone/tmp/tmp1998/shp597_19981231b.shp,date,0,253,C:/Users/owner/Dropbox/Wzone/tmp/tmp1998/shp623_19981231b.shp,date,0,253,C:/Users/owner/Dropbox/Wzone/tmp/tmp1998/shp624_19981231b.shp,date,0,253,C:/Users/owner/Dropbox/Wzone/tmp/tmp1998/shp631_19981231b.shp,date,0,253,C:/Users/owner/Dropbox/Wzone/tmp/tmp1998/shp657_19981231b.shp,date,0,253,C:/Users/owner/Dropbox/Wzone/tmp/tmp1998/shp658_19981231b.shp,date,0,253,C:/Users/owner/Dropbox/Wzone/tmp/tmp1998/shp663_19981231b.shp,date,0,253,C:/Users/owner/Dropbox/Wzone/tmp/tmp1998/shp664_19981231b.shp,date,0,253,C:/Users/owner/Dropbox/Wzone/tmp/tmp1998/shp688_19981231b.shp,date,0,253,C:/Users/owner/Dropbox/Wzone/tmp/tmp1998/shp689_19981231b.shp,date,0,253,C:/Users/owner/Dropbox/Wzone/tmp/tmp1998/shp714_19981231b.shp,date,0,253,C:/Users/owner/Dropbox/Wzone/tmp/tmp1998/shp719_19981231b.shp,date,0,253,C:/Users/owner/Dropbox/Wzone/tmp/tmp1998/shp720_19981231b.shp,date,0,253,C:/Users/owner/Dropbox/Wzone/tmp/tmp1998/shp726_19981231b.shp,date,0,253,C:/Users/owner/Dropbox/Wzone/tmp/tmp1998/shp735_19981231b.shp,date,0,253,C:/Users/owner/Dropbox/Wzone/tmp/tmp1998/shp736_19981231b.shp,date,0,253,C:/Users/owner/Dropbox/Wzone/tmp/tmp1998/shp740_19981231b.shp,date,0,253,C:/Users/owner/Dropbox/Wzone/tmp/tmp1998/shp753_19981231b.shp,date,0,253,C:/Users/owner/Dropbox/Wzone/tmp/tmp1998/shp763_19981231b.shp,date,0,253,C:/Users/owner/Dropbox/Wzone/tmp/tmp1998/shp768_19981231b.shp,date,0,253,C:/Users/owner/Dropbox/Wzone/tmp/tmp1998/shp769_19981231b.shp,date,0,253,C:/Users/owner/Dropbox/Wzone/tmp/tmp1998/shp781_19981231b.shp,date,0,253,C:/Users/owner/Dropbox/Wzone/tmp/tmp1998/shp792_19981231b.shp,date,0,253,C:/Users/owner/Dropbox/Wzone/tmp/tmp1998/shp793_19981231b.shp,date,0,253,C:/Users/owner/Dropbox/Wzone/tmp/tmp1998/shp794_19981231b.shp,date,0,253,C:/Users/owner/Dropbox/Wzone/tmp/tmp1998/shp806_19981231b.shp,date,0,253,C:/Users/owner/Dropbox/Wzone/tmp/tmp1998/shp818_19981231b.shp,date,0,253,C:/Users/owner/Dropbox/Wzone/tmp/tmp1998/shp819_19981231b.shp,date,0,253,C:/Users/owner/Dropbox/Wzone/tmp/tmp1998/shp829_19981231b.shp,date,0,253,C:/Users/owner/Dropbox/Wzone/tmp/tmp1998/shp830_19981231b.shp,date,0,253,C:/Users/owner/Dropbox/Wzone/tmp/tmp1998/shp832_19981231b.shp,date,0,253,C:/Users/owner/Dropbox/Wzone/tmp/tmp1998/shp833_19981231b.shp,date,0,253,C:/Users/owner/Dropbox/Wzone/tmp/tmp1998/shp838_19981231b.shp,date,0,253,C:/Users/owner/Dropbox/Wzone/tmp/tmp1998/shp852_19981231b.shp,date,0,253,C:/Users/owner/Dropbox/Wzone/tmp/tmp1998/shp863_19981231b.shp,date,0,253,C:/Users/owner/Dropbox/Wzone/tmp/tmp1998/shp864_19981231b.shp,date,0,253,C:/Users/owner/Dropbox/Wzone/tmp/tmp1998/shp868_19981231b.shp,date,0,253,C:/Users/owner/Dropbox/Wzone/tmp/tmp1998/shp869_19981231b.shp,date,0,253,C:/Users/owner/Dropbox/Wzone/tmp/tmp1998/shp885_19981231b.shp,date,0,253,C:/Users/owner/Dropbox/Wzone/tmp/tmp1998/shp887_19981231b.shp,date,0,253,C:/Users/owner/Dropbox/Wzone/tmp/tmp1998/shp913_19981231b.shp,date,0,253,C:/Users/owner/Dropbox/Wzone/tmp/tmp1998/shp914_19981231b.shp,date,0,253,C:/Users/owner/Dropbox/Wzone/tmp/tmp1998/shp915_19981231b.shp,date,0,253,C:/Users/owner/Dropbox/Wzone/tmp/tmp1998/shp917_19981231b.shp,date,0,253,C:/Users/owner/Dropbox/Wzone/tmp/tmp1998/shp920_19981231b.shp,date,0,253,C:/Users/owner/Dropbox/Wzone/tmp/tmp1998/shp923_19981231b.shp,date,0,253,C:/Users/owner/Dropbox/Wzone/tmp/tmp1998/shp926_19981231b.shp,date,0,253,C:/Users/owner/Dropbox/Wzone/tmp/tmp1998/shp927_19981231b.shp,date,0,253,C:/Users/owner/Dropbox/Wzone/tmp/tmp1998/shp930_19981231b.shp,date,0,253,C:/Users/owner/Dropbox/Wzone/tmp/tmp1998/shp931_19981231b.shp,date,0,253,C:/Users/owner/Dropbox/Wzone/tmp/tmp1998/shp932_19981231b.shp,date,0,253,C:/Users/owner/Dropbox/Wzone/tmp/tmp1998/shp933_19981231b.shp,date,0,253,C:/Users/owner/Dropbox/Wzone/tmp/tmp1998/shp934_19981231b.shp,date,0,253,C:/Users/owner/Dropbox/Wzone/tmp/tmp1998/shp935_19981231b.shp,date,0,253,C:/Users/owner/Dropbox/Wzone/tmp/tmp1998/shp936_19981231b.shp,date,0,253,C:/Users/owner/Dropbox/Wzone/tmp/tmp1998/shp938_19981231b.shp,date,0,253,C:/Users/owner/Dropbox/Wzone/tmp/tmp1998/shp942_19981231b.shp,date,0,253,C:/Users/owner/Dropbox/Wzone/tmp/tmp1998/shp944_19981231b.shp,date,0,253,C:/Users/owner/Dropbox/Wzone/tmp/tmp1998/shp947_19981231b.shp,date,0,253,C:/Users/owner/Dropbox/Wzone/tmp/tmp1998/shp948_19981231b.shp,date,0,253,C:/Users/owner/Dropbox/Wzone/tmp/tmp1998/shp950_19981231b.shp,date,0,253,C:/Users/owner/Dropbox/Wzone/tmp/tmp1998/shp951_19981231b.shp,date,0,253,C:/Users/owner/Dropbox/Wzone/tmp/tmp1998/shp954_19981231b.shp,date,0,253,C:/Users/owner/Dropbox/Wzone/tmp/tmp1998/shp955_19981231b.shp,date,0,253,C:/Users/owner/Dropbox/Wzone/tmp/tmp1998/shp956_19981231b.shp,date,0,253,C:/Users/owner/Dropbox/Wzone/tmp/tmp1998/shp957_19981231b.shp,date,0,253,C:/Users/owner/Dropbox/Wzone/tmp/tmp1998/shp959_19981231b.shp,date,0,253,C:/Users/owner/Dropbox/Wzone/tmp/tmp1998/shp960_19981231b.shp,date,0,253,C:/Users/owner/Dropbox/Wzone/tmp/tmp1998/shp962_19981231b.shp,date,0,253,C:/Users/owner/Dropbox/Wzone/tmp/tmp1998/shp963_19981231b.shp,date,0,253,C:/Users/owner/Dropbox/Wzone/tmp/tmp1998/shp964_19981231b.shp,date,0,253,C:/Users/owner/Dropbox/Wzone/tmp/tmp1998/shp965_19981231b.shp,date,0,253,C:/Users/owner/Dropbox/Wzone/tmp/tmp1998/shp967_19981231b.shp,date,0,253,C:/Users/owner/Dropbox/Wzone/tmp/tmp1998/shp968_19981231b.shp,date,0,253,C:/Users/owner/Dropbox/Wzone/tmp/tmp1998/shp970_19981231b.shp,date,0,253,C:/Users/owner/Dropbox/Wzone/tmp/tmp1998/shp974_19981231b.shp,date,0,253,C:/Users/owner/Dropbox/Wzone/tmp/tmp1998/shp976_19981231b.shp,date,0,253,C:/Users/owner/Dropbox/Wzone/tmp/tmp1998/shp977_19981231b.shp,date,0,253,C:/Users/owner/Dropbox/Wzone/tmp/tmp1998/shp981_19981231b.shp,date,0,253,C:/Users/owner/Dropbox/Wzone/tmp/tmp1998/shp983_19981231b.shp,date,0,253,C:/Users/owner/Dropbox/Wzone/tmp/tmp1998/shp984_19981231b.shp,date,0,253,C:/Users/owner/Dropbox/Wzone/tmp/tmp1998/shp987_19981231b.shp,date,0,253,C:/Users/owner/Dropbox/Wzone/tmp/tmp1998/shp988_19981231b.shp,date,0,253,C:/Users/owner/Dropbox/Wzone/tmp/tmp1998/shp989_19981231b.shp,date,0,253,C:/Users/owner/Dropbox/Wzone/tmp/tmp1998/shp990_19981231b.shp,date,0,253,C:/Users/owner/Dropbox/Wzone/tmp/tmp1998/shp996_19981231b.shp,date,0,253,C:/Users/owner/Dropbox/Wzone/tmp/tmp1998/shp998_19981231b.shp,date,0,253,C:/Users/owner/Dropbox/Wzone/tmp/tmp1998/shp1007_19981231b.shp,date,0,253,C:/Users/owner/Dropbox/Wzone/tmp/tmp1998/shp1015_19981231b.shp,date,0,253,C:/Users/owner/Dropbox/Wzone/tmp/tmp1998/shp1019_19981231b.shp,date,0,253,C:/Users/owner/Dropbox/Wzone/tmp/tmp1998/shp1021_19981231b.shp,date,0,253,C:/Users/owner/Dropbox/Wzone/tmp/tmp1998/shp1026_19981231b.shp,date,0,253,C:/Users/owner/Dropbox/Wzone/tmp/tmp1998/shp1027_19981231b.shp,date,0,253,C:/Users/owner/Dropbox/Wzone/tmp/tmp1998/shp1038_19981231b.shp,date,0,253,C:/Users/owner/Dropbox/Wzone/tmp/tmp1998/shp1039_19981231b.shp,date,0,253,C:/Users/owner/Dropbox/Wzone/tmp/tmp1998/shp1042_19981231b.shp,date,0,253,C:/Users/owner/Dropbox/Wzone/tmp/tmp1998/shp1045_19981231b.shp,date,0,253,C:/Users/owner/Dropbox/Wzone/tmp/tmp1998/shp1056_19981231b.shp,date,0,253,C:/Users/owner/Dropbox/Wzone/tmp/tmp1998/shp1072_19981231b.shp,date,0,253,C:/Users/owner/Dropbox/Wzone/tmp/tmp1998/shp1073_19981231b.shp,date,0,253,C:/Users/owner/Dropbox/Wzone/tmp/tmp1998/shp1077_19981231b.shp,date,0,253,C:/Users/owner/Dropbox/Wzone/tmp/tmp1998/shp1167_19981231b.shp,date,0,253,C:/Users/owner/Dropbox/Wzone/tmp/tmp1998/shp1199_19981231b.shp,date,0,253,C:/Users/owner/Dropbox/Wzone/tmp/tmp1998/shp1204_19981231b.shp,date,0,253,C:/Users/owner/Dropbox/Wzone/tmp/tmp1998/shp1301_19981231b.shp,date,0,253,C:/Users/owner/Dropbox/Wzone/tmp/tmp1998/shp1503_19981231b.shp,date,0,253,C:/Users/owner/Dropbox/Wzone/tmp/tmp1998/shp1702_19981231b.shp,date,0,253,C:/Users/owner/Dropbox/Wzone/tmp/tmp1998/shp5188_19981231b.shp,date,0,253,C:/Users/owner/Dropbox/Wzone/tmp/tmp1998/shp5196_19981231b.shp,date,0,253,C:/Users/owner/Dropbox/Wzone/tmp/tmp1998/shp5201_19981231b.shp,date,0,253,C:/Users/owner/Dropbox/Wzone/tmp/tmp1998/shp5222_19981231b.shp,date,0,253,C:/Users/owner/Dropbox/Wzone/tmp/tmp1998/shp5282_19981231b.shp,date,0,253,C:/Users/owner/Dropbox/Wzone/tmp/tmp1998/shp5293_19981231b.shp,date,0,253,C:/Users/owner/Dropbox/Wzone/tmp/tmp1998/shp5299_19981231b.shp,date,0,253,C:/Users/owner/Dropbox/Wzone/tmp/tmp1998/shp5313_19981231b.shp,date,0,253,C:/Users/owner/Dropbox/Wzone/tmp/tmp1998/shp5324_19981231b.shp,date,0,253,C:/Users/owner/Dropbox/Wzone/tmp/tmp1998/shp5336_19981231b.shp,date,0,253,C:/Users/owner/Dropbox/Wzone/tmp/tmp1998/shp5338_19981231b.shp,date,0,253,C:/Users/owner/Dropbox/Wzone/tmp/tmp1998/shp5349_19981231b.shp,date,0,253,C:/Users/owner/Dropbox/Wzone/tmp/tmp1998/shp5405_19981231b.shp,date,0,253,C:/Users/owner/Dropbox/Wzone/tmp/tmp1998/shp5462_19981231b.shp,date,0,253,C:/Users/owner/Dropbox/Wzone/tmp/tmp1998/shp5505_19981231b.shp,date,0,253,C:/Users/owner/Dropbox/Wzone/tmp/tmp1998/shp5512_19981231b.shp,date,0,253,C:/Users/owner/Dropbox/Wzone/tmp/tmp1998/shp10264_19981231b.shp,date,0,253,C:/Users/owner/Dropbox/Wzone/tmp/tmp1998/shp11123_19981231b.shp,date,0,253,C:/Users/owner/Dropbox/Wzone/tmp/tmp1998/shp11932_19981231b.shp,date,0,253,C:/Users/owner/Dropbox/Wzone/tmp/tmp1998/shp15558_19981231b.shp,date,0,253" NO_SOURCE_INFO</Process><Process ToolSource="c:\program files\arcgis\pro\Resources\ArcToolbox\toolboxes\Data Management Tools.tbx\DefineProjection" Date="20240715" Time="063701">DefineProjection C:/Users/owner/Dropbox/Wzone/out/wzone_shp/1998/1998_12_31.shp GEOGCS["GCS_WGS_1984",DATUM["D_WGS_1984",SPHEROID["WGS_1984",6378137.0,298.257223563]],PRIMEM["Greenwich",0.0],UNIT["Degree",0.0174532925199433]]</Process></lineage></DataProperties><SyncDate>20240715</SyncDate><SyncTime>06365900</SyncTime><ModDate>20240715</ModDate><ModTime>06365900</ModTime></Esri><dataIdInfo><envirDesc Sync="TRUE">Microsoft Windows 10 Version 10.0 (Build 19045) ; Esri ArcGIS 13.2.2.49743</envirDesc><dataLang><languageCode value="eng" Sync="TRUE"></languageCode><countryCode value="USA" Sync="TRUE"></countryCode></dataLang><idCitation><resTitle Sync="TRUE">1998_12_31</resTitle><presForm><PresFormCd value="005" Sync="TRUE"></PresFormCd></presForm></idCitation><spatRpType><SpatRepTypCd value="001" Sync="TRUE"></SpatRepTypCd></spatRpType></dataIdInfo><mdLang><languageCode value="eng" Sync="TRUE"></languageCode><countryCode value="USA" Sync="TRUE"></countryCode></mdLang><mdChar><CharSetCd value="004" Sync="TRUE"></CharSetCd></mdChar><distInfo><distFormat><formatName Sync="TRUE">Shapefile</formatName></distFormat><distTranOps><transSize Sync="TRUE">0.000</transSize></distTranOps></distInfo><mdHrLv><ScopeCd value="005" Sync="TRUE"></ScopeCd></mdHrLv><mdHrLvName Sync="TRUE">dataset</mdHrLvName><spatRepInfo><VectSpatRep><geometObjs Name="1998_12_31"><geoObjTyp><GeoObjTypCd value="002" Sync="TRUE"></GeoObjTypCd></geoObjTyp><geoObjCnt Sync="TRUE">0</geoObjCnt></geometObjs><topLvl><TopoLevCd value="001" Sync="TRUE"></TopoLevCd></topLvl></VectSpatRep></spatRepInfo><spdoinfo><ptvctinf><esriterm Name="1998_12_31"><efeatyp Sync="TRUE">Simple</efeatyp><efeageom code="4" Sync="TRUE"></efeageom><esritopo Sync="TRUE">FALSE</esritopo><efeacnt Sync="TRUE">0</efeacnt><spindex Sync="TRUE">FALSE</spindex><linrefer Sync="TRUE">FALSE</linrefer></esriterm></ptvctinf></spdoinfo><eainfo><detailed Name="1998_12_31"><enttyp><enttypl Sync="TRUE">1998_12_31</enttypl><enttypt Sync="TRUE">Feature Class</enttypt><enttypc Sync="TRUE">0</enttypc></enttyp><attr><attrlabl Sync="TRUE">FID</attrlabl><attalias Sync="TRUE">FID</attalias><attrtype Sync="TRUE">OID</attrtype><attwidth Sync="TRUE">4</attwidth><atprecis Sync="TRUE">0</atprecis><attscale Sync="TRUE">0</attscale><attrdef Sync="TRUE">Internal feature number.</attrdef><attrdefs Sync="TRUE">Esri</attrdefs><attrdomv><udom Sync="TRUE">Sequential unique whole numbers that are automatically generated.</udom></attrdomv></attr><attr><attrlabl Sync="TRUE">Shape</attrlabl><attalias Sync="TRUE">Shape</attalias><attrtype Sync="TRUE">Geometry</attrtype><attwidth Sync="TRUE">0</attwidth><atprecis Sync="TRUE">0</atprecis><attscale Sync="TRUE">0</attscale><attrdef Sync="TRUE">Feature geometry.</attrdef><attrdefs Sync="TRUE">Esri</attrdefs><attrdomv><udom Sync="TRUE">Coordinates defining the features.</udom></attrdomv></attr><attr><attrlabl Sync="TRUE">dyad_id</attrlabl><attalias Sync="TRUE">dyad_id</attalias><attrtype Sync="TRUE">Integer</attrtype><attwidth Sync="TRUE">5</attwidth><atprecis Sync="TRUE">5</atprecis><attscale Sync="TRUE">0</attscale></attr><attr><attrlabl Sync="TRUE">conf_id</attrlabl><attalias Sync="TRUE">conf_id</attalias><attrtype Sync="TRUE">Integer</attrtype><attwidth Sync="TRUE">5</attwidth><atprecis Sync="TRUE">5</atprecis><attscale Sync="TRUE">0</attscale></attr><attr><attrlabl Sync="TRUE">date</attrlabl><attalias Sync="TRUE">date</attalias><attrtype Sync="TRUE">String</attrtype><attwidth Sync="TRUE">254</attwidth><atprecis Sync="TRUE">0</atprecis><attscale Sync="TRUE">0</attscale></attr></detailed></eainfo><mdDateSt Sync="TRUE">20240715</mdDateSt></metadata>
