<?xml version="1.0" encoding="UTF-8"?>
<metadata xml:lang="en"><Esri><CreaDate>20240715</CreaDate><CreaTime>11295500</CreaTime><ArcGISFormat>1.0</ArcGISFormat><SyncOnce>FALSE</SyncOnce><DataProperties><itemProps><itemName Sync="TRUE">1999_12_31</itemName><imsContentType Sync="TRUE">002</imsContentType><itemSize Sync="TRUE">0.000</itemSize><itemLocation><linkage Sync="TRUE">file://\\DESKTOP-48J08HF\C$\Users\owner\Dropbox\Wzone\out\wzone_shp\1999\1999_12_31.shp</linkage><protocol Sync="TRUE">Local Area Network</protocol></itemLocation></itemProps><lineage><Process ToolSource="c:\program files\arcgis\pro\Resources\ArcToolbox\toolboxes\Analysis Tools.tbx\Select" Date="20240715" Time="112955">Select in_memory/shp1999411_19991231a C:\Users\owner\Dropbox\Wzone\tmp\tmp1999\shp411_19991231b.shp ""gridcode" &gt; 0"</Process><Process ToolSource="c:\program files\arcgis\pro\Resources\ArcToolbox\toolboxes\Data Management Tools.tbx\AddField" Date="20240715" Time="112956">AddField C:/Users/owner/Dropbox/Wzone/tmp/tmp1999/shp411_19991231b.shp dyad_id "Short (16-bit integer)" # # # # NULLABLE NON_REQUIRED #</Process><Process ToolSource="c:\program files\arcgis\pro\Resources\ArcToolbox\toolboxes\Data Management Tools.tbx\AddField" Date="20240715" Time="112956">AddField C:/Users/owner/Dropbox/Wzone/tmp/tmp1999/shp411_19991231b.shp conf_id "Short (16-bit integer)" # # # # NULLABLE NON_REQUIRED #</Process><Process ToolSource="c:\program files\arcgis\pro\Resources\ArcToolbox\toolboxes\Data Management Tools.tbx\AddField" Date="20240715" Time="112956">AddField C:/Users/owner/Dropbox/Wzone/tmp/tmp1999/shp411_19991231b.shp date Text # # # # NULLABLE NON_REQUIRED #</Process><Process ToolSource="c:\program files\arcgis\pro\Resources\ArcToolbox\toolboxes\Data Management Tools.tbx\DeleteField" Date="20240715" Time="112956">DeleteField C:/Users/owner/Dropbox/Wzone/tmp/tmp1999/shp411_19991231b.shp Id "Delete Fields"</Process><Process ToolSource="c:\program files\arcgis\pro\Resources\ArcToolbox\toolboxes\Data Management Tools.tbx\DeleteField" Date="20240715" Time="112956">DeleteField C:/Users/owner/Dropbox/Wzone/tmp/tmp1999/shp411_19991231b.shp gridcode "Delete Fields"</Process><Process ToolSource="c:\program files\arcgis\pro\Resources\ArcToolbox\toolboxes\Data Management Tools.tbx\Merge" Date="20240715" Time="113259">Merge C:/Users/owner/Dropbox/Wzone/tmp/tmp1999/shp411_19991231b.shp;C:/Users/owner/Dropbox/Wzone/tmp/tmp1999/shp422_19991231b.shp;C:/Users/owner/Dropbox/Wzone/tmp/tmp1999/shp428_19991231b.shp;C:/Users/owner/Dropbox/Wzone/tmp/tmp1999/shp451_19991231b.shp;C:/Users/owner/Dropbox/Wzone/tmp/tmp1999/shp452_19991231b.shp;C:/Users/owner/Dropbox/Wzone/tmp/tmp1999/shp474_19991231b.shp;C:/Users/owner/Dropbox/Wzone/tmp/tmp1999/shp475_19991231b.shp;C:/Users/owner/Dropbox/Wzone/tmp/tmp1999/shp478_19991231b.shp;C:/Users/owner/Dropbox/Wzone/tmp/tmp1999/shp479_19991231b.shp;C:/Users/owner/Dropbox/Wzone/tmp/tmp1999/shp508_19991231b.shp;C:/Users/owner/Dropbox/Wzone/tmp/tmp1999/shp511_19991231b.shp;C:/Users/owner/Dropbox/Wzone/tmp/tmp1999/shp550_19991231b.shp;C:/Users/owner/Dropbox/Wzone/tmp/tmp1999/shp562_19991231b.shp;C:/Users/owner/Dropbox/Wzone/tmp/tmp1999/shp585_19991231b.shp;C:/Users/owner/Dropbox/Wzone/tmp/tmp1999/shp586_19991231b.shp;C:/Users/owner/Dropbox/Wzone/tmp/tmp1999/shp597_19991231b.shp;C:/Users/owner/Dropbox/Wzone/tmp/tmp1999/shp616_19991231b.shp;C:/Users/owner/Dropbox/Wzone/tmp/tmp1999/shp623_19991231b.shp;C:/Users/owner/Dropbox/Wzone/tmp/tmp1999/shp624_19991231b.shp;C:/Users/owner/Dropbox/Wzone/tmp/tmp1999/shp657_19991231b.shp;C:/Users/owner/Dropbox/Wzone/tmp/tmp1999/shp658_19991231b.shp;C:/Users/owner/Dropbox/Wzone/tmp/tmp1999/shp663_19991231b.shp;C:/Users/owner/Dropbox/Wzone/tmp/tmp1999/shp664_19991231b.shp;C:/Users/owner/Dropbox/Wzone/tmp/tmp1999/shp688_19991231b.shp;C:/Users/owner/Dropbox/Wzone/tmp/tmp1999/shp689_19991231b.shp;C:/Users/owner/Dropbox/Wzone/tmp/tmp1999/shp714_19991231b.shp;C:/Users/owner/Dropbox/Wzone/tmp/tmp1999/shp719_19991231b.shp;C:/Users/owner/Dropbox/Wzone/tmp/tmp1999/shp735_19991231b.shp;C:/Users/owner/Dropbox/Wzone/tmp/tmp1999/shp736_19991231b.shp;C:/Users/owner/Dropbox/Wzone/tmp/tmp1999/shp740_19991231b.shp;C:/Users/owner/Dropbox/Wzone/tmp/tmp1999/shp753_19991231b.shp;C:/Users/owner/Dropbox/Wzone/tmp/tmp1999/shp763_19991231b.shp;C:/Users/owner/Dropbox/Wzone/tmp/tmp1999/shp768_19991231b.shp;C:/Users/owner/Dropbox/Wzone/tmp/tmp1999/shp769_19991231b.shp;C:/Users/owner/Dropbox/Wzone/tmp/tmp1999/shp781_19991231b.shp;C:/Users/owner/Dropbox/Wzone/tmp/tmp1999/shp792_19991231b.shp;C:/Users/owner/Dropbox/Wzone/tmp/tmp1999/shp793_19991231b.shp;C:/Users/owner/Dropbox/Wzone/tmp/tmp1999/shp794_19991231b.shp;C:/Users/owner/Dropbox/Wzone/tmp/tmp1999/shp806_19991231b.shp;C:/Users/owner/Dropbox/Wzone/tmp/tmp1999/shp818_19991231b.shp;C:/Users/owner/Dropbox/Wzone/tmp/tmp1999/shp829_19991231b.shp;C:/Users/owner/Dropbox/Wzone/tmp/tmp1999/shp830_19991231b.shp;C:/Users/owner/Dropbox/Wzone/tmp/tmp1999/shp832_19991231b.shp;C:/Users/owner/Dropbox/Wzone/tmp/tmp1999/shp833_19991231b.shp;C:/Users/owner/Dropbox/Wzone/tmp/tmp1999/shp852_19991231b.shp;C:/Users/owner/Dropbox/Wzone/tmp/tmp1999/shp864_19991231b.shp;C:/Users/owner/Dropbox/Wzone/tmp/tmp1999/shp869_19991231b.shp;C:/Users/owner/Dropbox/Wzone/tmp/tmp1999/shp871_19991231b.shp;C:/Users/owner/Dropbox/Wzone/tmp/tmp1999/shp885_19991231b.shp;C:/Users/owner/Dropbox/Wzone/tmp/tmp1999/shp913_19991231b.shp;C:/Users/owner/Dropbox/Wzone/tmp/tmp1999/shp914_19991231b.shp;C:/Users/owner/Dropbox/Wzone/tmp/tmp1999/shp915_19991231b.shp;C:/Users/owner/Dropbox/Wzone/tmp/tmp1999/shp920_19991231b.shp;C:/Users/owner/Dropbox/Wzone/tmp/tmp1999/shp923_19991231b.shp;C:/Users/owner/Dropbox/Wzone/tmp/tmp1999/shp926_19991231b.shp;C:/Users/owner/Dropbox/Wzone/tmp/tmp1999/shp927_19991231b.shp;C:/Users/owner/Dropbox/Wzone/tmp/tmp1999/shp930_19991231b.shp;C:/Users/owner/Dropbox/Wzone/tmp/tmp1999/shp931_19991231b.shp;C:/Users/owner/Dropbox/Wzone/tmp/tmp1999/shp933_19991231b.shp;C:/Users/owner/Dropbox/Wzone/tmp/tmp1999/shp934_19991231b.shp;C:/Users/owner/Dropbox/Wzone/tmp/tmp1999/shp935_19991231b.shp;C:/Users/owner/Dropbox/Wzone/tmp/tmp1999/shp936_19991231b.shp;C:/Users/owner/Dropbox/Wzone/tmp/tmp1999/shp938_19991231b.shp;C:/Users/owner/Dropbox/Wzone/tmp/tmp1999/shp942_19991231b.shp;C:/Users/owner/Dropbox/Wzone/tmp/tmp1999/shp947_19991231b.shp;C:/Users/owner/Dropbox/Wzone/tmp/tmp1999/shp948_19991231b.shp;C:/Users/owner/Dropbox/Wzone/tmp/tmp1999/shp950_19991231b.shp;C:/Users/owner/Dropbox/Wzone/tmp/tmp1999/shp951_19991231b.shp;C:/Users/owner/Dropbox/Wzone/tmp/tmp1999/shp954_19991231b.shp;C:/Users/owner/Dropbox/Wzone/tmp/tmp1999/shp955_19991231b.shp;C:/Users/owner/Dropbox/Wzone/tmp/tmp1999/shp956_19991231b.shp;C:/Users/owner/Dropbox/Wzone/tmp/tmp1999/shp957_19991231b.shp;C:/Users/owner/Dropbox/Wzone/tmp/tmp1999/shp959_19991231b.shp;C:/Users/owner/Dropbox/Wzone/tmp/tmp1999/shp960_19991231b.shp;C:/Users/owner/Dropbox/Wzone/tmp/tmp1999/shp962_19991231b.shp;C:/Users/owner/Dropbox/Wzone/tmp/tmp1999/shp963_19991231b.shp;C:/Users/owner/Dropbox/Wzone/tmp/tmp1999/shp964_19991231b.shp;C:/Users/owner/Dropbox/Wzone/tmp/tmp1999/shp965_19991231b.shp;C:/Users/owner/Dropbox/Wzone/tmp/tmp1999/shp967_19991231b.shp;C:/Users/owner/Dropbox/Wzone/tmp/tmp1999/shp968_19991231b.shp;C:/Users/owner/Dropbox/Wzone/tmp/tmp1999/shp970_19991231b.shp;C:/Users/owner/Dropbox/Wzone/tmp/tmp1999/shp974_19991231b.shp;C:/Users/owner/Dropbox/Wzone/tmp/tmp1999/shp976_19991231b.shp;C:/Users/owner/Dropbox/Wzone/tmp/tmp1999/shp977_19991231b.shp;C:/Users/owner/Dropbox/Wzone/tmp/tmp1999/shp981_19991231b.shp;C:/Users/owner/Dropbox/Wzone/tmp/tmp1999/shp983_19991231b.shp;C:/Users/owner/Dropbox/Wzone/tmp/tmp1999/shp984_19991231b.shp;C:/Users/owner/Dropbox/Wzone/tmp/tmp1999/shp987_19991231b.shp;C:/Users/owner/Dropbox/Wzone/tmp/tmp1999/shp988_19991231b.shp;C:/Users/owner/Dropbox/Wzone/tmp/tmp1999/shp989_19991231b.shp;C:/Users/owner/Dropbox/Wzone/tmp/tmp1999/shp990_19991231b.shp;C:/Users/owner/Dropbox/Wzone/tmp/tmp1999/shp996_19991231b.shp;C:/Users/owner/Dropbox/Wzone/tmp/tmp1999/shp998_19991231b.shp;C:/Users/owner/Dropbox/Wzone/tmp/tmp1999/shp1007_19991231b.shp;C:/Users/owner/Dropbox/Wzone/tmp/tmp1999/shp1015_19991231b.shp;C:/Users/owner/Dropbox/Wzone/tmp/tmp1999/shp1019_19991231b.shp;C:/Users/owner/Dropbox/Wzone/tmp/tmp1999/shp1021_19991231b.shp;C:/Users/owner/Dropbox/Wzone/tmp/tmp1999/shp1026_19991231b.shp;C:/Users/owner/Dropbox/Wzone/tmp/tmp1999/shp1027_19991231b.shp;C:/Users/owner/Dropbox/Wzone/tmp/tmp1999/shp1038_19991231b.shp;C:/Users/owner/Dropbox/Wzone/tmp/tmp1999/shp1039_19991231b.shp;C:/Users/owner/Dropbox/Wzone/tmp/tmp1999/shp1045_19991231b.shp;C:/Users/owner/Dropbox/Wzone/tmp/tmp1999/shp1056_19991231b.shp;C:/Users/owner/Dropbox/Wzone/tmp/tmp1999/shp1072_19991231b.shp;C:/Users/owner/Dropbox/Wzone/tmp/tmp1999/shp1073_19991231b.shp;C:/Users/owner/Dropbox/Wzone/tmp/tmp1999/shp1077_19991231b.shp;C:/Users/owner/Dropbox/Wzone/tmp/tmp1999/shp1167_19991231b.shp;C:/Users/owner/Dropbox/Wzone/tmp/tmp1999/shp1199_19991231b.shp;C:/Users/owner/Dropbox/Wzone/tmp/tmp1999/shp1204_19991231b.shp;C:/Users/owner/Dropbox/Wzone/tmp/tmp1999/shp1301_19991231b.shp;C:/Users/owner/Dropbox/Wzone/tmp/tmp1999/shp1702_19991231b.shp;C:/Users/owner/Dropbox/Wzone/tmp/tmp1999/shp5188_19991231b.shp;C:/Users/owner/Dropbox/Wzone/tmp/tmp1999/shp5196_19991231b.shp;C:/Users/owner/Dropbox/Wzone/tmp/tmp1999/shp5201_19991231b.shp;C:/Users/owner/Dropbox/Wzone/tmp/tmp1999/shp5222_19991231b.shp;C:/Users/owner/Dropbox/Wzone/tmp/tmp1999/shp5282_19991231b.shp;C:/Users/owner/Dropbox/Wzone/tmp/tmp1999/shp5293_19991231b.shp;C:/Users/owner/Dropbox/Wzone/tmp/tmp1999/shp5299_19991231b.shp;C:/Users/owner/Dropbox/Wzone/tmp/tmp1999/shp5313_19991231b.shp;C:/Users/owner/Dropbox/Wzone/tmp/tmp1999/shp5324_19991231b.shp;C:/Users/owner/Dropbox/Wzone/tmp/tmp1999/shp5336_19991231b.shp;C:/Users/owner/Dropbox/Wzone/tmp/tmp1999/shp5338_19991231b.shp;C:/Users/owner/Dropbox/Wzone/tmp/tmp1999/shp5349_19991231b.shp;C:/Users/owner/Dropbox/Wzone/tmp/tmp1999/shp5405_19991231b.shp;C:/Users/owner/Dropbox/Wzone/tmp/tmp1999/shp5505_19991231b.shp;C:/Users/owner/Dropbox/Wzone/tmp/tmp1999/shp5512_19991231b.shp;C:/Users/owner/Dropbox/Wzone/tmp/tmp1999/shp5513_19991231b.shp;C:/Users/owner/Dropbox/Wzone/tmp/tmp1999/shp5570_19991231b.shp;C:/Users/owner/Dropbox/Wzone/tmp/tmp1999/shp10264_19991231b.shp;C:/Users/owner/Dropbox/Wzone/tmp/tmp1999/shp11123_19991231b.shp;C:/Users/owner/Dropbox/Wzone/tmp/tmp1999/shp11932_19991231b.shp;C:/Users/owner/Dropbox/Wzone/tmp/tmp1999/shp15558_19991231b.shp;C:/Users/owner/Dropbox/Wzone/tmp/tmp1999/shp16900_19991231b.shp C:\Users\owner\Dropbox\Wzone\out\wzone_shp\1999\1999_12_31.shp "dyad_id "dyad_id" true true false 5 Long 0 5,First,#,C:/Users/owner/Dropbox/Wzone/tmp/tmp1999/shp411_19991231b.shp,dyad_id,-1,-1,C:/Users/owner/Dropbox/Wzone/tmp/tmp1999/shp422_19991231b.shp,dyad_id,-1,-1,C:/Users/owner/Dropbox/Wzone/tmp/tmp1999/shp428_19991231b.shp,dyad_id,-1,-1,C:/Users/owner/Dropbox/Wzone/tmp/tmp1999/shp451_19991231b.shp,dyad_id,-1,-1,C:/Users/owner/Dropbox/Wzone/tmp/tmp1999/shp452_19991231b.shp,dyad_id,-1,-1,C:/Users/owner/Dropbox/Wzone/tmp/tmp1999/shp474_19991231b.shp,dyad_id,-1,-1,C:/Users/owner/Dropbox/Wzone/tmp/tmp1999/shp475_19991231b.shp,dyad_id,-1,-1,C:/Users/owner/Dropbox/Wzone/tmp/tmp1999/shp478_19991231b.shp,dyad_id,-1,-1,C:/Users/owner/Dropbox/Wzone/tmp/tmp1999/shp479_19991231b.shp,dyad_id,-1,-1,C:/Users/owner/Dropbox/Wzone/tmp/tmp1999/shp508_19991231b.shp,dyad_id,-1,-1,C:/Users/owner/Dropbox/Wzone/tmp/tmp1999/shp511_19991231b.shp,dyad_id,-1,-1,C:/Users/owner/Dropbox/Wzone/tmp/tmp1999/shp550_19991231b.shp,dyad_id,-1,-1,C:/Users/owner/Dropbox/Wzone/tmp/tmp1999/shp562_19991231b.shp,dyad_id,-1,-1,C:/Users/owner/Dropbox/Wzone/tmp/tmp1999/shp585_19991231b.shp,dyad_id,-1,-1,C:/Users/owner/Dropbox/Wzone/tmp/tmp1999/shp586_19991231b.shp,dyad_id,-1,-1,C:/Users/owner/Dropbox/Wzone/tmp/tmp1999/shp597_19991231b.shp,dyad_id,-1,-1,C:/Users/owner/Dropbox/Wzone/tmp/tmp1999/shp616_19991231b.shp,dyad_id,-1,-1,C:/Users/owner/Dropbox/Wzone/tmp/tmp1999/shp623_19991231b.shp,dyad_id,-1,-1,C:/Users/owner/Dropbox/Wzone/tmp/tmp1999/shp624_19991231b.shp,dyad_id,-1,-1,C:/Users/owner/Dropbox/Wzone/tmp/tmp1999/shp657_19991231b.shp,dyad_id,-1,-1,C:/Users/owner/Dropbox/Wzone/tmp/tmp1999/shp658_19991231b.shp,dyad_id,-1,-1,C:/Users/owner/Dropbox/Wzone/tmp/tmp1999/shp663_19991231b.shp,dyad_id,-1,-1,C:/Users/owner/Dropbox/Wzone/tmp/tmp1999/shp664_19991231b.shp,dyad_id,-1,-1,C:/Users/owner/Dropbox/Wzone/tmp/tmp1999/shp688_19991231b.shp,dyad_id,-1,-1,C:/Users/owner/Dropbox/Wzone/tmp/tmp1999/shp689_19991231b.shp,dyad_id,-1,-1,C:/Users/owner/Dropbox/Wzone/tmp/tmp1999/shp714_19991231b.shp,dyad_id,-1,-1,C:/Users/owner/Dropbox/Wzone/tmp/tmp1999/shp719_19991231b.shp,dyad_id,-1,-1,C:/Users/owner/Dropbox/Wzone/tmp/tmp1999/shp735_19991231b.shp,dyad_id,-1,-1,C:/Users/owner/Dropbox/Wzone/tmp/tmp1999/shp736_19991231b.shp,dyad_id,-1,-1,C:/Users/owner/Dropbox/Wzone/tmp/tmp1999/shp740_19991231b.shp,dyad_id,-1,-1,C:/Users/owner/Dropbox/Wzone/tmp/tmp1999/shp753_19991231b.shp,dyad_id,-1,-1,C:/Users/owner/Dropbox/Wzone/tmp/tmp1999/shp763_19991231b.shp,dyad_id,-1,-1,C:/Users/owner/Dropbox/Wzone/tmp/tmp1999/shp768_19991231b.shp,dyad_id,-1,-1,C:/Users/owner/Dropbox/Wzone/tmp/tmp1999/shp769_19991231b.shp,dyad_id,-1,-1,C:/Users/owner/Dropbox/Wzone/tmp/tmp1999/shp781_19991231b.shp,dyad_id,-1,-1,C:/Users/owner/Dropbox/Wzone/tmp/tmp1999/shp792_19991231b.shp,dyad_id,-1,-1,C:/Users/owner/Dropbox/Wzone/tmp/tmp1999/shp793_19991231b.shp,dyad_id,-1,-1,C:/Users/owner/Dropbox/Wzone/tmp/tmp1999/shp794_19991231b.shp,dyad_id,-1,-1,C:/Users/owner/Dropbox/Wzone/tmp/tmp1999/shp806_19991231b.shp,dyad_id,-1,-1,C:/Users/owner/Dropbox/Wzone/tmp/tmp1999/shp818_19991231b.shp,dyad_id,-1,-1,C:/Users/owner/Dropbox/Wzone/tmp/tmp1999/shp829_19991231b.shp,dyad_id,-1,-1,C:/Users/owner/Dropbox/Wzone/tmp/tmp1999/shp830_19991231b.shp,dyad_id,-1,-1,C:/Users/owner/Dropbox/Wzone/tmp/tmp1999/shp832_19991231b.shp,dyad_id,-1,-1,C:/Users/owner/Dropbox/Wzone/tmp/tmp1999/shp833_19991231b.shp,dyad_id,-1,-1,C:/Users/owner/Dropbox/Wzone/tmp/tmp1999/shp852_19991231b.shp,dyad_id,-1,-1,C:/Users/owner/Dropbox/Wzone/tmp/tmp1999/shp864_19991231b.shp,dyad_id,-1,-1,C:/Users/owner/Dropbox/Wzone/tmp/tmp1999/shp869_19991231b.shp,dyad_id,-1,-1,C:/Users/owner/Dropbox/Wzone/tmp/tmp1999/shp871_19991231b.shp,dyad_id,-1,-1,C:/Users/owner/Dropbox/Wzone/tmp/tmp1999/shp885_19991231b.shp,dyad_id,-1,-1,C:/Users/owner/Dropbox/Wzone/tmp/tmp1999/shp913_19991231b.shp,dyad_id,-1,-1,C:/Users/owner/Dropbox/Wzone/tmp/tmp1999/shp914_19991231b.shp,dyad_id,-1,-1,C:/Users/owner/Dropbox/Wzone/tmp/tmp1999/shp915_19991231b.shp,dyad_id,-1,-1,C:/Users/owner/Dropbox/Wzone/tmp/tmp1999/shp920_19991231b.shp,dyad_id,-1,-1,C:/Users/owner/Dropbox/Wzone/tmp/tmp1999/shp923_19991231b.shp,dyad_id,-1,-1,C:/Users/owner/Dropbox/Wzone/tmp/tmp1999/shp926_19991231b.shp,dyad_id,-1,-1,C:/Users/owner/Dropbox/Wzone/tmp/tmp1999/shp927_19991231b.shp,dyad_id,-1,-1,C:/Users/owner/Dropbox/Wzone/tmp/tmp1999/shp930_19991231b.shp,dyad_id,-1,-1,C:/Users/owner/Dropbox/Wzone/tmp/tmp1999/shp931_19991231b.shp,dyad_id,-1,-1,C:/Users/owner/Dropbox/Wzone/tmp/tmp1999/shp933_19991231b.shp,dyad_id,-1,-1,C:/Users/owner/Dropbox/Wzone/tmp/tmp1999/shp934_19991231b.shp,dyad_id,-1,-1,C:/Users/owner/Dropbox/Wzone/tmp/tmp1999/shp935_19991231b.shp,dyad_id,-1,-1,C:/Users/owner/Dropbox/Wzone/tmp/tmp1999/shp936_19991231b.shp,dyad_id,-1,-1,C:/Users/owner/Dropbox/Wzone/tmp/tmp1999/shp938_19991231b.shp,dyad_id,-1,-1,C:/Users/owner/Dropbox/Wzone/tmp/tmp1999/shp942_19991231b.shp,dyad_id,-1,-1,C:/Users/owner/Dropbox/Wzone/tmp/tmp1999/shp947_19991231b.shp,dyad_id,-1,-1,C:/Users/owner/Dropbox/Wzone/tmp/tmp1999/shp948_19991231b.shp,dyad_id,-1,-1,C:/Users/owner/Dropbox/Wzone/tmp/tmp1999/shp950_19991231b.shp,dyad_id,-1,-1,C:/Users/owner/Dropbox/Wzone/tmp/tmp1999/shp951_19991231b.shp,dyad_id,-1,-1,C:/Users/owner/Dropbox/Wzone/tmp/tmp1999/shp954_19991231b.shp,dyad_id,-1,-1,C:/Users/owner/Dropbox/Wzone/tmp/tmp1999/shp955_19991231b.shp,dyad_id,-1,-1,C:/Users/owner/Dropbox/Wzone/tmp/tmp1999/shp956_19991231b.shp,dyad_id,-1,-1,C:/Users/owner/Dropbox/Wzone/tmp/tmp1999/shp957_19991231b.shp,dyad_id,-1,-1,C:/Users/owner/Dropbox/Wzone/tmp/tmp1999/shp959_19991231b.shp,dyad_id,-1,-1,C:/Users/owner/Dropbox/Wzone/tmp/tmp1999/shp960_19991231b.shp,dyad_id,-1,-1,C:/Users/owner/Dropbox/Wzone/tmp/tmp1999/shp962_19991231b.shp,dyad_id,-1,-1,C:/Users/owner/Dropbox/Wzone/tmp/tmp1999/shp963_19991231b.shp,dyad_id,-1,-1,C:/Users/owner/Dropbox/Wzone/tmp/tmp1999/shp964_19991231b.shp,dyad_id,-1,-1,C:/Users/owner/Dropbox/Wzone/tmp/tmp1999/shp965_19991231b.shp,dyad_id,-1,-1,C:/Users/owner/Dropbox/Wzone/tmp/tmp1999/shp967_19991231b.shp,dyad_id,-1,-1,C:/Users/owner/Dropbox/Wzone/tmp/tmp1999/shp968_19991231b.shp,dyad_id,-1,-1,C:/Users/owner/Dropbox/Wzone/tmp/tmp1999/shp970_19991231b.shp,dyad_id,-1,-1,C:/Users/owner/Dropbox/Wzone/tmp/tmp1999/shp974_19991231b.shp,dyad_id,-1,-1,C:/Users/owner/Dropbox/Wzone/tmp/tmp1999/shp976_19991231b.shp,dyad_id,-1,-1,C:/Users/owner/Dropbox/Wzone/tmp/tmp1999/shp977_19991231b.shp,dyad_id,-1,-1,C:/Users/owner/Dropbox/Wzone/tmp/tmp1999/shp981_19991231b.shp,dyad_id,-1,-1,C:/Users/owner/Dropbox/Wzone/tmp/tmp1999/shp983_19991231b.shp,dyad_id,-1,-1,C:/Users/owner/Dropbox/Wzone/tmp/tmp1999/shp984_19991231b.shp,dyad_id,-1,-1,C:/Users/owner/Dropbox/Wzone/tmp/tmp1999/shp987_19991231b.shp,dyad_id,-1,-1,C:/Users/owner/Dropbox/Wzone/tmp/tmp1999/shp988_19991231b.shp,dyad_id,-1,-1,C:/Users/owner/Dropbox/Wzone/tmp/tmp1999/shp989_19991231b.shp,dyad_id,-1,-1,C:/Users/owner/Dropbox/Wzone/tmp/tmp1999/shp990_19991231b.shp,dyad_id,-1,-1,C:/Users/owner/Dropbox/Wzone/tmp/tmp1999/shp996_19991231b.shp,dyad_id,-1,-1,C:/Users/owner/Dropbox/Wzone/tmp/tmp1999/shp998_19991231b.shp,dyad_id,-1,-1,C:/Users/owner/Dropbox/Wzone/tmp/tmp1999/shp1007_19991231b.shp,dyad_id,-1,-1,C:/Users/owner/Dropbox/Wzone/tmp/tmp1999/shp1015_19991231b.shp,dyad_id,-1,-1,C:/Users/owner/Dropbox/Wzone/tmp/tmp1999/shp1019_19991231b.shp,dyad_id,-1,-1,C:/Users/owner/Dropbox/Wzone/tmp/tmp1999/shp1021_19991231b.shp,dyad_id,-1,-1,C:/Users/owner/Dropbox/Wzone/tmp/tmp1999/shp1026_19991231b.shp,dyad_id,-1,-1,C:/Users/owner/Dropbox/Wzone/tmp/tmp1999/shp1027_19991231b.shp,dyad_id,-1,-1,C:/Users/owner/Dropbox/Wzone/tmp/tmp1999/shp1038_19991231b.shp,dyad_id,-1,-1,C:/Users/owner/Dropbox/Wzone/tmp/tmp1999/shp1039_19991231b.shp,dyad_id,-1,-1,C:/Users/owner/Dropbox/Wzone/tmp/tmp1999/shp1045_19991231b.shp,dyad_id,-1,-1,C:/Users/owner/Dropbox/Wzone/tmp/tmp1999/shp1056_19991231b.shp,dyad_id,-1,-1,C:/Users/owner/Dropbox/Wzone/tmp/tmp1999/shp1072_19991231b.shp,dyad_id,-1,-1,C:/Users/owner/Dropbox/Wzone/tmp/tmp1999/shp1073_19991231b.shp,dyad_id,-1,-1,C:/Users/owner/Dropbox/Wzone/tmp/tmp1999/shp1077_19991231b.shp,dyad_id,-1,-1,C:/Users/owner/Dropbox/Wzone/tmp/tmp1999/shp1167_19991231b.shp,dyad_id,-1,-1,C:/Users/owner/Dropbox/Wzone/tmp/tmp1999/shp1199_19991231b.shp,dyad_id,-1,-1,C:/Users/owner/Dropbox/Wzone/tmp/tmp1999/shp1204_19991231b.shp,dyad_id,-1,-1,C:/Users/owner/Dropbox/Wzone/tmp/tmp1999/shp1301_19991231b.shp,dyad_id,-1,-1,C:/Users/owner/Dropbox/Wzone/tmp/tmp1999/shp1702_19991231b.shp,dyad_id,-1,-1,C:/Users/owner/Dropbox/Wzone/tmp/tmp1999/shp5188_19991231b.shp,dyad_id,-1,-1,C:/Users/owner/Dropbox/Wzone/tmp/tmp1999/shp5196_19991231b.shp,dyad_id,-1,-1,C:/Users/owner/Dropbox/Wzone/tmp/tmp1999/shp5201_19991231b.shp,dyad_id,-1,-1,C:/Users/owner/Dropbox/Wzone/tmp/tmp1999/shp5222_19991231b.shp,dyad_id,-1,-1,C:/Users/owner/Dropbox/Wzone/tmp/tmp1999/shp5282_19991231b.shp,dyad_id,-1,-1,C:/Users/owner/Dropbox/Wzone/tmp/tmp1999/shp5293_19991231b.shp,dyad_id,-1,-1,C:/Users/owner/Dropbox/Wzone/tmp/tmp1999/shp5299_19991231b.shp,dyad_id,-1,-1,C:/Users/owner/Dropbox/Wzone/tmp/tmp1999/shp5313_19991231b.shp,dyad_id,-1,-1,C:/Users/owner/Dropbox/Wzone/tmp/tmp1999/shp5324_19991231b.shp,dyad_id,-1,-1,C:/Users/owner/Dropbox/Wzone/tmp/tmp1999/shp5336_19991231b.shp,dyad_id,-1,-1,C:/Users/owner/Dropbox/Wzone/tmp/tmp1999/shp5338_19991231b.shp,dyad_id,-1,-1,C:/Users/owner/Dropbox/Wzone/tmp/tmp1999/shp5349_19991231b.shp,dyad_id,-1,-1,C:/Users/owner/Dropbox/Wzone/tmp/tmp1999/shp5405_19991231b.shp,dyad_id,-1,-1,C:/Users/owner/Dropbox/Wzone/tmp/tmp1999/shp5505_19991231b.shp,dyad_id,-1,-1,C:/Users/owner/Dropbox/Wzone/tmp/tmp1999/shp5512_19991231b.shp,dyad_id,-1,-1,C:/Users/owner/Dropbox/Wzone/tmp/tmp1999/shp5513_19991231b.shp,dyad_id,-1,-1,C:/Users/owner/Dropbox/Wzone/tmp/tmp1999/shp5570_19991231b.shp,dyad_id,-1,-1,C:/Users/owner/Dropbox/Wzone/tmp/tmp1999/shp10264_19991231b.shp,dyad_id,-1,-1,C:/Users/owner/Dropbox/Wzone/tmp/tmp1999/shp11123_19991231b.shp,dyad_id,-1,-1,C:/Users/owner/Dropbox/Wzone/tmp/tmp1999/shp11932_19991231b.shp,dyad_id,-1,-1,C:/Users/owner/Dropbox/Wzone/tmp/tmp1999/shp15558_19991231b.shp,dyad_id,-1,-1,C:/Users/owner/Dropbox/Wzone/tmp/tmp1999/shp16900_19991231b.shp,dyad_id,-1,-1;conf_id "conf_id" true true false 5 Long 0 5,First,#,C:/Users/owner/Dropbox/Wzone/tmp/tmp1999/shp411_19991231b.shp,conf_id,-1,-1,C:/Users/owner/Dropbox/Wzone/tmp/tmp1999/shp422_19991231b.shp,conf_id,-1,-1,C:/Users/owner/Dropbox/Wzone/tmp/tmp1999/shp428_19991231b.shp,conf_id,-1,-1,C:/Users/owner/Dropbox/Wzone/tmp/tmp1999/shp451_19991231b.shp,conf_id,-1,-1,C:/Users/owner/Dropbox/Wzone/tmp/tmp1999/shp452_19991231b.shp,conf_id,-1,-1,C:/Users/owner/Dropbox/Wzone/tmp/tmp1999/shp474_19991231b.shp,conf_id,-1,-1,C:/Users/owner/Dropbox/Wzone/tmp/tmp1999/shp475_19991231b.shp,conf_id,-1,-1,C:/Users/owner/Dropbox/Wzone/tmp/tmp1999/shp478_19991231b.shp,conf_id,-1,-1,C:/Users/owner/Dropbox/Wzone/tmp/tmp1999/shp479_19991231b.shp,conf_id,-1,-1,C:/Users/owner/Dropbox/Wzone/tmp/tmp1999/shp508_19991231b.shp,conf_id,-1,-1,C:/Users/owner/Dropbox/Wzone/tmp/tmp1999/shp511_19991231b.shp,conf_id,-1,-1,C:/Users/owner/Dropbox/Wzone/tmp/tmp1999/shp550_19991231b.shp,conf_id,-1,-1,C:/Users/owner/Dropbox/Wzone/tmp/tmp1999/shp562_19991231b.shp,conf_id,-1,-1,C:/Users/owner/Dropbox/Wzone/tmp/tmp1999/shp585_19991231b.shp,conf_id,-1,-1,C:/Users/owner/Dropbox/Wzone/tmp/tmp1999/shp586_19991231b.shp,conf_id,-1,-1,C:/Users/owner/Dropbox/Wzone/tmp/tmp1999/shp597_19991231b.shp,conf_id,-1,-1,C:/Users/owner/Dropbox/Wzone/tmp/tmp1999/shp616_19991231b.shp,conf_id,-1,-1,C:/Users/owner/Dropbox/Wzone/tmp/tmp1999/shp623_19991231b.shp,conf_id,-1,-1,C:/Users/owner/Dropbox/Wzone/tmp/tmp1999/shp624_19991231b.shp,conf_id,-1,-1,C:/Users/owner/Dropbox/Wzone/tmp/tmp1999/shp657_19991231b.shp,conf_id,-1,-1,C:/Users/owner/Dropbox/Wzone/tmp/tmp1999/shp658_19991231b.shp,conf_id,-1,-1,C:/Users/owner/Dropbox/Wzone/tmp/tmp1999/shp663_19991231b.shp,conf_id,-1,-1,C:/Users/owner/Dropbox/Wzone/tmp/tmp1999/shp664_19991231b.shp,conf_id,-1,-1,C:/Users/owner/Dropbox/Wzone/tmp/tmp1999/shp688_19991231b.shp,conf_id,-1,-1,C:/Users/owner/Dropbox/Wzone/tmp/tmp1999/shp689_19991231b.shp,conf_id,-1,-1,C:/Users/owner/Dropbox/Wzone/tmp/tmp1999/shp714_19991231b.shp,conf_id,-1,-1,C:/Users/owner/Dropbox/Wzone/tmp/tmp1999/shp719_19991231b.shp,conf_id,-1,-1,C:/Users/owner/Dropbox/Wzone/tmp/tmp1999/shp735_19991231b.shp,conf_id,-1,-1,C:/Users/owner/Dropbox/Wzone/tmp/tmp1999/shp736_19991231b.shp,conf_id,-1,-1,C:/Users/owner/Dropbox/Wzone/tmp/tmp1999/shp740_19991231b.shp,conf_id,-1,-1,C:/Users/owner/Dropbox/Wzone/tmp/tmp1999/shp753_19991231b.shp,conf_id,-1,-1,C:/Users/owner/Dropbox/Wzone/tmp/tmp1999/shp763_19991231b.shp,conf_id,-1,-1,C:/Users/owner/Dropbox/Wzone/tmp/tmp1999/shp768_19991231b.shp,conf_id,-1,-1,C:/Users/owner/Dropbox/Wzone/tmp/tmp1999/shp769_19991231b.shp,conf_id,-1,-1,C:/Users/owner/Dropbox/Wzone/tmp/tmp1999/shp781_19991231b.shp,conf_id,-1,-1,C:/Users/owner/Dropbox/Wzone/tmp/tmp1999/shp792_19991231b.shp,conf_id,-1,-1,C:/Users/owner/Dropbox/Wzone/tmp/tmp1999/shp793_19991231b.shp,conf_id,-1,-1,C:/Users/owner/Dropbox/Wzone/tmp/tmp1999/shp794_19991231b.shp,conf_id,-1,-1,C:/Users/owner/Dropbox/Wzone/tmp/tmp1999/shp806_19991231b.shp,conf_id,-1,-1,C:/Users/owner/Dropbox/Wzone/tmp/tmp1999/shp818_19991231b.shp,conf_id,-1,-1,C:/Users/owner/Dropbox/Wzone/tmp/tmp1999/shp829_19991231b.shp,conf_id,-1,-1,C:/Users/owner/Dropbox/Wzone/tmp/tmp1999/shp830_19991231b.shp,conf_id,-1,-1,C:/Users/owner/Dropbox/Wzone/tmp/tmp1999/shp832_19991231b.shp,conf_id,-1,-1,C:/Users/owner/Dropbox/Wzone/tmp/tmp1999/shp833_19991231b.shp,conf_id,-1,-1,C:/Users/owner/Dropbox/Wzone/tmp/tmp1999/shp852_19991231b.shp,conf_id,-1,-1,C:/Users/owner/Dropbox/Wzone/tmp/tmp1999/shp864_19991231b.shp,conf_id,-1,-1,C:/Users/owner/Dropbox/Wzone/tmp/tmp1999/shp869_19991231b.shp,conf_id,-1,-1,C:/Users/owner/Dropbox/Wzone/tmp/tmp1999/shp871_19991231b.shp,conf_id,-1,-1,C:/Users/owner/Dropbox/Wzone/tmp/tmp1999/shp885_19991231b.shp,conf_id,-1,-1,C:/Users/owner/Dropbox/Wzone/tmp/tmp1999/shp913_19991231b.shp,conf_id,-1,-1,C:/Users/owner/Dropbox/Wzone/tmp/tmp1999/shp914_19991231b.shp,conf_id,-1,-1,C:/Users/owner/Dropbox/Wzone/tmp/tmp1999/shp915_19991231b.shp,conf_id,-1,-1,C:/Users/owner/Dropbox/Wzone/tmp/tmp1999/shp920_19991231b.shp,conf_id,-1,-1,C:/Users/owner/Dropbox/Wzone/tmp/tmp1999/shp923_19991231b.shp,conf_id,-1,-1,C:/Users/owner/Dropbox/Wzone/tmp/tmp1999/shp926_19991231b.shp,conf_id,-1,-1,C:/Users/owner/Dropbox/Wzone/tmp/tmp1999/shp927_19991231b.shp,conf_id,-1,-1,C:/Users/owner/Dropbox/Wzone/tmp/tmp1999/shp930_19991231b.shp,conf_id,-1,-1,C:/Users/owner/Dropbox/Wzone/tmp/tmp1999/shp931_19991231b.shp,conf_id,-1,-1,C:/Users/owner/Dropbox/Wzone/tmp/tmp1999/shp933_19991231b.shp,conf_id,-1,-1,C:/Users/owner/Dropbox/Wzone/tmp/tmp1999/shp934_19991231b.shp,conf_id,-1,-1,C:/Users/owner/Dropbox/Wzone/tmp/tmp1999/shp935_19991231b.shp,conf_id,-1,-1,C:/Users/owner/Dropbox/Wzone/tmp/tmp1999/shp936_19991231b.shp,conf_id,-1,-1,C:/Users/owner/Dropbox/Wzone/tmp/tmp1999/shp938_19991231b.shp,conf_id,-1,-1,C:/Users/owner/Dropbox/Wzone/tmp/tmp1999/shp942_19991231b.shp,conf_id,-1,-1,C:/Users/owner/Dropbox/Wzone/tmp/tmp1999/shp947_19991231b.shp,conf_id,-1,-1,C:/Users/owner/Dropbox/Wzone/tmp/tmp1999/shp948_19991231b.shp,conf_id,-1,-1,C:/Users/owner/Dropbox/Wzone/tmp/tmp1999/shp950_19991231b.shp,conf_id,-1,-1,C:/Users/owner/Dropbox/Wzone/tmp/tmp1999/shp951_19991231b.shp,conf_id,-1,-1,C:/Users/owner/Dropbox/Wzone/tmp/tmp1999/shp954_19991231b.shp,conf_id,-1,-1,C:/Users/owner/Dropbox/Wzone/tmp/tmp1999/shp955_19991231b.shp,conf_id,-1,-1,C:/Users/owner/Dropbox/Wzone/tmp/tmp1999/shp956_19991231b.shp,conf_id,-1,-1,C:/Users/owner/Dropbox/Wzone/tmp/tmp1999/shp957_19991231b.shp,conf_id,-1,-1,C:/Users/owner/Dropbox/Wzone/tmp/tmp1999/shp959_19991231b.shp,conf_id,-1,-1,C:/Users/owner/Dropbox/Wzone/tmp/tmp1999/shp960_19991231b.shp,conf_id,-1,-1,C:/Users/owner/Dropbox/Wzone/tmp/tmp1999/shp962_19991231b.shp,conf_id,-1,-1,C:/Users/owner/Dropbox/Wzone/tmp/tmp1999/shp963_19991231b.shp,conf_id,-1,-1,C:/Users/owner/Dropbox/Wzone/tmp/tmp1999/shp964_19991231b.shp,conf_id,-1,-1,C:/Users/owner/Dropbox/Wzone/tmp/tmp1999/shp965_19991231b.shp,conf_id,-1,-1,C:/Users/owner/Dropbox/Wzone/tmp/tmp1999/shp967_19991231b.shp,conf_id,-1,-1,C:/Users/owner/Dropbox/Wzone/tmp/tmp1999/shp968_19991231b.shp,conf_id,-1,-1,C:/Users/owner/Dropbox/Wzone/tmp/tmp1999/shp970_19991231b.shp,conf_id,-1,-1,C:/Users/owner/Dropbox/Wzone/tmp/tmp1999/shp974_19991231b.shp,conf_id,-1,-1,C:/Users/owner/Dropbox/Wzone/tmp/tmp1999/shp976_19991231b.shp,conf_id,-1,-1,C:/Users/owner/Dropbox/Wzone/tmp/tmp1999/shp977_19991231b.shp,conf_id,-1,-1,C:/Users/owner/Dropbox/Wzone/tmp/tmp1999/shp981_19991231b.shp,conf_id,-1,-1,C:/Users/owner/Dropbox/Wzone/tmp/tmp1999/shp983_19991231b.shp,conf_id,-1,-1,C:/Users/owner/Dropbox/Wzone/tmp/tmp1999/shp984_19991231b.shp,conf_id,-1,-1,C:/Users/owner/Dropbox/Wzone/tmp/tmp1999/shp987_19991231b.shp,conf_id,-1,-1,C:/Users/owner/Dropbox/Wzone/tmp/tmp1999/shp988_19991231b.shp,conf_id,-1,-1,C:/Users/owner/Dropbox/Wzone/tmp/tmp1999/shp989_19991231b.shp,conf_id,-1,-1,C:/Users/owner/Dropbox/Wzone/tmp/tmp1999/shp990_19991231b.shp,conf_id,-1,-1,C:/Users/owner/Dropbox/Wzone/tmp/tmp1999/shp996_19991231b.shp,conf_id,-1,-1,C:/Users/owner/Dropbox/Wzone/tmp/tmp1999/shp998_19991231b.shp,conf_id,-1,-1,C:/Users/owner/Dropbox/Wzone/tmp/tmp1999/shp1007_19991231b.shp,conf_id,-1,-1,C:/Users/owner/Dropbox/Wzone/tmp/tmp1999/shp1015_19991231b.shp,conf_id,-1,-1,C:/Users/owner/Dropbox/Wzone/tmp/tmp1999/shp1019_19991231b.shp,conf_id,-1,-1,C:/Users/owner/Dropbox/Wzone/tmp/tmp1999/shp1021_19991231b.shp,conf_id,-1,-1,C:/Users/owner/Dropbox/Wzone/tmp/tmp1999/shp1026_19991231b.shp,conf_id,-1,-1,C:/Users/owner/Dropbox/Wzone/tmp/tmp1999/shp1027_19991231b.shp,conf_id,-1,-1,C:/Users/owner/Dropbox/Wzone/tmp/tmp1999/shp1038_19991231b.shp,conf_id,-1,-1,C:/Users/owner/Dropbox/Wzone/tmp/tmp1999/shp1039_19991231b.shp,conf_id,-1,-1,C:/Users/owner/Dropbox/Wzone/tmp/tmp1999/shp1045_19991231b.shp,conf_id,-1,-1,C:/Users/owner/Dropbox/Wzone/tmp/tmp1999/shp1056_19991231b.shp,conf_id,-1,-1,C:/Users/owner/Dropbox/Wzone/tmp/tmp1999/shp1072_19991231b.shp,conf_id,-1,-1,C:/Users/owner/Dropbox/Wzone/tmp/tmp1999/shp1073_19991231b.shp,conf_id,-1,-1,C:/Users/owner/Dropbox/Wzone/tmp/tmp1999/shp1077_19991231b.shp,conf_id,-1,-1,C:/Users/owner/Dropbox/Wzone/tmp/tmp1999/shp1167_19991231b.shp,conf_id,-1,-1,C:/Users/owner/Dropbox/Wzone/tmp/tmp1999/shp1199_19991231b.shp,conf_id,-1,-1,C:/Users/owner/Dropbox/Wzone/tmp/tmp1999/shp1204_19991231b.shp,conf_id,-1,-1,C:/Users/owner/Dropbox/Wzone/tmp/tmp1999/shp1301_19991231b.shp,conf_id,-1,-1,C:/Users/owner/Dropbox/Wzone/tmp/tmp1999/shp1702_19991231b.shp,conf_id,-1,-1,C:/Users/owner/Dropbox/Wzone/tmp/tmp1999/shp5188_19991231b.shp,conf_id,-1,-1,C:/Users/owner/Dropbox/Wzone/tmp/tmp1999/shp5196_19991231b.shp,conf_id,-1,-1,C:/Users/owner/Dropbox/Wzone/tmp/tmp1999/shp5201_19991231b.shp,conf_id,-1,-1,C:/Users/owner/Dropbox/Wzone/tmp/tmp1999/shp5222_19991231b.shp,conf_id,-1,-1,C:/Users/owner/Dropbox/Wzone/tmp/tmp1999/shp5282_19991231b.shp,conf_id,-1,-1,C:/Users/owner/Dropbox/Wzone/tmp/tmp1999/shp5293_19991231b.shp,conf_id,-1,-1,C:/Users/owner/Dropbox/Wzone/tmp/tmp1999/shp5299_19991231b.shp,conf_id,-1,-1,C:/Users/owner/Dropbox/Wzone/tmp/tmp1999/shp5313_19991231b.shp,conf_id,-1,-1,C:/Users/owner/Dropbox/Wzone/tmp/tmp1999/shp5324_19991231b.shp,conf_id,-1,-1,C:/Users/owner/Dropbox/Wzone/tmp/tmp1999/shp5336_19991231b.shp,conf_id,-1,-1,C:/Users/owner/Dropbox/Wzone/tmp/tmp1999/shp5338_19991231b.shp,conf_id,-1,-1,C:/Users/owner/Dropbox/Wzone/tmp/tmp1999/shp5349_19991231b.shp,conf_id,-1,-1,C:/Users/owner/Dropbox/Wzone/tmp/tmp1999/shp5405_19991231b.shp,conf_id,-1,-1,C:/Users/owner/Dropbox/Wzone/tmp/tmp1999/shp5505_19991231b.shp,conf_id,-1,-1,C:/Users/owner/Dropbox/Wzone/tmp/tmp1999/shp5512_19991231b.shp,conf_id,-1,-1,C:/Users/owner/Dropbox/Wzone/tmp/tmp1999/shp5513_19991231b.shp,conf_id,-1,-1,C:/Users/owner/Dropbox/Wzone/tmp/tmp1999/shp5570_19991231b.shp,conf_id,-1,-1,C:/Users/owner/Dropbox/Wzone/tmp/tmp1999/shp10264_19991231b.shp,conf_id,-1,-1,C:/Users/owner/Dropbox/Wzone/tmp/tmp1999/shp11123_19991231b.shp,conf_id,-1,-1,C:/Users/owner/Dropbox/Wzone/tmp/tmp1999/shp11932_19991231b.shp,conf_id,-1,-1,C:/Users/owner/Dropbox/Wzone/tmp/tmp1999/shp15558_19991231b.shp,conf_id,-1,-1,C:/Users/owner/Dropbox/Wzone/tmp/tmp1999/shp16900_19991231b.shp,conf_id,-1,-1;date "date" true true false 254 Text 0 0,First,#,C:/Users/owner/Dropbox/Wzone/tmp/tmp1999/shp411_19991231b.shp,date,0,253,C:/Users/owner/Dropbox/Wzone/tmp/tmp1999/shp422_19991231b.shp,date,0,253,C:/Users/owner/Dropbox/Wzone/tmp/tmp1999/shp428_19991231b.shp,date,0,253,C:/Users/owner/Dropbox/Wzone/tmp/tmp1999/shp451_19991231b.shp,date,0,253,C:/Users/owner/Dropbox/Wzone/tmp/tmp1999/shp452_19991231b.shp,date,0,253,C:/Users/owner/Dropbox/Wzone/tmp/tmp1999/shp474_19991231b.shp,date,0,253,C:/Users/owner/Dropbox/Wzone/tmp/tmp1999/shp475_19991231b.shp,date,0,253,C:/Users/owner/Dropbox/Wzone/tmp/tmp1999/shp478_19991231b.shp,date,0,253,C:/Users/owner/Dropbox/Wzone/tmp/tmp1999/shp479_19991231b.shp,date,0,253,C:/Users/owner/Dropbox/Wzone/tmp/tmp1999/shp508_19991231b.shp,date,0,253,C:/Users/owner/Dropbox/Wzone/tmp/tmp1999/shp511_19991231b.shp,date,0,253,C:/Users/owner/Dropbox/Wzone/tmp/tmp1999/shp550_19991231b.shp,date,0,253,C:/Users/owner/Dropbox/Wzone/tmp/tmp1999/shp562_19991231b.shp,date,0,253,C:/Users/owner/Dropbox/Wzone/tmp/tmp1999/shp585_19991231b.shp,date,0,253,C:/Users/owner/Dropbox/Wzone/tmp/tmp1999/shp586_19991231b.shp,date,0,253,C:/Users/owner/Dropbox/Wzone/tmp/tmp1999/shp597_19991231b.shp,date,0,253,C:/Users/owner/Dropbox/Wzone/tmp/tmp1999/shp616_19991231b.shp,date,0,253,C:/Users/owner/Dropbox/Wzone/tmp/tmp1999/shp623_19991231b.shp,date,0,253,C:/Users/owner/Dropbox/Wzone/tmp/tmp1999/shp624_19991231b.shp,date,0,253,C:/Users/owner/Dropbox/Wzone/tmp/tmp1999/shp657_19991231b.shp,date,0,253,C:/Users/owner/Dropbox/Wzone/tmp/tmp1999/shp658_19991231b.shp,date,0,253,C:/Users/owner/Dropbox/Wzone/tmp/tmp1999/shp663_19991231b.shp,date,0,253,C:/Users/owner/Dropbox/Wzone/tmp/tmp1999/shp664_19991231b.shp,date,0,253,C:/Users/owner/Dropbox/Wzone/tmp/tmp1999/shp688_19991231b.shp,date,0,253,C:/Users/owner/Dropbox/Wzone/tmp/tmp1999/shp689_19991231b.shp,date,0,253,C:/Users/owner/Dropbox/Wzone/tmp/tmp1999/shp714_19991231b.shp,date,0,253,C:/Users/owner/Dropbox/Wzone/tmp/tmp1999/shp719_19991231b.shp,date,0,253,C:/Users/owner/Dropbox/Wzone/tmp/tmp1999/shp735_19991231b.shp,date,0,253,C:/Users/owner/Dropbox/Wzone/tmp/tmp1999/shp736_19991231b.shp,date,0,253,C:/Users/owner/Dropbox/Wzone/tmp/tmp1999/shp740_19991231b.shp,date,0,253,C:/Users/owner/Dropbox/Wzone/tmp/tmp1999/shp753_19991231b.shp,date,0,253,C:/Users/owner/Dropbox/Wzone/tmp/tmp1999/shp763_19991231b.shp,date,0,253,C:/Users/owner/Dropbox/Wzone/tmp/tmp1999/shp768_19991231b.shp,date,0,253,C:/Users/owner/Dropbox/Wzone/tmp/tmp1999/shp769_19991231b.shp,date,0,253,C:/Users/owner/Dropbox/Wzone/tmp/tmp1999/shp781_19991231b.shp,date,0,253,C:/Users/owner/Dropbox/Wzone/tmp/tmp1999/shp792_19991231b.shp,date,0,253,C:/Users/owner/Dropbox/Wzone/tmp/tmp1999/shp793_19991231b.shp,date,0,253,C:/Users/owner/Dropbox/Wzone/tmp/tmp1999/shp794_19991231b.shp,date,0,253,C:/Users/owner/Dropbox/Wzone/tmp/tmp1999/shp806_19991231b.shp,date,0,253,C:/Users/owner/Dropbox/Wzone/tmp/tmp1999/shp818_19991231b.shp,date,0,253,C:/Users/owner/Dropbox/Wzone/tmp/tmp1999/shp829_19991231b.shp,date,0,253,C:/Users/owner/Dropbox/Wzone/tmp/tmp1999/shp830_19991231b.shp,date,0,253,C:/Users/owner/Dropbox/Wzone/tmp/tmp1999/shp832_19991231b.shp,date,0,253,C:/Users/owner/Dropbox/Wzone/tmp/tmp1999/shp833_19991231b.shp,date,0,253,C:/Users/owner/Dropbox/Wzone/tmp/tmp1999/shp852_19991231b.shp,date,0,253,C:/Users/owner/Dropbox/Wzone/tmp/tmp1999/shp864_19991231b.shp,date,0,253,C:/Users/owner/Dropbox/Wzone/tmp/tmp1999/shp869_19991231b.shp,date,0,253,C:/Users/owner/Dropbox/Wzone/tmp/tmp1999/shp871_19991231b.shp,date,0,253,C:/Users/owner/Dropbox/Wzone/tmp/tmp1999/shp885_19991231b.shp,date,0,253,C:/Users/owner/Dropbox/Wzone/tmp/tmp1999/shp913_19991231b.shp,date,0,253,C:/Users/owner/Dropbox/Wzone/tmp/tmp1999/shp914_19991231b.shp,date,0,253,C:/Users/owner/Dropbox/Wzone/tmp/tmp1999/shp915_19991231b.shp,date,0,253,C:/Users/owner/Dropbox/Wzone/tmp/tmp1999/shp920_19991231b.shp,date,0,253,C:/Users/owner/Dropbox/Wzone/tmp/tmp1999/shp923_19991231b.shp,date,0,253,C:/Users/owner/Dropbox/Wzone/tmp/tmp1999/shp926_19991231b.shp,date,0,253,C:/Users/owner/Dropbox/Wzone/tmp/tmp1999/shp927_19991231b.shp,date,0,253,C:/Users/owner/Dropbox/Wzone/tmp/tmp1999/shp930_19991231b.shp,date,0,253,C:/Users/owner/Dropbox/Wzone/tmp/tmp1999/shp931_19991231b.shp,date,0,253,C:/Users/owner/Dropbox/Wzone/tmp/tmp1999/shp933_19991231b.shp,date,0,253,C:/Users/owner/Dropbox/Wzone/tmp/tmp1999/shp934_19991231b.shp,date,0,253,C:/Users/owner/Dropbox/Wzone/tmp/tmp1999/shp935_19991231b.shp,date,0,253,C:/Users/owner/Dropbox/Wzone/tmp/tmp1999/shp936_19991231b.shp,date,0,253,C:/Users/owner/Dropbox/Wzone/tmp/tmp1999/shp938_19991231b.shp,date,0,253,C:/Users/owner/Dropbox/Wzone/tmp/tmp1999/shp942_19991231b.shp,date,0,253,C:/Users/owner/Dropbox/Wzone/tmp/tmp1999/shp947_19991231b.shp,date,0,253,C:/Users/owner/Dropbox/Wzone/tmp/tmp1999/shp948_19991231b.shp,date,0,253,C:/Users/owner/Dropbox/Wzone/tmp/tmp1999/shp950_19991231b.shp,date,0,253,C:/Users/owner/Dropbox/Wzone/tmp/tmp1999/shp951_19991231b.shp,date,0,253,C:/Users/owner/Dropbox/Wzone/tmp/tmp1999/shp954_19991231b.shp,date,0,253,C:/Users/owner/Dropbox/Wzone/tmp/tmp1999/shp955_19991231b.shp,date,0,253,C:/Users/owner/Dropbox/Wzone/tmp/tmp1999/shp956_19991231b.shp,date,0,253,C:/Users/owner/Dropbox/Wzone/tmp/tmp1999/shp957_19991231b.shp,date,0,253,C:/Users/owner/Dropbox/Wzone/tmp/tmp1999/shp959_19991231b.shp,date,0,253,C:/Users/owner/Dropbox/Wzone/tmp/tmp1999/shp960_19991231b.shp,date,0,253,C:/Users/owner/Dropbox/Wzone/tmp/tmp1999/shp962_19991231b.shp,date,0,253,C:/Users/owner/Dropbox/Wzone/tmp/tmp1999/shp963_19991231b.shp,date,0,253,C:/Users/owner/Dropbox/Wzone/tmp/tmp1999/shp964_19991231b.shp,date,0,253,C:/Users/owner/Dropbox/Wzone/tmp/tmp1999/shp965_19991231b.shp,date,0,253,C:/Users/owner/Dropbox/Wzone/tmp/tmp1999/shp967_19991231b.shp,date,0,253,C:/Users/owner/Dropbox/Wzone/tmp/tmp1999/shp968_19991231b.shp,date,0,253,C:/Users/owner/Dropbox/Wzone/tmp/tmp1999/shp970_19991231b.shp,date,0,253,C:/Users/owner/Dropbox/Wzone/tmp/tmp1999/shp974_19991231b.shp,date,0,253,C:/Users/owner/Dropbox/Wzone/tmp/tmp1999/shp976_19991231b.shp,date,0,253,C:/Users/owner/Dropbox/Wzone/tmp/tmp1999/shp977_19991231b.shp,date,0,253,C:/Users/owner/Dropbox/Wzone/tmp/tmp1999/shp981_19991231b.shp,date,0,253,C:/Users/owner/Dropbox/Wzone/tmp/tmp1999/shp983_19991231b.shp,date,0,253,C:/Users/owner/Dropbox/Wzone/tmp/tmp1999/shp984_19991231b.shp,date,0,253,C:/Users/owner/Dropbox/Wzone/tmp/tmp1999/shp987_19991231b.shp,date,0,253,C:/Users/owner/Dropbox/Wzone/tmp/tmp1999/shp988_19991231b.shp,date,0,253,C:/Users/owner/Dropbox/Wzone/tmp/tmp1999/shp989_19991231b.shp,date,0,253,C:/Users/owner/Dropbox/Wzone/tmp/tmp1999/shp990_19991231b.shp,date,0,253,C:/Users/owner/Dropbox/Wzone/tmp/tmp1999/shp996_19991231b.shp,date,0,253,C:/Users/owner/Dropbox/Wzone/tmp/tmp1999/shp998_19991231b.shp,date,0,253,C:/Users/owner/Dropbox/Wzone/tmp/tmp1999/shp1007_19991231b.shp,date,0,253,C:/Users/owner/Dropbox/Wzone/tmp/tmp1999/shp1015_19991231b.shp,date,0,253,C:/Users/owner/Dropbox/Wzone/tmp/tmp1999/shp1019_19991231b.shp,date,0,253,C:/Users/owner/Dropbox/Wzone/tmp/tmp1999/shp1021_19991231b.shp,date,0,253,C:/Users/owner/Dropbox/Wzone/tmp/tmp1999/shp1026_19991231b.shp,date,0,253,C:/Users/owner/Dropbox/Wzone/tmp/tmp1999/shp1027_19991231b.shp,date,0,253,C:/Users/owner/Dropbox/Wzone/tmp/tmp1999/shp1038_19991231b.shp,date,0,253,C:/Users/owner/Dropbox/Wzone/tmp/tmp1999/shp1039_19991231b.shp,date,0,253,C:/Users/owner/Dropbox/Wzone/tmp/tmp1999/shp1045_19991231b.shp,date,0,253,C:/Users/owner/Dropbox/Wzone/tmp/tmp1999/shp1056_19991231b.shp,date,0,253,C:/Users/owner/Dropbox/Wzone/tmp/tmp1999/shp1072_19991231b.shp,date,0,253,C:/Users/owner/Dropbox/Wzone/tmp/tmp1999/shp1073_19991231b.shp,date,0,253,C:/Users/owner/Dropbox/Wzone/tmp/tmp1999/shp1077_19991231b.shp,date,0,253,C:/Users/owner/Dropbox/Wzone/tmp/tmp1999/shp1167_19991231b.shp,date,0,253,C:/Users/owner/Dropbox/Wzone/tmp/tmp1999/shp1199_19991231b.shp,date,0,253,C:/Users/owner/Dropbox/Wzone/tmp/tmp1999/shp1204_19991231b.shp,date,0,253,C:/Users/owner/Dropbox/Wzone/tmp/tmp1999/shp1301_19991231b.shp,date,0,253,C:/Users/owner/Dropbox/Wzone/tmp/tmp1999/shp1702_19991231b.shp,date,0,253,C:/Users/owner/Dropbox/Wzone/tmp/tmp1999/shp5188_19991231b.shp,date,0,253,C:/Users/owner/Dropbox/Wzone/tmp/tmp1999/shp5196_19991231b.shp,date,0,253,C:/Users/owner/Dropbox/Wzone/tmp/tmp1999/shp5201_19991231b.shp,date,0,253,C:/Users/owner/Dropbox/Wzone/tmp/tmp1999/shp5222_19991231b.shp,date,0,253,C:/Users/owner/Dropbox/Wzone/tmp/tmp1999/shp5282_19991231b.shp,date,0,253,C:/Users/owner/Dropbox/Wzone/tmp/tmp1999/shp5293_19991231b.shp,date,0,253,C:/Users/owner/Dropbox/Wzone/tmp/tmp1999/shp5299_19991231b.shp,date,0,253,C:/Users/owner/Dropbox/Wzone/tmp/tmp1999/shp5313_19991231b.shp,date,0,253,C:/Users/owner/Dropbox/Wzone/tmp/tmp1999/shp5324_19991231b.shp,date,0,253,C:/Users/owner/Dropbox/Wzone/tmp/tmp1999/shp5336_19991231b.shp,date,0,253,C:/Users/owner/Dropbox/Wzone/tmp/tmp1999/shp5338_19991231b.shp,date,0,253,C:/Users/owner/Dropbox/Wzone/tmp/tmp1999/shp5349_19991231b.shp,date,0,253,C:/Users/owner/Dropbox/Wzone/tmp/tmp1999/shp5405_19991231b.shp,date,0,253,C:/Users/owner/Dropbox/Wzone/tmp/tmp1999/shp5505_19991231b.shp,date,0,253,C:/Users/owner/Dropbox/Wzone/tmp/tmp1999/shp5512_19991231b.shp,date,0,253,C:/Users/owner/Dropbox/Wzone/tmp/tmp1999/shp5513_19991231b.shp,date,0,253,C:/Users/owner/Dropbox/Wzone/tmp/tmp1999/shp5570_19991231b.shp,date,0,253,C:/Users/owner/Dropbox/Wzone/tmp/tmp1999/shp10264_19991231b.shp,date,0,253,C:/Users/owner/Dropbox/Wzone/tmp/tmp1999/shp11123_19991231b.shp,date,0,253,C:/Users/owner/Dropbox/Wzone/tmp/tmp1999/shp11932_19991231b.shp,date,0,253,C:/Users/owner/Dropbox/Wzone/tmp/tmp1999/shp15558_19991231b.shp,date,0,253,C:/Users/owner/Dropbox/Wzone/tmp/tmp1999/shp16900_19991231b.shp,date,0,253" NO_SOURCE_INFO</Process><Process ToolSource="c:\program files\arcgis\pro\Resources\ArcToolbox\toolboxes\Data Management Tools.tbx\DefineProjection" Date="20240715" Time="113259">DefineProjection C:/Users/owner/Dropbox/Wzone/out/wzone_shp/1999/1999_12_31.shp GEOGCS["GCS_WGS_1984",DATUM["D_WGS_1984",SPHEROID["WGS_1984",6378137.0,298.257223563]],PRIMEM["Greenwich",0.0],UNIT["Degree",0.0174532925199433]]</Process></lineage></DataProperties><SyncDate>20240715</SyncDate><SyncTime>11325800</SyncTime><ModDate>20240715</ModDate><ModTime>11325800</ModTime></Esri><dataIdInfo><envirDesc Sync="TRUE">Microsoft Windows 10 Version 10.0 (Build 19045) ; Esri ArcGIS 13.2.2.49743</envirDesc><dataLang><languageCode value="eng" Sync="TRUE"></languageCode><countryCode value="USA" Sync="TRUE"></countryCode></dataLang><idCitation><resTitle Sync="TRUE">1999_12_31</resTitle><presForm><PresFormCd value="005" Sync="TRUE"></PresFormCd></presForm></idCitation><spatRpType><SpatRepTypCd value="001" Sync="TRUE"></SpatRepTypCd></spatRpType></dataIdInfo><mdLang><languageCode value="eng" Sync="TRUE"></languageCode><countryCode value="USA" Sync="TRUE"></countryCode></mdLang><mdChar><CharSetCd value="004" Sync="TRUE"></CharSetCd></mdChar><distInfo><distFormat><formatName Sync="TRUE">Shapefile</formatName></distFormat><distTranOps><transSize Sync="TRUE">0.000</transSize></distTranOps></distInfo><mdHrLv><ScopeCd value="005" Sync="TRUE"></ScopeCd></mdHrLv><mdHrLvName Sync="TRUE">dataset</mdHrLvName><spatRepInfo><VectSpatRep><geometObjs Name="1999_12_31"><geoObjTyp><GeoObjTypCd value="002" Sync="TRUE"></GeoObjTypCd></geoObjTyp><geoObjCnt Sync="TRUE">0</geoObjCnt></geometObjs><topLvl><TopoLevCd value="001" Sync="TRUE"></TopoLevCd></topLvl></VectSpatRep></spatRepInfo><spdoinfo><ptvctinf><esriterm Name="1999_12_31"><efeatyp Sync="TRUE">Simple</efeatyp><efeageom code="4" Sync="TRUE"></efeageom><esritopo Sync="TRUE">FALSE</esritopo><efeacnt Sync="TRUE">0</efeacnt><spindex Sync="TRUE">FALSE</spindex><linrefer Sync="TRUE">FALSE</linrefer></esriterm></ptvctinf></spdoinfo><eainfo><detailed Name="1999_12_31"><enttyp><enttypl Sync="TRUE">1999_12_31</enttypl><enttypt Sync="TRUE">Feature Class</enttypt><enttypc Sync="TRUE">0</enttypc></enttyp><attr><attrlabl Sync="TRUE">FID</attrlabl><attalias Sync="TRUE">FID</attalias><attrtype Sync="TRUE">OID</attrtype><attwidth Sync="TRUE">4</attwidth><atprecis Sync="TRUE">0</atprecis><attscale Sync="TRUE">0</attscale><attrdef Sync="TRUE">Internal feature number.</attrdef><attrdefs Sync="TRUE">Esri</attrdefs><attrdomv><udom Sync="TRUE">Sequential unique whole numbers that are automatically generated.</udom></attrdomv></attr><attr><attrlabl Sync="TRUE">Shape</attrlabl><attalias Sync="TRUE">Shape</attalias><attrtype Sync="TRUE">Geometry</attrtype><attwidth Sync="TRUE">0</attwidth><atprecis Sync="TRUE">0</atprecis><attscale Sync="TRUE">0</attscale><attrdef Sync="TRUE">Feature geometry.</attrdef><attrdefs Sync="TRUE">Esri</attrdefs><attrdomv><udom Sync="TRUE">Coordinates defining the features.</udom></attrdomv></attr><attr><attrlabl Sync="TRUE">dyad_id</attrlabl><attalias Sync="TRUE">dyad_id</attalias><attrtype Sync="TRUE">Integer</attrtype><attwidth Sync="TRUE">5</attwidth><atprecis Sync="TRUE">5</atprecis><attscale Sync="TRUE">0</attscale></attr><attr><attrlabl Sync="TRUE">conf_id</attrlabl><attalias Sync="TRUE">conf_id</attalias><attrtype Sync="TRUE">Integer</attrtype><attwidth Sync="TRUE">5</attwidth><atprecis Sync="TRUE">5</atprecis><attscale Sync="TRUE">0</attscale></attr><attr><attrlabl Sync="TRUE">date</attrlabl><attalias Sync="TRUE">date</attalias><attrtype Sync="TRUE">String</attrtype><attwidth Sync="TRUE">254</attwidth><atprecis Sync="TRUE">0</atprecis><attscale Sync="TRUE">0</attscale></attr></detailed></eainfo><mdDateSt Sync="TRUE">20240715</mdDateSt></metadata>
