<?xml version="1.0" encoding="UTF-8"?>
<metadata xml:lang="en"><Esri><CreaDate>20240715</CreaDate><CreaTime>09312400</CreaTime><ArcGISFormat>1.0</ArcGISFormat><SyncOnce>FALSE</SyncOnce><DataProperties><itemProps><itemName Sync="TRUE">2000_12_31</itemName><imsContentType Sync="TRUE">002</imsContentType><itemSize Sync="TRUE">0.000</itemSize><itemLocation><linkage Sync="TRUE">file://\\DESKTOP-48J08HF\C$\Users\owner\Dropbox\Wzone\out\wzone_shp\2000\2000_12_31.shp</linkage><protocol Sync="TRUE">Local Area Network</protocol></itemLocation></itemProps><lineage><Process ToolSource="c:\program files\arcgis\pro\Resources\ArcToolbox\toolboxes\Analysis Tools.tbx\Select" Date="20240715" Time="093124">Select in_memory/shp2000411_20001231a C:\Users\owner\Dropbox\Wzone\tmp\tmp2000\shp411_20001231b.shp ""gridcode" &gt; 0"</Process><Process ToolSource="c:\program files\arcgis\pro\Resources\ArcToolbox\toolboxes\Data Management Tools.tbx\AddField" Date="20240715" Time="093124">AddField C:/Users/owner/Dropbox/Wzone/tmp/tmp2000/shp411_20001231b.shp dyad_id "Short (16-bit integer)" # # # # NULLABLE NON_REQUIRED #</Process><Process ToolSource="c:\program files\arcgis\pro\Resources\ArcToolbox\toolboxes\Data Management Tools.tbx\AddField" Date="20240715" Time="093124">AddField C:/Users/owner/Dropbox/Wzone/tmp/tmp2000/shp411_20001231b.shp conf_id "Short (16-bit integer)" # # # # NULLABLE NON_REQUIRED #</Process><Process ToolSource="c:\program files\arcgis\pro\Resources\ArcToolbox\toolboxes\Data Management Tools.tbx\AddField" Date="20240715" Time="093124">AddField C:/Users/owner/Dropbox/Wzone/tmp/tmp2000/shp411_20001231b.shp date Text # # # # NULLABLE NON_REQUIRED #</Process><Process ToolSource="c:\program files\arcgis\pro\Resources\ArcToolbox\toolboxes\Data Management Tools.tbx\DeleteField" Date="20240715" Time="093124">DeleteField C:/Users/owner/Dropbox/Wzone/tmp/tmp2000/shp411_20001231b.shp Id "Delete Fields"</Process><Process ToolSource="c:\program files\arcgis\pro\Resources\ArcToolbox\toolboxes\Data Management Tools.tbx\DeleteField" Date="20240715" Time="093124">DeleteField C:/Users/owner/Dropbox/Wzone/tmp/tmp2000/shp411_20001231b.shp gridcode "Delete Fields"</Process><Process ToolSource="c:\program files\arcgis\pro\Resources\ArcToolbox\toolboxes\Data Management Tools.tbx\Merge" Date="20240715" Time="093506">Merge C:/Users/owner/Dropbox/Wzone/tmp/tmp2000/shp411_20001231b.shp;C:/Users/owner/Dropbox/Wzone/tmp/tmp2000/shp422_20001231b.shp;C:/Users/owner/Dropbox/Wzone/tmp/tmp2000/shp428_20001231b.shp;C:/Users/owner/Dropbox/Wzone/tmp/tmp2000/shp451_20001231b.shp;C:/Users/owner/Dropbox/Wzone/tmp/tmp2000/shp452_20001231b.shp;C:/Users/owner/Dropbox/Wzone/tmp/tmp2000/shp474_20001231b.shp;C:/Users/owner/Dropbox/Wzone/tmp/tmp2000/shp475_20001231b.shp;C:/Users/owner/Dropbox/Wzone/tmp/tmp2000/shp477_20001231b.shp;C:/Users/owner/Dropbox/Wzone/tmp/tmp2000/shp478_20001231b.shp;C:/Users/owner/Dropbox/Wzone/tmp/tmp2000/shp479_20001231b.shp;C:/Users/owner/Dropbox/Wzone/tmp/tmp2000/shp508_20001231b.shp;C:/Users/owner/Dropbox/Wzone/tmp/tmp2000/shp511_20001231b.shp;C:/Users/owner/Dropbox/Wzone/tmp/tmp2000/shp550_20001231b.shp;C:/Users/owner/Dropbox/Wzone/tmp/tmp2000/shp562_20001231b.shp;C:/Users/owner/Dropbox/Wzone/tmp/tmp2000/shp586_20001231b.shp;C:/Users/owner/Dropbox/Wzone/tmp/tmp2000/shp597_20001231b.shp;C:/Users/owner/Dropbox/Wzone/tmp/tmp2000/shp616_20001231b.shp;C:/Users/owner/Dropbox/Wzone/tmp/tmp2000/shp623_20001231b.shp;C:/Users/owner/Dropbox/Wzone/tmp/tmp2000/shp624_20001231b.shp;C:/Users/owner/Dropbox/Wzone/tmp/tmp2000/shp657_20001231b.shp;C:/Users/owner/Dropbox/Wzone/tmp/tmp2000/shp658_20001231b.shp;C:/Users/owner/Dropbox/Wzone/tmp/tmp2000/shp663_20001231b.shp;C:/Users/owner/Dropbox/Wzone/tmp/tmp2000/shp688_20001231b.shp;C:/Users/owner/Dropbox/Wzone/tmp/tmp2000/shp689_20001231b.shp;C:/Users/owner/Dropbox/Wzone/tmp/tmp2000/shp714_20001231b.shp;C:/Users/owner/Dropbox/Wzone/tmp/tmp2000/shp719_20001231b.shp;C:/Users/owner/Dropbox/Wzone/tmp/tmp2000/shp735_20001231b.shp;C:/Users/owner/Dropbox/Wzone/tmp/tmp2000/shp736_20001231b.shp;C:/Users/owner/Dropbox/Wzone/tmp/tmp2000/shp739_20001231b.shp;C:/Users/owner/Dropbox/Wzone/tmp/tmp2000/shp740_20001231b.shp;C:/Users/owner/Dropbox/Wzone/tmp/tmp2000/shp753_20001231b.shp;C:/Users/owner/Dropbox/Wzone/tmp/tmp2000/shp763_20001231b.shp;C:/Users/owner/Dropbox/Wzone/tmp/tmp2000/shp768_20001231b.shp;C:/Users/owner/Dropbox/Wzone/tmp/tmp2000/shp771_20001231b.shp;C:/Users/owner/Dropbox/Wzone/tmp/tmp2000/shp781_20001231b.shp;C:/Users/owner/Dropbox/Wzone/tmp/tmp2000/shp792_20001231b.shp;C:/Users/owner/Dropbox/Wzone/tmp/tmp2000/shp793_20001231b.shp;C:/Users/owner/Dropbox/Wzone/tmp/tmp2000/shp794_20001231b.shp;C:/Users/owner/Dropbox/Wzone/tmp/tmp2000/shp806_20001231b.shp;C:/Users/owner/Dropbox/Wzone/tmp/tmp2000/shp829_20001231b.shp;C:/Users/owner/Dropbox/Wzone/tmp/tmp2000/shp830_20001231b.shp;C:/Users/owner/Dropbox/Wzone/tmp/tmp2000/shp833_20001231b.shp;C:/Users/owner/Dropbox/Wzone/tmp/tmp2000/shp864_20001231b.shp;C:/Users/owner/Dropbox/Wzone/tmp/tmp2000/shp869_20001231b.shp;C:/Users/owner/Dropbox/Wzone/tmp/tmp2000/shp877_20001231b.shp;C:/Users/owner/Dropbox/Wzone/tmp/tmp2000/shp878_20001231b.shp;C:/Users/owner/Dropbox/Wzone/tmp/tmp2000/shp885_20001231b.shp;C:/Users/owner/Dropbox/Wzone/tmp/tmp2000/shp913_20001231b.shp;C:/Users/owner/Dropbox/Wzone/tmp/tmp2000/shp914_20001231b.shp;C:/Users/owner/Dropbox/Wzone/tmp/tmp2000/shp915_20001231b.shp;C:/Users/owner/Dropbox/Wzone/tmp/tmp2000/shp920_20001231b.shp;C:/Users/owner/Dropbox/Wzone/tmp/tmp2000/shp923_20001231b.shp;C:/Users/owner/Dropbox/Wzone/tmp/tmp2000/shp926_20001231b.shp;C:/Users/owner/Dropbox/Wzone/tmp/tmp2000/shp927_20001231b.shp;C:/Users/owner/Dropbox/Wzone/tmp/tmp2000/shp928_20001231b.shp;C:/Users/owner/Dropbox/Wzone/tmp/tmp2000/shp930_20001231b.shp;C:/Users/owner/Dropbox/Wzone/tmp/tmp2000/shp931_20001231b.shp;C:/Users/owner/Dropbox/Wzone/tmp/tmp2000/shp933_20001231b.shp;C:/Users/owner/Dropbox/Wzone/tmp/tmp2000/shp934_20001231b.shp;C:/Users/owner/Dropbox/Wzone/tmp/tmp2000/shp935_20001231b.shp;C:/Users/owner/Dropbox/Wzone/tmp/tmp2000/shp936_20001231b.shp;C:/Users/owner/Dropbox/Wzone/tmp/tmp2000/shp938_20001231b.shp;C:/Users/owner/Dropbox/Wzone/tmp/tmp2000/shp942_20001231b.shp;C:/Users/owner/Dropbox/Wzone/tmp/tmp2000/shp947_20001231b.shp;C:/Users/owner/Dropbox/Wzone/tmp/tmp2000/shp948_20001231b.shp;C:/Users/owner/Dropbox/Wzone/tmp/tmp2000/shp950_20001231b.shp;C:/Users/owner/Dropbox/Wzone/tmp/tmp2000/shp951_20001231b.shp;C:/Users/owner/Dropbox/Wzone/tmp/tmp2000/shp954_20001231b.shp;C:/Users/owner/Dropbox/Wzone/tmp/tmp2000/shp955_20001231b.shp;C:/Users/owner/Dropbox/Wzone/tmp/tmp2000/shp956_20001231b.shp;C:/Users/owner/Dropbox/Wzone/tmp/tmp2000/shp957_20001231b.shp;C:/Users/owner/Dropbox/Wzone/tmp/tmp2000/shp959_20001231b.shp;C:/Users/owner/Dropbox/Wzone/tmp/tmp2000/shp960_20001231b.shp;C:/Users/owner/Dropbox/Wzone/tmp/tmp2000/shp962_20001231b.shp;C:/Users/owner/Dropbox/Wzone/tmp/tmp2000/shp963_20001231b.shp;C:/Users/owner/Dropbox/Wzone/tmp/tmp2000/shp964_20001231b.shp;C:/Users/owner/Dropbox/Wzone/tmp/tmp2000/shp965_20001231b.shp;C:/Users/owner/Dropbox/Wzone/tmp/tmp2000/shp967_20001231b.shp;C:/Users/owner/Dropbox/Wzone/tmp/tmp2000/shp968_20001231b.shp;C:/Users/owner/Dropbox/Wzone/tmp/tmp2000/shp970_20001231b.shp;C:/Users/owner/Dropbox/Wzone/tmp/tmp2000/shp974_20001231b.shp;C:/Users/owner/Dropbox/Wzone/tmp/tmp2000/shp976_20001231b.shp;C:/Users/owner/Dropbox/Wzone/tmp/tmp2000/shp977_20001231b.shp;C:/Users/owner/Dropbox/Wzone/tmp/tmp2000/shp981_20001231b.shp;C:/Users/owner/Dropbox/Wzone/tmp/tmp2000/shp983_20001231b.shp;C:/Users/owner/Dropbox/Wzone/tmp/tmp2000/shp984_20001231b.shp;C:/Users/owner/Dropbox/Wzone/tmp/tmp2000/shp987_20001231b.shp;C:/Users/owner/Dropbox/Wzone/tmp/tmp2000/shp988_20001231b.shp;C:/Users/owner/Dropbox/Wzone/tmp/tmp2000/shp989_20001231b.shp;C:/Users/owner/Dropbox/Wzone/tmp/tmp2000/shp990_20001231b.shp;C:/Users/owner/Dropbox/Wzone/tmp/tmp2000/shp991_20001231b.shp;C:/Users/owner/Dropbox/Wzone/tmp/tmp2000/shp996_20001231b.shp;C:/Users/owner/Dropbox/Wzone/tmp/tmp2000/shp998_20001231b.shp;C:/Users/owner/Dropbox/Wzone/tmp/tmp2000/shp1007_20001231b.shp;C:/Users/owner/Dropbox/Wzone/tmp/tmp2000/shp1012_20001231b.shp;C:/Users/owner/Dropbox/Wzone/tmp/tmp2000/shp1013_20001231b.shp;C:/Users/owner/Dropbox/Wzone/tmp/tmp2000/shp1015_20001231b.shp;C:/Users/owner/Dropbox/Wzone/tmp/tmp2000/shp1019_20001231b.shp;C:/Users/owner/Dropbox/Wzone/tmp/tmp2000/shp1026_20001231b.shp;C:/Users/owner/Dropbox/Wzone/tmp/tmp2000/shp1027_20001231b.shp;C:/Users/owner/Dropbox/Wzone/tmp/tmp2000/shp1039_20001231b.shp;C:/Users/owner/Dropbox/Wzone/tmp/tmp2000/shp1045_20001231b.shp;C:/Users/owner/Dropbox/Wzone/tmp/tmp2000/shp1056_20001231b.shp;C:/Users/owner/Dropbox/Wzone/tmp/tmp2000/shp1072_20001231b.shp;C:/Users/owner/Dropbox/Wzone/tmp/tmp2000/shp1073_20001231b.shp;C:/Users/owner/Dropbox/Wzone/tmp/tmp2000/shp1077_20001231b.shp;C:/Users/owner/Dropbox/Wzone/tmp/tmp2000/shp1167_20001231b.shp;C:/Users/owner/Dropbox/Wzone/tmp/tmp2000/shp1199_20001231b.shp;C:/Users/owner/Dropbox/Wzone/tmp/tmp2000/shp1204_20001231b.shp;C:/Users/owner/Dropbox/Wzone/tmp/tmp2000/shp1301_20001231b.shp;C:/Users/owner/Dropbox/Wzone/tmp/tmp2000/shp5188_20001231b.shp;C:/Users/owner/Dropbox/Wzone/tmp/tmp2000/shp5196_20001231b.shp;C:/Users/owner/Dropbox/Wzone/tmp/tmp2000/shp5201_20001231b.shp;C:/Users/owner/Dropbox/Wzone/tmp/tmp2000/shp5222_20001231b.shp;C:/Users/owner/Dropbox/Wzone/tmp/tmp2000/shp5247_20001231b.shp;C:/Users/owner/Dropbox/Wzone/tmp/tmp2000/shp5282_20001231b.shp;C:/Users/owner/Dropbox/Wzone/tmp/tmp2000/shp5293_20001231b.shp;C:/Users/owner/Dropbox/Wzone/tmp/tmp2000/shp5313_20001231b.shp;C:/Users/owner/Dropbox/Wzone/tmp/tmp2000/shp5324_20001231b.shp;C:/Users/owner/Dropbox/Wzone/tmp/tmp2000/shp5338_20001231b.shp;C:/Users/owner/Dropbox/Wzone/tmp/tmp2000/shp5349_20001231b.shp;C:/Users/owner/Dropbox/Wzone/tmp/tmp2000/shp5352_20001231b.shp;C:/Users/owner/Dropbox/Wzone/tmp/tmp2000/shp5405_20001231b.shp;C:/Users/owner/Dropbox/Wzone/tmp/tmp2000/shp5505_20001231b.shp;C:/Users/owner/Dropbox/Wzone/tmp/tmp2000/shp5512_20001231b.shp;C:/Users/owner/Dropbox/Wzone/tmp/tmp2000/shp5513_20001231b.shp;C:/Users/owner/Dropbox/Wzone/tmp/tmp2000/shp5570_20001231b.shp;C:/Users/owner/Dropbox/Wzone/tmp/tmp2000/shp10264_20001231b.shp;C:/Users/owner/Dropbox/Wzone/tmp/tmp2000/shp11123_20001231b.shp;C:/Users/owner/Dropbox/Wzone/tmp/tmp2000/shp11932_20001231b.shp;C:/Users/owner/Dropbox/Wzone/tmp/tmp2000/shp13869_20001231b.shp;C:/Users/owner/Dropbox/Wzone/tmp/tmp2000/shp15558_20001231b.shp;C:/Users/owner/Dropbox/Wzone/tmp/tmp2000/shp16900_20001231b.shp C:\Users\owner\Dropbox\Wzone\out\wzone_shp\2000\2000_12_31.shp "dyad_id "dyad_id" true true false 5 Long 0 5,First,#,C:/Users/owner/Dropbox/Wzone/tmp/tmp2000/shp411_20001231b.shp,dyad_id,-1,-1,C:/Users/owner/Dropbox/Wzone/tmp/tmp2000/shp422_20001231b.shp,dyad_id,-1,-1,C:/Users/owner/Dropbox/Wzone/tmp/tmp2000/shp428_20001231b.shp,dyad_id,-1,-1,C:/Users/owner/Dropbox/Wzone/tmp/tmp2000/shp451_20001231b.shp,dyad_id,-1,-1,C:/Users/owner/Dropbox/Wzone/tmp/tmp2000/shp452_20001231b.shp,dyad_id,-1,-1,C:/Users/owner/Dropbox/Wzone/tmp/tmp2000/shp474_20001231b.shp,dyad_id,-1,-1,C:/Users/owner/Dropbox/Wzone/tmp/tmp2000/shp475_20001231b.shp,dyad_id,-1,-1,C:/Users/owner/Dropbox/Wzone/tmp/tmp2000/shp477_20001231b.shp,dyad_id,-1,-1,C:/Users/owner/Dropbox/Wzone/tmp/tmp2000/shp478_20001231b.shp,dyad_id,-1,-1,C:/Users/owner/Dropbox/Wzone/tmp/tmp2000/shp479_20001231b.shp,dyad_id,-1,-1,C:/Users/owner/Dropbox/Wzone/tmp/tmp2000/shp508_20001231b.shp,dyad_id,-1,-1,C:/Users/owner/Dropbox/Wzone/tmp/tmp2000/shp511_20001231b.shp,dyad_id,-1,-1,C:/Users/owner/Dropbox/Wzone/tmp/tmp2000/shp550_20001231b.shp,dyad_id,-1,-1,C:/Users/owner/Dropbox/Wzone/tmp/tmp2000/shp562_20001231b.shp,dyad_id,-1,-1,C:/Users/owner/Dropbox/Wzone/tmp/tmp2000/shp586_20001231b.shp,dyad_id,-1,-1,C:/Users/owner/Dropbox/Wzone/tmp/tmp2000/shp597_20001231b.shp,dyad_id,-1,-1,C:/Users/owner/Dropbox/Wzone/tmp/tmp2000/shp616_20001231b.shp,dyad_id,-1,-1,C:/Users/owner/Dropbox/Wzone/tmp/tmp2000/shp623_20001231b.shp,dyad_id,-1,-1,C:/Users/owner/Dropbox/Wzone/tmp/tmp2000/shp624_20001231b.shp,dyad_id,-1,-1,C:/Users/owner/Dropbox/Wzone/tmp/tmp2000/shp657_20001231b.shp,dyad_id,-1,-1,C:/Users/owner/Dropbox/Wzone/tmp/tmp2000/shp658_20001231b.shp,dyad_id,-1,-1,C:/Users/owner/Dropbox/Wzone/tmp/tmp2000/shp663_20001231b.shp,dyad_id,-1,-1,C:/Users/owner/Dropbox/Wzone/tmp/tmp2000/shp688_20001231b.shp,dyad_id,-1,-1,C:/Users/owner/Dropbox/Wzone/tmp/tmp2000/shp689_20001231b.shp,dyad_id,-1,-1,C:/Users/owner/Dropbox/Wzone/tmp/tmp2000/shp714_20001231b.shp,dyad_id,-1,-1,C:/Users/owner/Dropbox/Wzone/tmp/tmp2000/shp719_20001231b.shp,dyad_id,-1,-1,C:/Users/owner/Dropbox/Wzone/tmp/tmp2000/shp735_20001231b.shp,dyad_id,-1,-1,C:/Users/owner/Dropbox/Wzone/tmp/tmp2000/shp736_20001231b.shp,dyad_id,-1,-1,C:/Users/owner/Dropbox/Wzone/tmp/tmp2000/shp739_20001231b.shp,dyad_id,-1,-1,C:/Users/owner/Dropbox/Wzone/tmp/tmp2000/shp740_20001231b.shp,dyad_id,-1,-1,C:/Users/owner/Dropbox/Wzone/tmp/tmp2000/shp753_20001231b.shp,dyad_id,-1,-1,C:/Users/owner/Dropbox/Wzone/tmp/tmp2000/shp763_20001231b.shp,dyad_id,-1,-1,C:/Users/owner/Dropbox/Wzone/tmp/tmp2000/shp768_20001231b.shp,dyad_id,-1,-1,C:/Users/owner/Dropbox/Wzone/tmp/tmp2000/shp771_20001231b.shp,dyad_id,-1,-1,C:/Users/owner/Dropbox/Wzone/tmp/tmp2000/shp781_20001231b.shp,dyad_id,-1,-1,C:/Users/owner/Dropbox/Wzone/tmp/tmp2000/shp792_20001231b.shp,dyad_id,-1,-1,C:/Users/owner/Dropbox/Wzone/tmp/tmp2000/shp793_20001231b.shp,dyad_id,-1,-1,C:/Users/owner/Dropbox/Wzone/tmp/tmp2000/shp794_20001231b.shp,dyad_id,-1,-1,C:/Users/owner/Dropbox/Wzone/tmp/tmp2000/shp806_20001231b.shp,dyad_id,-1,-1,C:/Users/owner/Dropbox/Wzone/tmp/tmp2000/shp829_20001231b.shp,dyad_id,-1,-1,C:/Users/owner/Dropbox/Wzone/tmp/tmp2000/shp830_20001231b.shp,dyad_id,-1,-1,C:/Users/owner/Dropbox/Wzone/tmp/tmp2000/shp833_20001231b.shp,dyad_id,-1,-1,C:/Users/owner/Dropbox/Wzone/tmp/tmp2000/shp864_20001231b.shp,dyad_id,-1,-1,C:/Users/owner/Dropbox/Wzone/tmp/tmp2000/shp869_20001231b.shp,dyad_id,-1,-1,C:/Users/owner/Dropbox/Wzone/tmp/tmp2000/shp877_20001231b.shp,dyad_id,-1,-1,C:/Users/owner/Dropbox/Wzone/tmp/tmp2000/shp878_20001231b.shp,dyad_id,-1,-1,C:/Users/owner/Dropbox/Wzone/tmp/tmp2000/shp885_20001231b.shp,dyad_id,-1,-1,C:/Users/owner/Dropbox/Wzone/tmp/tmp2000/shp913_20001231b.shp,dyad_id,-1,-1,C:/Users/owner/Dropbox/Wzone/tmp/tmp2000/shp914_20001231b.shp,dyad_id,-1,-1,C:/Users/owner/Dropbox/Wzone/tmp/tmp2000/shp915_20001231b.shp,dyad_id,-1,-1,C:/Users/owner/Dropbox/Wzone/tmp/tmp2000/shp920_20001231b.shp,dyad_id,-1,-1,C:/Users/owner/Dropbox/Wzone/tmp/tmp2000/shp923_20001231b.shp,dyad_id,-1,-1,C:/Users/owner/Dropbox/Wzone/tmp/tmp2000/shp926_20001231b.shp,dyad_id,-1,-1,C:/Users/owner/Dropbox/Wzone/tmp/tmp2000/shp927_20001231b.shp,dyad_id,-1,-1,C:/Users/owner/Dropbox/Wzone/tmp/tmp2000/shp928_20001231b.shp,dyad_id,-1,-1,C:/Users/owner/Dropbox/Wzone/tmp/tmp2000/shp930_20001231b.shp,dyad_id,-1,-1,C:/Users/owner/Dropbox/Wzone/tmp/tmp2000/shp931_20001231b.shp,dyad_id,-1,-1,C:/Users/owner/Dropbox/Wzone/tmp/tmp2000/shp933_20001231b.shp,dyad_id,-1,-1,C:/Users/owner/Dropbox/Wzone/tmp/tmp2000/shp934_20001231b.shp,dyad_id,-1,-1,C:/Users/owner/Dropbox/Wzone/tmp/tmp2000/shp935_20001231b.shp,dyad_id,-1,-1,C:/Users/owner/Dropbox/Wzone/tmp/tmp2000/shp936_20001231b.shp,dyad_id,-1,-1,C:/Users/owner/Dropbox/Wzone/tmp/tmp2000/shp938_20001231b.shp,dyad_id,-1,-1,C:/Users/owner/Dropbox/Wzone/tmp/tmp2000/shp942_20001231b.shp,dyad_id,-1,-1,C:/Users/owner/Dropbox/Wzone/tmp/tmp2000/shp947_20001231b.shp,dyad_id,-1,-1,C:/Users/owner/Dropbox/Wzone/tmp/tmp2000/shp948_20001231b.shp,dyad_id,-1,-1,C:/Users/owner/Dropbox/Wzone/tmp/tmp2000/shp950_20001231b.shp,dyad_id,-1,-1,C:/Users/owner/Dropbox/Wzone/tmp/tmp2000/shp951_20001231b.shp,dyad_id,-1,-1,C:/Users/owner/Dropbox/Wzone/tmp/tmp2000/shp954_20001231b.shp,dyad_id,-1,-1,C:/Users/owner/Dropbox/Wzone/tmp/tmp2000/shp955_20001231b.shp,dyad_id,-1,-1,C:/Users/owner/Dropbox/Wzone/tmp/tmp2000/shp956_20001231b.shp,dyad_id,-1,-1,C:/Users/owner/Dropbox/Wzone/tmp/tmp2000/shp957_20001231b.shp,dyad_id,-1,-1,C:/Users/owner/Dropbox/Wzone/tmp/tmp2000/shp959_20001231b.shp,dyad_id,-1,-1,C:/Users/owner/Dropbox/Wzone/tmp/tmp2000/shp960_20001231b.shp,dyad_id,-1,-1,C:/Users/owner/Dropbox/Wzone/tmp/tmp2000/shp962_20001231b.shp,dyad_id,-1,-1,C:/Users/owner/Dropbox/Wzone/tmp/tmp2000/shp963_20001231b.shp,dyad_id,-1,-1,C:/Users/owner/Dropbox/Wzone/tmp/tmp2000/shp964_20001231b.shp,dyad_id,-1,-1,C:/Users/owner/Dropbox/Wzone/tmp/tmp2000/shp965_20001231b.shp,dyad_id,-1,-1,C:/Users/owner/Dropbox/Wzone/tmp/tmp2000/shp967_20001231b.shp,dyad_id,-1,-1,C:/Users/owner/Dropbox/Wzone/tmp/tmp2000/shp968_20001231b.shp,dyad_id,-1,-1,C:/Users/owner/Dropbox/Wzone/tmp/tmp2000/shp970_20001231b.shp,dyad_id,-1,-1,C:/Users/owner/Dropbox/Wzone/tmp/tmp2000/shp974_20001231b.shp,dyad_id,-1,-1,C:/Users/owner/Dropbox/Wzone/tmp/tmp2000/shp976_20001231b.shp,dyad_id,-1,-1,C:/Users/owner/Dropbox/Wzone/tmp/tmp2000/shp977_20001231b.shp,dyad_id,-1,-1,C:/Users/owner/Dropbox/Wzone/tmp/tmp2000/shp981_20001231b.shp,dyad_id,-1,-1,C:/Users/owner/Dropbox/Wzone/tmp/tmp2000/shp983_20001231b.shp,dyad_id,-1,-1,C:/Users/owner/Dropbox/Wzone/tmp/tmp2000/shp984_20001231b.shp,dyad_id,-1,-1,C:/Users/owner/Dropbox/Wzone/tmp/tmp2000/shp987_20001231b.shp,dyad_id,-1,-1,C:/Users/owner/Dropbox/Wzone/tmp/tmp2000/shp988_20001231b.shp,dyad_id,-1,-1,C:/Users/owner/Dropbox/Wzone/tmp/tmp2000/shp989_20001231b.shp,dyad_id,-1,-1,C:/Users/owner/Dropbox/Wzone/tmp/tmp2000/shp990_20001231b.shp,dyad_id,-1,-1,C:/Users/owner/Dropbox/Wzone/tmp/tmp2000/shp991_20001231b.shp,dyad_id,-1,-1,C:/Users/owner/Dropbox/Wzone/tmp/tmp2000/shp996_20001231b.shp,dyad_id,-1,-1,C:/Users/owner/Dropbox/Wzone/tmp/tmp2000/shp998_20001231b.shp,dyad_id,-1,-1,C:/Users/owner/Dropbox/Wzone/tmp/tmp2000/shp1007_20001231b.shp,dyad_id,-1,-1,C:/Users/owner/Dropbox/Wzone/tmp/tmp2000/shp1012_20001231b.shp,dyad_id,-1,-1,C:/Users/owner/Dropbox/Wzone/tmp/tmp2000/shp1013_20001231b.shp,dyad_id,-1,-1,C:/Users/owner/Dropbox/Wzone/tmp/tmp2000/shp1015_20001231b.shp,dyad_id,-1,-1,C:/Users/owner/Dropbox/Wzone/tmp/tmp2000/shp1019_20001231b.shp,dyad_id,-1,-1,C:/Users/owner/Dropbox/Wzone/tmp/tmp2000/shp1026_20001231b.shp,dyad_id,-1,-1,C:/Users/owner/Dropbox/Wzone/tmp/tmp2000/shp1027_20001231b.shp,dyad_id,-1,-1,C:/Users/owner/Dropbox/Wzone/tmp/tmp2000/shp1039_20001231b.shp,dyad_id,-1,-1,C:/Users/owner/Dropbox/Wzone/tmp/tmp2000/shp1045_20001231b.shp,dyad_id,-1,-1,C:/Users/owner/Dropbox/Wzone/tmp/tmp2000/shp1056_20001231b.shp,dyad_id,-1,-1,C:/Users/owner/Dropbox/Wzone/tmp/tmp2000/shp1072_20001231b.shp,dyad_id,-1,-1,C:/Users/owner/Dropbox/Wzone/tmp/tmp2000/shp1073_20001231b.shp,dyad_id,-1,-1,C:/Users/owner/Dropbox/Wzone/tmp/tmp2000/shp1077_20001231b.shp,dyad_id,-1,-1,C:/Users/owner/Dropbox/Wzone/tmp/tmp2000/shp1167_20001231b.shp,dyad_id,-1,-1,C:/Users/owner/Dropbox/Wzone/tmp/tmp2000/shp1199_20001231b.shp,dyad_id,-1,-1,C:/Users/owner/Dropbox/Wzone/tmp/tmp2000/shp1204_20001231b.shp,dyad_id,-1,-1,C:/Users/owner/Dropbox/Wzone/tmp/tmp2000/shp1301_20001231b.shp,dyad_id,-1,-1,C:/Users/owner/Dropbox/Wzone/tmp/tmp2000/shp5188_20001231b.shp,dyad_id,-1,-1,C:/Users/owner/Dropbox/Wzone/tmp/tmp2000/shp5196_20001231b.shp,dyad_id,-1,-1,C:/Users/owner/Dropbox/Wzone/tmp/tmp2000/shp5201_20001231b.shp,dyad_id,-1,-1,C:/Users/owner/Dropbox/Wzone/tmp/tmp2000/shp5222_20001231b.shp,dyad_id,-1,-1,C:/Users/owner/Dropbox/Wzone/tmp/tmp2000/shp5247_20001231b.shp,dyad_id,-1,-1,C:/Users/owner/Dropbox/Wzone/tmp/tmp2000/shp5282_20001231b.shp,dyad_id,-1,-1,C:/Users/owner/Dropbox/Wzone/tmp/tmp2000/shp5293_20001231b.shp,dyad_id,-1,-1,C:/Users/owner/Dropbox/Wzone/tmp/tmp2000/shp5313_20001231b.shp,dyad_id,-1,-1,C:/Users/owner/Dropbox/Wzone/tmp/tmp2000/shp5324_20001231b.shp,dyad_id,-1,-1,C:/Users/owner/Dropbox/Wzone/tmp/tmp2000/shp5338_20001231b.shp,dyad_id,-1,-1,C:/Users/owner/Dropbox/Wzone/tmp/tmp2000/shp5349_20001231b.shp,dyad_id,-1,-1,C:/Users/owner/Dropbox/Wzone/tmp/tmp2000/shp5352_20001231b.shp,dyad_id,-1,-1,C:/Users/owner/Dropbox/Wzone/tmp/tmp2000/shp5405_20001231b.shp,dyad_id,-1,-1,C:/Users/owner/Dropbox/Wzone/tmp/tmp2000/shp5505_20001231b.shp,dyad_id,-1,-1,C:/Users/owner/Dropbox/Wzone/tmp/tmp2000/shp5512_20001231b.shp,dyad_id,-1,-1,C:/Users/owner/Dropbox/Wzone/tmp/tmp2000/shp5513_20001231b.shp,dyad_id,-1,-1,C:/Users/owner/Dropbox/Wzone/tmp/tmp2000/shp5570_20001231b.shp,dyad_id,-1,-1,C:/Users/owner/Dropbox/Wzone/tmp/tmp2000/shp10264_20001231b.shp,dyad_id,-1,-1,C:/Users/owner/Dropbox/Wzone/tmp/tmp2000/shp11123_20001231b.shp,dyad_id,-1,-1,C:/Users/owner/Dropbox/Wzone/tmp/tmp2000/shp11932_20001231b.shp,dyad_id,-1,-1,C:/Users/owner/Dropbox/Wzone/tmp/tmp2000/shp13869_20001231b.shp,dyad_id,-1,-1,C:/Users/owner/Dropbox/Wzone/tmp/tmp2000/shp15558_20001231b.shp,dyad_id,-1,-1,C:/Users/owner/Dropbox/Wzone/tmp/tmp2000/shp16900_20001231b.shp,dyad_id,-1,-1;conf_id "conf_id" true true false 5 Long 0 5,First,#,C:/Users/owner/Dropbox/Wzone/tmp/tmp2000/shp411_20001231b.shp,conf_id,-1,-1,C:/Users/owner/Dropbox/Wzone/tmp/tmp2000/shp422_20001231b.shp,conf_id,-1,-1,C:/Users/owner/Dropbox/Wzone/tmp/tmp2000/shp428_20001231b.shp,conf_id,-1,-1,C:/Users/owner/Dropbox/Wzone/tmp/tmp2000/shp451_20001231b.shp,conf_id,-1,-1,C:/Users/owner/Dropbox/Wzone/tmp/tmp2000/shp452_20001231b.shp,conf_id,-1,-1,C:/Users/owner/Dropbox/Wzone/tmp/tmp2000/shp474_20001231b.shp,conf_id,-1,-1,C:/Users/owner/Dropbox/Wzone/tmp/tmp2000/shp475_20001231b.shp,conf_id,-1,-1,C:/Users/owner/Dropbox/Wzone/tmp/tmp2000/shp477_20001231b.shp,conf_id,-1,-1,C:/Users/owner/Dropbox/Wzone/tmp/tmp2000/shp478_20001231b.shp,conf_id,-1,-1,C:/Users/owner/Dropbox/Wzone/tmp/tmp2000/shp479_20001231b.shp,conf_id,-1,-1,C:/Users/owner/Dropbox/Wzone/tmp/tmp2000/shp508_20001231b.shp,conf_id,-1,-1,C:/Users/owner/Dropbox/Wzone/tmp/tmp2000/shp511_20001231b.shp,conf_id,-1,-1,C:/Users/owner/Dropbox/Wzone/tmp/tmp2000/shp550_20001231b.shp,conf_id,-1,-1,C:/Users/owner/Dropbox/Wzone/tmp/tmp2000/shp562_20001231b.shp,conf_id,-1,-1,C:/Users/owner/Dropbox/Wzone/tmp/tmp2000/shp586_20001231b.shp,conf_id,-1,-1,C:/Users/owner/Dropbox/Wzone/tmp/tmp2000/shp597_20001231b.shp,conf_id,-1,-1,C:/Users/owner/Dropbox/Wzone/tmp/tmp2000/shp616_20001231b.shp,conf_id,-1,-1,C:/Users/owner/Dropbox/Wzone/tmp/tmp2000/shp623_20001231b.shp,conf_id,-1,-1,C:/Users/owner/Dropbox/Wzone/tmp/tmp2000/shp624_20001231b.shp,conf_id,-1,-1,C:/Users/owner/Dropbox/Wzone/tmp/tmp2000/shp657_20001231b.shp,conf_id,-1,-1,C:/Users/owner/Dropbox/Wzone/tmp/tmp2000/shp658_20001231b.shp,conf_id,-1,-1,C:/Users/owner/Dropbox/Wzone/tmp/tmp2000/shp663_20001231b.shp,conf_id,-1,-1,C:/Users/owner/Dropbox/Wzone/tmp/tmp2000/shp688_20001231b.shp,conf_id,-1,-1,C:/Users/owner/Dropbox/Wzone/tmp/tmp2000/shp689_20001231b.shp,conf_id,-1,-1,C:/Users/owner/Dropbox/Wzone/tmp/tmp2000/shp714_20001231b.shp,conf_id,-1,-1,C:/Users/owner/Dropbox/Wzone/tmp/tmp2000/shp719_20001231b.shp,conf_id,-1,-1,C:/Users/owner/Dropbox/Wzone/tmp/tmp2000/shp735_20001231b.shp,conf_id,-1,-1,C:/Users/owner/Dropbox/Wzone/tmp/tmp2000/shp736_20001231b.shp,conf_id,-1,-1,C:/Users/owner/Dropbox/Wzone/tmp/tmp2000/shp739_20001231b.shp,conf_id,-1,-1,C:/Users/owner/Dropbox/Wzone/tmp/tmp2000/shp740_20001231b.shp,conf_id,-1,-1,C:/Users/owner/Dropbox/Wzone/tmp/tmp2000/shp753_20001231b.shp,conf_id,-1,-1,C:/Users/owner/Dropbox/Wzone/tmp/tmp2000/shp763_20001231b.shp,conf_id,-1,-1,C:/Users/owner/Dropbox/Wzone/tmp/tmp2000/shp768_20001231b.shp,conf_id,-1,-1,C:/Users/owner/Dropbox/Wzone/tmp/tmp2000/shp771_20001231b.shp,conf_id,-1,-1,C:/Users/owner/Dropbox/Wzone/tmp/tmp2000/shp781_20001231b.shp,conf_id,-1,-1,C:/Users/owner/Dropbox/Wzone/tmp/tmp2000/shp792_20001231b.shp,conf_id,-1,-1,C:/Users/owner/Dropbox/Wzone/tmp/tmp2000/shp793_20001231b.shp,conf_id,-1,-1,C:/Users/owner/Dropbox/Wzone/tmp/tmp2000/shp794_20001231b.shp,conf_id,-1,-1,C:/Users/owner/Dropbox/Wzone/tmp/tmp2000/shp806_20001231b.shp,conf_id,-1,-1,C:/Users/owner/Dropbox/Wzone/tmp/tmp2000/shp829_20001231b.shp,conf_id,-1,-1,C:/Users/owner/Dropbox/Wzone/tmp/tmp2000/shp830_20001231b.shp,conf_id,-1,-1,C:/Users/owner/Dropbox/Wzone/tmp/tmp2000/shp833_20001231b.shp,conf_id,-1,-1,C:/Users/owner/Dropbox/Wzone/tmp/tmp2000/shp864_20001231b.shp,conf_id,-1,-1,C:/Users/owner/Dropbox/Wzone/tmp/tmp2000/shp869_20001231b.shp,conf_id,-1,-1,C:/Users/owner/Dropbox/Wzone/tmp/tmp2000/shp877_20001231b.shp,conf_id,-1,-1,C:/Users/owner/Dropbox/Wzone/tmp/tmp2000/shp878_20001231b.shp,conf_id,-1,-1,C:/Users/owner/Dropbox/Wzone/tmp/tmp2000/shp885_20001231b.shp,conf_id,-1,-1,C:/Users/owner/Dropbox/Wzone/tmp/tmp2000/shp913_20001231b.shp,conf_id,-1,-1,C:/Users/owner/Dropbox/Wzone/tmp/tmp2000/shp914_20001231b.shp,conf_id,-1,-1,C:/Users/owner/Dropbox/Wzone/tmp/tmp2000/shp915_20001231b.shp,conf_id,-1,-1,C:/Users/owner/Dropbox/Wzone/tmp/tmp2000/shp920_20001231b.shp,conf_id,-1,-1,C:/Users/owner/Dropbox/Wzone/tmp/tmp2000/shp923_20001231b.shp,conf_id,-1,-1,C:/Users/owner/Dropbox/Wzone/tmp/tmp2000/shp926_20001231b.shp,conf_id,-1,-1,C:/Users/owner/Dropbox/Wzone/tmp/tmp2000/shp927_20001231b.shp,conf_id,-1,-1,C:/Users/owner/Dropbox/Wzone/tmp/tmp2000/shp928_20001231b.shp,conf_id,-1,-1,C:/Users/owner/Dropbox/Wzone/tmp/tmp2000/shp930_20001231b.shp,conf_id,-1,-1,C:/Users/owner/Dropbox/Wzone/tmp/tmp2000/shp931_20001231b.shp,conf_id,-1,-1,C:/Users/owner/Dropbox/Wzone/tmp/tmp2000/shp933_20001231b.shp,conf_id,-1,-1,C:/Users/owner/Dropbox/Wzone/tmp/tmp2000/shp934_20001231b.shp,conf_id,-1,-1,C:/Users/owner/Dropbox/Wzone/tmp/tmp2000/shp935_20001231b.shp,conf_id,-1,-1,C:/Users/owner/Dropbox/Wzone/tmp/tmp2000/shp936_20001231b.shp,conf_id,-1,-1,C:/Users/owner/Dropbox/Wzone/tmp/tmp2000/shp938_20001231b.shp,conf_id,-1,-1,C:/Users/owner/Dropbox/Wzone/tmp/tmp2000/shp942_20001231b.shp,conf_id,-1,-1,C:/Users/owner/Dropbox/Wzone/tmp/tmp2000/shp947_20001231b.shp,conf_id,-1,-1,C:/Users/owner/Dropbox/Wzone/tmp/tmp2000/shp948_20001231b.shp,conf_id,-1,-1,C:/Users/owner/Dropbox/Wzone/tmp/tmp2000/shp950_20001231b.shp,conf_id,-1,-1,C:/Users/owner/Dropbox/Wzone/tmp/tmp2000/shp951_20001231b.shp,conf_id,-1,-1,C:/Users/owner/Dropbox/Wzone/tmp/tmp2000/shp954_20001231b.shp,conf_id,-1,-1,C:/Users/owner/Dropbox/Wzone/tmp/tmp2000/shp955_20001231b.shp,conf_id,-1,-1,C:/Users/owner/Dropbox/Wzone/tmp/tmp2000/shp956_20001231b.shp,conf_id,-1,-1,C:/Users/owner/Dropbox/Wzone/tmp/tmp2000/shp957_20001231b.shp,conf_id,-1,-1,C:/Users/owner/Dropbox/Wzone/tmp/tmp2000/shp959_20001231b.shp,conf_id,-1,-1,C:/Users/owner/Dropbox/Wzone/tmp/tmp2000/shp960_20001231b.shp,conf_id,-1,-1,C:/Users/owner/Dropbox/Wzone/tmp/tmp2000/shp962_20001231b.shp,conf_id,-1,-1,C:/Users/owner/Dropbox/Wzone/tmp/tmp2000/shp963_20001231b.shp,conf_id,-1,-1,C:/Users/owner/Dropbox/Wzone/tmp/tmp2000/shp964_20001231b.shp,conf_id,-1,-1,C:/Users/owner/Dropbox/Wzone/tmp/tmp2000/shp965_20001231b.shp,conf_id,-1,-1,C:/Users/owner/Dropbox/Wzone/tmp/tmp2000/shp967_20001231b.shp,conf_id,-1,-1,C:/Users/owner/Dropbox/Wzone/tmp/tmp2000/shp968_20001231b.shp,conf_id,-1,-1,C:/Users/owner/Dropbox/Wzone/tmp/tmp2000/shp970_20001231b.shp,conf_id,-1,-1,C:/Users/owner/Dropbox/Wzone/tmp/tmp2000/shp974_20001231b.shp,conf_id,-1,-1,C:/Users/owner/Dropbox/Wzone/tmp/tmp2000/shp976_20001231b.shp,conf_id,-1,-1,C:/Users/owner/Dropbox/Wzone/tmp/tmp2000/shp977_20001231b.shp,conf_id,-1,-1,C:/Users/owner/Dropbox/Wzone/tmp/tmp2000/shp981_20001231b.shp,conf_id,-1,-1,C:/Users/owner/Dropbox/Wzone/tmp/tmp2000/shp983_20001231b.shp,conf_id,-1,-1,C:/Users/owner/Dropbox/Wzone/tmp/tmp2000/shp984_20001231b.shp,conf_id,-1,-1,C:/Users/owner/Dropbox/Wzone/tmp/tmp2000/shp987_20001231b.shp,conf_id,-1,-1,C:/Users/owner/Dropbox/Wzone/tmp/tmp2000/shp988_20001231b.shp,conf_id,-1,-1,C:/Users/owner/Dropbox/Wzone/tmp/tmp2000/shp989_20001231b.shp,conf_id,-1,-1,C:/Users/owner/Dropbox/Wzone/tmp/tmp2000/shp990_20001231b.shp,conf_id,-1,-1,C:/Users/owner/Dropbox/Wzone/tmp/tmp2000/shp991_20001231b.shp,conf_id,-1,-1,C:/Users/owner/Dropbox/Wzone/tmp/tmp2000/shp996_20001231b.shp,conf_id,-1,-1,C:/Users/owner/Dropbox/Wzone/tmp/tmp2000/shp998_20001231b.shp,conf_id,-1,-1,C:/Users/owner/Dropbox/Wzone/tmp/tmp2000/shp1007_20001231b.shp,conf_id,-1,-1,C:/Users/owner/Dropbox/Wzone/tmp/tmp2000/shp1012_20001231b.shp,conf_id,-1,-1,C:/Users/owner/Dropbox/Wzone/tmp/tmp2000/shp1013_20001231b.shp,conf_id,-1,-1,C:/Users/owner/Dropbox/Wzone/tmp/tmp2000/shp1015_20001231b.shp,conf_id,-1,-1,C:/Users/owner/Dropbox/Wzone/tmp/tmp2000/shp1019_20001231b.shp,conf_id,-1,-1,C:/Users/owner/Dropbox/Wzone/tmp/tmp2000/shp1026_20001231b.shp,conf_id,-1,-1,C:/Users/owner/Dropbox/Wzone/tmp/tmp2000/shp1027_20001231b.shp,conf_id,-1,-1,C:/Users/owner/Dropbox/Wzone/tmp/tmp2000/shp1039_20001231b.shp,conf_id,-1,-1,C:/Users/owner/Dropbox/Wzone/tmp/tmp2000/shp1045_20001231b.shp,conf_id,-1,-1,C:/Users/owner/Dropbox/Wzone/tmp/tmp2000/shp1056_20001231b.shp,conf_id,-1,-1,C:/Users/owner/Dropbox/Wzone/tmp/tmp2000/shp1072_20001231b.shp,conf_id,-1,-1,C:/Users/owner/Dropbox/Wzone/tmp/tmp2000/shp1073_20001231b.shp,conf_id,-1,-1,C:/Users/owner/Dropbox/Wzone/tmp/tmp2000/shp1077_20001231b.shp,conf_id,-1,-1,C:/Users/owner/Dropbox/Wzone/tmp/tmp2000/shp1167_20001231b.shp,conf_id,-1,-1,C:/Users/owner/Dropbox/Wzone/tmp/tmp2000/shp1199_20001231b.shp,conf_id,-1,-1,C:/Users/owner/Dropbox/Wzone/tmp/tmp2000/shp1204_20001231b.shp,conf_id,-1,-1,C:/Users/owner/Dropbox/Wzone/tmp/tmp2000/shp1301_20001231b.shp,conf_id,-1,-1,C:/Users/owner/Dropbox/Wzone/tmp/tmp2000/shp5188_20001231b.shp,conf_id,-1,-1,C:/Users/owner/Dropbox/Wzone/tmp/tmp2000/shp5196_20001231b.shp,conf_id,-1,-1,C:/Users/owner/Dropbox/Wzone/tmp/tmp2000/shp5201_20001231b.shp,conf_id,-1,-1,C:/Users/owner/Dropbox/Wzone/tmp/tmp2000/shp5222_20001231b.shp,conf_id,-1,-1,C:/Users/owner/Dropbox/Wzone/tmp/tmp2000/shp5247_20001231b.shp,conf_id,-1,-1,C:/Users/owner/Dropbox/Wzone/tmp/tmp2000/shp5282_20001231b.shp,conf_id,-1,-1,C:/Users/owner/Dropbox/Wzone/tmp/tmp2000/shp5293_20001231b.shp,conf_id,-1,-1,C:/Users/owner/Dropbox/Wzone/tmp/tmp2000/shp5313_20001231b.shp,conf_id,-1,-1,C:/Users/owner/Dropbox/Wzone/tmp/tmp2000/shp5324_20001231b.shp,conf_id,-1,-1,C:/Users/owner/Dropbox/Wzone/tmp/tmp2000/shp5338_20001231b.shp,conf_id,-1,-1,C:/Users/owner/Dropbox/Wzone/tmp/tmp2000/shp5349_20001231b.shp,conf_id,-1,-1,C:/Users/owner/Dropbox/Wzone/tmp/tmp2000/shp5352_20001231b.shp,conf_id,-1,-1,C:/Users/owner/Dropbox/Wzone/tmp/tmp2000/shp5405_20001231b.shp,conf_id,-1,-1,C:/Users/owner/Dropbox/Wzone/tmp/tmp2000/shp5505_20001231b.shp,conf_id,-1,-1,C:/Users/owner/Dropbox/Wzone/tmp/tmp2000/shp5512_20001231b.shp,conf_id,-1,-1,C:/Users/owner/Dropbox/Wzone/tmp/tmp2000/shp5513_20001231b.shp,conf_id,-1,-1,C:/Users/owner/Dropbox/Wzone/tmp/tmp2000/shp5570_20001231b.shp,conf_id,-1,-1,C:/Users/owner/Dropbox/Wzone/tmp/tmp2000/shp10264_20001231b.shp,conf_id,-1,-1,C:/Users/owner/Dropbox/Wzone/tmp/tmp2000/shp11123_20001231b.shp,conf_id,-1,-1,C:/Users/owner/Dropbox/Wzone/tmp/tmp2000/shp11932_20001231b.shp,conf_id,-1,-1,C:/Users/owner/Dropbox/Wzone/tmp/tmp2000/shp13869_20001231b.shp,conf_id,-1,-1,C:/Users/owner/Dropbox/Wzone/tmp/tmp2000/shp15558_20001231b.shp,conf_id,-1,-1,C:/Users/owner/Dropbox/Wzone/tmp/tmp2000/shp16900_20001231b.shp,conf_id,-1,-1;date "date" true true false 254 Text 0 0,First,#,C:/Users/owner/Dropbox/Wzone/tmp/tmp2000/shp411_20001231b.shp,date,0,253,C:/Users/owner/Dropbox/Wzone/tmp/tmp2000/shp422_20001231b.shp,date,0,253,C:/Users/owner/Dropbox/Wzone/tmp/tmp2000/shp428_20001231b.shp,date,0,253,C:/Users/owner/Dropbox/Wzone/tmp/tmp2000/shp451_20001231b.shp,date,0,253,C:/Users/owner/Dropbox/Wzone/tmp/tmp2000/shp452_20001231b.shp,date,0,253,C:/Users/owner/Dropbox/Wzone/tmp/tmp2000/shp474_20001231b.shp,date,0,253,C:/Users/owner/Dropbox/Wzone/tmp/tmp2000/shp475_20001231b.shp,date,0,253,C:/Users/owner/Dropbox/Wzone/tmp/tmp2000/shp477_20001231b.shp,date,0,253,C:/Users/owner/Dropbox/Wzone/tmp/tmp2000/shp478_20001231b.shp,date,0,253,C:/Users/owner/Dropbox/Wzone/tmp/tmp2000/shp479_20001231b.shp,date,0,253,C:/Users/owner/Dropbox/Wzone/tmp/tmp2000/shp508_20001231b.shp,date,0,253,C:/Users/owner/Dropbox/Wzone/tmp/tmp2000/shp511_20001231b.shp,date,0,253,C:/Users/owner/Dropbox/Wzone/tmp/tmp2000/shp550_20001231b.shp,date,0,253,C:/Users/owner/Dropbox/Wzone/tmp/tmp2000/shp562_20001231b.shp,date,0,253,C:/Users/owner/Dropbox/Wzone/tmp/tmp2000/shp586_20001231b.shp,date,0,253,C:/Users/owner/Dropbox/Wzone/tmp/tmp2000/shp597_20001231b.shp,date,0,253,C:/Users/owner/Dropbox/Wzone/tmp/tmp2000/shp616_20001231b.shp,date,0,253,C:/Users/owner/Dropbox/Wzone/tmp/tmp2000/shp623_20001231b.shp,date,0,253,C:/Users/owner/Dropbox/Wzone/tmp/tmp2000/shp624_20001231b.shp,date,0,253,C:/Users/owner/Dropbox/Wzone/tmp/tmp2000/shp657_20001231b.shp,date,0,253,C:/Users/owner/Dropbox/Wzone/tmp/tmp2000/shp658_20001231b.shp,date,0,253,C:/Users/owner/Dropbox/Wzone/tmp/tmp2000/shp663_20001231b.shp,date,0,253,C:/Users/owner/Dropbox/Wzone/tmp/tmp2000/shp688_20001231b.shp,date,0,253,C:/Users/owner/Dropbox/Wzone/tmp/tmp2000/shp689_20001231b.shp,date,0,253,C:/Users/owner/Dropbox/Wzone/tmp/tmp2000/shp714_20001231b.shp,date,0,253,C:/Users/owner/Dropbox/Wzone/tmp/tmp2000/shp719_20001231b.shp,date,0,253,C:/Users/owner/Dropbox/Wzone/tmp/tmp2000/shp735_20001231b.shp,date,0,253,C:/Users/owner/Dropbox/Wzone/tmp/tmp2000/shp736_20001231b.shp,date,0,253,C:/Users/owner/Dropbox/Wzone/tmp/tmp2000/shp739_20001231b.shp,date,0,253,C:/Users/owner/Dropbox/Wzone/tmp/tmp2000/shp740_20001231b.shp,date,0,253,C:/Users/owner/Dropbox/Wzone/tmp/tmp2000/shp753_20001231b.shp,date,0,253,C:/Users/owner/Dropbox/Wzone/tmp/tmp2000/shp763_20001231b.shp,date,0,253,C:/Users/owner/Dropbox/Wzone/tmp/tmp2000/shp768_20001231b.shp,date,0,253,C:/Users/owner/Dropbox/Wzone/tmp/tmp2000/shp771_20001231b.shp,date,0,253,C:/Users/owner/Dropbox/Wzone/tmp/tmp2000/shp781_20001231b.shp,date,0,253,C:/Users/owner/Dropbox/Wzone/tmp/tmp2000/shp792_20001231b.shp,date,0,253,C:/Users/owner/Dropbox/Wzone/tmp/tmp2000/shp793_20001231b.shp,date,0,253,C:/Users/owner/Dropbox/Wzone/tmp/tmp2000/shp794_20001231b.shp,date,0,253,C:/Users/owner/Dropbox/Wzone/tmp/tmp2000/shp806_20001231b.shp,date,0,253,C:/Users/owner/Dropbox/Wzone/tmp/tmp2000/shp829_20001231b.shp,date,0,253,C:/Users/owner/Dropbox/Wzone/tmp/tmp2000/shp830_20001231b.shp,date,0,253,C:/Users/owner/Dropbox/Wzone/tmp/tmp2000/shp833_20001231b.shp,date,0,253,C:/Users/owner/Dropbox/Wzone/tmp/tmp2000/shp864_20001231b.shp,date,0,253,C:/Users/owner/Dropbox/Wzone/tmp/tmp2000/shp869_20001231b.shp,date,0,253,C:/Users/owner/Dropbox/Wzone/tmp/tmp2000/shp877_20001231b.shp,date,0,253,C:/Users/owner/Dropbox/Wzone/tmp/tmp2000/shp878_20001231b.shp,date,0,253,C:/Users/owner/Dropbox/Wzone/tmp/tmp2000/shp885_20001231b.shp,date,0,253,C:/Users/owner/Dropbox/Wzone/tmp/tmp2000/shp913_20001231b.shp,date,0,253,C:/Users/owner/Dropbox/Wzone/tmp/tmp2000/shp914_20001231b.shp,date,0,253,C:/Users/owner/Dropbox/Wzone/tmp/tmp2000/shp915_20001231b.shp,date,0,253,C:/Users/owner/Dropbox/Wzone/tmp/tmp2000/shp920_20001231b.shp,date,0,253,C:/Users/owner/Dropbox/Wzone/tmp/tmp2000/shp923_20001231b.shp,date,0,253,C:/Users/owner/Dropbox/Wzone/tmp/tmp2000/shp926_20001231b.shp,date,0,253,C:/Users/owner/Dropbox/Wzone/tmp/tmp2000/shp927_20001231b.shp,date,0,253,C:/Users/owner/Dropbox/Wzone/tmp/tmp2000/shp928_20001231b.shp,date,0,253,C:/Users/owner/Dropbox/Wzone/tmp/tmp2000/shp930_20001231b.shp,date,0,253,C:/Users/owner/Dropbox/Wzone/tmp/tmp2000/shp931_20001231b.shp,date,0,253,C:/Users/owner/Dropbox/Wzone/tmp/tmp2000/shp933_20001231b.shp,date,0,253,C:/Users/owner/Dropbox/Wzone/tmp/tmp2000/shp934_20001231b.shp,date,0,253,C:/Users/owner/Dropbox/Wzone/tmp/tmp2000/shp935_20001231b.shp,date,0,253,C:/Users/owner/Dropbox/Wzone/tmp/tmp2000/shp936_20001231b.shp,date,0,253,C:/Users/owner/Dropbox/Wzone/tmp/tmp2000/shp938_20001231b.shp,date,0,253,C:/Users/owner/Dropbox/Wzone/tmp/tmp2000/shp942_20001231b.shp,date,0,253,C:/Users/owner/Dropbox/Wzone/tmp/tmp2000/shp947_20001231b.shp,date,0,253,C:/Users/owner/Dropbox/Wzone/tmp/tmp2000/shp948_20001231b.shp,date,0,253,C:/Users/owner/Dropbox/Wzone/tmp/tmp2000/shp950_20001231b.shp,date,0,253,C:/Users/owner/Dropbox/Wzone/tmp/tmp2000/shp951_20001231b.shp,date,0,253,C:/Users/owner/Dropbox/Wzone/tmp/tmp2000/shp954_20001231b.shp,date,0,253,C:/Users/owner/Dropbox/Wzone/tmp/tmp2000/shp955_20001231b.shp,date,0,253,C:/Users/owner/Dropbox/Wzone/tmp/tmp2000/shp956_20001231b.shp,date,0,253,C:/Users/owner/Dropbox/Wzone/tmp/tmp2000/shp957_20001231b.shp,date,0,253,C:/Users/owner/Dropbox/Wzone/tmp/tmp2000/shp959_20001231b.shp,date,0,253,C:/Users/owner/Dropbox/Wzone/tmp/tmp2000/shp960_20001231b.shp,date,0,253,C:/Users/owner/Dropbox/Wzone/tmp/tmp2000/shp962_20001231b.shp,date,0,253,C:/Users/owner/Dropbox/Wzone/tmp/tmp2000/shp963_20001231b.shp,date,0,253,C:/Users/owner/Dropbox/Wzone/tmp/tmp2000/shp964_20001231b.shp,date,0,253,C:/Users/owner/Dropbox/Wzone/tmp/tmp2000/shp965_20001231b.shp,date,0,253,C:/Users/owner/Dropbox/Wzone/tmp/tmp2000/shp967_20001231b.shp,date,0,253,C:/Users/owner/Dropbox/Wzone/tmp/tmp2000/shp968_20001231b.shp,date,0,253,C:/Users/owner/Dropbox/Wzone/tmp/tmp2000/shp970_20001231b.shp,date,0,253,C:/Users/owner/Dropbox/Wzone/tmp/tmp2000/shp974_20001231b.shp,date,0,253,C:/Users/owner/Dropbox/Wzone/tmp/tmp2000/shp976_20001231b.shp,date,0,253,C:/Users/owner/Dropbox/Wzone/tmp/tmp2000/shp977_20001231b.shp,date,0,253,C:/Users/owner/Dropbox/Wzone/tmp/tmp2000/shp981_20001231b.shp,date,0,253,C:/Users/owner/Dropbox/Wzone/tmp/tmp2000/shp983_20001231b.shp,date,0,253,C:/Users/owner/Dropbox/Wzone/tmp/tmp2000/shp984_20001231b.shp,date,0,253,C:/Users/owner/Dropbox/Wzone/tmp/tmp2000/shp987_20001231b.shp,date,0,253,C:/Users/owner/Dropbox/Wzone/tmp/tmp2000/shp988_20001231b.shp,date,0,253,C:/Users/owner/Dropbox/Wzone/tmp/tmp2000/shp989_20001231b.shp,date,0,253,C:/Users/owner/Dropbox/Wzone/tmp/tmp2000/shp990_20001231b.shp,date,0,253,C:/Users/owner/Dropbox/Wzone/tmp/tmp2000/shp991_20001231b.shp,date,0,253,C:/Users/owner/Dropbox/Wzone/tmp/tmp2000/shp996_20001231b.shp,date,0,253,C:/Users/owner/Dropbox/Wzone/tmp/tmp2000/shp998_20001231b.shp,date,0,253,C:/Users/owner/Dropbox/Wzone/tmp/tmp2000/shp1007_20001231b.shp,date,0,253,C:/Users/owner/Dropbox/Wzone/tmp/tmp2000/shp1012_20001231b.shp,date,0,253,C:/Users/owner/Dropbox/Wzone/tmp/tmp2000/shp1013_20001231b.shp,date,0,253,C:/Users/owner/Dropbox/Wzone/tmp/tmp2000/shp1015_20001231b.shp,date,0,253,C:/Users/owner/Dropbox/Wzone/tmp/tmp2000/shp1019_20001231b.shp,date,0,253,C:/Users/owner/Dropbox/Wzone/tmp/tmp2000/shp1026_20001231b.shp,date,0,253,C:/Users/owner/Dropbox/Wzone/tmp/tmp2000/shp1027_20001231b.shp,date,0,253,C:/Users/owner/Dropbox/Wzone/tmp/tmp2000/shp1039_20001231b.shp,date,0,253,C:/Users/owner/Dropbox/Wzone/tmp/tmp2000/shp1045_20001231b.shp,date,0,253,C:/Users/owner/Dropbox/Wzone/tmp/tmp2000/shp1056_20001231b.shp,date,0,253,C:/Users/owner/Dropbox/Wzone/tmp/tmp2000/shp1072_20001231b.shp,date,0,253,C:/Users/owner/Dropbox/Wzone/tmp/tmp2000/shp1073_20001231b.shp,date,0,253,C:/Users/owner/Dropbox/Wzone/tmp/tmp2000/shp1077_20001231b.shp,date,0,253,C:/Users/owner/Dropbox/Wzone/tmp/tmp2000/shp1167_20001231b.shp,date,0,253,C:/Users/owner/Dropbox/Wzone/tmp/tmp2000/shp1199_20001231b.shp,date,0,253,C:/Users/owner/Dropbox/Wzone/tmp/tmp2000/shp1204_20001231b.shp,date,0,253,C:/Users/owner/Dropbox/Wzone/tmp/tmp2000/shp1301_20001231b.shp,date,0,253,C:/Users/owner/Dropbox/Wzone/tmp/tmp2000/shp5188_20001231b.shp,date,0,253,C:/Users/owner/Dropbox/Wzone/tmp/tmp2000/shp5196_20001231b.shp,date,0,253,C:/Users/owner/Dropbox/Wzone/tmp/tmp2000/shp5201_20001231b.shp,date,0,253,C:/Users/owner/Dropbox/Wzone/tmp/tmp2000/shp5222_20001231b.shp,date,0,253,C:/Users/owner/Dropbox/Wzone/tmp/tmp2000/shp5247_20001231b.shp,date,0,253,C:/Users/owner/Dropbox/Wzone/tmp/tmp2000/shp5282_20001231b.shp,date,0,253,C:/Users/owner/Dropbox/Wzone/tmp/tmp2000/shp5293_20001231b.shp,date,0,253,C:/Users/owner/Dropbox/Wzone/tmp/tmp2000/shp5313_20001231b.shp,date,0,253,C:/Users/owner/Dropbox/Wzone/tmp/tmp2000/shp5324_20001231b.shp,date,0,253,C:/Users/owner/Dropbox/Wzone/tmp/tmp2000/shp5338_20001231b.shp,date,0,253,C:/Users/owner/Dropbox/Wzone/tmp/tmp2000/shp5349_20001231b.shp,date,0,253,C:/Users/owner/Dropbox/Wzone/tmp/tmp2000/shp5352_20001231b.shp,date,0,253,C:/Users/owner/Dropbox/Wzone/tmp/tmp2000/shp5405_20001231b.shp,date,0,253,C:/Users/owner/Dropbox/Wzone/tmp/tmp2000/shp5505_20001231b.shp,date,0,253,C:/Users/owner/Dropbox/Wzone/tmp/tmp2000/shp5512_20001231b.shp,date,0,253,C:/Users/owner/Dropbox/Wzone/tmp/tmp2000/shp5513_20001231b.shp,date,0,253,C:/Users/owner/Dropbox/Wzone/tmp/tmp2000/shp5570_20001231b.shp,date,0,253,C:/Users/owner/Dropbox/Wzone/tmp/tmp2000/shp10264_20001231b.shp,date,0,253,C:/Users/owner/Dropbox/Wzone/tmp/tmp2000/shp11123_20001231b.shp,date,0,253,C:/Users/owner/Dropbox/Wzone/tmp/tmp2000/shp11932_20001231b.shp,date,0,253,C:/Users/owner/Dropbox/Wzone/tmp/tmp2000/shp13869_20001231b.shp,date,0,253,C:/Users/owner/Dropbox/Wzone/tmp/tmp2000/shp15558_20001231b.shp,date,0,253,C:/Users/owner/Dropbox/Wzone/tmp/tmp2000/shp16900_20001231b.shp,date,0,253" NO_SOURCE_INFO</Process><Process ToolSource="c:\program files\arcgis\pro\Resources\ArcToolbox\toolboxes\Data Management Tools.tbx\DefineProjection" Date="20240715" Time="093507">DefineProjection C:/Users/owner/Dropbox/Wzone/out/wzone_shp/2000/2000_12_31.shp GEOGCS["GCS_WGS_1984",DATUM["D_WGS_1984",SPHEROID["WGS_1984",6378137.0,298.257223563]],PRIMEM["Greenwich",0.0],UNIT["Degree",0.0174532925199433]]</Process></lineage></DataProperties><SyncDate>20240715</SyncDate><SyncTime>09350400</SyncTime><ModDate>20240715</ModDate><ModTime>09350400</ModTime></Esri><dataIdInfo><envirDesc Sync="TRUE">Microsoft Windows 10 Version 10.0 (Build 19045) ; Esri ArcGIS 13.2.2.49743</envirDesc><dataLang><languageCode value="eng" Sync="TRUE"></languageCode><countryCode value="USA" Sync="TRUE"></countryCode></dataLang><idCitation><resTitle Sync="TRUE">2000_12_31</resTitle><presForm><PresFormCd value="005" Sync="TRUE"></PresFormCd></presForm></idCitation><spatRpType><SpatRepTypCd value="001" Sync="TRUE"></SpatRepTypCd></spatRpType></dataIdInfo><mdLang><languageCode value="eng" Sync="TRUE"></languageCode><countryCode value="USA" Sync="TRUE"></countryCode></mdLang><mdChar><CharSetCd value="004" Sync="TRUE"></CharSetCd></mdChar><distInfo><distFormat><formatName Sync="TRUE">Shapefile</formatName></distFormat><distTranOps><transSize Sync="TRUE">0.000</transSize></distTranOps></distInfo><mdHrLv><ScopeCd value="005" Sync="TRUE"></ScopeCd></mdHrLv><mdHrLvName Sync="TRUE">dataset</mdHrLvName><spatRepInfo><VectSpatRep><geometObjs Name="2000_12_31"><geoObjTyp><GeoObjTypCd value="002" Sync="TRUE"></GeoObjTypCd></geoObjTyp><geoObjCnt Sync="TRUE">0</geoObjCnt></geometObjs><topLvl><TopoLevCd value="001" Sync="TRUE"></TopoLevCd></topLvl></VectSpatRep></spatRepInfo><spdoinfo><ptvctinf><esriterm Name="2000_12_31"><efeatyp Sync="TRUE">Simple</efeatyp><efeageom code="4" Sync="TRUE"></efeageom><esritopo Sync="TRUE">FALSE</esritopo><efeacnt Sync="TRUE">0</efeacnt><spindex Sync="TRUE">FALSE</spindex><linrefer Sync="TRUE">FALSE</linrefer></esriterm></ptvctinf></spdoinfo><eainfo><detailed Name="2000_12_31"><enttyp><enttypl Sync="TRUE">2000_12_31</enttypl><enttypt Sync="TRUE">Feature Class</enttypt><enttypc Sync="TRUE">0</enttypc></enttyp><attr><attrlabl Sync="TRUE">FID</attrlabl><attalias Sync="TRUE">FID</attalias><attrtype Sync="TRUE">OID</attrtype><attwidth Sync="TRUE">4</attwidth><atprecis Sync="TRUE">0</atprecis><attscale Sync="TRUE">0</attscale><attrdef Sync="TRUE">Internal feature number.</attrdef><attrdefs Sync="TRUE">Esri</attrdefs><attrdomv><udom Sync="TRUE">Sequential unique whole numbers that are automatically generated.</udom></attrdomv></attr><attr><attrlabl Sync="TRUE">Shape</attrlabl><attalias Sync="TRUE">Shape</attalias><attrtype Sync="TRUE">Geometry</attrtype><attwidth Sync="TRUE">0</attwidth><atprecis Sync="TRUE">0</atprecis><attscale Sync="TRUE">0</attscale><attrdef Sync="TRUE">Feature geometry.</attrdef><attrdefs Sync="TRUE">Esri</attrdefs><attrdomv><udom Sync="TRUE">Coordinates defining the features.</udom></attrdomv></attr><attr><attrlabl Sync="TRUE">dyad_id</attrlabl><attalias Sync="TRUE">dyad_id</attalias><attrtype Sync="TRUE">Integer</attrtype><attwidth Sync="TRUE">5</attwidth><atprecis Sync="TRUE">5</atprecis><attscale Sync="TRUE">0</attscale></attr><attr><attrlabl Sync="TRUE">conf_id</attrlabl><attalias Sync="TRUE">conf_id</attalias><attrtype Sync="TRUE">Integer</attrtype><attwidth Sync="TRUE">5</attwidth><atprecis Sync="TRUE">5</atprecis><attscale Sync="TRUE">0</attscale></attr><attr><attrlabl Sync="TRUE">date</attrlabl><attalias Sync="TRUE">date</attalias><attrtype Sync="TRUE">String</attrtype><attwidth Sync="TRUE">254</attwidth><atprecis Sync="TRUE">0</atprecis><attscale Sync="TRUE">0</attscale></attr></detailed></eainfo><mdDateSt Sync="TRUE">20240715</mdDateSt></metadata>
