<?xml version="1.0" encoding="UTF-8"?>
<metadata xml:lang="en"><Esri><CreaDate>20240715</CreaDate><CreaTime>13070400</CreaTime><ArcGISFormat>1.0</ArcGISFormat><SyncOnce>FALSE</SyncOnce><DataProperties><itemProps><itemName Sync="TRUE">2001_12_31</itemName><imsContentType Sync="TRUE">002</imsContentType><itemSize Sync="TRUE">0.000</itemSize><itemLocation><linkage Sync="TRUE">file://\\DESKTOP-48J08HF\C$\Users\owner\Dropbox\Wzone\out\wzone_shp\2001\2001_12_31.shp</linkage><protocol Sync="TRUE">Local Area Network</protocol></itemLocation></itemProps><lineage><Process ToolSource="c:\program files\arcgis\pro\Resources\ArcToolbox\toolboxes\Analysis Tools.tbx\Select" Date="20240715" Time="130704">Select in_memory/shp2001411_20011231a C:\Users\owner\Dropbox\Wzone\tmp\tmp2001\shp411_20011231b.shp ""gridcode" &gt; 0"</Process><Process ToolSource="c:\program files\arcgis\pro\Resources\ArcToolbox\toolboxes\Data Management Tools.tbx\AddField" Date="20240715" Time="130704">AddField C:/Users/owner/Dropbox/Wzone/tmp/tmp2001/shp411_20011231b.shp dyad_id "Short (16-bit integer)" # # # # NULLABLE NON_REQUIRED #</Process><Process ToolSource="c:\program files\arcgis\pro\Resources\ArcToolbox\toolboxes\Data Management Tools.tbx\AddField" Date="20240715" Time="130704">AddField C:/Users/owner/Dropbox/Wzone/tmp/tmp2001/shp411_20011231b.shp conf_id "Short (16-bit integer)" # # # # NULLABLE NON_REQUIRED #</Process><Process ToolSource="c:\program files\arcgis\pro\Resources\ArcToolbox\toolboxes\Data Management Tools.tbx\AddField" Date="20240715" Time="130704">AddField C:/Users/owner/Dropbox/Wzone/tmp/tmp2001/shp411_20011231b.shp date Text # # # # NULLABLE NON_REQUIRED #</Process><Process ToolSource="c:\program files\arcgis\pro\Resources\ArcToolbox\toolboxes\Data Management Tools.tbx\DeleteField" Date="20240715" Time="130704">DeleteField C:/Users/owner/Dropbox/Wzone/tmp/tmp2001/shp411_20011231b.shp Id "Delete Fields"</Process><Process ToolSource="c:\program files\arcgis\pro\Resources\ArcToolbox\toolboxes\Data Management Tools.tbx\DeleteField" Date="20240715" Time="130704">DeleteField C:/Users/owner/Dropbox/Wzone/tmp/tmp2001/shp411_20011231b.shp gridcode "Delete Fields"</Process><Process ToolSource="c:\program files\arcgis\pro\Resources\ArcToolbox\toolboxes\Data Management Tools.tbx\Merge" Date="20240715" Time="131022">Merge C:/Users/owner/Dropbox/Wzone/tmp/tmp2001/shp411_20011231b.shp;C:/Users/owner/Dropbox/Wzone/tmp/tmp2001/shp422_20011231b.shp;C:/Users/owner/Dropbox/Wzone/tmp/tmp2001/shp428_20011231b.shp;C:/Users/owner/Dropbox/Wzone/tmp/tmp2001/shp451_20011231b.shp;C:/Users/owner/Dropbox/Wzone/tmp/tmp2001/shp452_20011231b.shp;C:/Users/owner/Dropbox/Wzone/tmp/tmp2001/shp474_20011231b.shp;C:/Users/owner/Dropbox/Wzone/tmp/tmp2001/shp475_20011231b.shp;C:/Users/owner/Dropbox/Wzone/tmp/tmp2001/shp477_20011231b.shp;C:/Users/owner/Dropbox/Wzone/tmp/tmp2001/shp478_20011231b.shp;C:/Users/owner/Dropbox/Wzone/tmp/tmp2001/shp479_20011231b.shp;C:/Users/owner/Dropbox/Wzone/tmp/tmp2001/shp480_20011231b.shp;C:/Users/owner/Dropbox/Wzone/tmp/tmp2001/shp508_20011231b.shp;C:/Users/owner/Dropbox/Wzone/tmp/tmp2001/shp511_20011231b.shp;C:/Users/owner/Dropbox/Wzone/tmp/tmp2001/shp550_20011231b.shp;C:/Users/owner/Dropbox/Wzone/tmp/tmp2001/shp562_20011231b.shp;C:/Users/owner/Dropbox/Wzone/tmp/tmp2001/shp597_20011231b.shp;C:/Users/owner/Dropbox/Wzone/tmp/tmp2001/shp623_20011231b.shp;C:/Users/owner/Dropbox/Wzone/tmp/tmp2001/shp624_20011231b.shp;C:/Users/owner/Dropbox/Wzone/tmp/tmp2001/shp657_20011231b.shp;C:/Users/owner/Dropbox/Wzone/tmp/tmp2001/shp658_20011231b.shp;C:/Users/owner/Dropbox/Wzone/tmp/tmp2001/shp659_20011231b.shp;C:/Users/owner/Dropbox/Wzone/tmp/tmp2001/shp663_20011231b.shp;C:/Users/owner/Dropbox/Wzone/tmp/tmp2001/shp688_20011231b.shp;C:/Users/owner/Dropbox/Wzone/tmp/tmp2001/shp689_20011231b.shp;C:/Users/owner/Dropbox/Wzone/tmp/tmp2001/shp712_20011231b.shp;C:/Users/owner/Dropbox/Wzone/tmp/tmp2001/shp714_20011231b.shp;C:/Users/owner/Dropbox/Wzone/tmp/tmp2001/shp719_20011231b.shp;C:/Users/owner/Dropbox/Wzone/tmp/tmp2001/shp735_20011231b.shp;C:/Users/owner/Dropbox/Wzone/tmp/tmp2001/shp736_20011231b.shp;C:/Users/owner/Dropbox/Wzone/tmp/tmp2001/shp739_20011231b.shp;C:/Users/owner/Dropbox/Wzone/tmp/tmp2001/shp740_20011231b.shp;C:/Users/owner/Dropbox/Wzone/tmp/tmp2001/shp753_20011231b.shp;C:/Users/owner/Dropbox/Wzone/tmp/tmp2001/shp761_20011231b.shp;C:/Users/owner/Dropbox/Wzone/tmp/tmp2001/shp763_20011231b.shp;C:/Users/owner/Dropbox/Wzone/tmp/tmp2001/shp768_20011231b.shp;C:/Users/owner/Dropbox/Wzone/tmp/tmp2001/shp771_20011231b.shp;C:/Users/owner/Dropbox/Wzone/tmp/tmp2001/shp781_20011231b.shp;C:/Users/owner/Dropbox/Wzone/tmp/tmp2001/shp792_20011231b.shp;C:/Users/owner/Dropbox/Wzone/tmp/tmp2001/shp793_20011231b.shp;C:/Users/owner/Dropbox/Wzone/tmp/tmp2001/shp794_20011231b.shp;C:/Users/owner/Dropbox/Wzone/tmp/tmp2001/shp806_20011231b.shp;C:/Users/owner/Dropbox/Wzone/tmp/tmp2001/shp830_20011231b.shp;C:/Users/owner/Dropbox/Wzone/tmp/tmp2001/shp832_20011231b.shp;C:/Users/owner/Dropbox/Wzone/tmp/tmp2001/shp833_20011231b.shp;C:/Users/owner/Dropbox/Wzone/tmp/tmp2001/shp864_20011231b.shp;C:/Users/owner/Dropbox/Wzone/tmp/tmp2001/shp869_20011231b.shp;C:/Users/owner/Dropbox/Wzone/tmp/tmp2001/shp878_20011231b.shp;C:/Users/owner/Dropbox/Wzone/tmp/tmp2001/shp885_20011231b.shp;C:/Users/owner/Dropbox/Wzone/tmp/tmp2001/shp894_20011231b.shp;C:/Users/owner/Dropbox/Wzone/tmp/tmp2001/shp913_20011231b.shp;C:/Users/owner/Dropbox/Wzone/tmp/tmp2001/shp914_20011231b.shp;C:/Users/owner/Dropbox/Wzone/tmp/tmp2001/shp915_20011231b.shp;C:/Users/owner/Dropbox/Wzone/tmp/tmp2001/shp920_20011231b.shp;C:/Users/owner/Dropbox/Wzone/tmp/tmp2001/shp926_20011231b.shp;C:/Users/owner/Dropbox/Wzone/tmp/tmp2001/shp927_20011231b.shp;C:/Users/owner/Dropbox/Wzone/tmp/tmp2001/shp928_20011231b.shp;C:/Users/owner/Dropbox/Wzone/tmp/tmp2001/shp930_20011231b.shp;C:/Users/owner/Dropbox/Wzone/tmp/tmp2001/shp931_20011231b.shp;C:/Users/owner/Dropbox/Wzone/tmp/tmp2001/shp933_20011231b.shp;C:/Users/owner/Dropbox/Wzone/tmp/tmp2001/shp934_20011231b.shp;C:/Users/owner/Dropbox/Wzone/tmp/tmp2001/shp935_20011231b.shp;C:/Users/owner/Dropbox/Wzone/tmp/tmp2001/shp936_20011231b.shp;C:/Users/owner/Dropbox/Wzone/tmp/tmp2001/shp938_20011231b.shp;C:/Users/owner/Dropbox/Wzone/tmp/tmp2001/shp941_20011231b.shp;C:/Users/owner/Dropbox/Wzone/tmp/tmp2001/shp942_20011231b.shp;C:/Users/owner/Dropbox/Wzone/tmp/tmp2001/shp947_20011231b.shp;C:/Users/owner/Dropbox/Wzone/tmp/tmp2001/shp948_20011231b.shp;C:/Users/owner/Dropbox/Wzone/tmp/tmp2001/shp950_20011231b.shp;C:/Users/owner/Dropbox/Wzone/tmp/tmp2001/shp951_20011231b.shp;C:/Users/owner/Dropbox/Wzone/tmp/tmp2001/shp954_20011231b.shp;C:/Users/owner/Dropbox/Wzone/tmp/tmp2001/shp955_20011231b.shp;C:/Users/owner/Dropbox/Wzone/tmp/tmp2001/shp956_20011231b.shp;C:/Users/owner/Dropbox/Wzone/tmp/tmp2001/shp957_20011231b.shp;C:/Users/owner/Dropbox/Wzone/tmp/tmp2001/shp959_20011231b.shp;C:/Users/owner/Dropbox/Wzone/tmp/tmp2001/shp960_20011231b.shp;C:/Users/owner/Dropbox/Wzone/tmp/tmp2001/shp962_20011231b.shp;C:/Users/owner/Dropbox/Wzone/tmp/tmp2001/shp963_20011231b.shp;C:/Users/owner/Dropbox/Wzone/tmp/tmp2001/shp964_20011231b.shp;C:/Users/owner/Dropbox/Wzone/tmp/tmp2001/shp965_20011231b.shp;C:/Users/owner/Dropbox/Wzone/tmp/tmp2001/shp967_20011231b.shp;C:/Users/owner/Dropbox/Wzone/tmp/tmp2001/shp968_20011231b.shp;C:/Users/owner/Dropbox/Wzone/tmp/tmp2001/shp969_20011231b.shp;C:/Users/owner/Dropbox/Wzone/tmp/tmp2001/shp970_20011231b.shp;C:/Users/owner/Dropbox/Wzone/tmp/tmp2001/shp974_20011231b.shp;C:/Users/owner/Dropbox/Wzone/tmp/tmp2001/shp976_20011231b.shp;C:/Users/owner/Dropbox/Wzone/tmp/tmp2001/shp977_20011231b.shp;C:/Users/owner/Dropbox/Wzone/tmp/tmp2001/shp981_20011231b.shp;C:/Users/owner/Dropbox/Wzone/tmp/tmp2001/shp984_20011231b.shp;C:/Users/owner/Dropbox/Wzone/tmp/tmp2001/shp987_20011231b.shp;C:/Users/owner/Dropbox/Wzone/tmp/tmp2001/shp988_20011231b.shp;C:/Users/owner/Dropbox/Wzone/tmp/tmp2001/shp989_20011231b.shp;C:/Users/owner/Dropbox/Wzone/tmp/tmp2001/shp990_20011231b.shp;C:/Users/owner/Dropbox/Wzone/tmp/tmp2001/shp991_20011231b.shp;C:/Users/owner/Dropbox/Wzone/tmp/tmp2001/shp996_20011231b.shp;C:/Users/owner/Dropbox/Wzone/tmp/tmp2001/shp998_20011231b.shp;C:/Users/owner/Dropbox/Wzone/tmp/tmp2001/shp1007_20011231b.shp;C:/Users/owner/Dropbox/Wzone/tmp/tmp2001/shp1012_20011231b.shp;C:/Users/owner/Dropbox/Wzone/tmp/tmp2001/shp1013_20011231b.shp;C:/Users/owner/Dropbox/Wzone/tmp/tmp2001/shp1015_20011231b.shp;C:/Users/owner/Dropbox/Wzone/tmp/tmp2001/shp1019_20011231b.shp;C:/Users/owner/Dropbox/Wzone/tmp/tmp2001/shp1026_20011231b.shp;C:/Users/owner/Dropbox/Wzone/tmp/tmp2001/shp1033_20011231b.shp;C:/Users/owner/Dropbox/Wzone/tmp/tmp2001/shp1036_20011231b.shp;C:/Users/owner/Dropbox/Wzone/tmp/tmp2001/shp1039_20011231b.shp;C:/Users/owner/Dropbox/Wzone/tmp/tmp2001/shp1045_20011231b.shp;C:/Users/owner/Dropbox/Wzone/tmp/tmp2001/shp1053_20011231b.shp;C:/Users/owner/Dropbox/Wzone/tmp/tmp2001/shp1056_20011231b.shp;C:/Users/owner/Dropbox/Wzone/tmp/tmp2001/shp1072_20011231b.shp;C:/Users/owner/Dropbox/Wzone/tmp/tmp2001/shp1073_20011231b.shp;C:/Users/owner/Dropbox/Wzone/tmp/tmp2001/shp1077_20011231b.shp;C:/Users/owner/Dropbox/Wzone/tmp/tmp2001/shp1167_20011231b.shp;C:/Users/owner/Dropbox/Wzone/tmp/tmp2001/shp1199_20011231b.shp;C:/Users/owner/Dropbox/Wzone/tmp/tmp2001/shp1204_20011231b.shp;C:/Users/owner/Dropbox/Wzone/tmp/tmp2001/shp1301_20011231b.shp;C:/Users/owner/Dropbox/Wzone/tmp/tmp2001/shp5188_20011231b.shp;C:/Users/owner/Dropbox/Wzone/tmp/tmp2001/shp5190_20011231b.shp;C:/Users/owner/Dropbox/Wzone/tmp/tmp2001/shp5196_20011231b.shp;C:/Users/owner/Dropbox/Wzone/tmp/tmp2001/shp5201_20011231b.shp;C:/Users/owner/Dropbox/Wzone/tmp/tmp2001/shp5222_20011231b.shp;C:/Users/owner/Dropbox/Wzone/tmp/tmp2001/shp5247_20011231b.shp;C:/Users/owner/Dropbox/Wzone/tmp/tmp2001/shp5282_20011231b.shp;C:/Users/owner/Dropbox/Wzone/tmp/tmp2001/shp5289_20011231b.shp;C:/Users/owner/Dropbox/Wzone/tmp/tmp2001/shp5293_20011231b.shp;C:/Users/owner/Dropbox/Wzone/tmp/tmp2001/shp5313_20011231b.shp;C:/Users/owner/Dropbox/Wzone/tmp/tmp2001/shp5314_20011231b.shp;C:/Users/owner/Dropbox/Wzone/tmp/tmp2001/shp5324_20011231b.shp;C:/Users/owner/Dropbox/Wzone/tmp/tmp2001/shp5338_20011231b.shp;C:/Users/owner/Dropbox/Wzone/tmp/tmp2001/shp5349_20011231b.shp;C:/Users/owner/Dropbox/Wzone/tmp/tmp2001/shp5352_20011231b.shp;C:/Users/owner/Dropbox/Wzone/tmp/tmp2001/shp5505_20011231b.shp;C:/Users/owner/Dropbox/Wzone/tmp/tmp2001/shp5512_20011231b.shp;C:/Users/owner/Dropbox/Wzone/tmp/tmp2001/shp5513_20011231b.shp;C:/Users/owner/Dropbox/Wzone/tmp/tmp2001/shp5570_20011231b.shp;C:/Users/owner/Dropbox/Wzone/tmp/tmp2001/shp10264_20011231b.shp;C:/Users/owner/Dropbox/Wzone/tmp/tmp2001/shp10985_20011231b.shp;C:/Users/owner/Dropbox/Wzone/tmp/tmp2001/shp11123_20011231b.shp;C:/Users/owner/Dropbox/Wzone/tmp/tmp2001/shp11932_20011231b.shp;C:/Users/owner/Dropbox/Wzone/tmp/tmp2001/shp12102_20011231b.shp;C:/Users/owner/Dropbox/Wzone/tmp/tmp2001/shp15558_20011231b.shp C:\Users\owner\Dropbox\Wzone\out\wzone_shp\2001\2001_12_31.shp "dyad_id "dyad_id" true true false 5 Long 0 5,First,#,C:/Users/owner/Dropbox/Wzone/tmp/tmp2001/shp411_20011231b.shp,dyad_id,-1,-1,C:/Users/owner/Dropbox/Wzone/tmp/tmp2001/shp422_20011231b.shp,dyad_id,-1,-1,C:/Users/owner/Dropbox/Wzone/tmp/tmp2001/shp428_20011231b.shp,dyad_id,-1,-1,C:/Users/owner/Dropbox/Wzone/tmp/tmp2001/shp451_20011231b.shp,dyad_id,-1,-1,C:/Users/owner/Dropbox/Wzone/tmp/tmp2001/shp452_20011231b.shp,dyad_id,-1,-1,C:/Users/owner/Dropbox/Wzone/tmp/tmp2001/shp474_20011231b.shp,dyad_id,-1,-1,C:/Users/owner/Dropbox/Wzone/tmp/tmp2001/shp475_20011231b.shp,dyad_id,-1,-1,C:/Users/owner/Dropbox/Wzone/tmp/tmp2001/shp477_20011231b.shp,dyad_id,-1,-1,C:/Users/owner/Dropbox/Wzone/tmp/tmp2001/shp478_20011231b.shp,dyad_id,-1,-1,C:/Users/owner/Dropbox/Wzone/tmp/tmp2001/shp479_20011231b.shp,dyad_id,-1,-1,C:/Users/owner/Dropbox/Wzone/tmp/tmp2001/shp480_20011231b.shp,dyad_id,-1,-1,C:/Users/owner/Dropbox/Wzone/tmp/tmp2001/shp508_20011231b.shp,dyad_id,-1,-1,C:/Users/owner/Dropbox/Wzone/tmp/tmp2001/shp511_20011231b.shp,dyad_id,-1,-1,C:/Users/owner/Dropbox/Wzone/tmp/tmp2001/shp550_20011231b.shp,dyad_id,-1,-1,C:/Users/owner/Dropbox/Wzone/tmp/tmp2001/shp562_20011231b.shp,dyad_id,-1,-1,C:/Users/owner/Dropbox/Wzone/tmp/tmp2001/shp597_20011231b.shp,dyad_id,-1,-1,C:/Users/owner/Dropbox/Wzone/tmp/tmp2001/shp623_20011231b.shp,dyad_id,-1,-1,C:/Users/owner/Dropbox/Wzone/tmp/tmp2001/shp624_20011231b.shp,dyad_id,-1,-1,C:/Users/owner/Dropbox/Wzone/tmp/tmp2001/shp657_20011231b.shp,dyad_id,-1,-1,C:/Users/owner/Dropbox/Wzone/tmp/tmp2001/shp658_20011231b.shp,dyad_id,-1,-1,C:/Users/owner/Dropbox/Wzone/tmp/tmp2001/shp659_20011231b.shp,dyad_id,-1,-1,C:/Users/owner/Dropbox/Wzone/tmp/tmp2001/shp663_20011231b.shp,dyad_id,-1,-1,C:/Users/owner/Dropbox/Wzone/tmp/tmp2001/shp688_20011231b.shp,dyad_id,-1,-1,C:/Users/owner/Dropbox/Wzone/tmp/tmp2001/shp689_20011231b.shp,dyad_id,-1,-1,C:/Users/owner/Dropbox/Wzone/tmp/tmp2001/shp712_20011231b.shp,dyad_id,-1,-1,C:/Users/owner/Dropbox/Wzone/tmp/tmp2001/shp714_20011231b.shp,dyad_id,-1,-1,C:/Users/owner/Dropbox/Wzone/tmp/tmp2001/shp719_20011231b.shp,dyad_id,-1,-1,C:/Users/owner/Dropbox/Wzone/tmp/tmp2001/shp735_20011231b.shp,dyad_id,-1,-1,C:/Users/owner/Dropbox/Wzone/tmp/tmp2001/shp736_20011231b.shp,dyad_id,-1,-1,C:/Users/owner/Dropbox/Wzone/tmp/tmp2001/shp739_20011231b.shp,dyad_id,-1,-1,C:/Users/owner/Dropbox/Wzone/tmp/tmp2001/shp740_20011231b.shp,dyad_id,-1,-1,C:/Users/owner/Dropbox/Wzone/tmp/tmp2001/shp753_20011231b.shp,dyad_id,-1,-1,C:/Users/owner/Dropbox/Wzone/tmp/tmp2001/shp761_20011231b.shp,dyad_id,-1,-1,C:/Users/owner/Dropbox/Wzone/tmp/tmp2001/shp763_20011231b.shp,dyad_id,-1,-1,C:/Users/owner/Dropbox/Wzone/tmp/tmp2001/shp768_20011231b.shp,dyad_id,-1,-1,C:/Users/owner/Dropbox/Wzone/tmp/tmp2001/shp771_20011231b.shp,dyad_id,-1,-1,C:/Users/owner/Dropbox/Wzone/tmp/tmp2001/shp781_20011231b.shp,dyad_id,-1,-1,C:/Users/owner/Dropbox/Wzone/tmp/tmp2001/shp792_20011231b.shp,dyad_id,-1,-1,C:/Users/owner/Dropbox/Wzone/tmp/tmp2001/shp793_20011231b.shp,dyad_id,-1,-1,C:/Users/owner/Dropbox/Wzone/tmp/tmp2001/shp794_20011231b.shp,dyad_id,-1,-1,C:/Users/owner/Dropbox/Wzone/tmp/tmp2001/shp806_20011231b.shp,dyad_id,-1,-1,C:/Users/owner/Dropbox/Wzone/tmp/tmp2001/shp830_20011231b.shp,dyad_id,-1,-1,C:/Users/owner/Dropbox/Wzone/tmp/tmp2001/shp832_20011231b.shp,dyad_id,-1,-1,C:/Users/owner/Dropbox/Wzone/tmp/tmp2001/shp833_20011231b.shp,dyad_id,-1,-1,C:/Users/owner/Dropbox/Wzone/tmp/tmp2001/shp864_20011231b.shp,dyad_id,-1,-1,C:/Users/owner/Dropbox/Wzone/tmp/tmp2001/shp869_20011231b.shp,dyad_id,-1,-1,C:/Users/owner/Dropbox/Wzone/tmp/tmp2001/shp878_20011231b.shp,dyad_id,-1,-1,C:/Users/owner/Dropbox/Wzone/tmp/tmp2001/shp885_20011231b.shp,dyad_id,-1,-1,C:/Users/owner/Dropbox/Wzone/tmp/tmp2001/shp894_20011231b.shp,dyad_id,-1,-1,C:/Users/owner/Dropbox/Wzone/tmp/tmp2001/shp913_20011231b.shp,dyad_id,-1,-1,C:/Users/owner/Dropbox/Wzone/tmp/tmp2001/shp914_20011231b.shp,dyad_id,-1,-1,C:/Users/owner/Dropbox/Wzone/tmp/tmp2001/shp915_20011231b.shp,dyad_id,-1,-1,C:/Users/owner/Dropbox/Wzone/tmp/tmp2001/shp920_20011231b.shp,dyad_id,-1,-1,C:/Users/owner/Dropbox/Wzone/tmp/tmp2001/shp926_20011231b.shp,dyad_id,-1,-1,C:/Users/owner/Dropbox/Wzone/tmp/tmp2001/shp927_20011231b.shp,dyad_id,-1,-1,C:/Users/owner/Dropbox/Wzone/tmp/tmp2001/shp928_20011231b.shp,dyad_id,-1,-1,C:/Users/owner/Dropbox/Wzone/tmp/tmp2001/shp930_20011231b.shp,dyad_id,-1,-1,C:/Users/owner/Dropbox/Wzone/tmp/tmp2001/shp931_20011231b.shp,dyad_id,-1,-1,C:/Users/owner/Dropbox/Wzone/tmp/tmp2001/shp933_20011231b.shp,dyad_id,-1,-1,C:/Users/owner/Dropbox/Wzone/tmp/tmp2001/shp934_20011231b.shp,dyad_id,-1,-1,C:/Users/owner/Dropbox/Wzone/tmp/tmp2001/shp935_20011231b.shp,dyad_id,-1,-1,C:/Users/owner/Dropbox/Wzone/tmp/tmp2001/shp936_20011231b.shp,dyad_id,-1,-1,C:/Users/owner/Dropbox/Wzone/tmp/tmp2001/shp938_20011231b.shp,dyad_id,-1,-1,C:/Users/owner/Dropbox/Wzone/tmp/tmp2001/shp941_20011231b.shp,dyad_id,-1,-1,C:/Users/owner/Dropbox/Wzone/tmp/tmp2001/shp942_20011231b.shp,dyad_id,-1,-1,C:/Users/owner/Dropbox/Wzone/tmp/tmp2001/shp947_20011231b.shp,dyad_id,-1,-1,C:/Users/owner/Dropbox/Wzone/tmp/tmp2001/shp948_20011231b.shp,dyad_id,-1,-1,C:/Users/owner/Dropbox/Wzone/tmp/tmp2001/shp950_20011231b.shp,dyad_id,-1,-1,C:/Users/owner/Dropbox/Wzone/tmp/tmp2001/shp951_20011231b.shp,dyad_id,-1,-1,C:/Users/owner/Dropbox/Wzone/tmp/tmp2001/shp954_20011231b.shp,dyad_id,-1,-1,C:/Users/owner/Dropbox/Wzone/tmp/tmp2001/shp955_20011231b.shp,dyad_id,-1,-1,C:/Users/owner/Dropbox/Wzone/tmp/tmp2001/shp956_20011231b.shp,dyad_id,-1,-1,C:/Users/owner/Dropbox/Wzone/tmp/tmp2001/shp957_20011231b.shp,dyad_id,-1,-1,C:/Users/owner/Dropbox/Wzone/tmp/tmp2001/shp959_20011231b.shp,dyad_id,-1,-1,C:/Users/owner/Dropbox/Wzone/tmp/tmp2001/shp960_20011231b.shp,dyad_id,-1,-1,C:/Users/owner/Dropbox/Wzone/tmp/tmp2001/shp962_20011231b.shp,dyad_id,-1,-1,C:/Users/owner/Dropbox/Wzone/tmp/tmp2001/shp963_20011231b.shp,dyad_id,-1,-1,C:/Users/owner/Dropbox/Wzone/tmp/tmp2001/shp964_20011231b.shp,dyad_id,-1,-1,C:/Users/owner/Dropbox/Wzone/tmp/tmp2001/shp965_20011231b.shp,dyad_id,-1,-1,C:/Users/owner/Dropbox/Wzone/tmp/tmp2001/shp967_20011231b.shp,dyad_id,-1,-1,C:/Users/owner/Dropbox/Wzone/tmp/tmp2001/shp968_20011231b.shp,dyad_id,-1,-1,C:/Users/owner/Dropbox/Wzone/tmp/tmp2001/shp969_20011231b.shp,dyad_id,-1,-1,C:/Users/owner/Dropbox/Wzone/tmp/tmp2001/shp970_20011231b.shp,dyad_id,-1,-1,C:/Users/owner/Dropbox/Wzone/tmp/tmp2001/shp974_20011231b.shp,dyad_id,-1,-1,C:/Users/owner/Dropbox/Wzone/tmp/tmp2001/shp976_20011231b.shp,dyad_id,-1,-1,C:/Users/owner/Dropbox/Wzone/tmp/tmp2001/shp977_20011231b.shp,dyad_id,-1,-1,C:/Users/owner/Dropbox/Wzone/tmp/tmp2001/shp981_20011231b.shp,dyad_id,-1,-1,C:/Users/owner/Dropbox/Wzone/tmp/tmp2001/shp984_20011231b.shp,dyad_id,-1,-1,C:/Users/owner/Dropbox/Wzone/tmp/tmp2001/shp987_20011231b.shp,dyad_id,-1,-1,C:/Users/owner/Dropbox/Wzone/tmp/tmp2001/shp988_20011231b.shp,dyad_id,-1,-1,C:/Users/owner/Dropbox/Wzone/tmp/tmp2001/shp989_20011231b.shp,dyad_id,-1,-1,C:/Users/owner/Dropbox/Wzone/tmp/tmp2001/shp990_20011231b.shp,dyad_id,-1,-1,C:/Users/owner/Dropbox/Wzone/tmp/tmp2001/shp991_20011231b.shp,dyad_id,-1,-1,C:/Users/owner/Dropbox/Wzone/tmp/tmp2001/shp996_20011231b.shp,dyad_id,-1,-1,C:/Users/owner/Dropbox/Wzone/tmp/tmp2001/shp998_20011231b.shp,dyad_id,-1,-1,C:/Users/owner/Dropbox/Wzone/tmp/tmp2001/shp1007_20011231b.shp,dyad_id,-1,-1,C:/Users/owner/Dropbox/Wzone/tmp/tmp2001/shp1012_20011231b.shp,dyad_id,-1,-1,C:/Users/owner/Dropbox/Wzone/tmp/tmp2001/shp1013_20011231b.shp,dyad_id,-1,-1,C:/Users/owner/Dropbox/Wzone/tmp/tmp2001/shp1015_20011231b.shp,dyad_id,-1,-1,C:/Users/owner/Dropbox/Wzone/tmp/tmp2001/shp1019_20011231b.shp,dyad_id,-1,-1,C:/Users/owner/Dropbox/Wzone/tmp/tmp2001/shp1026_20011231b.shp,dyad_id,-1,-1,C:/Users/owner/Dropbox/Wzone/tmp/tmp2001/shp1033_20011231b.shp,dyad_id,-1,-1,C:/Users/owner/Dropbox/Wzone/tmp/tmp2001/shp1036_20011231b.shp,dyad_id,-1,-1,C:/Users/owner/Dropbox/Wzone/tmp/tmp2001/shp1039_20011231b.shp,dyad_id,-1,-1,C:/Users/owner/Dropbox/Wzone/tmp/tmp2001/shp1045_20011231b.shp,dyad_id,-1,-1,C:/Users/owner/Dropbox/Wzone/tmp/tmp2001/shp1053_20011231b.shp,dyad_id,-1,-1,C:/Users/owner/Dropbox/Wzone/tmp/tmp2001/shp1056_20011231b.shp,dyad_id,-1,-1,C:/Users/owner/Dropbox/Wzone/tmp/tmp2001/shp1072_20011231b.shp,dyad_id,-1,-1,C:/Users/owner/Dropbox/Wzone/tmp/tmp2001/shp1073_20011231b.shp,dyad_id,-1,-1,C:/Users/owner/Dropbox/Wzone/tmp/tmp2001/shp1077_20011231b.shp,dyad_id,-1,-1,C:/Users/owner/Dropbox/Wzone/tmp/tmp2001/shp1167_20011231b.shp,dyad_id,-1,-1,C:/Users/owner/Dropbox/Wzone/tmp/tmp2001/shp1199_20011231b.shp,dyad_id,-1,-1,C:/Users/owner/Dropbox/Wzone/tmp/tmp2001/shp1204_20011231b.shp,dyad_id,-1,-1,C:/Users/owner/Dropbox/Wzone/tmp/tmp2001/shp1301_20011231b.shp,dyad_id,-1,-1,C:/Users/owner/Dropbox/Wzone/tmp/tmp2001/shp5188_20011231b.shp,dyad_id,-1,-1,C:/Users/owner/Dropbox/Wzone/tmp/tmp2001/shp5190_20011231b.shp,dyad_id,-1,-1,C:/Users/owner/Dropbox/Wzone/tmp/tmp2001/shp5196_20011231b.shp,dyad_id,-1,-1,C:/Users/owner/Dropbox/Wzone/tmp/tmp2001/shp5201_20011231b.shp,dyad_id,-1,-1,C:/Users/owner/Dropbox/Wzone/tmp/tmp2001/shp5222_20011231b.shp,dyad_id,-1,-1,C:/Users/owner/Dropbox/Wzone/tmp/tmp2001/shp5247_20011231b.shp,dyad_id,-1,-1,C:/Users/owner/Dropbox/Wzone/tmp/tmp2001/shp5282_20011231b.shp,dyad_id,-1,-1,C:/Users/owner/Dropbox/Wzone/tmp/tmp2001/shp5289_20011231b.shp,dyad_id,-1,-1,C:/Users/owner/Dropbox/Wzone/tmp/tmp2001/shp5293_20011231b.shp,dyad_id,-1,-1,C:/Users/owner/Dropbox/Wzone/tmp/tmp2001/shp5313_20011231b.shp,dyad_id,-1,-1,C:/Users/owner/Dropbox/Wzone/tmp/tmp2001/shp5314_20011231b.shp,dyad_id,-1,-1,C:/Users/owner/Dropbox/Wzone/tmp/tmp2001/shp5324_20011231b.shp,dyad_id,-1,-1,C:/Users/owner/Dropbox/Wzone/tmp/tmp2001/shp5338_20011231b.shp,dyad_id,-1,-1,C:/Users/owner/Dropbox/Wzone/tmp/tmp2001/shp5349_20011231b.shp,dyad_id,-1,-1,C:/Users/owner/Dropbox/Wzone/tmp/tmp2001/shp5352_20011231b.shp,dyad_id,-1,-1,C:/Users/owner/Dropbox/Wzone/tmp/tmp2001/shp5505_20011231b.shp,dyad_id,-1,-1,C:/Users/owner/Dropbox/Wzone/tmp/tmp2001/shp5512_20011231b.shp,dyad_id,-1,-1,C:/Users/owner/Dropbox/Wzone/tmp/tmp2001/shp5513_20011231b.shp,dyad_id,-1,-1,C:/Users/owner/Dropbox/Wzone/tmp/tmp2001/shp5570_20011231b.shp,dyad_id,-1,-1,C:/Users/owner/Dropbox/Wzone/tmp/tmp2001/shp10264_20011231b.shp,dyad_id,-1,-1,C:/Users/owner/Dropbox/Wzone/tmp/tmp2001/shp10985_20011231b.shp,dyad_id,-1,-1,C:/Users/owner/Dropbox/Wzone/tmp/tmp2001/shp11123_20011231b.shp,dyad_id,-1,-1,C:/Users/owner/Dropbox/Wzone/tmp/tmp2001/shp11932_20011231b.shp,dyad_id,-1,-1,C:/Users/owner/Dropbox/Wzone/tmp/tmp2001/shp12102_20011231b.shp,dyad_id,-1,-1,C:/Users/owner/Dropbox/Wzone/tmp/tmp2001/shp15558_20011231b.shp,dyad_id,-1,-1;conf_id "conf_id" true true false 5 Long 0 5,First,#,C:/Users/owner/Dropbox/Wzone/tmp/tmp2001/shp411_20011231b.shp,conf_id,-1,-1,C:/Users/owner/Dropbox/Wzone/tmp/tmp2001/shp422_20011231b.shp,conf_id,-1,-1,C:/Users/owner/Dropbox/Wzone/tmp/tmp2001/shp428_20011231b.shp,conf_id,-1,-1,C:/Users/owner/Dropbox/Wzone/tmp/tmp2001/shp451_20011231b.shp,conf_id,-1,-1,C:/Users/owner/Dropbox/Wzone/tmp/tmp2001/shp452_20011231b.shp,conf_id,-1,-1,C:/Users/owner/Dropbox/Wzone/tmp/tmp2001/shp474_20011231b.shp,conf_id,-1,-1,C:/Users/owner/Dropbox/Wzone/tmp/tmp2001/shp475_20011231b.shp,conf_id,-1,-1,C:/Users/owner/Dropbox/Wzone/tmp/tmp2001/shp477_20011231b.shp,conf_id,-1,-1,C:/Users/owner/Dropbox/Wzone/tmp/tmp2001/shp478_20011231b.shp,conf_id,-1,-1,C:/Users/owner/Dropbox/Wzone/tmp/tmp2001/shp479_20011231b.shp,conf_id,-1,-1,C:/Users/owner/Dropbox/Wzone/tmp/tmp2001/shp480_20011231b.shp,conf_id,-1,-1,C:/Users/owner/Dropbox/Wzone/tmp/tmp2001/shp508_20011231b.shp,conf_id,-1,-1,C:/Users/owner/Dropbox/Wzone/tmp/tmp2001/shp511_20011231b.shp,conf_id,-1,-1,C:/Users/owner/Dropbox/Wzone/tmp/tmp2001/shp550_20011231b.shp,conf_id,-1,-1,C:/Users/owner/Dropbox/Wzone/tmp/tmp2001/shp562_20011231b.shp,conf_id,-1,-1,C:/Users/owner/Dropbox/Wzone/tmp/tmp2001/shp597_20011231b.shp,conf_id,-1,-1,C:/Users/owner/Dropbox/Wzone/tmp/tmp2001/shp623_20011231b.shp,conf_id,-1,-1,C:/Users/owner/Dropbox/Wzone/tmp/tmp2001/shp624_20011231b.shp,conf_id,-1,-1,C:/Users/owner/Dropbox/Wzone/tmp/tmp2001/shp657_20011231b.shp,conf_id,-1,-1,C:/Users/owner/Dropbox/Wzone/tmp/tmp2001/shp658_20011231b.shp,conf_id,-1,-1,C:/Users/owner/Dropbox/Wzone/tmp/tmp2001/shp659_20011231b.shp,conf_id,-1,-1,C:/Users/owner/Dropbox/Wzone/tmp/tmp2001/shp663_20011231b.shp,conf_id,-1,-1,C:/Users/owner/Dropbox/Wzone/tmp/tmp2001/shp688_20011231b.shp,conf_id,-1,-1,C:/Users/owner/Dropbox/Wzone/tmp/tmp2001/shp689_20011231b.shp,conf_id,-1,-1,C:/Users/owner/Dropbox/Wzone/tmp/tmp2001/shp712_20011231b.shp,conf_id,-1,-1,C:/Users/owner/Dropbox/Wzone/tmp/tmp2001/shp714_20011231b.shp,conf_id,-1,-1,C:/Users/owner/Dropbox/Wzone/tmp/tmp2001/shp719_20011231b.shp,conf_id,-1,-1,C:/Users/owner/Dropbox/Wzone/tmp/tmp2001/shp735_20011231b.shp,conf_id,-1,-1,C:/Users/owner/Dropbox/Wzone/tmp/tmp2001/shp736_20011231b.shp,conf_id,-1,-1,C:/Users/owner/Dropbox/Wzone/tmp/tmp2001/shp739_20011231b.shp,conf_id,-1,-1,C:/Users/owner/Dropbox/Wzone/tmp/tmp2001/shp740_20011231b.shp,conf_id,-1,-1,C:/Users/owner/Dropbox/Wzone/tmp/tmp2001/shp753_20011231b.shp,conf_id,-1,-1,C:/Users/owner/Dropbox/Wzone/tmp/tmp2001/shp761_20011231b.shp,conf_id,-1,-1,C:/Users/owner/Dropbox/Wzone/tmp/tmp2001/shp763_20011231b.shp,conf_id,-1,-1,C:/Users/owner/Dropbox/Wzone/tmp/tmp2001/shp768_20011231b.shp,conf_id,-1,-1,C:/Users/owner/Dropbox/Wzone/tmp/tmp2001/shp771_20011231b.shp,conf_id,-1,-1,C:/Users/owner/Dropbox/Wzone/tmp/tmp2001/shp781_20011231b.shp,conf_id,-1,-1,C:/Users/owner/Dropbox/Wzone/tmp/tmp2001/shp792_20011231b.shp,conf_id,-1,-1,C:/Users/owner/Dropbox/Wzone/tmp/tmp2001/shp793_20011231b.shp,conf_id,-1,-1,C:/Users/owner/Dropbox/Wzone/tmp/tmp2001/shp794_20011231b.shp,conf_id,-1,-1,C:/Users/owner/Dropbox/Wzone/tmp/tmp2001/shp806_20011231b.shp,conf_id,-1,-1,C:/Users/owner/Dropbox/Wzone/tmp/tmp2001/shp830_20011231b.shp,conf_id,-1,-1,C:/Users/owner/Dropbox/Wzone/tmp/tmp2001/shp832_20011231b.shp,conf_id,-1,-1,C:/Users/owner/Dropbox/Wzone/tmp/tmp2001/shp833_20011231b.shp,conf_id,-1,-1,C:/Users/owner/Dropbox/Wzone/tmp/tmp2001/shp864_20011231b.shp,conf_id,-1,-1,C:/Users/owner/Dropbox/Wzone/tmp/tmp2001/shp869_20011231b.shp,conf_id,-1,-1,C:/Users/owner/Dropbox/Wzone/tmp/tmp2001/shp878_20011231b.shp,conf_id,-1,-1,C:/Users/owner/Dropbox/Wzone/tmp/tmp2001/shp885_20011231b.shp,conf_id,-1,-1,C:/Users/owner/Dropbox/Wzone/tmp/tmp2001/shp894_20011231b.shp,conf_id,-1,-1,C:/Users/owner/Dropbox/Wzone/tmp/tmp2001/shp913_20011231b.shp,conf_id,-1,-1,C:/Users/owner/Dropbox/Wzone/tmp/tmp2001/shp914_20011231b.shp,conf_id,-1,-1,C:/Users/owner/Dropbox/Wzone/tmp/tmp2001/shp915_20011231b.shp,conf_id,-1,-1,C:/Users/owner/Dropbox/Wzone/tmp/tmp2001/shp920_20011231b.shp,conf_id,-1,-1,C:/Users/owner/Dropbox/Wzone/tmp/tmp2001/shp926_20011231b.shp,conf_id,-1,-1,C:/Users/owner/Dropbox/Wzone/tmp/tmp2001/shp927_20011231b.shp,conf_id,-1,-1,C:/Users/owner/Dropbox/Wzone/tmp/tmp2001/shp928_20011231b.shp,conf_id,-1,-1,C:/Users/owner/Dropbox/Wzone/tmp/tmp2001/shp930_20011231b.shp,conf_id,-1,-1,C:/Users/owner/Dropbox/Wzone/tmp/tmp2001/shp931_20011231b.shp,conf_id,-1,-1,C:/Users/owner/Dropbox/Wzone/tmp/tmp2001/shp933_20011231b.shp,conf_id,-1,-1,C:/Users/owner/Dropbox/Wzone/tmp/tmp2001/shp934_20011231b.shp,conf_id,-1,-1,C:/Users/owner/Dropbox/Wzone/tmp/tmp2001/shp935_20011231b.shp,conf_id,-1,-1,C:/Users/owner/Dropbox/Wzone/tmp/tmp2001/shp936_20011231b.shp,conf_id,-1,-1,C:/Users/owner/Dropbox/Wzone/tmp/tmp2001/shp938_20011231b.shp,conf_id,-1,-1,C:/Users/owner/Dropbox/Wzone/tmp/tmp2001/shp941_20011231b.shp,conf_id,-1,-1,C:/Users/owner/Dropbox/Wzone/tmp/tmp2001/shp942_20011231b.shp,conf_id,-1,-1,C:/Users/owner/Dropbox/Wzone/tmp/tmp2001/shp947_20011231b.shp,conf_id,-1,-1,C:/Users/owner/Dropbox/Wzone/tmp/tmp2001/shp948_20011231b.shp,conf_id,-1,-1,C:/Users/owner/Dropbox/Wzone/tmp/tmp2001/shp950_20011231b.shp,conf_id,-1,-1,C:/Users/owner/Dropbox/Wzone/tmp/tmp2001/shp951_20011231b.shp,conf_id,-1,-1,C:/Users/owner/Dropbox/Wzone/tmp/tmp2001/shp954_20011231b.shp,conf_id,-1,-1,C:/Users/owner/Dropbox/Wzone/tmp/tmp2001/shp955_20011231b.shp,conf_id,-1,-1,C:/Users/owner/Dropbox/Wzone/tmp/tmp2001/shp956_20011231b.shp,conf_id,-1,-1,C:/Users/owner/Dropbox/Wzone/tmp/tmp2001/shp957_20011231b.shp,conf_id,-1,-1,C:/Users/owner/Dropbox/Wzone/tmp/tmp2001/shp959_20011231b.shp,conf_id,-1,-1,C:/Users/owner/Dropbox/Wzone/tmp/tmp2001/shp960_20011231b.shp,conf_id,-1,-1,C:/Users/owner/Dropbox/Wzone/tmp/tmp2001/shp962_20011231b.shp,conf_id,-1,-1,C:/Users/owner/Dropbox/Wzone/tmp/tmp2001/shp963_20011231b.shp,conf_id,-1,-1,C:/Users/owner/Dropbox/Wzone/tmp/tmp2001/shp964_20011231b.shp,conf_id,-1,-1,C:/Users/owner/Dropbox/Wzone/tmp/tmp2001/shp965_20011231b.shp,conf_id,-1,-1,C:/Users/owner/Dropbox/Wzone/tmp/tmp2001/shp967_20011231b.shp,conf_id,-1,-1,C:/Users/owner/Dropbox/Wzone/tmp/tmp2001/shp968_20011231b.shp,conf_id,-1,-1,C:/Users/owner/Dropbox/Wzone/tmp/tmp2001/shp969_20011231b.shp,conf_id,-1,-1,C:/Users/owner/Dropbox/Wzone/tmp/tmp2001/shp970_20011231b.shp,conf_id,-1,-1,C:/Users/owner/Dropbox/Wzone/tmp/tmp2001/shp974_20011231b.shp,conf_id,-1,-1,C:/Users/owner/Dropbox/Wzone/tmp/tmp2001/shp976_20011231b.shp,conf_id,-1,-1,C:/Users/owner/Dropbox/Wzone/tmp/tmp2001/shp977_20011231b.shp,conf_id,-1,-1,C:/Users/owner/Dropbox/Wzone/tmp/tmp2001/shp981_20011231b.shp,conf_id,-1,-1,C:/Users/owner/Dropbox/Wzone/tmp/tmp2001/shp984_20011231b.shp,conf_id,-1,-1,C:/Users/owner/Dropbox/Wzone/tmp/tmp2001/shp987_20011231b.shp,conf_id,-1,-1,C:/Users/owner/Dropbox/Wzone/tmp/tmp2001/shp988_20011231b.shp,conf_id,-1,-1,C:/Users/owner/Dropbox/Wzone/tmp/tmp2001/shp989_20011231b.shp,conf_id,-1,-1,C:/Users/owner/Dropbox/Wzone/tmp/tmp2001/shp990_20011231b.shp,conf_id,-1,-1,C:/Users/owner/Dropbox/Wzone/tmp/tmp2001/shp991_20011231b.shp,conf_id,-1,-1,C:/Users/owner/Dropbox/Wzone/tmp/tmp2001/shp996_20011231b.shp,conf_id,-1,-1,C:/Users/owner/Dropbox/Wzone/tmp/tmp2001/shp998_20011231b.shp,conf_id,-1,-1,C:/Users/owner/Dropbox/Wzone/tmp/tmp2001/shp1007_20011231b.shp,conf_id,-1,-1,C:/Users/owner/Dropbox/Wzone/tmp/tmp2001/shp1012_20011231b.shp,conf_id,-1,-1,C:/Users/owner/Dropbox/Wzone/tmp/tmp2001/shp1013_20011231b.shp,conf_id,-1,-1,C:/Users/owner/Dropbox/Wzone/tmp/tmp2001/shp1015_20011231b.shp,conf_id,-1,-1,C:/Users/owner/Dropbox/Wzone/tmp/tmp2001/shp1019_20011231b.shp,conf_id,-1,-1,C:/Users/owner/Dropbox/Wzone/tmp/tmp2001/shp1026_20011231b.shp,conf_id,-1,-1,C:/Users/owner/Dropbox/Wzone/tmp/tmp2001/shp1033_20011231b.shp,conf_id,-1,-1,C:/Users/owner/Dropbox/Wzone/tmp/tmp2001/shp1036_20011231b.shp,conf_id,-1,-1,C:/Users/owner/Dropbox/Wzone/tmp/tmp2001/shp1039_20011231b.shp,conf_id,-1,-1,C:/Users/owner/Dropbox/Wzone/tmp/tmp2001/shp1045_20011231b.shp,conf_id,-1,-1,C:/Users/owner/Dropbox/Wzone/tmp/tmp2001/shp1053_20011231b.shp,conf_id,-1,-1,C:/Users/owner/Dropbox/Wzone/tmp/tmp2001/shp1056_20011231b.shp,conf_id,-1,-1,C:/Users/owner/Dropbox/Wzone/tmp/tmp2001/shp1072_20011231b.shp,conf_id,-1,-1,C:/Users/owner/Dropbox/Wzone/tmp/tmp2001/shp1073_20011231b.shp,conf_id,-1,-1,C:/Users/owner/Dropbox/Wzone/tmp/tmp2001/shp1077_20011231b.shp,conf_id,-1,-1,C:/Users/owner/Dropbox/Wzone/tmp/tmp2001/shp1167_20011231b.shp,conf_id,-1,-1,C:/Users/owner/Dropbox/Wzone/tmp/tmp2001/shp1199_20011231b.shp,conf_id,-1,-1,C:/Users/owner/Dropbox/Wzone/tmp/tmp2001/shp1204_20011231b.shp,conf_id,-1,-1,C:/Users/owner/Dropbox/Wzone/tmp/tmp2001/shp1301_20011231b.shp,conf_id,-1,-1,C:/Users/owner/Dropbox/Wzone/tmp/tmp2001/shp5188_20011231b.shp,conf_id,-1,-1,C:/Users/owner/Dropbox/Wzone/tmp/tmp2001/shp5190_20011231b.shp,conf_id,-1,-1,C:/Users/owner/Dropbox/Wzone/tmp/tmp2001/shp5196_20011231b.shp,conf_id,-1,-1,C:/Users/owner/Dropbox/Wzone/tmp/tmp2001/shp5201_20011231b.shp,conf_id,-1,-1,C:/Users/owner/Dropbox/Wzone/tmp/tmp2001/shp5222_20011231b.shp,conf_id,-1,-1,C:/Users/owner/Dropbox/Wzone/tmp/tmp2001/shp5247_20011231b.shp,conf_id,-1,-1,C:/Users/owner/Dropbox/Wzone/tmp/tmp2001/shp5282_20011231b.shp,conf_id,-1,-1,C:/Users/owner/Dropbox/Wzone/tmp/tmp2001/shp5289_20011231b.shp,conf_id,-1,-1,C:/Users/owner/Dropbox/Wzone/tmp/tmp2001/shp5293_20011231b.shp,conf_id,-1,-1,C:/Users/owner/Dropbox/Wzone/tmp/tmp2001/shp5313_20011231b.shp,conf_id,-1,-1,C:/Users/owner/Dropbox/Wzone/tmp/tmp2001/shp5314_20011231b.shp,conf_id,-1,-1,C:/Users/owner/Dropbox/Wzone/tmp/tmp2001/shp5324_20011231b.shp,conf_id,-1,-1,C:/Users/owner/Dropbox/Wzone/tmp/tmp2001/shp5338_20011231b.shp,conf_id,-1,-1,C:/Users/owner/Dropbox/Wzone/tmp/tmp2001/shp5349_20011231b.shp,conf_id,-1,-1,C:/Users/owner/Dropbox/Wzone/tmp/tmp2001/shp5352_20011231b.shp,conf_id,-1,-1,C:/Users/owner/Dropbox/Wzone/tmp/tmp2001/shp5505_20011231b.shp,conf_id,-1,-1,C:/Users/owner/Dropbox/Wzone/tmp/tmp2001/shp5512_20011231b.shp,conf_id,-1,-1,C:/Users/owner/Dropbox/Wzone/tmp/tmp2001/shp5513_20011231b.shp,conf_id,-1,-1,C:/Users/owner/Dropbox/Wzone/tmp/tmp2001/shp5570_20011231b.shp,conf_id,-1,-1,C:/Users/owner/Dropbox/Wzone/tmp/tmp2001/shp10264_20011231b.shp,conf_id,-1,-1,C:/Users/owner/Dropbox/Wzone/tmp/tmp2001/shp10985_20011231b.shp,conf_id,-1,-1,C:/Users/owner/Dropbox/Wzone/tmp/tmp2001/shp11123_20011231b.shp,conf_id,-1,-1,C:/Users/owner/Dropbox/Wzone/tmp/tmp2001/shp11932_20011231b.shp,conf_id,-1,-1,C:/Users/owner/Dropbox/Wzone/tmp/tmp2001/shp12102_20011231b.shp,conf_id,-1,-1,C:/Users/owner/Dropbox/Wzone/tmp/tmp2001/shp15558_20011231b.shp,conf_id,-1,-1;date "date" true true false 254 Text 0 0,First,#,C:/Users/owner/Dropbox/Wzone/tmp/tmp2001/shp411_20011231b.shp,date,0,253,C:/Users/owner/Dropbox/Wzone/tmp/tmp2001/shp422_20011231b.shp,date,0,253,C:/Users/owner/Dropbox/Wzone/tmp/tmp2001/shp428_20011231b.shp,date,0,253,C:/Users/owner/Dropbox/Wzone/tmp/tmp2001/shp451_20011231b.shp,date,0,253,C:/Users/owner/Dropbox/Wzone/tmp/tmp2001/shp452_20011231b.shp,date,0,253,C:/Users/owner/Dropbox/Wzone/tmp/tmp2001/shp474_20011231b.shp,date,0,253,C:/Users/owner/Dropbox/Wzone/tmp/tmp2001/shp475_20011231b.shp,date,0,253,C:/Users/owner/Dropbox/Wzone/tmp/tmp2001/shp477_20011231b.shp,date,0,253,C:/Users/owner/Dropbox/Wzone/tmp/tmp2001/shp478_20011231b.shp,date,0,253,C:/Users/owner/Dropbox/Wzone/tmp/tmp2001/shp479_20011231b.shp,date,0,253,C:/Users/owner/Dropbox/Wzone/tmp/tmp2001/shp480_20011231b.shp,date,0,253,C:/Users/owner/Dropbox/Wzone/tmp/tmp2001/shp508_20011231b.shp,date,0,253,C:/Users/owner/Dropbox/Wzone/tmp/tmp2001/shp511_20011231b.shp,date,0,253,C:/Users/owner/Dropbox/Wzone/tmp/tmp2001/shp550_20011231b.shp,date,0,253,C:/Users/owner/Dropbox/Wzone/tmp/tmp2001/shp562_20011231b.shp,date,0,253,C:/Users/owner/Dropbox/Wzone/tmp/tmp2001/shp597_20011231b.shp,date,0,253,C:/Users/owner/Dropbox/Wzone/tmp/tmp2001/shp623_20011231b.shp,date,0,253,C:/Users/owner/Dropbox/Wzone/tmp/tmp2001/shp624_20011231b.shp,date,0,253,C:/Users/owner/Dropbox/Wzone/tmp/tmp2001/shp657_20011231b.shp,date,0,253,C:/Users/owner/Dropbox/Wzone/tmp/tmp2001/shp658_20011231b.shp,date,0,253,C:/Users/owner/Dropbox/Wzone/tmp/tmp2001/shp659_20011231b.shp,date,0,253,C:/Users/owner/Dropbox/Wzone/tmp/tmp2001/shp663_20011231b.shp,date,0,253,C:/Users/owner/Dropbox/Wzone/tmp/tmp2001/shp688_20011231b.shp,date,0,253,C:/Users/owner/Dropbox/Wzone/tmp/tmp2001/shp689_20011231b.shp,date,0,253,C:/Users/owner/Dropbox/Wzone/tmp/tmp2001/shp712_20011231b.shp,date,0,253,C:/Users/owner/Dropbox/Wzone/tmp/tmp2001/shp714_20011231b.shp,date,0,253,C:/Users/owner/Dropbox/Wzone/tmp/tmp2001/shp719_20011231b.shp,date,0,253,C:/Users/owner/Dropbox/Wzone/tmp/tmp2001/shp735_20011231b.shp,date,0,253,C:/Users/owner/Dropbox/Wzone/tmp/tmp2001/shp736_20011231b.shp,date,0,253,C:/Users/owner/Dropbox/Wzone/tmp/tmp2001/shp739_20011231b.shp,date,0,253,C:/Users/owner/Dropbox/Wzone/tmp/tmp2001/shp740_20011231b.shp,date,0,253,C:/Users/owner/Dropbox/Wzone/tmp/tmp2001/shp753_20011231b.shp,date,0,253,C:/Users/owner/Dropbox/Wzone/tmp/tmp2001/shp761_20011231b.shp,date,0,253,C:/Users/owner/Dropbox/Wzone/tmp/tmp2001/shp763_20011231b.shp,date,0,253,C:/Users/owner/Dropbox/Wzone/tmp/tmp2001/shp768_20011231b.shp,date,0,253,C:/Users/owner/Dropbox/Wzone/tmp/tmp2001/shp771_20011231b.shp,date,0,253,C:/Users/owner/Dropbox/Wzone/tmp/tmp2001/shp781_20011231b.shp,date,0,253,C:/Users/owner/Dropbox/Wzone/tmp/tmp2001/shp792_20011231b.shp,date,0,253,C:/Users/owner/Dropbox/Wzone/tmp/tmp2001/shp793_20011231b.shp,date,0,253,C:/Users/owner/Dropbox/Wzone/tmp/tmp2001/shp794_20011231b.shp,date,0,253,C:/Users/owner/Dropbox/Wzone/tmp/tmp2001/shp806_20011231b.shp,date,0,253,C:/Users/owner/Dropbox/Wzone/tmp/tmp2001/shp830_20011231b.shp,date,0,253,C:/Users/owner/Dropbox/Wzone/tmp/tmp2001/shp832_20011231b.shp,date,0,253,C:/Users/owner/Dropbox/Wzone/tmp/tmp2001/shp833_20011231b.shp,date,0,253,C:/Users/owner/Dropbox/Wzone/tmp/tmp2001/shp864_20011231b.shp,date,0,253,C:/Users/owner/Dropbox/Wzone/tmp/tmp2001/shp869_20011231b.shp,date,0,253,C:/Users/owner/Dropbox/Wzone/tmp/tmp2001/shp878_20011231b.shp,date,0,253,C:/Users/owner/Dropbox/Wzone/tmp/tmp2001/shp885_20011231b.shp,date,0,253,C:/Users/owner/Dropbox/Wzone/tmp/tmp2001/shp894_20011231b.shp,date,0,253,C:/Users/owner/Dropbox/Wzone/tmp/tmp2001/shp913_20011231b.shp,date,0,253,C:/Users/owner/Dropbox/Wzone/tmp/tmp2001/shp914_20011231b.shp,date,0,253,C:/Users/owner/Dropbox/Wzone/tmp/tmp2001/shp915_20011231b.shp,date,0,253,C:/Users/owner/Dropbox/Wzone/tmp/tmp2001/shp920_20011231b.shp,date,0,253,C:/Users/owner/Dropbox/Wzone/tmp/tmp2001/shp926_20011231b.shp,date,0,253,C:/Users/owner/Dropbox/Wzone/tmp/tmp2001/shp927_20011231b.shp,date,0,253,C:/Users/owner/Dropbox/Wzone/tmp/tmp2001/shp928_20011231b.shp,date,0,253,C:/Users/owner/Dropbox/Wzone/tmp/tmp2001/shp930_20011231b.shp,date,0,253,C:/Users/owner/Dropbox/Wzone/tmp/tmp2001/shp931_20011231b.shp,date,0,253,C:/Users/owner/Dropbox/Wzone/tmp/tmp2001/shp933_20011231b.shp,date,0,253,C:/Users/owner/Dropbox/Wzone/tmp/tmp2001/shp934_20011231b.shp,date,0,253,C:/Users/owner/Dropbox/Wzone/tmp/tmp2001/shp935_20011231b.shp,date,0,253,C:/Users/owner/Dropbox/Wzone/tmp/tmp2001/shp936_20011231b.shp,date,0,253,C:/Users/owner/Dropbox/Wzone/tmp/tmp2001/shp938_20011231b.shp,date,0,253,C:/Users/owner/Dropbox/Wzone/tmp/tmp2001/shp941_20011231b.shp,date,0,253,C:/Users/owner/Dropbox/Wzone/tmp/tmp2001/shp942_20011231b.shp,date,0,253,C:/Users/owner/Dropbox/Wzone/tmp/tmp2001/shp947_20011231b.shp,date,0,253,C:/Users/owner/Dropbox/Wzone/tmp/tmp2001/shp948_20011231b.shp,date,0,253,C:/Users/owner/Dropbox/Wzone/tmp/tmp2001/shp950_20011231b.shp,date,0,253,C:/Users/owner/Dropbox/Wzone/tmp/tmp2001/shp951_20011231b.shp,date,0,253,C:/Users/owner/Dropbox/Wzone/tmp/tmp2001/shp954_20011231b.shp,date,0,253,C:/Users/owner/Dropbox/Wzone/tmp/tmp2001/shp955_20011231b.shp,date,0,253,C:/Users/owner/Dropbox/Wzone/tmp/tmp2001/shp956_20011231b.shp,date,0,253,C:/Users/owner/Dropbox/Wzone/tmp/tmp2001/shp957_20011231b.shp,date,0,253,C:/Users/owner/Dropbox/Wzone/tmp/tmp2001/shp959_20011231b.shp,date,0,253,C:/Users/owner/Dropbox/Wzone/tmp/tmp2001/shp960_20011231b.shp,date,0,253,C:/Users/owner/Dropbox/Wzone/tmp/tmp2001/shp962_20011231b.shp,date,0,253,C:/Users/owner/Dropbox/Wzone/tmp/tmp2001/shp963_20011231b.shp,date,0,253,C:/Users/owner/Dropbox/Wzone/tmp/tmp2001/shp964_20011231b.shp,date,0,253,C:/Users/owner/Dropbox/Wzone/tmp/tmp2001/shp965_20011231b.shp,date,0,253,C:/Users/owner/Dropbox/Wzone/tmp/tmp2001/shp967_20011231b.shp,date,0,253,C:/Users/owner/Dropbox/Wzone/tmp/tmp2001/shp968_20011231b.shp,date,0,253,C:/Users/owner/Dropbox/Wzone/tmp/tmp2001/shp969_20011231b.shp,date,0,253,C:/Users/owner/Dropbox/Wzone/tmp/tmp2001/shp970_20011231b.shp,date,0,253,C:/Users/owner/Dropbox/Wzone/tmp/tmp2001/shp974_20011231b.shp,date,0,253,C:/Users/owner/Dropbox/Wzone/tmp/tmp2001/shp976_20011231b.shp,date,0,253,C:/Users/owner/Dropbox/Wzone/tmp/tmp2001/shp977_20011231b.shp,date,0,253,C:/Users/owner/Dropbox/Wzone/tmp/tmp2001/shp981_20011231b.shp,date,0,253,C:/Users/owner/Dropbox/Wzone/tmp/tmp2001/shp984_20011231b.shp,date,0,253,C:/Users/owner/Dropbox/Wzone/tmp/tmp2001/shp987_20011231b.shp,date,0,253,C:/Users/owner/Dropbox/Wzone/tmp/tmp2001/shp988_20011231b.shp,date,0,253,C:/Users/owner/Dropbox/Wzone/tmp/tmp2001/shp989_20011231b.shp,date,0,253,C:/Users/owner/Dropbox/Wzone/tmp/tmp2001/shp990_20011231b.shp,date,0,253,C:/Users/owner/Dropbox/Wzone/tmp/tmp2001/shp991_20011231b.shp,date,0,253,C:/Users/owner/Dropbox/Wzone/tmp/tmp2001/shp996_20011231b.shp,date,0,253,C:/Users/owner/Dropbox/Wzone/tmp/tmp2001/shp998_20011231b.shp,date,0,253,C:/Users/owner/Dropbox/Wzone/tmp/tmp2001/shp1007_20011231b.shp,date,0,253,C:/Users/owner/Dropbox/Wzone/tmp/tmp2001/shp1012_20011231b.shp,date,0,253,C:/Users/owner/Dropbox/Wzone/tmp/tmp2001/shp1013_20011231b.shp,date,0,253,C:/Users/owner/Dropbox/Wzone/tmp/tmp2001/shp1015_20011231b.shp,date,0,253,C:/Users/owner/Dropbox/Wzone/tmp/tmp2001/shp1019_20011231b.shp,date,0,253,C:/Users/owner/Dropbox/Wzone/tmp/tmp2001/shp1026_20011231b.shp,date,0,253,C:/Users/owner/Dropbox/Wzone/tmp/tmp2001/shp1033_20011231b.shp,date,0,253,C:/Users/owner/Dropbox/Wzone/tmp/tmp2001/shp1036_20011231b.shp,date,0,253,C:/Users/owner/Dropbox/Wzone/tmp/tmp2001/shp1039_20011231b.shp,date,0,253,C:/Users/owner/Dropbox/Wzone/tmp/tmp2001/shp1045_20011231b.shp,date,0,253,C:/Users/owner/Dropbox/Wzone/tmp/tmp2001/shp1053_20011231b.shp,date,0,253,C:/Users/owner/Dropbox/Wzone/tmp/tmp2001/shp1056_20011231b.shp,date,0,253,C:/Users/owner/Dropbox/Wzone/tmp/tmp2001/shp1072_20011231b.shp,date,0,253,C:/Users/owner/Dropbox/Wzone/tmp/tmp2001/shp1073_20011231b.shp,date,0,253,C:/Users/owner/Dropbox/Wzone/tmp/tmp2001/shp1077_20011231b.shp,date,0,253,C:/Users/owner/Dropbox/Wzone/tmp/tmp2001/shp1167_20011231b.shp,date,0,253,C:/Users/owner/Dropbox/Wzone/tmp/tmp2001/shp1199_20011231b.shp,date,0,253,C:/Users/owner/Dropbox/Wzone/tmp/tmp2001/shp1204_20011231b.shp,date,0,253,C:/Users/owner/Dropbox/Wzone/tmp/tmp2001/shp1301_20011231b.shp,date,0,253,C:/Users/owner/Dropbox/Wzone/tmp/tmp2001/shp5188_20011231b.shp,date,0,253,C:/Users/owner/Dropbox/Wzone/tmp/tmp2001/shp5190_20011231b.shp,date,0,253,C:/Users/owner/Dropbox/Wzone/tmp/tmp2001/shp5196_20011231b.shp,date,0,253,C:/Users/owner/Dropbox/Wzone/tmp/tmp2001/shp5201_20011231b.shp,date,0,253,C:/Users/owner/Dropbox/Wzone/tmp/tmp2001/shp5222_20011231b.shp,date,0,253,C:/Users/owner/Dropbox/Wzone/tmp/tmp2001/shp5247_20011231b.shp,date,0,253,C:/Users/owner/Dropbox/Wzone/tmp/tmp2001/shp5282_20011231b.shp,date,0,253,C:/Users/owner/Dropbox/Wzone/tmp/tmp2001/shp5289_20011231b.shp,date,0,253,C:/Users/owner/Dropbox/Wzone/tmp/tmp2001/shp5293_20011231b.shp,date,0,253,C:/Users/owner/Dropbox/Wzone/tmp/tmp2001/shp5313_20011231b.shp,date,0,253,C:/Users/owner/Dropbox/Wzone/tmp/tmp2001/shp5314_20011231b.shp,date,0,253,C:/Users/owner/Dropbox/Wzone/tmp/tmp2001/shp5324_20011231b.shp,date,0,253,C:/Users/owner/Dropbox/Wzone/tmp/tmp2001/shp5338_20011231b.shp,date,0,253,C:/Users/owner/Dropbox/Wzone/tmp/tmp2001/shp5349_20011231b.shp,date,0,253,C:/Users/owner/Dropbox/Wzone/tmp/tmp2001/shp5352_20011231b.shp,date,0,253,C:/Users/owner/Dropbox/Wzone/tmp/tmp2001/shp5505_20011231b.shp,date,0,253,C:/Users/owner/Dropbox/Wzone/tmp/tmp2001/shp5512_20011231b.shp,date,0,253,C:/Users/owner/Dropbox/Wzone/tmp/tmp2001/shp5513_20011231b.shp,date,0,253,C:/Users/owner/Dropbox/Wzone/tmp/tmp2001/shp5570_20011231b.shp,date,0,253,C:/Users/owner/Dropbox/Wzone/tmp/tmp2001/shp10264_20011231b.shp,date,0,253,C:/Users/owner/Dropbox/Wzone/tmp/tmp2001/shp10985_20011231b.shp,date,0,253,C:/Users/owner/Dropbox/Wzone/tmp/tmp2001/shp11123_20011231b.shp,date,0,253,C:/Users/owner/Dropbox/Wzone/tmp/tmp2001/shp11932_20011231b.shp,date,0,253,C:/Users/owner/Dropbox/Wzone/tmp/tmp2001/shp12102_20011231b.shp,date,0,253,C:/Users/owner/Dropbox/Wzone/tmp/tmp2001/shp15558_20011231b.shp,date,0,253" NO_SOURCE_INFO</Process><Process ToolSource="c:\program files\arcgis\pro\Resources\ArcToolbox\toolboxes\Data Management Tools.tbx\DefineProjection" Date="20240715" Time="131022">DefineProjection C:/Users/owner/Dropbox/Wzone/out/wzone_shp/2001/2001_12_31.shp GEOGCS["GCS_WGS_1984",DATUM["D_WGS_1984",SPHEROID["WGS_1984",6378137.0,298.257223563]],PRIMEM["Greenwich",0.0],UNIT["Degree",0.0174532925199433]]</Process></lineage></DataProperties><SyncDate>20240715</SyncDate><SyncTime>13102100</SyncTime><ModDate>20240715</ModDate><ModTime>13102100</ModTime></Esri><dataIdInfo><envirDesc Sync="TRUE">Microsoft Windows 10 Version 10.0 (Build 19045) ; Esri ArcGIS 13.2.2.49743</envirDesc><dataLang><languageCode value="eng" Sync="TRUE"></languageCode><countryCode value="USA" Sync="TRUE"></countryCode></dataLang><idCitation><resTitle Sync="TRUE">2001_12_31</resTitle><presForm><PresFormCd value="005" Sync="TRUE"></PresFormCd></presForm></idCitation><spatRpType><SpatRepTypCd value="001" Sync="TRUE"></SpatRepTypCd></spatRpType></dataIdInfo><mdLang><languageCode value="eng" Sync="TRUE"></languageCode><countryCode value="USA" Sync="TRUE"></countryCode></mdLang><mdChar><CharSetCd value="004" Sync="TRUE"></CharSetCd></mdChar><distInfo><distFormat><formatName Sync="TRUE">Shapefile</formatName></distFormat><distTranOps><transSize Sync="TRUE">0.000</transSize></distTranOps></distInfo><mdHrLv><ScopeCd value="005" Sync="TRUE"></ScopeCd></mdHrLv><mdHrLvName Sync="TRUE">dataset</mdHrLvName><spatRepInfo><VectSpatRep><geometObjs Name="2001_12_31"><geoObjTyp><GeoObjTypCd value="002" Sync="TRUE"></GeoObjTypCd></geoObjTyp><geoObjCnt Sync="TRUE">0</geoObjCnt></geometObjs><topLvl><TopoLevCd value="001" Sync="TRUE"></TopoLevCd></topLvl></VectSpatRep></spatRepInfo><spdoinfo><ptvctinf><esriterm Name="2001_12_31"><efeatyp Sync="TRUE">Simple</efeatyp><efeageom code="4" Sync="TRUE"></efeageom><esritopo Sync="TRUE">FALSE</esritopo><efeacnt Sync="TRUE">0</efeacnt><spindex Sync="TRUE">FALSE</spindex><linrefer Sync="TRUE">FALSE</linrefer></esriterm></ptvctinf></spdoinfo><eainfo><detailed Name="2001_12_31"><enttyp><enttypl Sync="TRUE">2001_12_31</enttypl><enttypt Sync="TRUE">Feature Class</enttypt><enttypc Sync="TRUE">0</enttypc></enttyp><attr><attrlabl Sync="TRUE">FID</attrlabl><attalias Sync="TRUE">FID</attalias><attrtype Sync="TRUE">OID</attrtype><attwidth Sync="TRUE">4</attwidth><atprecis Sync="TRUE">0</atprecis><attscale Sync="TRUE">0</attscale><attrdef Sync="TRUE">Internal feature number.</attrdef><attrdefs Sync="TRUE">Esri</attrdefs><attrdomv><udom Sync="TRUE">Sequential unique whole numbers that are automatically generated.</udom></attrdomv></attr><attr><attrlabl Sync="TRUE">Shape</attrlabl><attalias Sync="TRUE">Shape</attalias><attrtype Sync="TRUE">Geometry</attrtype><attwidth Sync="TRUE">0</attwidth><atprecis Sync="TRUE">0</atprecis><attscale Sync="TRUE">0</attscale><attrdef Sync="TRUE">Feature geometry.</attrdef><attrdefs Sync="TRUE">Esri</attrdefs><attrdomv><udom Sync="TRUE">Coordinates defining the features.</udom></attrdomv></attr><attr><attrlabl Sync="TRUE">dyad_id</attrlabl><attalias Sync="TRUE">dyad_id</attalias><attrtype Sync="TRUE">Integer</attrtype><attwidth Sync="TRUE">5</attwidth><atprecis Sync="TRUE">5</atprecis><attscale Sync="TRUE">0</attscale></attr><attr><attrlabl Sync="TRUE">conf_id</attrlabl><attalias Sync="TRUE">conf_id</attalias><attrtype Sync="TRUE">Integer</attrtype><attwidth Sync="TRUE">5</attwidth><atprecis Sync="TRUE">5</atprecis><attscale Sync="TRUE">0</attscale></attr><attr><attrlabl Sync="TRUE">date</attrlabl><attalias Sync="TRUE">date</attalias><attrtype Sync="TRUE">String</attrtype><attwidth Sync="TRUE">254</attwidth><atprecis Sync="TRUE">0</atprecis><attscale Sync="TRUE">0</attscale></attr></detailed></eainfo><mdDateSt Sync="TRUE">20240715</mdDateSt></metadata>
