<?xml version="1.0" encoding="UTF-8"?>
<metadata xml:lang="en"><Esri><CreaDate>20240715</CreaDate><CreaTime>11490500</CreaTime><ArcGISFormat>1.0</ArcGISFormat><SyncOnce>FALSE</SyncOnce><DataProperties><itemProps><itemName Sync="TRUE">2002_12_31</itemName><imsContentType Sync="TRUE">002</imsContentType><itemSize Sync="TRUE">0.000</itemSize><itemLocation><linkage Sync="TRUE">file://\\DESKTOP-48J08HF\C$\Users\owner\Dropbox\Wzone\out\wzone_shp\2002\2002_12_31.shp</linkage><protocol Sync="TRUE">Local Area Network</protocol></itemLocation></itemProps><lineage><Process ToolSource="c:\program files\arcgis\pro\Resources\ArcToolbox\toolboxes\Analysis Tools.tbx\Select" Date="20240715" Time="114905">Select in_memory/shp2002411_20021231a C:\Users\owner\Dropbox\Wzone\tmp\tmp2002\shp411_20021231b.shp ""gridcode" &gt; 0"</Process><Process ToolSource="c:\program files\arcgis\pro\Resources\ArcToolbox\toolboxes\Data Management Tools.tbx\AddField" Date="20240715" Time="114905">AddField C:/Users/owner/Dropbox/Wzone/tmp/tmp2002/shp411_20021231b.shp dyad_id "Short (16-bit integer)" # # # # NULLABLE NON_REQUIRED #</Process><Process ToolSource="c:\program files\arcgis\pro\Resources\ArcToolbox\toolboxes\Data Management Tools.tbx\AddField" Date="20240715" Time="114905">AddField C:/Users/owner/Dropbox/Wzone/tmp/tmp2002/shp411_20021231b.shp conf_id "Short (16-bit integer)" # # # # NULLABLE NON_REQUIRED #</Process><Process ToolSource="c:\program files\arcgis\pro\Resources\ArcToolbox\toolboxes\Data Management Tools.tbx\AddField" Date="20240715" Time="114905">AddField C:/Users/owner/Dropbox/Wzone/tmp/tmp2002/shp411_20021231b.shp date Text # # # # NULLABLE NON_REQUIRED #</Process><Process ToolSource="c:\program files\arcgis\pro\Resources\ArcToolbox\toolboxes\Data Management Tools.tbx\DeleteField" Date="20240715" Time="114905">DeleteField C:/Users/owner/Dropbox/Wzone/tmp/tmp2002/shp411_20021231b.shp Id "Delete Fields"</Process><Process ToolSource="c:\program files\arcgis\pro\Resources\ArcToolbox\toolboxes\Data Management Tools.tbx\DeleteField" Date="20240715" Time="114905">DeleteField C:/Users/owner/Dropbox/Wzone/tmp/tmp2002/shp411_20021231b.shp gridcode "Delete Fields"</Process><Process ToolSource="c:\program files\arcgis\pro\Resources\ArcToolbox\toolboxes\Data Management Tools.tbx\Merge" Date="20240715" Time="115242">Merge C:/Users/owner/Dropbox/Wzone/tmp/tmp2002/shp411_20021231b.shp;C:/Users/owner/Dropbox/Wzone/tmp/tmp2002/shp422_20021231b.shp;C:/Users/owner/Dropbox/Wzone/tmp/tmp2002/shp428_20021231b.shp;C:/Users/owner/Dropbox/Wzone/tmp/tmp2002/shp451_20021231b.shp;C:/Users/owner/Dropbox/Wzone/tmp/tmp2002/shp452_20021231b.shp;C:/Users/owner/Dropbox/Wzone/tmp/tmp2002/shp474_20021231b.shp;C:/Users/owner/Dropbox/Wzone/tmp/tmp2002/shp475_20021231b.shp;C:/Users/owner/Dropbox/Wzone/tmp/tmp2002/shp477_20021231b.shp;C:/Users/owner/Dropbox/Wzone/tmp/tmp2002/shp478_20021231b.shp;C:/Users/owner/Dropbox/Wzone/tmp/tmp2002/shp479_20021231b.shp;C:/Users/owner/Dropbox/Wzone/tmp/tmp2002/shp480_20021231b.shp;C:/Users/owner/Dropbox/Wzone/tmp/tmp2002/shp508_20021231b.shp;C:/Users/owner/Dropbox/Wzone/tmp/tmp2002/shp511_20021231b.shp;C:/Users/owner/Dropbox/Wzone/tmp/tmp2002/shp550_20021231b.shp;C:/Users/owner/Dropbox/Wzone/tmp/tmp2002/shp562_20021231b.shp;C:/Users/owner/Dropbox/Wzone/tmp/tmp2002/shp623_20021231b.shp;C:/Users/owner/Dropbox/Wzone/tmp/tmp2002/shp624_20021231b.shp;C:/Users/owner/Dropbox/Wzone/tmp/tmp2002/shp657_20021231b.shp;C:/Users/owner/Dropbox/Wzone/tmp/tmp2002/shp658_20021231b.shp;C:/Users/owner/Dropbox/Wzone/tmp/tmp2002/shp659_20021231b.shp;C:/Users/owner/Dropbox/Wzone/tmp/tmp2002/shp663_20021231b.shp;C:/Users/owner/Dropbox/Wzone/tmp/tmp2002/shp688_20021231b.shp;C:/Users/owner/Dropbox/Wzone/tmp/tmp2002/shp689_20021231b.shp;C:/Users/owner/Dropbox/Wzone/tmp/tmp2002/shp712_20021231b.shp;C:/Users/owner/Dropbox/Wzone/tmp/tmp2002/shp714_20021231b.shp;C:/Users/owner/Dropbox/Wzone/tmp/tmp2002/shp719_20021231b.shp;C:/Users/owner/Dropbox/Wzone/tmp/tmp2002/shp735_20021231b.shp;C:/Users/owner/Dropbox/Wzone/tmp/tmp2002/shp739_20021231b.shp;C:/Users/owner/Dropbox/Wzone/tmp/tmp2002/shp740_20021231b.shp;C:/Users/owner/Dropbox/Wzone/tmp/tmp2002/shp761_20021231b.shp;C:/Users/owner/Dropbox/Wzone/tmp/tmp2002/shp763_20021231b.shp;C:/Users/owner/Dropbox/Wzone/tmp/tmp2002/shp768_20021231b.shp;C:/Users/owner/Dropbox/Wzone/tmp/tmp2002/shp781_20021231b.shp;C:/Users/owner/Dropbox/Wzone/tmp/tmp2002/shp792_20021231b.shp;C:/Users/owner/Dropbox/Wzone/tmp/tmp2002/shp793_20021231b.shp;C:/Users/owner/Dropbox/Wzone/tmp/tmp2002/shp794_20021231b.shp;C:/Users/owner/Dropbox/Wzone/tmp/tmp2002/shp806_20021231b.shp;C:/Users/owner/Dropbox/Wzone/tmp/tmp2002/shp830_20021231b.shp;C:/Users/owner/Dropbox/Wzone/tmp/tmp2002/shp832_20021231b.shp;C:/Users/owner/Dropbox/Wzone/tmp/tmp2002/shp833_20021231b.shp;C:/Users/owner/Dropbox/Wzone/tmp/tmp2002/shp864_20021231b.shp;C:/Users/owner/Dropbox/Wzone/tmp/tmp2002/shp869_20021231b.shp;C:/Users/owner/Dropbox/Wzone/tmp/tmp2002/shp878_20021231b.shp;C:/Users/owner/Dropbox/Wzone/tmp/tmp2002/shp885_20021231b.shp;C:/Users/owner/Dropbox/Wzone/tmp/tmp2002/shp887_20021231b.shp;C:/Users/owner/Dropbox/Wzone/tmp/tmp2002/shp894_20021231b.shp;C:/Users/owner/Dropbox/Wzone/tmp/tmp2002/shp913_20021231b.shp;C:/Users/owner/Dropbox/Wzone/tmp/tmp2002/shp914_20021231b.shp;C:/Users/owner/Dropbox/Wzone/tmp/tmp2002/shp915_20021231b.shp;C:/Users/owner/Dropbox/Wzone/tmp/tmp2002/shp924_20021231b.shp;C:/Users/owner/Dropbox/Wzone/tmp/tmp2002/shp926_20021231b.shp;C:/Users/owner/Dropbox/Wzone/tmp/tmp2002/shp927_20021231b.shp;C:/Users/owner/Dropbox/Wzone/tmp/tmp2002/shp928_20021231b.shp;C:/Users/owner/Dropbox/Wzone/tmp/tmp2002/shp930_20021231b.shp;C:/Users/owner/Dropbox/Wzone/tmp/tmp2002/shp931_20021231b.shp;C:/Users/owner/Dropbox/Wzone/tmp/tmp2002/shp934_20021231b.shp;C:/Users/owner/Dropbox/Wzone/tmp/tmp2002/shp935_20021231b.shp;C:/Users/owner/Dropbox/Wzone/tmp/tmp2002/shp936_20021231b.shp;C:/Users/owner/Dropbox/Wzone/tmp/tmp2002/shp938_20021231b.shp;C:/Users/owner/Dropbox/Wzone/tmp/tmp2002/shp941_20021231b.shp;C:/Users/owner/Dropbox/Wzone/tmp/tmp2002/shp942_20021231b.shp;C:/Users/owner/Dropbox/Wzone/tmp/tmp2002/shp947_20021231b.shp;C:/Users/owner/Dropbox/Wzone/tmp/tmp2002/shp948_20021231b.shp;C:/Users/owner/Dropbox/Wzone/tmp/tmp2002/shp950_20021231b.shp;C:/Users/owner/Dropbox/Wzone/tmp/tmp2002/shp951_20021231b.shp;C:/Users/owner/Dropbox/Wzone/tmp/tmp2002/shp954_20021231b.shp;C:/Users/owner/Dropbox/Wzone/tmp/tmp2002/shp955_20021231b.shp;C:/Users/owner/Dropbox/Wzone/tmp/tmp2002/shp956_20021231b.shp;C:/Users/owner/Dropbox/Wzone/tmp/tmp2002/shp957_20021231b.shp;C:/Users/owner/Dropbox/Wzone/tmp/tmp2002/shp959_20021231b.shp;C:/Users/owner/Dropbox/Wzone/tmp/tmp2002/shp960_20021231b.shp;C:/Users/owner/Dropbox/Wzone/tmp/tmp2002/shp962_20021231b.shp;C:/Users/owner/Dropbox/Wzone/tmp/tmp2002/shp963_20021231b.shp;C:/Users/owner/Dropbox/Wzone/tmp/tmp2002/shp964_20021231b.shp;C:/Users/owner/Dropbox/Wzone/tmp/tmp2002/shp965_20021231b.shp;C:/Users/owner/Dropbox/Wzone/tmp/tmp2002/shp967_20021231b.shp;C:/Users/owner/Dropbox/Wzone/tmp/tmp2002/shp968_20021231b.shp;C:/Users/owner/Dropbox/Wzone/tmp/tmp2002/shp969_20021231b.shp;C:/Users/owner/Dropbox/Wzone/tmp/tmp2002/shp970_20021231b.shp;C:/Users/owner/Dropbox/Wzone/tmp/tmp2002/shp974_20021231b.shp;C:/Users/owner/Dropbox/Wzone/tmp/tmp2002/shp976_20021231b.shp;C:/Users/owner/Dropbox/Wzone/tmp/tmp2002/shp977_20021231b.shp;C:/Users/owner/Dropbox/Wzone/tmp/tmp2002/shp981_20021231b.shp;C:/Users/owner/Dropbox/Wzone/tmp/tmp2002/shp984_20021231b.shp;C:/Users/owner/Dropbox/Wzone/tmp/tmp2002/shp987_20021231b.shp;C:/Users/owner/Dropbox/Wzone/tmp/tmp2002/shp988_20021231b.shp;C:/Users/owner/Dropbox/Wzone/tmp/tmp2002/shp989_20021231b.shp;C:/Users/owner/Dropbox/Wzone/tmp/tmp2002/shp990_20021231b.shp;C:/Users/owner/Dropbox/Wzone/tmp/tmp2002/shp991_20021231b.shp;C:/Users/owner/Dropbox/Wzone/tmp/tmp2002/shp996_20021231b.shp;C:/Users/owner/Dropbox/Wzone/tmp/tmp2002/shp998_20021231b.shp;C:/Users/owner/Dropbox/Wzone/tmp/tmp2002/shp1007_20021231b.shp;C:/Users/owner/Dropbox/Wzone/tmp/tmp2002/shp1013_20021231b.shp;C:/Users/owner/Dropbox/Wzone/tmp/tmp2002/shp1015_20021231b.shp;C:/Users/owner/Dropbox/Wzone/tmp/tmp2002/shp1019_20021231b.shp;C:/Users/owner/Dropbox/Wzone/tmp/tmp2002/shp1026_20021231b.shp;C:/Users/owner/Dropbox/Wzone/tmp/tmp2002/shp1033_20021231b.shp;C:/Users/owner/Dropbox/Wzone/tmp/tmp2002/shp1036_20021231b.shp;C:/Users/owner/Dropbox/Wzone/tmp/tmp2002/shp1039_20021231b.shp;C:/Users/owner/Dropbox/Wzone/tmp/tmp2002/shp1040_20021231b.shp;C:/Users/owner/Dropbox/Wzone/tmp/tmp2002/shp1042_20021231b.shp;C:/Users/owner/Dropbox/Wzone/tmp/tmp2002/shp1053_20021231b.shp;C:/Users/owner/Dropbox/Wzone/tmp/tmp2002/shp1056_20021231b.shp;C:/Users/owner/Dropbox/Wzone/tmp/tmp2002/shp1072_20021231b.shp;C:/Users/owner/Dropbox/Wzone/tmp/tmp2002/shp1073_20021231b.shp;C:/Users/owner/Dropbox/Wzone/tmp/tmp2002/shp1077_20021231b.shp;C:/Users/owner/Dropbox/Wzone/tmp/tmp2002/shp1167_20021231b.shp;C:/Users/owner/Dropbox/Wzone/tmp/tmp2002/shp1199_20021231b.shp;C:/Users/owner/Dropbox/Wzone/tmp/tmp2002/shp1204_20021231b.shp;C:/Users/owner/Dropbox/Wzone/tmp/tmp2002/shp1301_20021231b.shp;C:/Users/owner/Dropbox/Wzone/tmp/tmp2002/shp5188_20021231b.shp;C:/Users/owner/Dropbox/Wzone/tmp/tmp2002/shp5190_20021231b.shp;C:/Users/owner/Dropbox/Wzone/tmp/tmp2002/shp5196_20021231b.shp;C:/Users/owner/Dropbox/Wzone/tmp/tmp2002/shp5201_20021231b.shp;C:/Users/owner/Dropbox/Wzone/tmp/tmp2002/shp5222_20021231b.shp;C:/Users/owner/Dropbox/Wzone/tmp/tmp2002/shp5223_20021231b.shp;C:/Users/owner/Dropbox/Wzone/tmp/tmp2002/shp5282_20021231b.shp;C:/Users/owner/Dropbox/Wzone/tmp/tmp2002/shp5289_20021231b.shp;C:/Users/owner/Dropbox/Wzone/tmp/tmp2002/shp5293_20021231b.shp;C:/Users/owner/Dropbox/Wzone/tmp/tmp2002/shp5305_20021231b.shp;C:/Users/owner/Dropbox/Wzone/tmp/tmp2002/shp5314_20021231b.shp;C:/Users/owner/Dropbox/Wzone/tmp/tmp2002/shp5324_20021231b.shp;C:/Users/owner/Dropbox/Wzone/tmp/tmp2002/shp5338_20021231b.shp;C:/Users/owner/Dropbox/Wzone/tmp/tmp2002/shp5349_20021231b.shp;C:/Users/owner/Dropbox/Wzone/tmp/tmp2002/shp5352_20021231b.shp;C:/Users/owner/Dropbox/Wzone/tmp/tmp2002/shp5505_20021231b.shp;C:/Users/owner/Dropbox/Wzone/tmp/tmp2002/shp5512_20021231b.shp;C:/Users/owner/Dropbox/Wzone/tmp/tmp2002/shp5513_20021231b.shp;C:/Users/owner/Dropbox/Wzone/tmp/tmp2002/shp5570_20021231b.shp;C:/Users/owner/Dropbox/Wzone/tmp/tmp2002/shp10264_20021231b.shp;C:/Users/owner/Dropbox/Wzone/tmp/tmp2002/shp10985_20021231b.shp;C:/Users/owner/Dropbox/Wzone/tmp/tmp2002/shp11123_20021231b.shp;C:/Users/owner/Dropbox/Wzone/tmp/tmp2002/shp11932_20021231b.shp;C:/Users/owner/Dropbox/Wzone/tmp/tmp2002/shp12102_20021231b.shp;C:/Users/owner/Dropbox/Wzone/tmp/tmp2002/shp14273_20021231b.shp;C:/Users/owner/Dropbox/Wzone/tmp/tmp2002/shp14830_20021231b.shp;C:/Users/owner/Dropbox/Wzone/tmp/tmp2002/shp15558_20021231b.shp C:\Users\owner\Dropbox\Wzone\out\wzone_shp\2002\2002_12_31.shp "dyad_id "dyad_id" true true false 5 Long 0 5,First,#,C:/Users/owner/Dropbox/Wzone/tmp/tmp2002/shp411_20021231b.shp,dyad_id,-1,-1,C:/Users/owner/Dropbox/Wzone/tmp/tmp2002/shp422_20021231b.shp,dyad_id,-1,-1,C:/Users/owner/Dropbox/Wzone/tmp/tmp2002/shp428_20021231b.shp,dyad_id,-1,-1,C:/Users/owner/Dropbox/Wzone/tmp/tmp2002/shp451_20021231b.shp,dyad_id,-1,-1,C:/Users/owner/Dropbox/Wzone/tmp/tmp2002/shp452_20021231b.shp,dyad_id,-1,-1,C:/Users/owner/Dropbox/Wzone/tmp/tmp2002/shp474_20021231b.shp,dyad_id,-1,-1,C:/Users/owner/Dropbox/Wzone/tmp/tmp2002/shp475_20021231b.shp,dyad_id,-1,-1,C:/Users/owner/Dropbox/Wzone/tmp/tmp2002/shp477_20021231b.shp,dyad_id,-1,-1,C:/Users/owner/Dropbox/Wzone/tmp/tmp2002/shp478_20021231b.shp,dyad_id,-1,-1,C:/Users/owner/Dropbox/Wzone/tmp/tmp2002/shp479_20021231b.shp,dyad_id,-1,-1,C:/Users/owner/Dropbox/Wzone/tmp/tmp2002/shp480_20021231b.shp,dyad_id,-1,-1,C:/Users/owner/Dropbox/Wzone/tmp/tmp2002/shp508_20021231b.shp,dyad_id,-1,-1,C:/Users/owner/Dropbox/Wzone/tmp/tmp2002/shp511_20021231b.shp,dyad_id,-1,-1,C:/Users/owner/Dropbox/Wzone/tmp/tmp2002/shp550_20021231b.shp,dyad_id,-1,-1,C:/Users/owner/Dropbox/Wzone/tmp/tmp2002/shp562_20021231b.shp,dyad_id,-1,-1,C:/Users/owner/Dropbox/Wzone/tmp/tmp2002/shp623_20021231b.shp,dyad_id,-1,-1,C:/Users/owner/Dropbox/Wzone/tmp/tmp2002/shp624_20021231b.shp,dyad_id,-1,-1,C:/Users/owner/Dropbox/Wzone/tmp/tmp2002/shp657_20021231b.shp,dyad_id,-1,-1,C:/Users/owner/Dropbox/Wzone/tmp/tmp2002/shp658_20021231b.shp,dyad_id,-1,-1,C:/Users/owner/Dropbox/Wzone/tmp/tmp2002/shp659_20021231b.shp,dyad_id,-1,-1,C:/Users/owner/Dropbox/Wzone/tmp/tmp2002/shp663_20021231b.shp,dyad_id,-1,-1,C:/Users/owner/Dropbox/Wzone/tmp/tmp2002/shp688_20021231b.shp,dyad_id,-1,-1,C:/Users/owner/Dropbox/Wzone/tmp/tmp2002/shp689_20021231b.shp,dyad_id,-1,-1,C:/Users/owner/Dropbox/Wzone/tmp/tmp2002/shp712_20021231b.shp,dyad_id,-1,-1,C:/Users/owner/Dropbox/Wzone/tmp/tmp2002/shp714_20021231b.shp,dyad_id,-1,-1,C:/Users/owner/Dropbox/Wzone/tmp/tmp2002/shp719_20021231b.shp,dyad_id,-1,-1,C:/Users/owner/Dropbox/Wzone/tmp/tmp2002/shp735_20021231b.shp,dyad_id,-1,-1,C:/Users/owner/Dropbox/Wzone/tmp/tmp2002/shp739_20021231b.shp,dyad_id,-1,-1,C:/Users/owner/Dropbox/Wzone/tmp/tmp2002/shp740_20021231b.shp,dyad_id,-1,-1,C:/Users/owner/Dropbox/Wzone/tmp/tmp2002/shp761_20021231b.shp,dyad_id,-1,-1,C:/Users/owner/Dropbox/Wzone/tmp/tmp2002/shp763_20021231b.shp,dyad_id,-1,-1,C:/Users/owner/Dropbox/Wzone/tmp/tmp2002/shp768_20021231b.shp,dyad_id,-1,-1,C:/Users/owner/Dropbox/Wzone/tmp/tmp2002/shp781_20021231b.shp,dyad_id,-1,-1,C:/Users/owner/Dropbox/Wzone/tmp/tmp2002/shp792_20021231b.shp,dyad_id,-1,-1,C:/Users/owner/Dropbox/Wzone/tmp/tmp2002/shp793_20021231b.shp,dyad_id,-1,-1,C:/Users/owner/Dropbox/Wzone/tmp/tmp2002/shp794_20021231b.shp,dyad_id,-1,-1,C:/Users/owner/Dropbox/Wzone/tmp/tmp2002/shp806_20021231b.shp,dyad_id,-1,-1,C:/Users/owner/Dropbox/Wzone/tmp/tmp2002/shp830_20021231b.shp,dyad_id,-1,-1,C:/Users/owner/Dropbox/Wzone/tmp/tmp2002/shp832_20021231b.shp,dyad_id,-1,-1,C:/Users/owner/Dropbox/Wzone/tmp/tmp2002/shp833_20021231b.shp,dyad_id,-1,-1,C:/Users/owner/Dropbox/Wzone/tmp/tmp2002/shp864_20021231b.shp,dyad_id,-1,-1,C:/Users/owner/Dropbox/Wzone/tmp/tmp2002/shp869_20021231b.shp,dyad_id,-1,-1,C:/Users/owner/Dropbox/Wzone/tmp/tmp2002/shp878_20021231b.shp,dyad_id,-1,-1,C:/Users/owner/Dropbox/Wzone/tmp/tmp2002/shp885_20021231b.shp,dyad_id,-1,-1,C:/Users/owner/Dropbox/Wzone/tmp/tmp2002/shp887_20021231b.shp,dyad_id,-1,-1,C:/Users/owner/Dropbox/Wzone/tmp/tmp2002/shp894_20021231b.shp,dyad_id,-1,-1,C:/Users/owner/Dropbox/Wzone/tmp/tmp2002/shp913_20021231b.shp,dyad_id,-1,-1,C:/Users/owner/Dropbox/Wzone/tmp/tmp2002/shp914_20021231b.shp,dyad_id,-1,-1,C:/Users/owner/Dropbox/Wzone/tmp/tmp2002/shp915_20021231b.shp,dyad_id,-1,-1,C:/Users/owner/Dropbox/Wzone/tmp/tmp2002/shp924_20021231b.shp,dyad_id,-1,-1,C:/Users/owner/Dropbox/Wzone/tmp/tmp2002/shp926_20021231b.shp,dyad_id,-1,-1,C:/Users/owner/Dropbox/Wzone/tmp/tmp2002/shp927_20021231b.shp,dyad_id,-1,-1,C:/Users/owner/Dropbox/Wzone/tmp/tmp2002/shp928_20021231b.shp,dyad_id,-1,-1,C:/Users/owner/Dropbox/Wzone/tmp/tmp2002/shp930_20021231b.shp,dyad_id,-1,-1,C:/Users/owner/Dropbox/Wzone/tmp/tmp2002/shp931_20021231b.shp,dyad_id,-1,-1,C:/Users/owner/Dropbox/Wzone/tmp/tmp2002/shp934_20021231b.shp,dyad_id,-1,-1,C:/Users/owner/Dropbox/Wzone/tmp/tmp2002/shp935_20021231b.shp,dyad_id,-1,-1,C:/Users/owner/Dropbox/Wzone/tmp/tmp2002/shp936_20021231b.shp,dyad_id,-1,-1,C:/Users/owner/Dropbox/Wzone/tmp/tmp2002/shp938_20021231b.shp,dyad_id,-1,-1,C:/Users/owner/Dropbox/Wzone/tmp/tmp2002/shp941_20021231b.shp,dyad_id,-1,-1,C:/Users/owner/Dropbox/Wzone/tmp/tmp2002/shp942_20021231b.shp,dyad_id,-1,-1,C:/Users/owner/Dropbox/Wzone/tmp/tmp2002/shp947_20021231b.shp,dyad_id,-1,-1,C:/Users/owner/Dropbox/Wzone/tmp/tmp2002/shp948_20021231b.shp,dyad_id,-1,-1,C:/Users/owner/Dropbox/Wzone/tmp/tmp2002/shp950_20021231b.shp,dyad_id,-1,-1,C:/Users/owner/Dropbox/Wzone/tmp/tmp2002/shp951_20021231b.shp,dyad_id,-1,-1,C:/Users/owner/Dropbox/Wzone/tmp/tmp2002/shp954_20021231b.shp,dyad_id,-1,-1,C:/Users/owner/Dropbox/Wzone/tmp/tmp2002/shp955_20021231b.shp,dyad_id,-1,-1,C:/Users/owner/Dropbox/Wzone/tmp/tmp2002/shp956_20021231b.shp,dyad_id,-1,-1,C:/Users/owner/Dropbox/Wzone/tmp/tmp2002/shp957_20021231b.shp,dyad_id,-1,-1,C:/Users/owner/Dropbox/Wzone/tmp/tmp2002/shp959_20021231b.shp,dyad_id,-1,-1,C:/Users/owner/Dropbox/Wzone/tmp/tmp2002/shp960_20021231b.shp,dyad_id,-1,-1,C:/Users/owner/Dropbox/Wzone/tmp/tmp2002/shp962_20021231b.shp,dyad_id,-1,-1,C:/Users/owner/Dropbox/Wzone/tmp/tmp2002/shp963_20021231b.shp,dyad_id,-1,-1,C:/Users/owner/Dropbox/Wzone/tmp/tmp2002/shp964_20021231b.shp,dyad_id,-1,-1,C:/Users/owner/Dropbox/Wzone/tmp/tmp2002/shp965_20021231b.shp,dyad_id,-1,-1,C:/Users/owner/Dropbox/Wzone/tmp/tmp2002/shp967_20021231b.shp,dyad_id,-1,-1,C:/Users/owner/Dropbox/Wzone/tmp/tmp2002/shp968_20021231b.shp,dyad_id,-1,-1,C:/Users/owner/Dropbox/Wzone/tmp/tmp2002/shp969_20021231b.shp,dyad_id,-1,-1,C:/Users/owner/Dropbox/Wzone/tmp/tmp2002/shp970_20021231b.shp,dyad_id,-1,-1,C:/Users/owner/Dropbox/Wzone/tmp/tmp2002/shp974_20021231b.shp,dyad_id,-1,-1,C:/Users/owner/Dropbox/Wzone/tmp/tmp2002/shp976_20021231b.shp,dyad_id,-1,-1,C:/Users/owner/Dropbox/Wzone/tmp/tmp2002/shp977_20021231b.shp,dyad_id,-1,-1,C:/Users/owner/Dropbox/Wzone/tmp/tmp2002/shp981_20021231b.shp,dyad_id,-1,-1,C:/Users/owner/Dropbox/Wzone/tmp/tmp2002/shp984_20021231b.shp,dyad_id,-1,-1,C:/Users/owner/Dropbox/Wzone/tmp/tmp2002/shp987_20021231b.shp,dyad_id,-1,-1,C:/Users/owner/Dropbox/Wzone/tmp/tmp2002/shp988_20021231b.shp,dyad_id,-1,-1,C:/Users/owner/Dropbox/Wzone/tmp/tmp2002/shp989_20021231b.shp,dyad_id,-1,-1,C:/Users/owner/Dropbox/Wzone/tmp/tmp2002/shp990_20021231b.shp,dyad_id,-1,-1,C:/Users/owner/Dropbox/Wzone/tmp/tmp2002/shp991_20021231b.shp,dyad_id,-1,-1,C:/Users/owner/Dropbox/Wzone/tmp/tmp2002/shp996_20021231b.shp,dyad_id,-1,-1,C:/Users/owner/Dropbox/Wzone/tmp/tmp2002/shp998_20021231b.shp,dyad_id,-1,-1,C:/Users/owner/Dropbox/Wzone/tmp/tmp2002/shp1007_20021231b.shp,dyad_id,-1,-1,C:/Users/owner/Dropbox/Wzone/tmp/tmp2002/shp1013_20021231b.shp,dyad_id,-1,-1,C:/Users/owner/Dropbox/Wzone/tmp/tmp2002/shp1015_20021231b.shp,dyad_id,-1,-1,C:/Users/owner/Dropbox/Wzone/tmp/tmp2002/shp1019_20021231b.shp,dyad_id,-1,-1,C:/Users/owner/Dropbox/Wzone/tmp/tmp2002/shp1026_20021231b.shp,dyad_id,-1,-1,C:/Users/owner/Dropbox/Wzone/tmp/tmp2002/shp1033_20021231b.shp,dyad_id,-1,-1,C:/Users/owner/Dropbox/Wzone/tmp/tmp2002/shp1036_20021231b.shp,dyad_id,-1,-1,C:/Users/owner/Dropbox/Wzone/tmp/tmp2002/shp1039_20021231b.shp,dyad_id,-1,-1,C:/Users/owner/Dropbox/Wzone/tmp/tmp2002/shp1040_20021231b.shp,dyad_id,-1,-1,C:/Users/owner/Dropbox/Wzone/tmp/tmp2002/shp1042_20021231b.shp,dyad_id,-1,-1,C:/Users/owner/Dropbox/Wzone/tmp/tmp2002/shp1053_20021231b.shp,dyad_id,-1,-1,C:/Users/owner/Dropbox/Wzone/tmp/tmp2002/shp1056_20021231b.shp,dyad_id,-1,-1,C:/Users/owner/Dropbox/Wzone/tmp/tmp2002/shp1072_20021231b.shp,dyad_id,-1,-1,C:/Users/owner/Dropbox/Wzone/tmp/tmp2002/shp1073_20021231b.shp,dyad_id,-1,-1,C:/Users/owner/Dropbox/Wzone/tmp/tmp2002/shp1077_20021231b.shp,dyad_id,-1,-1,C:/Users/owner/Dropbox/Wzone/tmp/tmp2002/shp1167_20021231b.shp,dyad_id,-1,-1,C:/Users/owner/Dropbox/Wzone/tmp/tmp2002/shp1199_20021231b.shp,dyad_id,-1,-1,C:/Users/owner/Dropbox/Wzone/tmp/tmp2002/shp1204_20021231b.shp,dyad_id,-1,-1,C:/Users/owner/Dropbox/Wzone/tmp/tmp2002/shp1301_20021231b.shp,dyad_id,-1,-1,C:/Users/owner/Dropbox/Wzone/tmp/tmp2002/shp5188_20021231b.shp,dyad_id,-1,-1,C:/Users/owner/Dropbox/Wzone/tmp/tmp2002/shp5190_20021231b.shp,dyad_id,-1,-1,C:/Users/owner/Dropbox/Wzone/tmp/tmp2002/shp5196_20021231b.shp,dyad_id,-1,-1,C:/Users/owner/Dropbox/Wzone/tmp/tmp2002/shp5201_20021231b.shp,dyad_id,-1,-1,C:/Users/owner/Dropbox/Wzone/tmp/tmp2002/shp5222_20021231b.shp,dyad_id,-1,-1,C:/Users/owner/Dropbox/Wzone/tmp/tmp2002/shp5223_20021231b.shp,dyad_id,-1,-1,C:/Users/owner/Dropbox/Wzone/tmp/tmp2002/shp5282_20021231b.shp,dyad_id,-1,-1,C:/Users/owner/Dropbox/Wzone/tmp/tmp2002/shp5289_20021231b.shp,dyad_id,-1,-1,C:/Users/owner/Dropbox/Wzone/tmp/tmp2002/shp5293_20021231b.shp,dyad_id,-1,-1,C:/Users/owner/Dropbox/Wzone/tmp/tmp2002/shp5305_20021231b.shp,dyad_id,-1,-1,C:/Users/owner/Dropbox/Wzone/tmp/tmp2002/shp5314_20021231b.shp,dyad_id,-1,-1,C:/Users/owner/Dropbox/Wzone/tmp/tmp2002/shp5324_20021231b.shp,dyad_id,-1,-1,C:/Users/owner/Dropbox/Wzone/tmp/tmp2002/shp5338_20021231b.shp,dyad_id,-1,-1,C:/Users/owner/Dropbox/Wzone/tmp/tmp2002/shp5349_20021231b.shp,dyad_id,-1,-1,C:/Users/owner/Dropbox/Wzone/tmp/tmp2002/shp5352_20021231b.shp,dyad_id,-1,-1,C:/Users/owner/Dropbox/Wzone/tmp/tmp2002/shp5505_20021231b.shp,dyad_id,-1,-1,C:/Users/owner/Dropbox/Wzone/tmp/tmp2002/shp5512_20021231b.shp,dyad_id,-1,-1,C:/Users/owner/Dropbox/Wzone/tmp/tmp2002/shp5513_20021231b.shp,dyad_id,-1,-1,C:/Users/owner/Dropbox/Wzone/tmp/tmp2002/shp5570_20021231b.shp,dyad_id,-1,-1,C:/Users/owner/Dropbox/Wzone/tmp/tmp2002/shp10264_20021231b.shp,dyad_id,-1,-1,C:/Users/owner/Dropbox/Wzone/tmp/tmp2002/shp10985_20021231b.shp,dyad_id,-1,-1,C:/Users/owner/Dropbox/Wzone/tmp/tmp2002/shp11123_20021231b.shp,dyad_id,-1,-1,C:/Users/owner/Dropbox/Wzone/tmp/tmp2002/shp11932_20021231b.shp,dyad_id,-1,-1,C:/Users/owner/Dropbox/Wzone/tmp/tmp2002/shp12102_20021231b.shp,dyad_id,-1,-1,C:/Users/owner/Dropbox/Wzone/tmp/tmp2002/shp14273_20021231b.shp,dyad_id,-1,-1,C:/Users/owner/Dropbox/Wzone/tmp/tmp2002/shp14830_20021231b.shp,dyad_id,-1,-1,C:/Users/owner/Dropbox/Wzone/tmp/tmp2002/shp15558_20021231b.shp,dyad_id,-1,-1;conf_id "conf_id" true true false 5 Long 0 5,First,#,C:/Users/owner/Dropbox/Wzone/tmp/tmp2002/shp411_20021231b.shp,conf_id,-1,-1,C:/Users/owner/Dropbox/Wzone/tmp/tmp2002/shp422_20021231b.shp,conf_id,-1,-1,C:/Users/owner/Dropbox/Wzone/tmp/tmp2002/shp428_20021231b.shp,conf_id,-1,-1,C:/Users/owner/Dropbox/Wzone/tmp/tmp2002/shp451_20021231b.shp,conf_id,-1,-1,C:/Users/owner/Dropbox/Wzone/tmp/tmp2002/shp452_20021231b.shp,conf_id,-1,-1,C:/Users/owner/Dropbox/Wzone/tmp/tmp2002/shp474_20021231b.shp,conf_id,-1,-1,C:/Users/owner/Dropbox/Wzone/tmp/tmp2002/shp475_20021231b.shp,conf_id,-1,-1,C:/Users/owner/Dropbox/Wzone/tmp/tmp2002/shp477_20021231b.shp,conf_id,-1,-1,C:/Users/owner/Dropbox/Wzone/tmp/tmp2002/shp478_20021231b.shp,conf_id,-1,-1,C:/Users/owner/Dropbox/Wzone/tmp/tmp2002/shp479_20021231b.shp,conf_id,-1,-1,C:/Users/owner/Dropbox/Wzone/tmp/tmp2002/shp480_20021231b.shp,conf_id,-1,-1,C:/Users/owner/Dropbox/Wzone/tmp/tmp2002/shp508_20021231b.shp,conf_id,-1,-1,C:/Users/owner/Dropbox/Wzone/tmp/tmp2002/shp511_20021231b.shp,conf_id,-1,-1,C:/Users/owner/Dropbox/Wzone/tmp/tmp2002/shp550_20021231b.shp,conf_id,-1,-1,C:/Users/owner/Dropbox/Wzone/tmp/tmp2002/shp562_20021231b.shp,conf_id,-1,-1,C:/Users/owner/Dropbox/Wzone/tmp/tmp2002/shp623_20021231b.shp,conf_id,-1,-1,C:/Users/owner/Dropbox/Wzone/tmp/tmp2002/shp624_20021231b.shp,conf_id,-1,-1,C:/Users/owner/Dropbox/Wzone/tmp/tmp2002/shp657_20021231b.shp,conf_id,-1,-1,C:/Users/owner/Dropbox/Wzone/tmp/tmp2002/shp658_20021231b.shp,conf_id,-1,-1,C:/Users/owner/Dropbox/Wzone/tmp/tmp2002/shp659_20021231b.shp,conf_id,-1,-1,C:/Users/owner/Dropbox/Wzone/tmp/tmp2002/shp663_20021231b.shp,conf_id,-1,-1,C:/Users/owner/Dropbox/Wzone/tmp/tmp2002/shp688_20021231b.shp,conf_id,-1,-1,C:/Users/owner/Dropbox/Wzone/tmp/tmp2002/shp689_20021231b.shp,conf_id,-1,-1,C:/Users/owner/Dropbox/Wzone/tmp/tmp2002/shp712_20021231b.shp,conf_id,-1,-1,C:/Users/owner/Dropbox/Wzone/tmp/tmp2002/shp714_20021231b.shp,conf_id,-1,-1,C:/Users/owner/Dropbox/Wzone/tmp/tmp2002/shp719_20021231b.shp,conf_id,-1,-1,C:/Users/owner/Dropbox/Wzone/tmp/tmp2002/shp735_20021231b.shp,conf_id,-1,-1,C:/Users/owner/Dropbox/Wzone/tmp/tmp2002/shp739_20021231b.shp,conf_id,-1,-1,C:/Users/owner/Dropbox/Wzone/tmp/tmp2002/shp740_20021231b.shp,conf_id,-1,-1,C:/Users/owner/Dropbox/Wzone/tmp/tmp2002/shp761_20021231b.shp,conf_id,-1,-1,C:/Users/owner/Dropbox/Wzone/tmp/tmp2002/shp763_20021231b.shp,conf_id,-1,-1,C:/Users/owner/Dropbox/Wzone/tmp/tmp2002/shp768_20021231b.shp,conf_id,-1,-1,C:/Users/owner/Dropbox/Wzone/tmp/tmp2002/shp781_20021231b.shp,conf_id,-1,-1,C:/Users/owner/Dropbox/Wzone/tmp/tmp2002/shp792_20021231b.shp,conf_id,-1,-1,C:/Users/owner/Dropbox/Wzone/tmp/tmp2002/shp793_20021231b.shp,conf_id,-1,-1,C:/Users/owner/Dropbox/Wzone/tmp/tmp2002/shp794_20021231b.shp,conf_id,-1,-1,C:/Users/owner/Dropbox/Wzone/tmp/tmp2002/shp806_20021231b.shp,conf_id,-1,-1,C:/Users/owner/Dropbox/Wzone/tmp/tmp2002/shp830_20021231b.shp,conf_id,-1,-1,C:/Users/owner/Dropbox/Wzone/tmp/tmp2002/shp832_20021231b.shp,conf_id,-1,-1,C:/Users/owner/Dropbox/Wzone/tmp/tmp2002/shp833_20021231b.shp,conf_id,-1,-1,C:/Users/owner/Dropbox/Wzone/tmp/tmp2002/shp864_20021231b.shp,conf_id,-1,-1,C:/Users/owner/Dropbox/Wzone/tmp/tmp2002/shp869_20021231b.shp,conf_id,-1,-1,C:/Users/owner/Dropbox/Wzone/tmp/tmp2002/shp878_20021231b.shp,conf_id,-1,-1,C:/Users/owner/Dropbox/Wzone/tmp/tmp2002/shp885_20021231b.shp,conf_id,-1,-1,C:/Users/owner/Dropbox/Wzone/tmp/tmp2002/shp887_20021231b.shp,conf_id,-1,-1,C:/Users/owner/Dropbox/Wzone/tmp/tmp2002/shp894_20021231b.shp,conf_id,-1,-1,C:/Users/owner/Dropbox/Wzone/tmp/tmp2002/shp913_20021231b.shp,conf_id,-1,-1,C:/Users/owner/Dropbox/Wzone/tmp/tmp2002/shp914_20021231b.shp,conf_id,-1,-1,C:/Users/owner/Dropbox/Wzone/tmp/tmp2002/shp915_20021231b.shp,conf_id,-1,-1,C:/Users/owner/Dropbox/Wzone/tmp/tmp2002/shp924_20021231b.shp,conf_id,-1,-1,C:/Users/owner/Dropbox/Wzone/tmp/tmp2002/shp926_20021231b.shp,conf_id,-1,-1,C:/Users/owner/Dropbox/Wzone/tmp/tmp2002/shp927_20021231b.shp,conf_id,-1,-1,C:/Users/owner/Dropbox/Wzone/tmp/tmp2002/shp928_20021231b.shp,conf_id,-1,-1,C:/Users/owner/Dropbox/Wzone/tmp/tmp2002/shp930_20021231b.shp,conf_id,-1,-1,C:/Users/owner/Dropbox/Wzone/tmp/tmp2002/shp931_20021231b.shp,conf_id,-1,-1,C:/Users/owner/Dropbox/Wzone/tmp/tmp2002/shp934_20021231b.shp,conf_id,-1,-1,C:/Users/owner/Dropbox/Wzone/tmp/tmp2002/shp935_20021231b.shp,conf_id,-1,-1,C:/Users/owner/Dropbox/Wzone/tmp/tmp2002/shp936_20021231b.shp,conf_id,-1,-1,C:/Users/owner/Dropbox/Wzone/tmp/tmp2002/shp938_20021231b.shp,conf_id,-1,-1,C:/Users/owner/Dropbox/Wzone/tmp/tmp2002/shp941_20021231b.shp,conf_id,-1,-1,C:/Users/owner/Dropbox/Wzone/tmp/tmp2002/shp942_20021231b.shp,conf_id,-1,-1,C:/Users/owner/Dropbox/Wzone/tmp/tmp2002/shp947_20021231b.shp,conf_id,-1,-1,C:/Users/owner/Dropbox/Wzone/tmp/tmp2002/shp948_20021231b.shp,conf_id,-1,-1,C:/Users/owner/Dropbox/Wzone/tmp/tmp2002/shp950_20021231b.shp,conf_id,-1,-1,C:/Users/owner/Dropbox/Wzone/tmp/tmp2002/shp951_20021231b.shp,conf_id,-1,-1,C:/Users/owner/Dropbox/Wzone/tmp/tmp2002/shp954_20021231b.shp,conf_id,-1,-1,C:/Users/owner/Dropbox/Wzone/tmp/tmp2002/shp955_20021231b.shp,conf_id,-1,-1,C:/Users/owner/Dropbox/Wzone/tmp/tmp2002/shp956_20021231b.shp,conf_id,-1,-1,C:/Users/owner/Dropbox/Wzone/tmp/tmp2002/shp957_20021231b.shp,conf_id,-1,-1,C:/Users/owner/Dropbox/Wzone/tmp/tmp2002/shp959_20021231b.shp,conf_id,-1,-1,C:/Users/owner/Dropbox/Wzone/tmp/tmp2002/shp960_20021231b.shp,conf_id,-1,-1,C:/Users/owner/Dropbox/Wzone/tmp/tmp2002/shp962_20021231b.shp,conf_id,-1,-1,C:/Users/owner/Dropbox/Wzone/tmp/tmp2002/shp963_20021231b.shp,conf_id,-1,-1,C:/Users/owner/Dropbox/Wzone/tmp/tmp2002/shp964_20021231b.shp,conf_id,-1,-1,C:/Users/owner/Dropbox/Wzone/tmp/tmp2002/shp965_20021231b.shp,conf_id,-1,-1,C:/Users/owner/Dropbox/Wzone/tmp/tmp2002/shp967_20021231b.shp,conf_id,-1,-1,C:/Users/owner/Dropbox/Wzone/tmp/tmp2002/shp968_20021231b.shp,conf_id,-1,-1,C:/Users/owner/Dropbox/Wzone/tmp/tmp2002/shp969_20021231b.shp,conf_id,-1,-1,C:/Users/owner/Dropbox/Wzone/tmp/tmp2002/shp970_20021231b.shp,conf_id,-1,-1,C:/Users/owner/Dropbox/Wzone/tmp/tmp2002/shp974_20021231b.shp,conf_id,-1,-1,C:/Users/owner/Dropbox/Wzone/tmp/tmp2002/shp976_20021231b.shp,conf_id,-1,-1,C:/Users/owner/Dropbox/Wzone/tmp/tmp2002/shp977_20021231b.shp,conf_id,-1,-1,C:/Users/owner/Dropbox/Wzone/tmp/tmp2002/shp981_20021231b.shp,conf_id,-1,-1,C:/Users/owner/Dropbox/Wzone/tmp/tmp2002/shp984_20021231b.shp,conf_id,-1,-1,C:/Users/owner/Dropbox/Wzone/tmp/tmp2002/shp987_20021231b.shp,conf_id,-1,-1,C:/Users/owner/Dropbox/Wzone/tmp/tmp2002/shp988_20021231b.shp,conf_id,-1,-1,C:/Users/owner/Dropbox/Wzone/tmp/tmp2002/shp989_20021231b.shp,conf_id,-1,-1,C:/Users/owner/Dropbox/Wzone/tmp/tmp2002/shp990_20021231b.shp,conf_id,-1,-1,C:/Users/owner/Dropbox/Wzone/tmp/tmp2002/shp991_20021231b.shp,conf_id,-1,-1,C:/Users/owner/Dropbox/Wzone/tmp/tmp2002/shp996_20021231b.shp,conf_id,-1,-1,C:/Users/owner/Dropbox/Wzone/tmp/tmp2002/shp998_20021231b.shp,conf_id,-1,-1,C:/Users/owner/Dropbox/Wzone/tmp/tmp2002/shp1007_20021231b.shp,conf_id,-1,-1,C:/Users/owner/Dropbox/Wzone/tmp/tmp2002/shp1013_20021231b.shp,conf_id,-1,-1,C:/Users/owner/Dropbox/Wzone/tmp/tmp2002/shp1015_20021231b.shp,conf_id,-1,-1,C:/Users/owner/Dropbox/Wzone/tmp/tmp2002/shp1019_20021231b.shp,conf_id,-1,-1,C:/Users/owner/Dropbox/Wzone/tmp/tmp2002/shp1026_20021231b.shp,conf_id,-1,-1,C:/Users/owner/Dropbox/Wzone/tmp/tmp2002/shp1033_20021231b.shp,conf_id,-1,-1,C:/Users/owner/Dropbox/Wzone/tmp/tmp2002/shp1036_20021231b.shp,conf_id,-1,-1,C:/Users/owner/Dropbox/Wzone/tmp/tmp2002/shp1039_20021231b.shp,conf_id,-1,-1,C:/Users/owner/Dropbox/Wzone/tmp/tmp2002/shp1040_20021231b.shp,conf_id,-1,-1,C:/Users/owner/Dropbox/Wzone/tmp/tmp2002/shp1042_20021231b.shp,conf_id,-1,-1,C:/Users/owner/Dropbox/Wzone/tmp/tmp2002/shp1053_20021231b.shp,conf_id,-1,-1,C:/Users/owner/Dropbox/Wzone/tmp/tmp2002/shp1056_20021231b.shp,conf_id,-1,-1,C:/Users/owner/Dropbox/Wzone/tmp/tmp2002/shp1072_20021231b.shp,conf_id,-1,-1,C:/Users/owner/Dropbox/Wzone/tmp/tmp2002/shp1073_20021231b.shp,conf_id,-1,-1,C:/Users/owner/Dropbox/Wzone/tmp/tmp2002/shp1077_20021231b.shp,conf_id,-1,-1,C:/Users/owner/Dropbox/Wzone/tmp/tmp2002/shp1167_20021231b.shp,conf_id,-1,-1,C:/Users/owner/Dropbox/Wzone/tmp/tmp2002/shp1199_20021231b.shp,conf_id,-1,-1,C:/Users/owner/Dropbox/Wzone/tmp/tmp2002/shp1204_20021231b.shp,conf_id,-1,-1,C:/Users/owner/Dropbox/Wzone/tmp/tmp2002/shp1301_20021231b.shp,conf_id,-1,-1,C:/Users/owner/Dropbox/Wzone/tmp/tmp2002/shp5188_20021231b.shp,conf_id,-1,-1,C:/Users/owner/Dropbox/Wzone/tmp/tmp2002/shp5190_20021231b.shp,conf_id,-1,-1,C:/Users/owner/Dropbox/Wzone/tmp/tmp2002/shp5196_20021231b.shp,conf_id,-1,-1,C:/Users/owner/Dropbox/Wzone/tmp/tmp2002/shp5201_20021231b.shp,conf_id,-1,-1,C:/Users/owner/Dropbox/Wzone/tmp/tmp2002/shp5222_20021231b.shp,conf_id,-1,-1,C:/Users/owner/Dropbox/Wzone/tmp/tmp2002/shp5223_20021231b.shp,conf_id,-1,-1,C:/Users/owner/Dropbox/Wzone/tmp/tmp2002/shp5282_20021231b.shp,conf_id,-1,-1,C:/Users/owner/Dropbox/Wzone/tmp/tmp2002/shp5289_20021231b.shp,conf_id,-1,-1,C:/Users/owner/Dropbox/Wzone/tmp/tmp2002/shp5293_20021231b.shp,conf_id,-1,-1,C:/Users/owner/Dropbox/Wzone/tmp/tmp2002/shp5305_20021231b.shp,conf_id,-1,-1,C:/Users/owner/Dropbox/Wzone/tmp/tmp2002/shp5314_20021231b.shp,conf_id,-1,-1,C:/Users/owner/Dropbox/Wzone/tmp/tmp2002/shp5324_20021231b.shp,conf_id,-1,-1,C:/Users/owner/Dropbox/Wzone/tmp/tmp2002/shp5338_20021231b.shp,conf_id,-1,-1,C:/Users/owner/Dropbox/Wzone/tmp/tmp2002/shp5349_20021231b.shp,conf_id,-1,-1,C:/Users/owner/Dropbox/Wzone/tmp/tmp2002/shp5352_20021231b.shp,conf_id,-1,-1,C:/Users/owner/Dropbox/Wzone/tmp/tmp2002/shp5505_20021231b.shp,conf_id,-1,-1,C:/Users/owner/Dropbox/Wzone/tmp/tmp2002/shp5512_20021231b.shp,conf_id,-1,-1,C:/Users/owner/Dropbox/Wzone/tmp/tmp2002/shp5513_20021231b.shp,conf_id,-1,-1,C:/Users/owner/Dropbox/Wzone/tmp/tmp2002/shp5570_20021231b.shp,conf_id,-1,-1,C:/Users/owner/Dropbox/Wzone/tmp/tmp2002/shp10264_20021231b.shp,conf_id,-1,-1,C:/Users/owner/Dropbox/Wzone/tmp/tmp2002/shp10985_20021231b.shp,conf_id,-1,-1,C:/Users/owner/Dropbox/Wzone/tmp/tmp2002/shp11123_20021231b.shp,conf_id,-1,-1,C:/Users/owner/Dropbox/Wzone/tmp/tmp2002/shp11932_20021231b.shp,conf_id,-1,-1,C:/Users/owner/Dropbox/Wzone/tmp/tmp2002/shp12102_20021231b.shp,conf_id,-1,-1,C:/Users/owner/Dropbox/Wzone/tmp/tmp2002/shp14273_20021231b.shp,conf_id,-1,-1,C:/Users/owner/Dropbox/Wzone/tmp/tmp2002/shp14830_20021231b.shp,conf_id,-1,-1,C:/Users/owner/Dropbox/Wzone/tmp/tmp2002/shp15558_20021231b.shp,conf_id,-1,-1;date "date" true true false 254 Text 0 0,First,#,C:/Users/owner/Dropbox/Wzone/tmp/tmp2002/shp411_20021231b.shp,date,0,253,C:/Users/owner/Dropbox/Wzone/tmp/tmp2002/shp422_20021231b.shp,date,0,253,C:/Users/owner/Dropbox/Wzone/tmp/tmp2002/shp428_20021231b.shp,date,0,253,C:/Users/owner/Dropbox/Wzone/tmp/tmp2002/shp451_20021231b.shp,date,0,253,C:/Users/owner/Dropbox/Wzone/tmp/tmp2002/shp452_20021231b.shp,date,0,253,C:/Users/owner/Dropbox/Wzone/tmp/tmp2002/shp474_20021231b.shp,date,0,253,C:/Users/owner/Dropbox/Wzone/tmp/tmp2002/shp475_20021231b.shp,date,0,253,C:/Users/owner/Dropbox/Wzone/tmp/tmp2002/shp477_20021231b.shp,date,0,253,C:/Users/owner/Dropbox/Wzone/tmp/tmp2002/shp478_20021231b.shp,date,0,253,C:/Users/owner/Dropbox/Wzone/tmp/tmp2002/shp479_20021231b.shp,date,0,253,C:/Users/owner/Dropbox/Wzone/tmp/tmp2002/shp480_20021231b.shp,date,0,253,C:/Users/owner/Dropbox/Wzone/tmp/tmp2002/shp508_20021231b.shp,date,0,253,C:/Users/owner/Dropbox/Wzone/tmp/tmp2002/shp511_20021231b.shp,date,0,253,C:/Users/owner/Dropbox/Wzone/tmp/tmp2002/shp550_20021231b.shp,date,0,253,C:/Users/owner/Dropbox/Wzone/tmp/tmp2002/shp562_20021231b.shp,date,0,253,C:/Users/owner/Dropbox/Wzone/tmp/tmp2002/shp623_20021231b.shp,date,0,253,C:/Users/owner/Dropbox/Wzone/tmp/tmp2002/shp624_20021231b.shp,date,0,253,C:/Users/owner/Dropbox/Wzone/tmp/tmp2002/shp657_20021231b.shp,date,0,253,C:/Users/owner/Dropbox/Wzone/tmp/tmp2002/shp658_20021231b.shp,date,0,253,C:/Users/owner/Dropbox/Wzone/tmp/tmp2002/shp659_20021231b.shp,date,0,253,C:/Users/owner/Dropbox/Wzone/tmp/tmp2002/shp663_20021231b.shp,date,0,253,C:/Users/owner/Dropbox/Wzone/tmp/tmp2002/shp688_20021231b.shp,date,0,253,C:/Users/owner/Dropbox/Wzone/tmp/tmp2002/shp689_20021231b.shp,date,0,253,C:/Users/owner/Dropbox/Wzone/tmp/tmp2002/shp712_20021231b.shp,date,0,253,C:/Users/owner/Dropbox/Wzone/tmp/tmp2002/shp714_20021231b.shp,date,0,253,C:/Users/owner/Dropbox/Wzone/tmp/tmp2002/shp719_20021231b.shp,date,0,253,C:/Users/owner/Dropbox/Wzone/tmp/tmp2002/shp735_20021231b.shp,date,0,253,C:/Users/owner/Dropbox/Wzone/tmp/tmp2002/shp739_20021231b.shp,date,0,253,C:/Users/owner/Dropbox/Wzone/tmp/tmp2002/shp740_20021231b.shp,date,0,253,C:/Users/owner/Dropbox/Wzone/tmp/tmp2002/shp761_20021231b.shp,date,0,253,C:/Users/owner/Dropbox/Wzone/tmp/tmp2002/shp763_20021231b.shp,date,0,253,C:/Users/owner/Dropbox/Wzone/tmp/tmp2002/shp768_20021231b.shp,date,0,253,C:/Users/owner/Dropbox/Wzone/tmp/tmp2002/shp781_20021231b.shp,date,0,253,C:/Users/owner/Dropbox/Wzone/tmp/tmp2002/shp792_20021231b.shp,date,0,253,C:/Users/owner/Dropbox/Wzone/tmp/tmp2002/shp793_20021231b.shp,date,0,253,C:/Users/owner/Dropbox/Wzone/tmp/tmp2002/shp794_20021231b.shp,date,0,253,C:/Users/owner/Dropbox/Wzone/tmp/tmp2002/shp806_20021231b.shp,date,0,253,C:/Users/owner/Dropbox/Wzone/tmp/tmp2002/shp830_20021231b.shp,date,0,253,C:/Users/owner/Dropbox/Wzone/tmp/tmp2002/shp832_20021231b.shp,date,0,253,C:/Users/owner/Dropbox/Wzone/tmp/tmp2002/shp833_20021231b.shp,date,0,253,C:/Users/owner/Dropbox/Wzone/tmp/tmp2002/shp864_20021231b.shp,date,0,253,C:/Users/owner/Dropbox/Wzone/tmp/tmp2002/shp869_20021231b.shp,date,0,253,C:/Users/owner/Dropbox/Wzone/tmp/tmp2002/shp878_20021231b.shp,date,0,253,C:/Users/owner/Dropbox/Wzone/tmp/tmp2002/shp885_20021231b.shp,date,0,253,C:/Users/owner/Dropbox/Wzone/tmp/tmp2002/shp887_20021231b.shp,date,0,253,C:/Users/owner/Dropbox/Wzone/tmp/tmp2002/shp894_20021231b.shp,date,0,253,C:/Users/owner/Dropbox/Wzone/tmp/tmp2002/shp913_20021231b.shp,date,0,253,C:/Users/owner/Dropbox/Wzone/tmp/tmp2002/shp914_20021231b.shp,date,0,253,C:/Users/owner/Dropbox/Wzone/tmp/tmp2002/shp915_20021231b.shp,date,0,253,C:/Users/owner/Dropbox/Wzone/tmp/tmp2002/shp924_20021231b.shp,date,0,253,C:/Users/owner/Dropbox/Wzone/tmp/tmp2002/shp926_20021231b.shp,date,0,253,C:/Users/owner/Dropbox/Wzone/tmp/tmp2002/shp927_20021231b.shp,date,0,253,C:/Users/owner/Dropbox/Wzone/tmp/tmp2002/shp928_20021231b.shp,date,0,253,C:/Users/owner/Dropbox/Wzone/tmp/tmp2002/shp930_20021231b.shp,date,0,253,C:/Users/owner/Dropbox/Wzone/tmp/tmp2002/shp931_20021231b.shp,date,0,253,C:/Users/owner/Dropbox/Wzone/tmp/tmp2002/shp934_20021231b.shp,date,0,253,C:/Users/owner/Dropbox/Wzone/tmp/tmp2002/shp935_20021231b.shp,date,0,253,C:/Users/owner/Dropbox/Wzone/tmp/tmp2002/shp936_20021231b.shp,date,0,253,C:/Users/owner/Dropbox/Wzone/tmp/tmp2002/shp938_20021231b.shp,date,0,253,C:/Users/owner/Dropbox/Wzone/tmp/tmp2002/shp941_20021231b.shp,date,0,253,C:/Users/owner/Dropbox/Wzone/tmp/tmp2002/shp942_20021231b.shp,date,0,253,C:/Users/owner/Dropbox/Wzone/tmp/tmp2002/shp947_20021231b.shp,date,0,253,C:/Users/owner/Dropbox/Wzone/tmp/tmp2002/shp948_20021231b.shp,date,0,253,C:/Users/owner/Dropbox/Wzone/tmp/tmp2002/shp950_20021231b.shp,date,0,253,C:/Users/owner/Dropbox/Wzone/tmp/tmp2002/shp951_20021231b.shp,date,0,253,C:/Users/owner/Dropbox/Wzone/tmp/tmp2002/shp954_20021231b.shp,date,0,253,C:/Users/owner/Dropbox/Wzone/tmp/tmp2002/shp955_20021231b.shp,date,0,253,C:/Users/owner/Dropbox/Wzone/tmp/tmp2002/shp956_20021231b.shp,date,0,253,C:/Users/owner/Dropbox/Wzone/tmp/tmp2002/shp957_20021231b.shp,date,0,253,C:/Users/owner/Dropbox/Wzone/tmp/tmp2002/shp959_20021231b.shp,date,0,253,C:/Users/owner/Dropbox/Wzone/tmp/tmp2002/shp960_20021231b.shp,date,0,253,C:/Users/owner/Dropbox/Wzone/tmp/tmp2002/shp962_20021231b.shp,date,0,253,C:/Users/owner/Dropbox/Wzone/tmp/tmp2002/shp963_20021231b.shp,date,0,253,C:/Users/owner/Dropbox/Wzone/tmp/tmp2002/shp964_20021231b.shp,date,0,253,C:/Users/owner/Dropbox/Wzone/tmp/tmp2002/shp965_20021231b.shp,date,0,253,C:/Users/owner/Dropbox/Wzone/tmp/tmp2002/shp967_20021231b.shp,date,0,253,C:/Users/owner/Dropbox/Wzone/tmp/tmp2002/shp968_20021231b.shp,date,0,253,C:/Users/owner/Dropbox/Wzone/tmp/tmp2002/shp969_20021231b.shp,date,0,253,C:/Users/owner/Dropbox/Wzone/tmp/tmp2002/shp970_20021231b.shp,date,0,253,C:/Users/owner/Dropbox/Wzone/tmp/tmp2002/shp974_20021231b.shp,date,0,253,C:/Users/owner/Dropbox/Wzone/tmp/tmp2002/shp976_20021231b.shp,date,0,253,C:/Users/owner/Dropbox/Wzone/tmp/tmp2002/shp977_20021231b.shp,date,0,253,C:/Users/owner/Dropbox/Wzone/tmp/tmp2002/shp981_20021231b.shp,date,0,253,C:/Users/owner/Dropbox/Wzone/tmp/tmp2002/shp984_20021231b.shp,date,0,253,C:/Users/owner/Dropbox/Wzone/tmp/tmp2002/shp987_20021231b.shp,date,0,253,C:/Users/owner/Dropbox/Wzone/tmp/tmp2002/shp988_20021231b.shp,date,0,253,C:/Users/owner/Dropbox/Wzone/tmp/tmp2002/shp989_20021231b.shp,date,0,253,C:/Users/owner/Dropbox/Wzone/tmp/tmp2002/shp990_20021231b.shp,date,0,253,C:/Users/owner/Dropbox/Wzone/tmp/tmp2002/shp991_20021231b.shp,date,0,253,C:/Users/owner/Dropbox/Wzone/tmp/tmp2002/shp996_20021231b.shp,date,0,253,C:/Users/owner/Dropbox/Wzone/tmp/tmp2002/shp998_20021231b.shp,date,0,253,C:/Users/owner/Dropbox/Wzone/tmp/tmp2002/shp1007_20021231b.shp,date,0,253,C:/Users/owner/Dropbox/Wzone/tmp/tmp2002/shp1013_20021231b.shp,date,0,253,C:/Users/owner/Dropbox/Wzone/tmp/tmp2002/shp1015_20021231b.shp,date,0,253,C:/Users/owner/Dropbox/Wzone/tmp/tmp2002/shp1019_20021231b.shp,date,0,253,C:/Users/owner/Dropbox/Wzone/tmp/tmp2002/shp1026_20021231b.shp,date,0,253,C:/Users/owner/Dropbox/Wzone/tmp/tmp2002/shp1033_20021231b.shp,date,0,253,C:/Users/owner/Dropbox/Wzone/tmp/tmp2002/shp1036_20021231b.shp,date,0,253,C:/Users/owner/Dropbox/Wzone/tmp/tmp2002/shp1039_20021231b.shp,date,0,253,C:/Users/owner/Dropbox/Wzone/tmp/tmp2002/shp1040_20021231b.shp,date,0,253,C:/Users/owner/Dropbox/Wzone/tmp/tmp2002/shp1042_20021231b.shp,date,0,253,C:/Users/owner/Dropbox/Wzone/tmp/tmp2002/shp1053_20021231b.shp,date,0,253,C:/Users/owner/Dropbox/Wzone/tmp/tmp2002/shp1056_20021231b.shp,date,0,253,C:/Users/owner/Dropbox/Wzone/tmp/tmp2002/shp1072_20021231b.shp,date,0,253,C:/Users/owner/Dropbox/Wzone/tmp/tmp2002/shp1073_20021231b.shp,date,0,253,C:/Users/owner/Dropbox/Wzone/tmp/tmp2002/shp1077_20021231b.shp,date,0,253,C:/Users/owner/Dropbox/Wzone/tmp/tmp2002/shp1167_20021231b.shp,date,0,253,C:/Users/owner/Dropbox/Wzone/tmp/tmp2002/shp1199_20021231b.shp,date,0,253,C:/Users/owner/Dropbox/Wzone/tmp/tmp2002/shp1204_20021231b.shp,date,0,253,C:/Users/owner/Dropbox/Wzone/tmp/tmp2002/shp1301_20021231b.shp,date,0,253,C:/Users/owner/Dropbox/Wzone/tmp/tmp2002/shp5188_20021231b.shp,date,0,253,C:/Users/owner/Dropbox/Wzone/tmp/tmp2002/shp5190_20021231b.shp,date,0,253,C:/Users/owner/Dropbox/Wzone/tmp/tmp2002/shp5196_20021231b.shp,date,0,253,C:/Users/owner/Dropbox/Wzone/tmp/tmp2002/shp5201_20021231b.shp,date,0,253,C:/Users/owner/Dropbox/Wzone/tmp/tmp2002/shp5222_20021231b.shp,date,0,253,C:/Users/owner/Dropbox/Wzone/tmp/tmp2002/shp5223_20021231b.shp,date,0,253,C:/Users/owner/Dropbox/Wzone/tmp/tmp2002/shp5282_20021231b.shp,date,0,253,C:/Users/owner/Dropbox/Wzone/tmp/tmp2002/shp5289_20021231b.shp,date,0,253,C:/Users/owner/Dropbox/Wzone/tmp/tmp2002/shp5293_20021231b.shp,date,0,253,C:/Users/owner/Dropbox/Wzone/tmp/tmp2002/shp5305_20021231b.shp,date,0,253,C:/Users/owner/Dropbox/Wzone/tmp/tmp2002/shp5314_20021231b.shp,date,0,253,C:/Users/owner/Dropbox/Wzone/tmp/tmp2002/shp5324_20021231b.shp,date,0,253,C:/Users/owner/Dropbox/Wzone/tmp/tmp2002/shp5338_20021231b.shp,date,0,253,C:/Users/owner/Dropbox/Wzone/tmp/tmp2002/shp5349_20021231b.shp,date,0,253,C:/Users/owner/Dropbox/Wzone/tmp/tmp2002/shp5352_20021231b.shp,date,0,253,C:/Users/owner/Dropbox/Wzone/tmp/tmp2002/shp5505_20021231b.shp,date,0,253,C:/Users/owner/Dropbox/Wzone/tmp/tmp2002/shp5512_20021231b.shp,date,0,253,C:/Users/owner/Dropbox/Wzone/tmp/tmp2002/shp5513_20021231b.shp,date,0,253,C:/Users/owner/Dropbox/Wzone/tmp/tmp2002/shp5570_20021231b.shp,date,0,253,C:/Users/owner/Dropbox/Wzone/tmp/tmp2002/shp10264_20021231b.shp,date,0,253,C:/Users/owner/Dropbox/Wzone/tmp/tmp2002/shp10985_20021231b.shp,date,0,253,C:/Users/owner/Dropbox/Wzone/tmp/tmp2002/shp11123_20021231b.shp,date,0,253,C:/Users/owner/Dropbox/Wzone/tmp/tmp2002/shp11932_20021231b.shp,date,0,253,C:/Users/owner/Dropbox/Wzone/tmp/tmp2002/shp12102_20021231b.shp,date,0,253,C:/Users/owner/Dropbox/Wzone/tmp/tmp2002/shp14273_20021231b.shp,date,0,253,C:/Users/owner/Dropbox/Wzone/tmp/tmp2002/shp14830_20021231b.shp,date,0,253,C:/Users/owner/Dropbox/Wzone/tmp/tmp2002/shp15558_20021231b.shp,date,0,253" NO_SOURCE_INFO</Process><Process ToolSource="c:\program files\arcgis\pro\Resources\ArcToolbox\toolboxes\Data Management Tools.tbx\DefineProjection" Date="20240715" Time="115242">DefineProjection C:/Users/owner/Dropbox/Wzone/out/wzone_shp/2002/2002_12_31.shp GEOGCS["GCS_WGS_1984",DATUM["D_WGS_1984",SPHEROID["WGS_1984",6378137.0,298.257223563]],PRIMEM["Greenwich",0.0],UNIT["Degree",0.0174532925199433]]</Process></lineage></DataProperties><SyncDate>20240715</SyncDate><SyncTime>11524000</SyncTime><ModDate>20240715</ModDate><ModTime>11524000</ModTime></Esri><dataIdInfo><envirDesc Sync="TRUE">Microsoft Windows 10 Version 10.0 (Build 19045) ; Esri ArcGIS 13.2.2.49743</envirDesc><dataLang><languageCode value="eng" Sync="TRUE"></languageCode><countryCode value="USA" Sync="TRUE"></countryCode></dataLang><idCitation><resTitle Sync="TRUE">2002_12_31</resTitle><presForm><PresFormCd value="005" Sync="TRUE"></PresFormCd></presForm></idCitation><spatRpType><SpatRepTypCd value="001" Sync="TRUE"></SpatRepTypCd></spatRpType></dataIdInfo><mdLang><languageCode value="eng" Sync="TRUE"></languageCode><countryCode value="USA" Sync="TRUE"></countryCode></mdLang><mdChar><CharSetCd value="004" Sync="TRUE"></CharSetCd></mdChar><distInfo><distFormat><formatName Sync="TRUE">Shapefile</formatName></distFormat><distTranOps><transSize Sync="TRUE">0.000</transSize></distTranOps></distInfo><mdHrLv><ScopeCd value="005" Sync="TRUE"></ScopeCd></mdHrLv><mdHrLvName Sync="TRUE">dataset</mdHrLvName><spatRepInfo><VectSpatRep><geometObjs Name="2002_12_31"><geoObjTyp><GeoObjTypCd value="002" Sync="TRUE"></GeoObjTypCd></geoObjTyp><geoObjCnt Sync="TRUE">0</geoObjCnt></geometObjs><topLvl><TopoLevCd value="001" Sync="TRUE"></TopoLevCd></topLvl></VectSpatRep></spatRepInfo><spdoinfo><ptvctinf><esriterm Name="2002_12_31"><efeatyp Sync="TRUE">Simple</efeatyp><efeageom code="4" Sync="TRUE"></efeageom><esritopo Sync="TRUE">FALSE</esritopo><efeacnt Sync="TRUE">0</efeacnt><spindex Sync="TRUE">FALSE</spindex><linrefer Sync="TRUE">FALSE</linrefer></esriterm></ptvctinf></spdoinfo><eainfo><detailed Name="2002_12_31"><enttyp><enttypl Sync="TRUE">2002_12_31</enttypl><enttypt Sync="TRUE">Feature Class</enttypt><enttypc Sync="TRUE">0</enttypc></enttyp><attr><attrlabl Sync="TRUE">FID</attrlabl><attalias Sync="TRUE">FID</attalias><attrtype Sync="TRUE">OID</attrtype><attwidth Sync="TRUE">4</attwidth><atprecis Sync="TRUE">0</atprecis><attscale Sync="TRUE">0</attscale><attrdef Sync="TRUE">Internal feature number.</attrdef><attrdefs Sync="TRUE">Esri</attrdefs><attrdomv><udom Sync="TRUE">Sequential unique whole numbers that are automatically generated.</udom></attrdomv></attr><attr><attrlabl Sync="TRUE">Shape</attrlabl><attalias Sync="TRUE">Shape</attalias><attrtype Sync="TRUE">Geometry</attrtype><attwidth Sync="TRUE">0</attwidth><atprecis Sync="TRUE">0</atprecis><attscale Sync="TRUE">0</attscale><attrdef Sync="TRUE">Feature geometry.</attrdef><attrdefs Sync="TRUE">Esri</attrdefs><attrdomv><udom Sync="TRUE">Coordinates defining the features.</udom></attrdomv></attr><attr><attrlabl Sync="TRUE">dyad_id</attrlabl><attalias Sync="TRUE">dyad_id</attalias><attrtype Sync="TRUE">Integer</attrtype><attwidth Sync="TRUE">5</attwidth><atprecis Sync="TRUE">5</atprecis><attscale Sync="TRUE">0</attscale></attr><attr><attrlabl Sync="TRUE">conf_id</attrlabl><attalias Sync="TRUE">conf_id</attalias><attrtype Sync="TRUE">Integer</attrtype><attwidth Sync="TRUE">5</attwidth><atprecis Sync="TRUE">5</atprecis><attscale Sync="TRUE">0</attscale></attr><attr><attrlabl Sync="TRUE">date</attrlabl><attalias Sync="TRUE">date</attalias><attrtype Sync="TRUE">String</attrtype><attwidth Sync="TRUE">254</attwidth><atprecis Sync="TRUE">0</atprecis><attscale Sync="TRUE">0</attscale></attr></detailed></eainfo><mdDateSt Sync="TRUE">20240715</mdDateSt></metadata>
