<?xml version="1.0" encoding="UTF-8"?>
<metadata xml:lang="en"><Esri><CreaDate>20240715</CreaDate><CreaTime>10412400</CreaTime><ArcGISFormat>1.0</ArcGISFormat><SyncOnce>FALSE</SyncOnce><DataProperties><itemProps><itemName Sync="TRUE">2003_12_31</itemName><imsContentType Sync="TRUE">002</imsContentType><itemSize Sync="TRUE">0.000</itemSize><itemLocation><linkage Sync="TRUE">file://\\DESKTOP-48J08HF\C$\Users\owner\Dropbox\Wzone\out\wzone_shp\2003\2003_12_31.shp</linkage><protocol Sync="TRUE">Local Area Network</protocol></itemLocation></itemProps><lineage><Process ToolSource="c:\program files\arcgis\pro\Resources\ArcToolbox\toolboxes\Analysis Tools.tbx\Select" Date="20240715" Time="104124">Select in_memory/shp2003411_20031231a C:\Users\owner\Dropbox\Wzone\tmp\tmp2003\shp411_20031231b.shp ""gridcode" &gt; 0"</Process><Process ToolSource="c:\program files\arcgis\pro\Resources\ArcToolbox\toolboxes\Data Management Tools.tbx\AddField" Date="20240715" Time="104124">AddField C:/Users/owner/Dropbox/Wzone/tmp/tmp2003/shp411_20031231b.shp dyad_id "Short (16-bit integer)" # # # # NULLABLE NON_REQUIRED #</Process><Process ToolSource="c:\program files\arcgis\pro\Resources\ArcToolbox\toolboxes\Data Management Tools.tbx\AddField" Date="20240715" Time="104124">AddField C:/Users/owner/Dropbox/Wzone/tmp/tmp2003/shp411_20031231b.shp conf_id "Short (16-bit integer)" # # # # NULLABLE NON_REQUIRED #</Process><Process ToolSource="c:\program files\arcgis\pro\Resources\ArcToolbox\toolboxes\Data Management Tools.tbx\AddField" Date="20240715" Time="104125">AddField C:/Users/owner/Dropbox/Wzone/tmp/tmp2003/shp411_20031231b.shp date Text # # # # NULLABLE NON_REQUIRED #</Process><Process ToolSource="c:\program files\arcgis\pro\Resources\ArcToolbox\toolboxes\Data Management Tools.tbx\DeleteField" Date="20240715" Time="104125">DeleteField C:/Users/owner/Dropbox/Wzone/tmp/tmp2003/shp411_20031231b.shp Id "Delete Fields"</Process><Process ToolSource="c:\program files\arcgis\pro\Resources\ArcToolbox\toolboxes\Data Management Tools.tbx\DeleteField" Date="20240715" Time="104125">DeleteField C:/Users/owner/Dropbox/Wzone/tmp/tmp2003/shp411_20031231b.shp gridcode "Delete Fields"</Process><Process ToolSource="c:\program files\arcgis\pro\Resources\ArcToolbox\toolboxes\Data Management Tools.tbx\Merge" Date="20240715" Time="104501">Merge C:/Users/owner/Dropbox/Wzone/tmp/tmp2003/shp411_20031231b.shp;C:/Users/owner/Dropbox/Wzone/tmp/tmp2003/shp422_20031231b.shp;C:/Users/owner/Dropbox/Wzone/tmp/tmp2003/shp428_20031231b.shp;C:/Users/owner/Dropbox/Wzone/tmp/tmp2003/shp451_20031231b.shp;C:/Users/owner/Dropbox/Wzone/tmp/tmp2003/shp452_20031231b.shp;C:/Users/owner/Dropbox/Wzone/tmp/tmp2003/shp474_20031231b.shp;C:/Users/owner/Dropbox/Wzone/tmp/tmp2003/shp475_20031231b.shp;C:/Users/owner/Dropbox/Wzone/tmp/tmp2003/shp477_20031231b.shp;C:/Users/owner/Dropbox/Wzone/tmp/tmp2003/shp478_20031231b.shp;C:/Users/owner/Dropbox/Wzone/tmp/tmp2003/shp480_20031231b.shp;C:/Users/owner/Dropbox/Wzone/tmp/tmp2003/shp508_20031231b.shp;C:/Users/owner/Dropbox/Wzone/tmp/tmp2003/shp511_20031231b.shp;C:/Users/owner/Dropbox/Wzone/tmp/tmp2003/shp523_20031231b.shp;C:/Users/owner/Dropbox/Wzone/tmp/tmp2003/shp550_20031231b.shp;C:/Users/owner/Dropbox/Wzone/tmp/tmp2003/shp562_20031231b.shp;C:/Users/owner/Dropbox/Wzone/tmp/tmp2003/shp623_20031231b.shp;C:/Users/owner/Dropbox/Wzone/tmp/tmp2003/shp624_20031231b.shp;C:/Users/owner/Dropbox/Wzone/tmp/tmp2003/shp657_20031231b.shp;C:/Users/owner/Dropbox/Wzone/tmp/tmp2003/shp658_20031231b.shp;C:/Users/owner/Dropbox/Wzone/tmp/tmp2003/shp659_20031231b.shp;C:/Users/owner/Dropbox/Wzone/tmp/tmp2003/shp665_20031231b.shp;C:/Users/owner/Dropbox/Wzone/tmp/tmp2003/shp666_20031231b.shp;C:/Users/owner/Dropbox/Wzone/tmp/tmp2003/shp688_20031231b.shp;C:/Users/owner/Dropbox/Wzone/tmp/tmp2003/shp689_20031231b.shp;C:/Users/owner/Dropbox/Wzone/tmp/tmp2003/shp719_20031231b.shp;C:/Users/owner/Dropbox/Wzone/tmp/tmp2003/shp735_20031231b.shp;C:/Users/owner/Dropbox/Wzone/tmp/tmp2003/shp739_20031231b.shp;C:/Users/owner/Dropbox/Wzone/tmp/tmp2003/shp763_20031231b.shp;C:/Users/owner/Dropbox/Wzone/tmp/tmp2003/shp768_20031231b.shp;C:/Users/owner/Dropbox/Wzone/tmp/tmp2003/shp781_20031231b.shp;C:/Users/owner/Dropbox/Wzone/tmp/tmp2003/shp792_20031231b.shp;C:/Users/owner/Dropbox/Wzone/tmp/tmp2003/shp793_20031231b.shp;C:/Users/owner/Dropbox/Wzone/tmp/tmp2003/shp794_20031231b.shp;C:/Users/owner/Dropbox/Wzone/tmp/tmp2003/shp806_20031231b.shp;C:/Users/owner/Dropbox/Wzone/tmp/tmp2003/shp830_20031231b.shp;C:/Users/owner/Dropbox/Wzone/tmp/tmp2003/shp832_20031231b.shp;C:/Users/owner/Dropbox/Wzone/tmp/tmp2003/shp833_20031231b.shp;C:/Users/owner/Dropbox/Wzone/tmp/tmp2003/shp864_20031231b.shp;C:/Users/owner/Dropbox/Wzone/tmp/tmp2003/shp869_20031231b.shp;C:/Users/owner/Dropbox/Wzone/tmp/tmp2003/shp878_20031231b.shp;C:/Users/owner/Dropbox/Wzone/tmp/tmp2003/shp885_20031231b.shp;C:/Users/owner/Dropbox/Wzone/tmp/tmp2003/shp887_20031231b.shp;C:/Users/owner/Dropbox/Wzone/tmp/tmp2003/shp894_20031231b.shp;C:/Users/owner/Dropbox/Wzone/tmp/tmp2003/shp913_20031231b.shp;C:/Users/owner/Dropbox/Wzone/tmp/tmp2003/shp914_20031231b.shp;C:/Users/owner/Dropbox/Wzone/tmp/tmp2003/shp915_20031231b.shp;C:/Users/owner/Dropbox/Wzone/tmp/tmp2003/shp924_20031231b.shp;C:/Users/owner/Dropbox/Wzone/tmp/tmp2003/shp926_20031231b.shp;C:/Users/owner/Dropbox/Wzone/tmp/tmp2003/shp928_20031231b.shp;C:/Users/owner/Dropbox/Wzone/tmp/tmp2003/shp930_20031231b.shp;C:/Users/owner/Dropbox/Wzone/tmp/tmp2003/shp931_20031231b.shp;C:/Users/owner/Dropbox/Wzone/tmp/tmp2003/shp934_20031231b.shp;C:/Users/owner/Dropbox/Wzone/tmp/tmp2003/shp935_20031231b.shp;C:/Users/owner/Dropbox/Wzone/tmp/tmp2003/shp936_20031231b.shp;C:/Users/owner/Dropbox/Wzone/tmp/tmp2003/shp941_20031231b.shp;C:/Users/owner/Dropbox/Wzone/tmp/tmp2003/shp942_20031231b.shp;C:/Users/owner/Dropbox/Wzone/tmp/tmp2003/shp947_20031231b.shp;C:/Users/owner/Dropbox/Wzone/tmp/tmp2003/shp948_20031231b.shp;C:/Users/owner/Dropbox/Wzone/tmp/tmp2003/shp950_20031231b.shp;C:/Users/owner/Dropbox/Wzone/tmp/tmp2003/shp951_20031231b.shp;C:/Users/owner/Dropbox/Wzone/tmp/tmp2003/shp954_20031231b.shp;C:/Users/owner/Dropbox/Wzone/tmp/tmp2003/shp955_20031231b.shp;C:/Users/owner/Dropbox/Wzone/tmp/tmp2003/shp956_20031231b.shp;C:/Users/owner/Dropbox/Wzone/tmp/tmp2003/shp957_20031231b.shp;C:/Users/owner/Dropbox/Wzone/tmp/tmp2003/shp959_20031231b.shp;C:/Users/owner/Dropbox/Wzone/tmp/tmp2003/shp960_20031231b.shp;C:/Users/owner/Dropbox/Wzone/tmp/tmp2003/shp962_20031231b.shp;C:/Users/owner/Dropbox/Wzone/tmp/tmp2003/shp963_20031231b.shp;C:/Users/owner/Dropbox/Wzone/tmp/tmp2003/shp964_20031231b.shp;C:/Users/owner/Dropbox/Wzone/tmp/tmp2003/shp965_20031231b.shp;C:/Users/owner/Dropbox/Wzone/tmp/tmp2003/shp967_20031231b.shp;C:/Users/owner/Dropbox/Wzone/tmp/tmp2003/shp968_20031231b.shp;C:/Users/owner/Dropbox/Wzone/tmp/tmp2003/shp969_20031231b.shp;C:/Users/owner/Dropbox/Wzone/tmp/tmp2003/shp970_20031231b.shp;C:/Users/owner/Dropbox/Wzone/tmp/tmp2003/shp972_20031231b.shp;C:/Users/owner/Dropbox/Wzone/tmp/tmp2003/shp974_20031231b.shp;C:/Users/owner/Dropbox/Wzone/tmp/tmp2003/shp976_20031231b.shp;C:/Users/owner/Dropbox/Wzone/tmp/tmp2003/shp977_20031231b.shp;C:/Users/owner/Dropbox/Wzone/tmp/tmp2003/shp981_20031231b.shp;C:/Users/owner/Dropbox/Wzone/tmp/tmp2003/shp984_20031231b.shp;C:/Users/owner/Dropbox/Wzone/tmp/tmp2003/shp987_20031231b.shp;C:/Users/owner/Dropbox/Wzone/tmp/tmp2003/shp988_20031231b.shp;C:/Users/owner/Dropbox/Wzone/tmp/tmp2003/shp989_20031231b.shp;C:/Users/owner/Dropbox/Wzone/tmp/tmp2003/shp990_20031231b.shp;C:/Users/owner/Dropbox/Wzone/tmp/tmp2003/shp991_20031231b.shp;C:/Users/owner/Dropbox/Wzone/tmp/tmp2003/shp996_20031231b.shp;C:/Users/owner/Dropbox/Wzone/tmp/tmp2003/shp998_20031231b.shp;C:/Users/owner/Dropbox/Wzone/tmp/tmp2003/shp1007_20031231b.shp;C:/Users/owner/Dropbox/Wzone/tmp/tmp2003/shp1023_20031231b.shp;C:/Users/owner/Dropbox/Wzone/tmp/tmp2003/shp1026_20031231b.shp;C:/Users/owner/Dropbox/Wzone/tmp/tmp2003/shp1036_20031231b.shp;C:/Users/owner/Dropbox/Wzone/tmp/tmp2003/shp1040_20031231b.shp;C:/Users/owner/Dropbox/Wzone/tmp/tmp2003/shp1053_20031231b.shp;C:/Users/owner/Dropbox/Wzone/tmp/tmp2003/shp1072_20031231b.shp;C:/Users/owner/Dropbox/Wzone/tmp/tmp2003/shp1073_20031231b.shp;C:/Users/owner/Dropbox/Wzone/tmp/tmp2003/shp1077_20031231b.shp;C:/Users/owner/Dropbox/Wzone/tmp/tmp2003/shp1167_20031231b.shp;C:/Users/owner/Dropbox/Wzone/tmp/tmp2003/shp1199_20031231b.shp;C:/Users/owner/Dropbox/Wzone/tmp/tmp2003/shp1204_20031231b.shp;C:/Users/owner/Dropbox/Wzone/tmp/tmp2003/shp1301_20031231b.shp;C:/Users/owner/Dropbox/Wzone/tmp/tmp2003/shp5188_20031231b.shp;C:/Users/owner/Dropbox/Wzone/tmp/tmp2003/shp5190_20031231b.shp;C:/Users/owner/Dropbox/Wzone/tmp/tmp2003/shp5196_20031231b.shp;C:/Users/owner/Dropbox/Wzone/tmp/tmp2003/shp5201_20031231b.shp;C:/Users/owner/Dropbox/Wzone/tmp/tmp2003/shp5202_20031231b.shp;C:/Users/owner/Dropbox/Wzone/tmp/tmp2003/shp5222_20031231b.shp;C:/Users/owner/Dropbox/Wzone/tmp/tmp2003/shp5223_20031231b.shp;C:/Users/owner/Dropbox/Wzone/tmp/tmp2003/shp5282_20031231b.shp;C:/Users/owner/Dropbox/Wzone/tmp/tmp2003/shp5289_20031231b.shp;C:/Users/owner/Dropbox/Wzone/tmp/tmp2003/shp5293_20031231b.shp;C:/Users/owner/Dropbox/Wzone/tmp/tmp2003/shp5305_20031231b.shp;C:/Users/owner/Dropbox/Wzone/tmp/tmp2003/shp5314_20031231b.shp;C:/Users/owner/Dropbox/Wzone/tmp/tmp2003/shp5324_20031231b.shp;C:/Users/owner/Dropbox/Wzone/tmp/tmp2003/shp5338_20031231b.shp;C:/Users/owner/Dropbox/Wzone/tmp/tmp2003/shp5349_20031231b.shp;C:/Users/owner/Dropbox/Wzone/tmp/tmp2003/shp5505_20031231b.shp;C:/Users/owner/Dropbox/Wzone/tmp/tmp2003/shp5512_20031231b.shp;C:/Users/owner/Dropbox/Wzone/tmp/tmp2003/shp5513_20031231b.shp;C:/Users/owner/Dropbox/Wzone/tmp/tmp2003/shp5570_20031231b.shp;C:/Users/owner/Dropbox/Wzone/tmp/tmp2003/shp10264_20031231b.shp;C:/Users/owner/Dropbox/Wzone/tmp/tmp2003/shp10985_20031231b.shp;C:/Users/owner/Dropbox/Wzone/tmp/tmp2003/shp11123_20031231b.shp;C:/Users/owner/Dropbox/Wzone/tmp/tmp2003/shp11433_20031231b.shp;C:/Users/owner/Dropbox/Wzone/tmp/tmp2003/shp11932_20031231b.shp;C:/Users/owner/Dropbox/Wzone/tmp/tmp2003/shp12102_20031231b.shp;C:/Users/owner/Dropbox/Wzone/tmp/tmp2003/shp13869_20031231b.shp;C:/Users/owner/Dropbox/Wzone/tmp/tmp2003/shp14273_20031231b.shp;C:/Users/owner/Dropbox/Wzone/tmp/tmp2003/shp14830_20031231b.shp;C:/Users/owner/Dropbox/Wzone/tmp/tmp2003/shp15558_20031231b.shp C:\Users\owner\Dropbox\Wzone\out\wzone_shp\2003\2003_12_31.shp "dyad_id "dyad_id" true true false 5 Long 0 5,First,#,C:/Users/owner/Dropbox/Wzone/tmp/tmp2003/shp411_20031231b.shp,dyad_id,-1,-1,C:/Users/owner/Dropbox/Wzone/tmp/tmp2003/shp422_20031231b.shp,dyad_id,-1,-1,C:/Users/owner/Dropbox/Wzone/tmp/tmp2003/shp428_20031231b.shp,dyad_id,-1,-1,C:/Users/owner/Dropbox/Wzone/tmp/tmp2003/shp451_20031231b.shp,dyad_id,-1,-1,C:/Users/owner/Dropbox/Wzone/tmp/tmp2003/shp452_20031231b.shp,dyad_id,-1,-1,C:/Users/owner/Dropbox/Wzone/tmp/tmp2003/shp474_20031231b.shp,dyad_id,-1,-1,C:/Users/owner/Dropbox/Wzone/tmp/tmp2003/shp475_20031231b.shp,dyad_id,-1,-1,C:/Users/owner/Dropbox/Wzone/tmp/tmp2003/shp477_20031231b.shp,dyad_id,-1,-1,C:/Users/owner/Dropbox/Wzone/tmp/tmp2003/shp478_20031231b.shp,dyad_id,-1,-1,C:/Users/owner/Dropbox/Wzone/tmp/tmp2003/shp480_20031231b.shp,dyad_id,-1,-1,C:/Users/owner/Dropbox/Wzone/tmp/tmp2003/shp508_20031231b.shp,dyad_id,-1,-1,C:/Users/owner/Dropbox/Wzone/tmp/tmp2003/shp511_20031231b.shp,dyad_id,-1,-1,C:/Users/owner/Dropbox/Wzone/tmp/tmp2003/shp523_20031231b.shp,dyad_id,-1,-1,C:/Users/owner/Dropbox/Wzone/tmp/tmp2003/shp550_20031231b.shp,dyad_id,-1,-1,C:/Users/owner/Dropbox/Wzone/tmp/tmp2003/shp562_20031231b.shp,dyad_id,-1,-1,C:/Users/owner/Dropbox/Wzone/tmp/tmp2003/shp623_20031231b.shp,dyad_id,-1,-1,C:/Users/owner/Dropbox/Wzone/tmp/tmp2003/shp624_20031231b.shp,dyad_id,-1,-1,C:/Users/owner/Dropbox/Wzone/tmp/tmp2003/shp657_20031231b.shp,dyad_id,-1,-1,C:/Users/owner/Dropbox/Wzone/tmp/tmp2003/shp658_20031231b.shp,dyad_id,-1,-1,C:/Users/owner/Dropbox/Wzone/tmp/tmp2003/shp659_20031231b.shp,dyad_id,-1,-1,C:/Users/owner/Dropbox/Wzone/tmp/tmp2003/shp665_20031231b.shp,dyad_id,-1,-1,C:/Users/owner/Dropbox/Wzone/tmp/tmp2003/shp666_20031231b.shp,dyad_id,-1,-1,C:/Users/owner/Dropbox/Wzone/tmp/tmp2003/shp688_20031231b.shp,dyad_id,-1,-1,C:/Users/owner/Dropbox/Wzone/tmp/tmp2003/shp689_20031231b.shp,dyad_id,-1,-1,C:/Users/owner/Dropbox/Wzone/tmp/tmp2003/shp719_20031231b.shp,dyad_id,-1,-1,C:/Users/owner/Dropbox/Wzone/tmp/tmp2003/shp735_20031231b.shp,dyad_id,-1,-1,C:/Users/owner/Dropbox/Wzone/tmp/tmp2003/shp739_20031231b.shp,dyad_id,-1,-1,C:/Users/owner/Dropbox/Wzone/tmp/tmp2003/shp763_20031231b.shp,dyad_id,-1,-1,C:/Users/owner/Dropbox/Wzone/tmp/tmp2003/shp768_20031231b.shp,dyad_id,-1,-1,C:/Users/owner/Dropbox/Wzone/tmp/tmp2003/shp781_20031231b.shp,dyad_id,-1,-1,C:/Users/owner/Dropbox/Wzone/tmp/tmp2003/shp792_20031231b.shp,dyad_id,-1,-1,C:/Users/owner/Dropbox/Wzone/tmp/tmp2003/shp793_20031231b.shp,dyad_id,-1,-1,C:/Users/owner/Dropbox/Wzone/tmp/tmp2003/shp794_20031231b.shp,dyad_id,-1,-1,C:/Users/owner/Dropbox/Wzone/tmp/tmp2003/shp806_20031231b.shp,dyad_id,-1,-1,C:/Users/owner/Dropbox/Wzone/tmp/tmp2003/shp830_20031231b.shp,dyad_id,-1,-1,C:/Users/owner/Dropbox/Wzone/tmp/tmp2003/shp832_20031231b.shp,dyad_id,-1,-1,C:/Users/owner/Dropbox/Wzone/tmp/tmp2003/shp833_20031231b.shp,dyad_id,-1,-1,C:/Users/owner/Dropbox/Wzone/tmp/tmp2003/shp864_20031231b.shp,dyad_id,-1,-1,C:/Users/owner/Dropbox/Wzone/tmp/tmp2003/shp869_20031231b.shp,dyad_id,-1,-1,C:/Users/owner/Dropbox/Wzone/tmp/tmp2003/shp878_20031231b.shp,dyad_id,-1,-1,C:/Users/owner/Dropbox/Wzone/tmp/tmp2003/shp885_20031231b.shp,dyad_id,-1,-1,C:/Users/owner/Dropbox/Wzone/tmp/tmp2003/shp887_20031231b.shp,dyad_id,-1,-1,C:/Users/owner/Dropbox/Wzone/tmp/tmp2003/shp894_20031231b.shp,dyad_id,-1,-1,C:/Users/owner/Dropbox/Wzone/tmp/tmp2003/shp913_20031231b.shp,dyad_id,-1,-1,C:/Users/owner/Dropbox/Wzone/tmp/tmp2003/shp914_20031231b.shp,dyad_id,-1,-1,C:/Users/owner/Dropbox/Wzone/tmp/tmp2003/shp915_20031231b.shp,dyad_id,-1,-1,C:/Users/owner/Dropbox/Wzone/tmp/tmp2003/shp924_20031231b.shp,dyad_id,-1,-1,C:/Users/owner/Dropbox/Wzone/tmp/tmp2003/shp926_20031231b.shp,dyad_id,-1,-1,C:/Users/owner/Dropbox/Wzone/tmp/tmp2003/shp928_20031231b.shp,dyad_id,-1,-1,C:/Users/owner/Dropbox/Wzone/tmp/tmp2003/shp930_20031231b.shp,dyad_id,-1,-1,C:/Users/owner/Dropbox/Wzone/tmp/tmp2003/shp931_20031231b.shp,dyad_id,-1,-1,C:/Users/owner/Dropbox/Wzone/tmp/tmp2003/shp934_20031231b.shp,dyad_id,-1,-1,C:/Users/owner/Dropbox/Wzone/tmp/tmp2003/shp935_20031231b.shp,dyad_id,-1,-1,C:/Users/owner/Dropbox/Wzone/tmp/tmp2003/shp936_20031231b.shp,dyad_id,-1,-1,C:/Users/owner/Dropbox/Wzone/tmp/tmp2003/shp941_20031231b.shp,dyad_id,-1,-1,C:/Users/owner/Dropbox/Wzone/tmp/tmp2003/shp942_20031231b.shp,dyad_id,-1,-1,C:/Users/owner/Dropbox/Wzone/tmp/tmp2003/shp947_20031231b.shp,dyad_id,-1,-1,C:/Users/owner/Dropbox/Wzone/tmp/tmp2003/shp948_20031231b.shp,dyad_id,-1,-1,C:/Users/owner/Dropbox/Wzone/tmp/tmp2003/shp950_20031231b.shp,dyad_id,-1,-1,C:/Users/owner/Dropbox/Wzone/tmp/tmp2003/shp951_20031231b.shp,dyad_id,-1,-1,C:/Users/owner/Dropbox/Wzone/tmp/tmp2003/shp954_20031231b.shp,dyad_id,-1,-1,C:/Users/owner/Dropbox/Wzone/tmp/tmp2003/shp955_20031231b.shp,dyad_id,-1,-1,C:/Users/owner/Dropbox/Wzone/tmp/tmp2003/shp956_20031231b.shp,dyad_id,-1,-1,C:/Users/owner/Dropbox/Wzone/tmp/tmp2003/shp957_20031231b.shp,dyad_id,-1,-1,C:/Users/owner/Dropbox/Wzone/tmp/tmp2003/shp959_20031231b.shp,dyad_id,-1,-1,C:/Users/owner/Dropbox/Wzone/tmp/tmp2003/shp960_20031231b.shp,dyad_id,-1,-1,C:/Users/owner/Dropbox/Wzone/tmp/tmp2003/shp962_20031231b.shp,dyad_id,-1,-1,C:/Users/owner/Dropbox/Wzone/tmp/tmp2003/shp963_20031231b.shp,dyad_id,-1,-1,C:/Users/owner/Dropbox/Wzone/tmp/tmp2003/shp964_20031231b.shp,dyad_id,-1,-1,C:/Users/owner/Dropbox/Wzone/tmp/tmp2003/shp965_20031231b.shp,dyad_id,-1,-1,C:/Users/owner/Dropbox/Wzone/tmp/tmp2003/shp967_20031231b.shp,dyad_id,-1,-1,C:/Users/owner/Dropbox/Wzone/tmp/tmp2003/shp968_20031231b.shp,dyad_id,-1,-1,C:/Users/owner/Dropbox/Wzone/tmp/tmp2003/shp969_20031231b.shp,dyad_id,-1,-1,C:/Users/owner/Dropbox/Wzone/tmp/tmp2003/shp970_20031231b.shp,dyad_id,-1,-1,C:/Users/owner/Dropbox/Wzone/tmp/tmp2003/shp972_20031231b.shp,dyad_id,-1,-1,C:/Users/owner/Dropbox/Wzone/tmp/tmp2003/shp974_20031231b.shp,dyad_id,-1,-1,C:/Users/owner/Dropbox/Wzone/tmp/tmp2003/shp976_20031231b.shp,dyad_id,-1,-1,C:/Users/owner/Dropbox/Wzone/tmp/tmp2003/shp977_20031231b.shp,dyad_id,-1,-1,C:/Users/owner/Dropbox/Wzone/tmp/tmp2003/shp981_20031231b.shp,dyad_id,-1,-1,C:/Users/owner/Dropbox/Wzone/tmp/tmp2003/shp984_20031231b.shp,dyad_id,-1,-1,C:/Users/owner/Dropbox/Wzone/tmp/tmp2003/shp987_20031231b.shp,dyad_id,-1,-1,C:/Users/owner/Dropbox/Wzone/tmp/tmp2003/shp988_20031231b.shp,dyad_id,-1,-1,C:/Users/owner/Dropbox/Wzone/tmp/tmp2003/shp989_20031231b.shp,dyad_id,-1,-1,C:/Users/owner/Dropbox/Wzone/tmp/tmp2003/shp990_20031231b.shp,dyad_id,-1,-1,C:/Users/owner/Dropbox/Wzone/tmp/tmp2003/shp991_20031231b.shp,dyad_id,-1,-1,C:/Users/owner/Dropbox/Wzone/tmp/tmp2003/shp996_20031231b.shp,dyad_id,-1,-1,C:/Users/owner/Dropbox/Wzone/tmp/tmp2003/shp998_20031231b.shp,dyad_id,-1,-1,C:/Users/owner/Dropbox/Wzone/tmp/tmp2003/shp1007_20031231b.shp,dyad_id,-1,-1,C:/Users/owner/Dropbox/Wzone/tmp/tmp2003/shp1023_20031231b.shp,dyad_id,-1,-1,C:/Users/owner/Dropbox/Wzone/tmp/tmp2003/shp1026_20031231b.shp,dyad_id,-1,-1,C:/Users/owner/Dropbox/Wzone/tmp/tmp2003/shp1036_20031231b.shp,dyad_id,-1,-1,C:/Users/owner/Dropbox/Wzone/tmp/tmp2003/shp1040_20031231b.shp,dyad_id,-1,-1,C:/Users/owner/Dropbox/Wzone/tmp/tmp2003/shp1053_20031231b.shp,dyad_id,-1,-1,C:/Users/owner/Dropbox/Wzone/tmp/tmp2003/shp1072_20031231b.shp,dyad_id,-1,-1,C:/Users/owner/Dropbox/Wzone/tmp/tmp2003/shp1073_20031231b.shp,dyad_id,-1,-1,C:/Users/owner/Dropbox/Wzone/tmp/tmp2003/shp1077_20031231b.shp,dyad_id,-1,-1,C:/Users/owner/Dropbox/Wzone/tmp/tmp2003/shp1167_20031231b.shp,dyad_id,-1,-1,C:/Users/owner/Dropbox/Wzone/tmp/tmp2003/shp1199_20031231b.shp,dyad_id,-1,-1,C:/Users/owner/Dropbox/Wzone/tmp/tmp2003/shp1204_20031231b.shp,dyad_id,-1,-1,C:/Users/owner/Dropbox/Wzone/tmp/tmp2003/shp1301_20031231b.shp,dyad_id,-1,-1,C:/Users/owner/Dropbox/Wzone/tmp/tmp2003/shp5188_20031231b.shp,dyad_id,-1,-1,C:/Users/owner/Dropbox/Wzone/tmp/tmp2003/shp5190_20031231b.shp,dyad_id,-1,-1,C:/Users/owner/Dropbox/Wzone/tmp/tmp2003/shp5196_20031231b.shp,dyad_id,-1,-1,C:/Users/owner/Dropbox/Wzone/tmp/tmp2003/shp5201_20031231b.shp,dyad_id,-1,-1,C:/Users/owner/Dropbox/Wzone/tmp/tmp2003/shp5202_20031231b.shp,dyad_id,-1,-1,C:/Users/owner/Dropbox/Wzone/tmp/tmp2003/shp5222_20031231b.shp,dyad_id,-1,-1,C:/Users/owner/Dropbox/Wzone/tmp/tmp2003/shp5223_20031231b.shp,dyad_id,-1,-1,C:/Users/owner/Dropbox/Wzone/tmp/tmp2003/shp5282_20031231b.shp,dyad_id,-1,-1,C:/Users/owner/Dropbox/Wzone/tmp/tmp2003/shp5289_20031231b.shp,dyad_id,-1,-1,C:/Users/owner/Dropbox/Wzone/tmp/tmp2003/shp5293_20031231b.shp,dyad_id,-1,-1,C:/Users/owner/Dropbox/Wzone/tmp/tmp2003/shp5305_20031231b.shp,dyad_id,-1,-1,C:/Users/owner/Dropbox/Wzone/tmp/tmp2003/shp5314_20031231b.shp,dyad_id,-1,-1,C:/Users/owner/Dropbox/Wzone/tmp/tmp2003/shp5324_20031231b.shp,dyad_id,-1,-1,C:/Users/owner/Dropbox/Wzone/tmp/tmp2003/shp5338_20031231b.shp,dyad_id,-1,-1,C:/Users/owner/Dropbox/Wzone/tmp/tmp2003/shp5349_20031231b.shp,dyad_id,-1,-1,C:/Users/owner/Dropbox/Wzone/tmp/tmp2003/shp5505_20031231b.shp,dyad_id,-1,-1,C:/Users/owner/Dropbox/Wzone/tmp/tmp2003/shp5512_20031231b.shp,dyad_id,-1,-1,C:/Users/owner/Dropbox/Wzone/tmp/tmp2003/shp5513_20031231b.shp,dyad_id,-1,-1,C:/Users/owner/Dropbox/Wzone/tmp/tmp2003/shp5570_20031231b.shp,dyad_id,-1,-1,C:/Users/owner/Dropbox/Wzone/tmp/tmp2003/shp10264_20031231b.shp,dyad_id,-1,-1,C:/Users/owner/Dropbox/Wzone/tmp/tmp2003/shp10985_20031231b.shp,dyad_id,-1,-1,C:/Users/owner/Dropbox/Wzone/tmp/tmp2003/shp11123_20031231b.shp,dyad_id,-1,-1,C:/Users/owner/Dropbox/Wzone/tmp/tmp2003/shp11433_20031231b.shp,dyad_id,-1,-1,C:/Users/owner/Dropbox/Wzone/tmp/tmp2003/shp11932_20031231b.shp,dyad_id,-1,-1,C:/Users/owner/Dropbox/Wzone/tmp/tmp2003/shp12102_20031231b.shp,dyad_id,-1,-1,C:/Users/owner/Dropbox/Wzone/tmp/tmp2003/shp13869_20031231b.shp,dyad_id,-1,-1,C:/Users/owner/Dropbox/Wzone/tmp/tmp2003/shp14273_20031231b.shp,dyad_id,-1,-1,C:/Users/owner/Dropbox/Wzone/tmp/tmp2003/shp14830_20031231b.shp,dyad_id,-1,-1,C:/Users/owner/Dropbox/Wzone/tmp/tmp2003/shp15558_20031231b.shp,dyad_id,-1,-1;conf_id "conf_id" true true false 5 Long 0 5,First,#,C:/Users/owner/Dropbox/Wzone/tmp/tmp2003/shp411_20031231b.shp,conf_id,-1,-1,C:/Users/owner/Dropbox/Wzone/tmp/tmp2003/shp422_20031231b.shp,conf_id,-1,-1,C:/Users/owner/Dropbox/Wzone/tmp/tmp2003/shp428_20031231b.shp,conf_id,-1,-1,C:/Users/owner/Dropbox/Wzone/tmp/tmp2003/shp451_20031231b.shp,conf_id,-1,-1,C:/Users/owner/Dropbox/Wzone/tmp/tmp2003/shp452_20031231b.shp,conf_id,-1,-1,C:/Users/owner/Dropbox/Wzone/tmp/tmp2003/shp474_20031231b.shp,conf_id,-1,-1,C:/Users/owner/Dropbox/Wzone/tmp/tmp2003/shp475_20031231b.shp,conf_id,-1,-1,C:/Users/owner/Dropbox/Wzone/tmp/tmp2003/shp477_20031231b.shp,conf_id,-1,-1,C:/Users/owner/Dropbox/Wzone/tmp/tmp2003/shp478_20031231b.shp,conf_id,-1,-1,C:/Users/owner/Dropbox/Wzone/tmp/tmp2003/shp480_20031231b.shp,conf_id,-1,-1,C:/Users/owner/Dropbox/Wzone/tmp/tmp2003/shp508_20031231b.shp,conf_id,-1,-1,C:/Users/owner/Dropbox/Wzone/tmp/tmp2003/shp511_20031231b.shp,conf_id,-1,-1,C:/Users/owner/Dropbox/Wzone/tmp/tmp2003/shp523_20031231b.shp,conf_id,-1,-1,C:/Users/owner/Dropbox/Wzone/tmp/tmp2003/shp550_20031231b.shp,conf_id,-1,-1,C:/Users/owner/Dropbox/Wzone/tmp/tmp2003/shp562_20031231b.shp,conf_id,-1,-1,C:/Users/owner/Dropbox/Wzone/tmp/tmp2003/shp623_20031231b.shp,conf_id,-1,-1,C:/Users/owner/Dropbox/Wzone/tmp/tmp2003/shp624_20031231b.shp,conf_id,-1,-1,C:/Users/owner/Dropbox/Wzone/tmp/tmp2003/shp657_20031231b.shp,conf_id,-1,-1,C:/Users/owner/Dropbox/Wzone/tmp/tmp2003/shp658_20031231b.shp,conf_id,-1,-1,C:/Users/owner/Dropbox/Wzone/tmp/tmp2003/shp659_20031231b.shp,conf_id,-1,-1,C:/Users/owner/Dropbox/Wzone/tmp/tmp2003/shp665_20031231b.shp,conf_id,-1,-1,C:/Users/owner/Dropbox/Wzone/tmp/tmp2003/shp666_20031231b.shp,conf_id,-1,-1,C:/Users/owner/Dropbox/Wzone/tmp/tmp2003/shp688_20031231b.shp,conf_id,-1,-1,C:/Users/owner/Dropbox/Wzone/tmp/tmp2003/shp689_20031231b.shp,conf_id,-1,-1,C:/Users/owner/Dropbox/Wzone/tmp/tmp2003/shp719_20031231b.shp,conf_id,-1,-1,C:/Users/owner/Dropbox/Wzone/tmp/tmp2003/shp735_20031231b.shp,conf_id,-1,-1,C:/Users/owner/Dropbox/Wzone/tmp/tmp2003/shp739_20031231b.shp,conf_id,-1,-1,C:/Users/owner/Dropbox/Wzone/tmp/tmp2003/shp763_20031231b.shp,conf_id,-1,-1,C:/Users/owner/Dropbox/Wzone/tmp/tmp2003/shp768_20031231b.shp,conf_id,-1,-1,C:/Users/owner/Dropbox/Wzone/tmp/tmp2003/shp781_20031231b.shp,conf_id,-1,-1,C:/Users/owner/Dropbox/Wzone/tmp/tmp2003/shp792_20031231b.shp,conf_id,-1,-1,C:/Users/owner/Dropbox/Wzone/tmp/tmp2003/shp793_20031231b.shp,conf_id,-1,-1,C:/Users/owner/Dropbox/Wzone/tmp/tmp2003/shp794_20031231b.shp,conf_id,-1,-1,C:/Users/owner/Dropbox/Wzone/tmp/tmp2003/shp806_20031231b.shp,conf_id,-1,-1,C:/Users/owner/Dropbox/Wzone/tmp/tmp2003/shp830_20031231b.shp,conf_id,-1,-1,C:/Users/owner/Dropbox/Wzone/tmp/tmp2003/shp832_20031231b.shp,conf_id,-1,-1,C:/Users/owner/Dropbox/Wzone/tmp/tmp2003/shp833_20031231b.shp,conf_id,-1,-1,C:/Users/owner/Dropbox/Wzone/tmp/tmp2003/shp864_20031231b.shp,conf_id,-1,-1,C:/Users/owner/Dropbox/Wzone/tmp/tmp2003/shp869_20031231b.shp,conf_id,-1,-1,C:/Users/owner/Dropbox/Wzone/tmp/tmp2003/shp878_20031231b.shp,conf_id,-1,-1,C:/Users/owner/Dropbox/Wzone/tmp/tmp2003/shp885_20031231b.shp,conf_id,-1,-1,C:/Users/owner/Dropbox/Wzone/tmp/tmp2003/shp887_20031231b.shp,conf_id,-1,-1,C:/Users/owner/Dropbox/Wzone/tmp/tmp2003/shp894_20031231b.shp,conf_id,-1,-1,C:/Users/owner/Dropbox/Wzone/tmp/tmp2003/shp913_20031231b.shp,conf_id,-1,-1,C:/Users/owner/Dropbox/Wzone/tmp/tmp2003/shp914_20031231b.shp,conf_id,-1,-1,C:/Users/owner/Dropbox/Wzone/tmp/tmp2003/shp915_20031231b.shp,conf_id,-1,-1,C:/Users/owner/Dropbox/Wzone/tmp/tmp2003/shp924_20031231b.shp,conf_id,-1,-1,C:/Users/owner/Dropbox/Wzone/tmp/tmp2003/shp926_20031231b.shp,conf_id,-1,-1,C:/Users/owner/Dropbox/Wzone/tmp/tmp2003/shp928_20031231b.shp,conf_id,-1,-1,C:/Users/owner/Dropbox/Wzone/tmp/tmp2003/shp930_20031231b.shp,conf_id,-1,-1,C:/Users/owner/Dropbox/Wzone/tmp/tmp2003/shp931_20031231b.shp,conf_id,-1,-1,C:/Users/owner/Dropbox/Wzone/tmp/tmp2003/shp934_20031231b.shp,conf_id,-1,-1,C:/Users/owner/Dropbox/Wzone/tmp/tmp2003/shp935_20031231b.shp,conf_id,-1,-1,C:/Users/owner/Dropbox/Wzone/tmp/tmp2003/shp936_20031231b.shp,conf_id,-1,-1,C:/Users/owner/Dropbox/Wzone/tmp/tmp2003/shp941_20031231b.shp,conf_id,-1,-1,C:/Users/owner/Dropbox/Wzone/tmp/tmp2003/shp942_20031231b.shp,conf_id,-1,-1,C:/Users/owner/Dropbox/Wzone/tmp/tmp2003/shp947_20031231b.shp,conf_id,-1,-1,C:/Users/owner/Dropbox/Wzone/tmp/tmp2003/shp948_20031231b.shp,conf_id,-1,-1,C:/Users/owner/Dropbox/Wzone/tmp/tmp2003/shp950_20031231b.shp,conf_id,-1,-1,C:/Users/owner/Dropbox/Wzone/tmp/tmp2003/shp951_20031231b.shp,conf_id,-1,-1,C:/Users/owner/Dropbox/Wzone/tmp/tmp2003/shp954_20031231b.shp,conf_id,-1,-1,C:/Users/owner/Dropbox/Wzone/tmp/tmp2003/shp955_20031231b.shp,conf_id,-1,-1,C:/Users/owner/Dropbox/Wzone/tmp/tmp2003/shp956_20031231b.shp,conf_id,-1,-1,C:/Users/owner/Dropbox/Wzone/tmp/tmp2003/shp957_20031231b.shp,conf_id,-1,-1,C:/Users/owner/Dropbox/Wzone/tmp/tmp2003/shp959_20031231b.shp,conf_id,-1,-1,C:/Users/owner/Dropbox/Wzone/tmp/tmp2003/shp960_20031231b.shp,conf_id,-1,-1,C:/Users/owner/Dropbox/Wzone/tmp/tmp2003/shp962_20031231b.shp,conf_id,-1,-1,C:/Users/owner/Dropbox/Wzone/tmp/tmp2003/shp963_20031231b.shp,conf_id,-1,-1,C:/Users/owner/Dropbox/Wzone/tmp/tmp2003/shp964_20031231b.shp,conf_id,-1,-1,C:/Users/owner/Dropbox/Wzone/tmp/tmp2003/shp965_20031231b.shp,conf_id,-1,-1,C:/Users/owner/Dropbox/Wzone/tmp/tmp2003/shp967_20031231b.shp,conf_id,-1,-1,C:/Users/owner/Dropbox/Wzone/tmp/tmp2003/shp968_20031231b.shp,conf_id,-1,-1,C:/Users/owner/Dropbox/Wzone/tmp/tmp2003/shp969_20031231b.shp,conf_id,-1,-1,C:/Users/owner/Dropbox/Wzone/tmp/tmp2003/shp970_20031231b.shp,conf_id,-1,-1,C:/Users/owner/Dropbox/Wzone/tmp/tmp2003/shp972_20031231b.shp,conf_id,-1,-1,C:/Users/owner/Dropbox/Wzone/tmp/tmp2003/shp974_20031231b.shp,conf_id,-1,-1,C:/Users/owner/Dropbox/Wzone/tmp/tmp2003/shp976_20031231b.shp,conf_id,-1,-1,C:/Users/owner/Dropbox/Wzone/tmp/tmp2003/shp977_20031231b.shp,conf_id,-1,-1,C:/Users/owner/Dropbox/Wzone/tmp/tmp2003/shp981_20031231b.shp,conf_id,-1,-1,C:/Users/owner/Dropbox/Wzone/tmp/tmp2003/shp984_20031231b.shp,conf_id,-1,-1,C:/Users/owner/Dropbox/Wzone/tmp/tmp2003/shp987_20031231b.shp,conf_id,-1,-1,C:/Users/owner/Dropbox/Wzone/tmp/tmp2003/shp988_20031231b.shp,conf_id,-1,-1,C:/Users/owner/Dropbox/Wzone/tmp/tmp2003/shp989_20031231b.shp,conf_id,-1,-1,C:/Users/owner/Dropbox/Wzone/tmp/tmp2003/shp990_20031231b.shp,conf_id,-1,-1,C:/Users/owner/Dropbox/Wzone/tmp/tmp2003/shp991_20031231b.shp,conf_id,-1,-1,C:/Users/owner/Dropbox/Wzone/tmp/tmp2003/shp996_20031231b.shp,conf_id,-1,-1,C:/Users/owner/Dropbox/Wzone/tmp/tmp2003/shp998_20031231b.shp,conf_id,-1,-1,C:/Users/owner/Dropbox/Wzone/tmp/tmp2003/shp1007_20031231b.shp,conf_id,-1,-1,C:/Users/owner/Dropbox/Wzone/tmp/tmp2003/shp1023_20031231b.shp,conf_id,-1,-1,C:/Users/owner/Dropbox/Wzone/tmp/tmp2003/shp1026_20031231b.shp,conf_id,-1,-1,C:/Users/owner/Dropbox/Wzone/tmp/tmp2003/shp1036_20031231b.shp,conf_id,-1,-1,C:/Users/owner/Dropbox/Wzone/tmp/tmp2003/shp1040_20031231b.shp,conf_id,-1,-1,C:/Users/owner/Dropbox/Wzone/tmp/tmp2003/shp1053_20031231b.shp,conf_id,-1,-1,C:/Users/owner/Dropbox/Wzone/tmp/tmp2003/shp1072_20031231b.shp,conf_id,-1,-1,C:/Users/owner/Dropbox/Wzone/tmp/tmp2003/shp1073_20031231b.shp,conf_id,-1,-1,C:/Users/owner/Dropbox/Wzone/tmp/tmp2003/shp1077_20031231b.shp,conf_id,-1,-1,C:/Users/owner/Dropbox/Wzone/tmp/tmp2003/shp1167_20031231b.shp,conf_id,-1,-1,C:/Users/owner/Dropbox/Wzone/tmp/tmp2003/shp1199_20031231b.shp,conf_id,-1,-1,C:/Users/owner/Dropbox/Wzone/tmp/tmp2003/shp1204_20031231b.shp,conf_id,-1,-1,C:/Users/owner/Dropbox/Wzone/tmp/tmp2003/shp1301_20031231b.shp,conf_id,-1,-1,C:/Users/owner/Dropbox/Wzone/tmp/tmp2003/shp5188_20031231b.shp,conf_id,-1,-1,C:/Users/owner/Dropbox/Wzone/tmp/tmp2003/shp5190_20031231b.shp,conf_id,-1,-1,C:/Users/owner/Dropbox/Wzone/tmp/tmp2003/shp5196_20031231b.shp,conf_id,-1,-1,C:/Users/owner/Dropbox/Wzone/tmp/tmp2003/shp5201_20031231b.shp,conf_id,-1,-1,C:/Users/owner/Dropbox/Wzone/tmp/tmp2003/shp5202_20031231b.shp,conf_id,-1,-1,C:/Users/owner/Dropbox/Wzone/tmp/tmp2003/shp5222_20031231b.shp,conf_id,-1,-1,C:/Users/owner/Dropbox/Wzone/tmp/tmp2003/shp5223_20031231b.shp,conf_id,-1,-1,C:/Users/owner/Dropbox/Wzone/tmp/tmp2003/shp5282_20031231b.shp,conf_id,-1,-1,C:/Users/owner/Dropbox/Wzone/tmp/tmp2003/shp5289_20031231b.shp,conf_id,-1,-1,C:/Users/owner/Dropbox/Wzone/tmp/tmp2003/shp5293_20031231b.shp,conf_id,-1,-1,C:/Users/owner/Dropbox/Wzone/tmp/tmp2003/shp5305_20031231b.shp,conf_id,-1,-1,C:/Users/owner/Dropbox/Wzone/tmp/tmp2003/shp5314_20031231b.shp,conf_id,-1,-1,C:/Users/owner/Dropbox/Wzone/tmp/tmp2003/shp5324_20031231b.shp,conf_id,-1,-1,C:/Users/owner/Dropbox/Wzone/tmp/tmp2003/shp5338_20031231b.shp,conf_id,-1,-1,C:/Users/owner/Dropbox/Wzone/tmp/tmp2003/shp5349_20031231b.shp,conf_id,-1,-1,C:/Users/owner/Dropbox/Wzone/tmp/tmp2003/shp5505_20031231b.shp,conf_id,-1,-1,C:/Users/owner/Dropbox/Wzone/tmp/tmp2003/shp5512_20031231b.shp,conf_id,-1,-1,C:/Users/owner/Dropbox/Wzone/tmp/tmp2003/shp5513_20031231b.shp,conf_id,-1,-1,C:/Users/owner/Dropbox/Wzone/tmp/tmp2003/shp5570_20031231b.shp,conf_id,-1,-1,C:/Users/owner/Dropbox/Wzone/tmp/tmp2003/shp10264_20031231b.shp,conf_id,-1,-1,C:/Users/owner/Dropbox/Wzone/tmp/tmp2003/shp10985_20031231b.shp,conf_id,-1,-1,C:/Users/owner/Dropbox/Wzone/tmp/tmp2003/shp11123_20031231b.shp,conf_id,-1,-1,C:/Users/owner/Dropbox/Wzone/tmp/tmp2003/shp11433_20031231b.shp,conf_id,-1,-1,C:/Users/owner/Dropbox/Wzone/tmp/tmp2003/shp11932_20031231b.shp,conf_id,-1,-1,C:/Users/owner/Dropbox/Wzone/tmp/tmp2003/shp12102_20031231b.shp,conf_id,-1,-1,C:/Users/owner/Dropbox/Wzone/tmp/tmp2003/shp13869_20031231b.shp,conf_id,-1,-1,C:/Users/owner/Dropbox/Wzone/tmp/tmp2003/shp14273_20031231b.shp,conf_id,-1,-1,C:/Users/owner/Dropbox/Wzone/tmp/tmp2003/shp14830_20031231b.shp,conf_id,-1,-1,C:/Users/owner/Dropbox/Wzone/tmp/tmp2003/shp15558_20031231b.shp,conf_id,-1,-1;date "date" true true false 254 Text 0 0,First,#,C:/Users/owner/Dropbox/Wzone/tmp/tmp2003/shp411_20031231b.shp,date,0,253,C:/Users/owner/Dropbox/Wzone/tmp/tmp2003/shp422_20031231b.shp,date,0,253,C:/Users/owner/Dropbox/Wzone/tmp/tmp2003/shp428_20031231b.shp,date,0,253,C:/Users/owner/Dropbox/Wzone/tmp/tmp2003/shp451_20031231b.shp,date,0,253,C:/Users/owner/Dropbox/Wzone/tmp/tmp2003/shp452_20031231b.shp,date,0,253,C:/Users/owner/Dropbox/Wzone/tmp/tmp2003/shp474_20031231b.shp,date,0,253,C:/Users/owner/Dropbox/Wzone/tmp/tmp2003/shp475_20031231b.shp,date,0,253,C:/Users/owner/Dropbox/Wzone/tmp/tmp2003/shp477_20031231b.shp,date,0,253,C:/Users/owner/Dropbox/Wzone/tmp/tmp2003/shp478_20031231b.shp,date,0,253,C:/Users/owner/Dropbox/Wzone/tmp/tmp2003/shp480_20031231b.shp,date,0,253,C:/Users/owner/Dropbox/Wzone/tmp/tmp2003/shp508_20031231b.shp,date,0,253,C:/Users/owner/Dropbox/Wzone/tmp/tmp2003/shp511_20031231b.shp,date,0,253,C:/Users/owner/Dropbox/Wzone/tmp/tmp2003/shp523_20031231b.shp,date,0,253,C:/Users/owner/Dropbox/Wzone/tmp/tmp2003/shp550_20031231b.shp,date,0,253,C:/Users/owner/Dropbox/Wzone/tmp/tmp2003/shp562_20031231b.shp,date,0,253,C:/Users/owner/Dropbox/Wzone/tmp/tmp2003/shp623_20031231b.shp,date,0,253,C:/Users/owner/Dropbox/Wzone/tmp/tmp2003/shp624_20031231b.shp,date,0,253,C:/Users/owner/Dropbox/Wzone/tmp/tmp2003/shp657_20031231b.shp,date,0,253,C:/Users/owner/Dropbox/Wzone/tmp/tmp2003/shp658_20031231b.shp,date,0,253,C:/Users/owner/Dropbox/Wzone/tmp/tmp2003/shp659_20031231b.shp,date,0,253,C:/Users/owner/Dropbox/Wzone/tmp/tmp2003/shp665_20031231b.shp,date,0,253,C:/Users/owner/Dropbox/Wzone/tmp/tmp2003/shp666_20031231b.shp,date,0,253,C:/Users/owner/Dropbox/Wzone/tmp/tmp2003/shp688_20031231b.shp,date,0,253,C:/Users/owner/Dropbox/Wzone/tmp/tmp2003/shp689_20031231b.shp,date,0,253,C:/Users/owner/Dropbox/Wzone/tmp/tmp2003/shp719_20031231b.shp,date,0,253,C:/Users/owner/Dropbox/Wzone/tmp/tmp2003/shp735_20031231b.shp,date,0,253,C:/Users/owner/Dropbox/Wzone/tmp/tmp2003/shp739_20031231b.shp,date,0,253,C:/Users/owner/Dropbox/Wzone/tmp/tmp2003/shp763_20031231b.shp,date,0,253,C:/Users/owner/Dropbox/Wzone/tmp/tmp2003/shp768_20031231b.shp,date,0,253,C:/Users/owner/Dropbox/Wzone/tmp/tmp2003/shp781_20031231b.shp,date,0,253,C:/Users/owner/Dropbox/Wzone/tmp/tmp2003/shp792_20031231b.shp,date,0,253,C:/Users/owner/Dropbox/Wzone/tmp/tmp2003/shp793_20031231b.shp,date,0,253,C:/Users/owner/Dropbox/Wzone/tmp/tmp2003/shp794_20031231b.shp,date,0,253,C:/Users/owner/Dropbox/Wzone/tmp/tmp2003/shp806_20031231b.shp,date,0,253,C:/Users/owner/Dropbox/Wzone/tmp/tmp2003/shp830_20031231b.shp,date,0,253,C:/Users/owner/Dropbox/Wzone/tmp/tmp2003/shp832_20031231b.shp,date,0,253,C:/Users/owner/Dropbox/Wzone/tmp/tmp2003/shp833_20031231b.shp,date,0,253,C:/Users/owner/Dropbox/Wzone/tmp/tmp2003/shp864_20031231b.shp,date,0,253,C:/Users/owner/Dropbox/Wzone/tmp/tmp2003/shp869_20031231b.shp,date,0,253,C:/Users/owner/Dropbox/Wzone/tmp/tmp2003/shp878_20031231b.shp,date,0,253,C:/Users/owner/Dropbox/Wzone/tmp/tmp2003/shp885_20031231b.shp,date,0,253,C:/Users/owner/Dropbox/Wzone/tmp/tmp2003/shp887_20031231b.shp,date,0,253,C:/Users/owner/Dropbox/Wzone/tmp/tmp2003/shp894_20031231b.shp,date,0,253,C:/Users/owner/Dropbox/Wzone/tmp/tmp2003/shp913_20031231b.shp,date,0,253,C:/Users/owner/Dropbox/Wzone/tmp/tmp2003/shp914_20031231b.shp,date,0,253,C:/Users/owner/Dropbox/Wzone/tmp/tmp2003/shp915_20031231b.shp,date,0,253,C:/Users/owner/Dropbox/Wzone/tmp/tmp2003/shp924_20031231b.shp,date,0,253,C:/Users/owner/Dropbox/Wzone/tmp/tmp2003/shp926_20031231b.shp,date,0,253,C:/Users/owner/Dropbox/Wzone/tmp/tmp2003/shp928_20031231b.shp,date,0,253,C:/Users/owner/Dropbox/Wzone/tmp/tmp2003/shp930_20031231b.shp,date,0,253,C:/Users/owner/Dropbox/Wzone/tmp/tmp2003/shp931_20031231b.shp,date,0,253,C:/Users/owner/Dropbox/Wzone/tmp/tmp2003/shp934_20031231b.shp,date,0,253,C:/Users/owner/Dropbox/Wzone/tmp/tmp2003/shp935_20031231b.shp,date,0,253,C:/Users/owner/Dropbox/Wzone/tmp/tmp2003/shp936_20031231b.shp,date,0,253,C:/Users/owner/Dropbox/Wzone/tmp/tmp2003/shp941_20031231b.shp,date,0,253,C:/Users/owner/Dropbox/Wzone/tmp/tmp2003/shp942_20031231b.shp,date,0,253,C:/Users/owner/Dropbox/Wzone/tmp/tmp2003/shp947_20031231b.shp,date,0,253,C:/Users/owner/Dropbox/Wzone/tmp/tmp2003/shp948_20031231b.shp,date,0,253,C:/Users/owner/Dropbox/Wzone/tmp/tmp2003/shp950_20031231b.shp,date,0,253,C:/Users/owner/Dropbox/Wzone/tmp/tmp2003/shp951_20031231b.shp,date,0,253,C:/Users/owner/Dropbox/Wzone/tmp/tmp2003/shp954_20031231b.shp,date,0,253,C:/Users/owner/Dropbox/Wzone/tmp/tmp2003/shp955_20031231b.shp,date,0,253,C:/Users/owner/Dropbox/Wzone/tmp/tmp2003/shp956_20031231b.shp,date,0,253,C:/Users/owner/Dropbox/Wzone/tmp/tmp2003/shp957_20031231b.shp,date,0,253,C:/Users/owner/Dropbox/Wzone/tmp/tmp2003/shp959_20031231b.shp,date,0,253,C:/Users/owner/Dropbox/Wzone/tmp/tmp2003/shp960_20031231b.shp,date,0,253,C:/Users/owner/Dropbox/Wzone/tmp/tmp2003/shp962_20031231b.shp,date,0,253,C:/Users/owner/Dropbox/Wzone/tmp/tmp2003/shp963_20031231b.shp,date,0,253,C:/Users/owner/Dropbox/Wzone/tmp/tmp2003/shp964_20031231b.shp,date,0,253,C:/Users/owner/Dropbox/Wzone/tmp/tmp2003/shp965_20031231b.shp,date,0,253,C:/Users/owner/Dropbox/Wzone/tmp/tmp2003/shp967_20031231b.shp,date,0,253,C:/Users/owner/Dropbox/Wzone/tmp/tmp2003/shp968_20031231b.shp,date,0,253,C:/Users/owner/Dropbox/Wzone/tmp/tmp2003/shp969_20031231b.shp,date,0,253,C:/Users/owner/Dropbox/Wzone/tmp/tmp2003/shp970_20031231b.shp,date,0,253,C:/Users/owner/Dropbox/Wzone/tmp/tmp2003/shp972_20031231b.shp,date,0,253,C:/Users/owner/Dropbox/Wzone/tmp/tmp2003/shp974_20031231b.shp,date,0,253,C:/Users/owner/Dropbox/Wzone/tmp/tmp2003/shp976_20031231b.shp,date,0,253,C:/Users/owner/Dropbox/Wzone/tmp/tmp2003/shp977_20031231b.shp,date,0,253,C:/Users/owner/Dropbox/Wzone/tmp/tmp2003/shp981_20031231b.shp,date,0,253,C:/Users/owner/Dropbox/Wzone/tmp/tmp2003/shp984_20031231b.shp,date,0,253,C:/Users/owner/Dropbox/Wzone/tmp/tmp2003/shp987_20031231b.shp,date,0,253,C:/Users/owner/Dropbox/Wzone/tmp/tmp2003/shp988_20031231b.shp,date,0,253,C:/Users/owner/Dropbox/Wzone/tmp/tmp2003/shp989_20031231b.shp,date,0,253,C:/Users/owner/Dropbox/Wzone/tmp/tmp2003/shp990_20031231b.shp,date,0,253,C:/Users/owner/Dropbox/Wzone/tmp/tmp2003/shp991_20031231b.shp,date,0,253,C:/Users/owner/Dropbox/Wzone/tmp/tmp2003/shp996_20031231b.shp,date,0,253,C:/Users/owner/Dropbox/Wzone/tmp/tmp2003/shp998_20031231b.shp,date,0,253,C:/Users/owner/Dropbox/Wzone/tmp/tmp2003/shp1007_20031231b.shp,date,0,253,C:/Users/owner/Dropbox/Wzone/tmp/tmp2003/shp1023_20031231b.shp,date,0,253,C:/Users/owner/Dropbox/Wzone/tmp/tmp2003/shp1026_20031231b.shp,date,0,253,C:/Users/owner/Dropbox/Wzone/tmp/tmp2003/shp1036_20031231b.shp,date,0,253,C:/Users/owner/Dropbox/Wzone/tmp/tmp2003/shp1040_20031231b.shp,date,0,253,C:/Users/owner/Dropbox/Wzone/tmp/tmp2003/shp1053_20031231b.shp,date,0,253,C:/Users/owner/Dropbox/Wzone/tmp/tmp2003/shp1072_20031231b.shp,date,0,253,C:/Users/owner/Dropbox/Wzone/tmp/tmp2003/shp1073_20031231b.shp,date,0,253,C:/Users/owner/Dropbox/Wzone/tmp/tmp2003/shp1077_20031231b.shp,date,0,253,C:/Users/owner/Dropbox/Wzone/tmp/tmp2003/shp1167_20031231b.shp,date,0,253,C:/Users/owner/Dropbox/Wzone/tmp/tmp2003/shp1199_20031231b.shp,date,0,253,C:/Users/owner/Dropbox/Wzone/tmp/tmp2003/shp1204_20031231b.shp,date,0,253,C:/Users/owner/Dropbox/Wzone/tmp/tmp2003/shp1301_20031231b.shp,date,0,253,C:/Users/owner/Dropbox/Wzone/tmp/tmp2003/shp5188_20031231b.shp,date,0,253,C:/Users/owner/Dropbox/Wzone/tmp/tmp2003/shp5190_20031231b.shp,date,0,253,C:/Users/owner/Dropbox/Wzone/tmp/tmp2003/shp5196_20031231b.shp,date,0,253,C:/Users/owner/Dropbox/Wzone/tmp/tmp2003/shp5201_20031231b.shp,date,0,253,C:/Users/owner/Dropbox/Wzone/tmp/tmp2003/shp5202_20031231b.shp,date,0,253,C:/Users/owner/Dropbox/Wzone/tmp/tmp2003/shp5222_20031231b.shp,date,0,253,C:/Users/owner/Dropbox/Wzone/tmp/tmp2003/shp5223_20031231b.shp,date,0,253,C:/Users/owner/Dropbox/Wzone/tmp/tmp2003/shp5282_20031231b.shp,date,0,253,C:/Users/owner/Dropbox/Wzone/tmp/tmp2003/shp5289_20031231b.shp,date,0,253,C:/Users/owner/Dropbox/Wzone/tmp/tmp2003/shp5293_20031231b.shp,date,0,253,C:/Users/owner/Dropbox/Wzone/tmp/tmp2003/shp5305_20031231b.shp,date,0,253,C:/Users/owner/Dropbox/Wzone/tmp/tmp2003/shp5314_20031231b.shp,date,0,253,C:/Users/owner/Dropbox/Wzone/tmp/tmp2003/shp5324_20031231b.shp,date,0,253,C:/Users/owner/Dropbox/Wzone/tmp/tmp2003/shp5338_20031231b.shp,date,0,253,C:/Users/owner/Dropbox/Wzone/tmp/tmp2003/shp5349_20031231b.shp,date,0,253,C:/Users/owner/Dropbox/Wzone/tmp/tmp2003/shp5505_20031231b.shp,date,0,253,C:/Users/owner/Dropbox/Wzone/tmp/tmp2003/shp5512_20031231b.shp,date,0,253,C:/Users/owner/Dropbox/Wzone/tmp/tmp2003/shp5513_20031231b.shp,date,0,253,C:/Users/owner/Dropbox/Wzone/tmp/tmp2003/shp5570_20031231b.shp,date,0,253,C:/Users/owner/Dropbox/Wzone/tmp/tmp2003/shp10264_20031231b.shp,date,0,253,C:/Users/owner/Dropbox/Wzone/tmp/tmp2003/shp10985_20031231b.shp,date,0,253,C:/Users/owner/Dropbox/Wzone/tmp/tmp2003/shp11123_20031231b.shp,date,0,253,C:/Users/owner/Dropbox/Wzone/tmp/tmp2003/shp11433_20031231b.shp,date,0,253,C:/Users/owner/Dropbox/Wzone/tmp/tmp2003/shp11932_20031231b.shp,date,0,253,C:/Users/owner/Dropbox/Wzone/tmp/tmp2003/shp12102_20031231b.shp,date,0,253,C:/Users/owner/Dropbox/Wzone/tmp/tmp2003/shp13869_20031231b.shp,date,0,253,C:/Users/owner/Dropbox/Wzone/tmp/tmp2003/shp14273_20031231b.shp,date,0,253,C:/Users/owner/Dropbox/Wzone/tmp/tmp2003/shp14830_20031231b.shp,date,0,253,C:/Users/owner/Dropbox/Wzone/tmp/tmp2003/shp15558_20031231b.shp,date,0,253" NO_SOURCE_INFO</Process><Process ToolSource="c:\program files\arcgis\pro\Resources\ArcToolbox\toolboxes\Data Management Tools.tbx\DefineProjection" Date="20240715" Time="104501">DefineProjection C:/Users/owner/Dropbox/Wzone/out/wzone_shp/2003/2003_12_31.shp GEOGCS["GCS_WGS_1984",DATUM["D_WGS_1984",SPHEROID["WGS_1984",6378137.0,298.257223563]],PRIMEM["Greenwich",0.0],UNIT["Degree",0.0174532925199433]]</Process></lineage></DataProperties><SyncDate>20240715</SyncDate><SyncTime>10445900</SyncTime><ModDate>20240715</ModDate><ModTime>10445900</ModTime></Esri><dataIdInfo><envirDesc Sync="TRUE">Microsoft Windows 10 Version 10.0 (Build 19045) ; Esri ArcGIS 13.2.2.49743</envirDesc><dataLang><languageCode value="eng" Sync="TRUE"></languageCode><countryCode value="USA" Sync="TRUE"></countryCode></dataLang><idCitation><resTitle Sync="TRUE">2003_12_31</resTitle><presForm><PresFormCd value="005" Sync="TRUE"></PresFormCd></presForm></idCitation><spatRpType><SpatRepTypCd value="001" Sync="TRUE"></SpatRepTypCd></spatRpType></dataIdInfo><mdLang><languageCode value="eng" Sync="TRUE"></languageCode><countryCode value="USA" Sync="TRUE"></countryCode></mdLang><mdChar><CharSetCd value="004" Sync="TRUE"></CharSetCd></mdChar><distInfo><distFormat><formatName Sync="TRUE">Shapefile</formatName></distFormat><distTranOps><transSize Sync="TRUE">0.000</transSize></distTranOps></distInfo><mdHrLv><ScopeCd value="005" Sync="TRUE"></ScopeCd></mdHrLv><mdHrLvName Sync="TRUE">dataset</mdHrLvName><spatRepInfo><VectSpatRep><geometObjs Name="2003_12_31"><geoObjTyp><GeoObjTypCd value="002" Sync="TRUE"></GeoObjTypCd></geoObjTyp><geoObjCnt Sync="TRUE">0</geoObjCnt></geometObjs><topLvl><TopoLevCd value="001" Sync="TRUE"></TopoLevCd></topLvl></VectSpatRep></spatRepInfo><spdoinfo><ptvctinf><esriterm Name="2003_12_31"><efeatyp Sync="TRUE">Simple</efeatyp><efeageom code="4" Sync="TRUE"></efeageom><esritopo Sync="TRUE">FALSE</esritopo><efeacnt Sync="TRUE">0</efeacnt><spindex Sync="TRUE">FALSE</spindex><linrefer Sync="TRUE">FALSE</linrefer></esriterm></ptvctinf></spdoinfo><eainfo><detailed Name="2003_12_31"><enttyp><enttypl Sync="TRUE">2003_12_31</enttypl><enttypt Sync="TRUE">Feature Class</enttypt><enttypc Sync="TRUE">0</enttypc></enttyp><attr><attrlabl Sync="TRUE">FID</attrlabl><attalias Sync="TRUE">FID</attalias><attrtype Sync="TRUE">OID</attrtype><attwidth Sync="TRUE">4</attwidth><atprecis Sync="TRUE">0</atprecis><attscale Sync="TRUE">0</attscale><attrdef Sync="TRUE">Internal feature number.</attrdef><attrdefs Sync="TRUE">Esri</attrdefs><attrdomv><udom Sync="TRUE">Sequential unique whole numbers that are automatically generated.</udom></attrdomv></attr><attr><attrlabl Sync="TRUE">Shape</attrlabl><attalias Sync="TRUE">Shape</attalias><attrtype Sync="TRUE">Geometry</attrtype><attwidth Sync="TRUE">0</attwidth><atprecis Sync="TRUE">0</atprecis><attscale Sync="TRUE">0</attscale><attrdef Sync="TRUE">Feature geometry.</attrdef><attrdefs Sync="TRUE">Esri</attrdefs><attrdomv><udom Sync="TRUE">Coordinates defining the features.</udom></attrdomv></attr><attr><attrlabl Sync="TRUE">dyad_id</attrlabl><attalias Sync="TRUE">dyad_id</attalias><attrtype Sync="TRUE">Integer</attrtype><attwidth Sync="TRUE">5</attwidth><atprecis Sync="TRUE">5</atprecis><attscale Sync="TRUE">0</attscale></attr><attr><attrlabl Sync="TRUE">conf_id</attrlabl><attalias Sync="TRUE">conf_id</attalias><attrtype Sync="TRUE">Integer</attrtype><attwidth Sync="TRUE">5</attwidth><atprecis Sync="TRUE">5</atprecis><attscale Sync="TRUE">0</attscale></attr><attr><attrlabl Sync="TRUE">date</attrlabl><attalias Sync="TRUE">date</attalias><attrtype Sync="TRUE">String</attrtype><attwidth Sync="TRUE">254</attwidth><atprecis Sync="TRUE">0</atprecis><attscale Sync="TRUE">0</attscale></attr></detailed></eainfo><mdDateSt Sync="TRUE">20240715</mdDateSt></metadata>
