<?xml version="1.0" encoding="UTF-8"?>
<metadata xml:lang="en"><Esri><CreaDate>20240715</CreaDate><CreaTime>15321500</CreaTime><ArcGISFormat>1.0</ArcGISFormat><SyncOnce>FALSE</SyncOnce><DataProperties><itemProps><itemName Sync="TRUE">2004_12_31</itemName><imsContentType Sync="TRUE">002</imsContentType><itemSize Sync="TRUE">0.000</itemSize><itemLocation><linkage Sync="TRUE">file://\\DESKTOP-48J08HF\C$\Users\owner\Dropbox\Wzone\out\wzone_shp\2004\2004_12_31.shp</linkage><protocol Sync="TRUE">Local Area Network</protocol></itemLocation></itemProps><lineage><Process ToolSource="c:\program files\arcgis\pro\Resources\ArcToolbox\toolboxes\Analysis Tools.tbx\Select" Date="20240715" Time="153215">Select in_memory/shp2004411_20041231a C:\Users\owner\Dropbox\Wzone\tmp\tmp2004\shp411_20041231b.shp ""gridcode" &gt; 0"</Process><Process ToolSource="c:\program files\arcgis\pro\Resources\ArcToolbox\toolboxes\Data Management Tools.tbx\AddField" Date="20240715" Time="153215">AddField C:/Users/owner/Dropbox/Wzone/tmp/tmp2004/shp411_20041231b.shp dyad_id "Short (16-bit integer)" # # # # NULLABLE NON_REQUIRED #</Process><Process ToolSource="c:\program files\arcgis\pro\Resources\ArcToolbox\toolboxes\Data Management Tools.tbx\AddField" Date="20240715" Time="153215">AddField C:/Users/owner/Dropbox/Wzone/tmp/tmp2004/shp411_20041231b.shp conf_id "Short (16-bit integer)" # # # # NULLABLE NON_REQUIRED #</Process><Process ToolSource="c:\program files\arcgis\pro\Resources\ArcToolbox\toolboxes\Data Management Tools.tbx\AddField" Date="20240715" Time="153215">AddField C:/Users/owner/Dropbox/Wzone/tmp/tmp2004/shp411_20041231b.shp date Text # # # # NULLABLE NON_REQUIRED #</Process><Process ToolSource="c:\program files\arcgis\pro\Resources\ArcToolbox\toolboxes\Data Management Tools.tbx\DeleteField" Date="20240715" Time="153215">DeleteField C:/Users/owner/Dropbox/Wzone/tmp/tmp2004/shp411_20041231b.shp Id "Delete Fields"</Process><Process ToolSource="c:\program files\arcgis\pro\Resources\ArcToolbox\toolboxes\Data Management Tools.tbx\DeleteField" Date="20240715" Time="153215">DeleteField C:/Users/owner/Dropbox/Wzone/tmp/tmp2004/shp411_20041231b.shp gridcode "Delete Fields"</Process><Process ToolSource="c:\program files\arcgis\pro\Resources\ArcToolbox\toolboxes\Data Management Tools.tbx\Merge" Date="20240715" Time="153533">Merge C:/Users/owner/Dropbox/Wzone/tmp/tmp2004/shp411_20041231b.shp;C:/Users/owner/Dropbox/Wzone/tmp/tmp2004/shp422_20041231b.shp;C:/Users/owner/Dropbox/Wzone/tmp/tmp2004/shp428_20041231b.shp;C:/Users/owner/Dropbox/Wzone/tmp/tmp2004/shp453_20041231b.shp;C:/Users/owner/Dropbox/Wzone/tmp/tmp2004/shp461_20041231b.shp;C:/Users/owner/Dropbox/Wzone/tmp/tmp2004/shp474_20041231b.shp;C:/Users/owner/Dropbox/Wzone/tmp/tmp2004/shp477_20041231b.shp;C:/Users/owner/Dropbox/Wzone/tmp/tmp2004/shp478_20041231b.shp;C:/Users/owner/Dropbox/Wzone/tmp/tmp2004/shp508_20041231b.shp;C:/Users/owner/Dropbox/Wzone/tmp/tmp2004/shp511_20041231b.shp;C:/Users/owner/Dropbox/Wzone/tmp/tmp2004/shp523_20041231b.shp;C:/Users/owner/Dropbox/Wzone/tmp/tmp2004/shp524_20041231b.shp;C:/Users/owner/Dropbox/Wzone/tmp/tmp2004/shp525_20041231b.shp;C:/Users/owner/Dropbox/Wzone/tmp/tmp2004/shp550_20041231b.shp;C:/Users/owner/Dropbox/Wzone/tmp/tmp2004/shp562_20041231b.shp;C:/Users/owner/Dropbox/Wzone/tmp/tmp2004/shp623_20041231b.shp;C:/Users/owner/Dropbox/Wzone/tmp/tmp2004/shp624_20041231b.shp;C:/Users/owner/Dropbox/Wzone/tmp/tmp2004/shp657_20041231b.shp;C:/Users/owner/Dropbox/Wzone/tmp/tmp2004/shp658_20041231b.shp;C:/Users/owner/Dropbox/Wzone/tmp/tmp2004/shp659_20041231b.shp;C:/Users/owner/Dropbox/Wzone/tmp/tmp2004/shp665_20041231b.shp;C:/Users/owner/Dropbox/Wzone/tmp/tmp2004/shp666_20041231b.shp;C:/Users/owner/Dropbox/Wzone/tmp/tmp2004/shp688_20041231b.shp;C:/Users/owner/Dropbox/Wzone/tmp/tmp2004/shp689_20041231b.shp;C:/Users/owner/Dropbox/Wzone/tmp/tmp2004/shp709_20041231b.shp;C:/Users/owner/Dropbox/Wzone/tmp/tmp2004/shp719_20041231b.shp;C:/Users/owner/Dropbox/Wzone/tmp/tmp2004/shp735_20041231b.shp;C:/Users/owner/Dropbox/Wzone/tmp/tmp2004/shp739_20041231b.shp;C:/Users/owner/Dropbox/Wzone/tmp/tmp2004/shp763_20041231b.shp;C:/Users/owner/Dropbox/Wzone/tmp/tmp2004/shp768_20041231b.shp;C:/Users/owner/Dropbox/Wzone/tmp/tmp2004/shp781_20041231b.shp;C:/Users/owner/Dropbox/Wzone/tmp/tmp2004/shp792_20041231b.shp;C:/Users/owner/Dropbox/Wzone/tmp/tmp2004/shp793_20041231b.shp;C:/Users/owner/Dropbox/Wzone/tmp/tmp2004/shp794_20041231b.shp;C:/Users/owner/Dropbox/Wzone/tmp/tmp2004/shp806_20041231b.shp;C:/Users/owner/Dropbox/Wzone/tmp/tmp2004/shp830_20041231b.shp;C:/Users/owner/Dropbox/Wzone/tmp/tmp2004/shp832_20041231b.shp;C:/Users/owner/Dropbox/Wzone/tmp/tmp2004/shp833_20041231b.shp;C:/Users/owner/Dropbox/Wzone/tmp/tmp2004/shp869_20041231b.shp;C:/Users/owner/Dropbox/Wzone/tmp/tmp2004/shp878_20041231b.shp;C:/Users/owner/Dropbox/Wzone/tmp/tmp2004/shp885_20041231b.shp;C:/Users/owner/Dropbox/Wzone/tmp/tmp2004/shp887_20041231b.shp;C:/Users/owner/Dropbox/Wzone/tmp/tmp2004/shp888_20041231b.shp;C:/Users/owner/Dropbox/Wzone/tmp/tmp2004/shp894_20041231b.shp;C:/Users/owner/Dropbox/Wzone/tmp/tmp2004/shp913_20041231b.shp;C:/Users/owner/Dropbox/Wzone/tmp/tmp2004/shp914_20041231b.shp;C:/Users/owner/Dropbox/Wzone/tmp/tmp2004/shp915_20041231b.shp;C:/Users/owner/Dropbox/Wzone/tmp/tmp2004/shp924_20041231b.shp;C:/Users/owner/Dropbox/Wzone/tmp/tmp2004/shp928_20041231b.shp;C:/Users/owner/Dropbox/Wzone/tmp/tmp2004/shp930_20041231b.shp;C:/Users/owner/Dropbox/Wzone/tmp/tmp2004/shp931_20041231b.shp;C:/Users/owner/Dropbox/Wzone/tmp/tmp2004/shp934_20041231b.shp;C:/Users/owner/Dropbox/Wzone/tmp/tmp2004/shp935_20041231b.shp;C:/Users/owner/Dropbox/Wzone/tmp/tmp2004/shp936_20041231b.shp;C:/Users/owner/Dropbox/Wzone/tmp/tmp2004/shp941_20041231b.shp;C:/Users/owner/Dropbox/Wzone/tmp/tmp2004/shp942_20041231b.shp;C:/Users/owner/Dropbox/Wzone/tmp/tmp2004/shp947_20041231b.shp;C:/Users/owner/Dropbox/Wzone/tmp/tmp2004/shp948_20041231b.shp;C:/Users/owner/Dropbox/Wzone/tmp/tmp2004/shp950_20041231b.shp;C:/Users/owner/Dropbox/Wzone/tmp/tmp2004/shp951_20041231b.shp;C:/Users/owner/Dropbox/Wzone/tmp/tmp2004/shp954_20041231b.shp;C:/Users/owner/Dropbox/Wzone/tmp/tmp2004/shp955_20041231b.shp;C:/Users/owner/Dropbox/Wzone/tmp/tmp2004/shp956_20041231b.shp;C:/Users/owner/Dropbox/Wzone/tmp/tmp2004/shp957_20041231b.shp;C:/Users/owner/Dropbox/Wzone/tmp/tmp2004/shp959_20041231b.shp;C:/Users/owner/Dropbox/Wzone/tmp/tmp2004/shp960_20041231b.shp;C:/Users/owner/Dropbox/Wzone/tmp/tmp2004/shp962_20041231b.shp;C:/Users/owner/Dropbox/Wzone/tmp/tmp2004/shp963_20041231b.shp;C:/Users/owner/Dropbox/Wzone/tmp/tmp2004/shp967_20041231b.shp;C:/Users/owner/Dropbox/Wzone/tmp/tmp2004/shp968_20041231b.shp;C:/Users/owner/Dropbox/Wzone/tmp/tmp2004/shp969_20041231b.shp;C:/Users/owner/Dropbox/Wzone/tmp/tmp2004/shp970_20041231b.shp;C:/Users/owner/Dropbox/Wzone/tmp/tmp2004/shp972_20041231b.shp;C:/Users/owner/Dropbox/Wzone/tmp/tmp2004/shp974_20041231b.shp;C:/Users/owner/Dropbox/Wzone/tmp/tmp2004/shp976_20041231b.shp;C:/Users/owner/Dropbox/Wzone/tmp/tmp2004/shp977_20041231b.shp;C:/Users/owner/Dropbox/Wzone/tmp/tmp2004/shp981_20041231b.shp;C:/Users/owner/Dropbox/Wzone/tmp/tmp2004/shp984_20041231b.shp;C:/Users/owner/Dropbox/Wzone/tmp/tmp2004/shp987_20041231b.shp;C:/Users/owner/Dropbox/Wzone/tmp/tmp2004/shp988_20041231b.shp;C:/Users/owner/Dropbox/Wzone/tmp/tmp2004/shp989_20041231b.shp;C:/Users/owner/Dropbox/Wzone/tmp/tmp2004/shp990_20041231b.shp;C:/Users/owner/Dropbox/Wzone/tmp/tmp2004/shp991_20041231b.shp;C:/Users/owner/Dropbox/Wzone/tmp/tmp2004/shp998_20041231b.shp;C:/Users/owner/Dropbox/Wzone/tmp/tmp2004/shp999_20041231b.shp;C:/Users/owner/Dropbox/Wzone/tmp/tmp2004/shp1007_20041231b.shp;C:/Users/owner/Dropbox/Wzone/tmp/tmp2004/shp1023_20041231b.shp;C:/Users/owner/Dropbox/Wzone/tmp/tmp2004/shp1026_20041231b.shp;C:/Users/owner/Dropbox/Wzone/tmp/tmp2004/shp1036_20041231b.shp;C:/Users/owner/Dropbox/Wzone/tmp/tmp2004/shp1040_20041231b.shp;C:/Users/owner/Dropbox/Wzone/tmp/tmp2004/shp1053_20041231b.shp;C:/Users/owner/Dropbox/Wzone/tmp/tmp2004/shp1072_20041231b.shp;C:/Users/owner/Dropbox/Wzone/tmp/tmp2004/shp1073_20041231b.shp;C:/Users/owner/Dropbox/Wzone/tmp/tmp2004/shp1077_20041231b.shp;C:/Users/owner/Dropbox/Wzone/tmp/tmp2004/shp1091_20041231b.shp;C:/Users/owner/Dropbox/Wzone/tmp/tmp2004/shp1108_20041231b.shp;C:/Users/owner/Dropbox/Wzone/tmp/tmp2004/shp1167_20041231b.shp;C:/Users/owner/Dropbox/Wzone/tmp/tmp2004/shp1176_20041231b.shp;C:/Users/owner/Dropbox/Wzone/tmp/tmp2004/shp1204_20041231b.shp;C:/Users/owner/Dropbox/Wzone/tmp/tmp2004/shp5188_20041231b.shp;C:/Users/owner/Dropbox/Wzone/tmp/tmp2004/shp5196_20041231b.shp;C:/Users/owner/Dropbox/Wzone/tmp/tmp2004/shp5201_20041231b.shp;C:/Users/owner/Dropbox/Wzone/tmp/tmp2004/shp5202_20041231b.shp;C:/Users/owner/Dropbox/Wzone/tmp/tmp2004/shp5222_20041231b.shp;C:/Users/owner/Dropbox/Wzone/tmp/tmp2004/shp5223_20041231b.shp;C:/Users/owner/Dropbox/Wzone/tmp/tmp2004/shp5278_20041231b.shp;C:/Users/owner/Dropbox/Wzone/tmp/tmp2004/shp5282_20041231b.shp;C:/Users/owner/Dropbox/Wzone/tmp/tmp2004/shp5289_20041231b.shp;C:/Users/owner/Dropbox/Wzone/tmp/tmp2004/shp5293_20041231b.shp;C:/Users/owner/Dropbox/Wzone/tmp/tmp2004/shp5305_20041231b.shp;C:/Users/owner/Dropbox/Wzone/tmp/tmp2004/shp5306_20041231b.shp;C:/Users/owner/Dropbox/Wzone/tmp/tmp2004/shp5314_20041231b.shp;C:/Users/owner/Dropbox/Wzone/tmp/tmp2004/shp5324_20041231b.shp;C:/Users/owner/Dropbox/Wzone/tmp/tmp2004/shp5349_20041231b.shp;C:/Users/owner/Dropbox/Wzone/tmp/tmp2004/shp5505_20041231b.shp;C:/Users/owner/Dropbox/Wzone/tmp/tmp2004/shp5512_20041231b.shp;C:/Users/owner/Dropbox/Wzone/tmp/tmp2004/shp5534_20041231b.shp;C:/Users/owner/Dropbox/Wzone/tmp/tmp2004/shp5570_20041231b.shp;C:/Users/owner/Dropbox/Wzone/tmp/tmp2004/shp10264_20041231b.shp;C:/Users/owner/Dropbox/Wzone/tmp/tmp2004/shp10985_20041231b.shp;C:/Users/owner/Dropbox/Wzone/tmp/tmp2004/shp11123_20041231b.shp;C:/Users/owner/Dropbox/Wzone/tmp/tmp2004/shp11433_20041231b.shp;C:/Users/owner/Dropbox/Wzone/tmp/tmp2004/shp11932_20041231b.shp;C:/Users/owner/Dropbox/Wzone/tmp/tmp2004/shp12102_20041231b.shp;C:/Users/owner/Dropbox/Wzone/tmp/tmp2004/shp13869_20041231b.shp;C:/Users/owner/Dropbox/Wzone/tmp/tmp2004/shp14273_20041231b.shp;C:/Users/owner/Dropbox/Wzone/tmp/tmp2004/shp15558_20041231b.shp C:\Users\owner\Dropbox\Wzone\out\wzone_shp\2004\2004_12_31.shp "dyad_id "dyad_id" true true false 5 Long 0 5,First,#,C:/Users/owner/Dropbox/Wzone/tmp/tmp2004/shp411_20041231b.shp,dyad_id,-1,-1,C:/Users/owner/Dropbox/Wzone/tmp/tmp2004/shp422_20041231b.shp,dyad_id,-1,-1,C:/Users/owner/Dropbox/Wzone/tmp/tmp2004/shp428_20041231b.shp,dyad_id,-1,-1,C:/Users/owner/Dropbox/Wzone/tmp/tmp2004/shp453_20041231b.shp,dyad_id,-1,-1,C:/Users/owner/Dropbox/Wzone/tmp/tmp2004/shp461_20041231b.shp,dyad_id,-1,-1,C:/Users/owner/Dropbox/Wzone/tmp/tmp2004/shp474_20041231b.shp,dyad_id,-1,-1,C:/Users/owner/Dropbox/Wzone/tmp/tmp2004/shp477_20041231b.shp,dyad_id,-1,-1,C:/Users/owner/Dropbox/Wzone/tmp/tmp2004/shp478_20041231b.shp,dyad_id,-1,-1,C:/Users/owner/Dropbox/Wzone/tmp/tmp2004/shp508_20041231b.shp,dyad_id,-1,-1,C:/Users/owner/Dropbox/Wzone/tmp/tmp2004/shp511_20041231b.shp,dyad_id,-1,-1,C:/Users/owner/Dropbox/Wzone/tmp/tmp2004/shp523_20041231b.shp,dyad_id,-1,-1,C:/Users/owner/Dropbox/Wzone/tmp/tmp2004/shp524_20041231b.shp,dyad_id,-1,-1,C:/Users/owner/Dropbox/Wzone/tmp/tmp2004/shp525_20041231b.shp,dyad_id,-1,-1,C:/Users/owner/Dropbox/Wzone/tmp/tmp2004/shp550_20041231b.shp,dyad_id,-1,-1,C:/Users/owner/Dropbox/Wzone/tmp/tmp2004/shp562_20041231b.shp,dyad_id,-1,-1,C:/Users/owner/Dropbox/Wzone/tmp/tmp2004/shp623_20041231b.shp,dyad_id,-1,-1,C:/Users/owner/Dropbox/Wzone/tmp/tmp2004/shp624_20041231b.shp,dyad_id,-1,-1,C:/Users/owner/Dropbox/Wzone/tmp/tmp2004/shp657_20041231b.shp,dyad_id,-1,-1,C:/Users/owner/Dropbox/Wzone/tmp/tmp2004/shp658_20041231b.shp,dyad_id,-1,-1,C:/Users/owner/Dropbox/Wzone/tmp/tmp2004/shp659_20041231b.shp,dyad_id,-1,-1,C:/Users/owner/Dropbox/Wzone/tmp/tmp2004/shp665_20041231b.shp,dyad_id,-1,-1,C:/Users/owner/Dropbox/Wzone/tmp/tmp2004/shp666_20041231b.shp,dyad_id,-1,-1,C:/Users/owner/Dropbox/Wzone/tmp/tmp2004/shp688_20041231b.shp,dyad_id,-1,-1,C:/Users/owner/Dropbox/Wzone/tmp/tmp2004/shp689_20041231b.shp,dyad_id,-1,-1,C:/Users/owner/Dropbox/Wzone/tmp/tmp2004/shp709_20041231b.shp,dyad_id,-1,-1,C:/Users/owner/Dropbox/Wzone/tmp/tmp2004/shp719_20041231b.shp,dyad_id,-1,-1,C:/Users/owner/Dropbox/Wzone/tmp/tmp2004/shp735_20041231b.shp,dyad_id,-1,-1,C:/Users/owner/Dropbox/Wzone/tmp/tmp2004/shp739_20041231b.shp,dyad_id,-1,-1,C:/Users/owner/Dropbox/Wzone/tmp/tmp2004/shp763_20041231b.shp,dyad_id,-1,-1,C:/Users/owner/Dropbox/Wzone/tmp/tmp2004/shp768_20041231b.shp,dyad_id,-1,-1,C:/Users/owner/Dropbox/Wzone/tmp/tmp2004/shp781_20041231b.shp,dyad_id,-1,-1,C:/Users/owner/Dropbox/Wzone/tmp/tmp2004/shp792_20041231b.shp,dyad_id,-1,-1,C:/Users/owner/Dropbox/Wzone/tmp/tmp2004/shp793_20041231b.shp,dyad_id,-1,-1,C:/Users/owner/Dropbox/Wzone/tmp/tmp2004/shp794_20041231b.shp,dyad_id,-1,-1,C:/Users/owner/Dropbox/Wzone/tmp/tmp2004/shp806_20041231b.shp,dyad_id,-1,-1,C:/Users/owner/Dropbox/Wzone/tmp/tmp2004/shp830_20041231b.shp,dyad_id,-1,-1,C:/Users/owner/Dropbox/Wzone/tmp/tmp2004/shp832_20041231b.shp,dyad_id,-1,-1,C:/Users/owner/Dropbox/Wzone/tmp/tmp2004/shp833_20041231b.shp,dyad_id,-1,-1,C:/Users/owner/Dropbox/Wzone/tmp/tmp2004/shp869_20041231b.shp,dyad_id,-1,-1,C:/Users/owner/Dropbox/Wzone/tmp/tmp2004/shp878_20041231b.shp,dyad_id,-1,-1,C:/Users/owner/Dropbox/Wzone/tmp/tmp2004/shp885_20041231b.shp,dyad_id,-1,-1,C:/Users/owner/Dropbox/Wzone/tmp/tmp2004/shp887_20041231b.shp,dyad_id,-1,-1,C:/Users/owner/Dropbox/Wzone/tmp/tmp2004/shp888_20041231b.shp,dyad_id,-1,-1,C:/Users/owner/Dropbox/Wzone/tmp/tmp2004/shp894_20041231b.shp,dyad_id,-1,-1,C:/Users/owner/Dropbox/Wzone/tmp/tmp2004/shp913_20041231b.shp,dyad_id,-1,-1,C:/Users/owner/Dropbox/Wzone/tmp/tmp2004/shp914_20041231b.shp,dyad_id,-1,-1,C:/Users/owner/Dropbox/Wzone/tmp/tmp2004/shp915_20041231b.shp,dyad_id,-1,-1,C:/Users/owner/Dropbox/Wzone/tmp/tmp2004/shp924_20041231b.shp,dyad_id,-1,-1,C:/Users/owner/Dropbox/Wzone/tmp/tmp2004/shp928_20041231b.shp,dyad_id,-1,-1,C:/Users/owner/Dropbox/Wzone/tmp/tmp2004/shp930_20041231b.shp,dyad_id,-1,-1,C:/Users/owner/Dropbox/Wzone/tmp/tmp2004/shp931_20041231b.shp,dyad_id,-1,-1,C:/Users/owner/Dropbox/Wzone/tmp/tmp2004/shp934_20041231b.shp,dyad_id,-1,-1,C:/Users/owner/Dropbox/Wzone/tmp/tmp2004/shp935_20041231b.shp,dyad_id,-1,-1,C:/Users/owner/Dropbox/Wzone/tmp/tmp2004/shp936_20041231b.shp,dyad_id,-1,-1,C:/Users/owner/Dropbox/Wzone/tmp/tmp2004/shp941_20041231b.shp,dyad_id,-1,-1,C:/Users/owner/Dropbox/Wzone/tmp/tmp2004/shp942_20041231b.shp,dyad_id,-1,-1,C:/Users/owner/Dropbox/Wzone/tmp/tmp2004/shp947_20041231b.shp,dyad_id,-1,-1,C:/Users/owner/Dropbox/Wzone/tmp/tmp2004/shp948_20041231b.shp,dyad_id,-1,-1,C:/Users/owner/Dropbox/Wzone/tmp/tmp2004/shp950_20041231b.shp,dyad_id,-1,-1,C:/Users/owner/Dropbox/Wzone/tmp/tmp2004/shp951_20041231b.shp,dyad_id,-1,-1,C:/Users/owner/Dropbox/Wzone/tmp/tmp2004/shp954_20041231b.shp,dyad_id,-1,-1,C:/Users/owner/Dropbox/Wzone/tmp/tmp2004/shp955_20041231b.shp,dyad_id,-1,-1,C:/Users/owner/Dropbox/Wzone/tmp/tmp2004/shp956_20041231b.shp,dyad_id,-1,-1,C:/Users/owner/Dropbox/Wzone/tmp/tmp2004/shp957_20041231b.shp,dyad_id,-1,-1,C:/Users/owner/Dropbox/Wzone/tmp/tmp2004/shp959_20041231b.shp,dyad_id,-1,-1,C:/Users/owner/Dropbox/Wzone/tmp/tmp2004/shp960_20041231b.shp,dyad_id,-1,-1,C:/Users/owner/Dropbox/Wzone/tmp/tmp2004/shp962_20041231b.shp,dyad_id,-1,-1,C:/Users/owner/Dropbox/Wzone/tmp/tmp2004/shp963_20041231b.shp,dyad_id,-1,-1,C:/Users/owner/Dropbox/Wzone/tmp/tmp2004/shp967_20041231b.shp,dyad_id,-1,-1,C:/Users/owner/Dropbox/Wzone/tmp/tmp2004/shp968_20041231b.shp,dyad_id,-1,-1,C:/Users/owner/Dropbox/Wzone/tmp/tmp2004/shp969_20041231b.shp,dyad_id,-1,-1,C:/Users/owner/Dropbox/Wzone/tmp/tmp2004/shp970_20041231b.shp,dyad_id,-1,-1,C:/Users/owner/Dropbox/Wzone/tmp/tmp2004/shp972_20041231b.shp,dyad_id,-1,-1,C:/Users/owner/Dropbox/Wzone/tmp/tmp2004/shp974_20041231b.shp,dyad_id,-1,-1,C:/Users/owner/Dropbox/Wzone/tmp/tmp2004/shp976_20041231b.shp,dyad_id,-1,-1,C:/Users/owner/Dropbox/Wzone/tmp/tmp2004/shp977_20041231b.shp,dyad_id,-1,-1,C:/Users/owner/Dropbox/Wzone/tmp/tmp2004/shp981_20041231b.shp,dyad_id,-1,-1,C:/Users/owner/Dropbox/Wzone/tmp/tmp2004/shp984_20041231b.shp,dyad_id,-1,-1,C:/Users/owner/Dropbox/Wzone/tmp/tmp2004/shp987_20041231b.shp,dyad_id,-1,-1,C:/Users/owner/Dropbox/Wzone/tmp/tmp2004/shp988_20041231b.shp,dyad_id,-1,-1,C:/Users/owner/Dropbox/Wzone/tmp/tmp2004/shp989_20041231b.shp,dyad_id,-1,-1,C:/Users/owner/Dropbox/Wzone/tmp/tmp2004/shp990_20041231b.shp,dyad_id,-1,-1,C:/Users/owner/Dropbox/Wzone/tmp/tmp2004/shp991_20041231b.shp,dyad_id,-1,-1,C:/Users/owner/Dropbox/Wzone/tmp/tmp2004/shp998_20041231b.shp,dyad_id,-1,-1,C:/Users/owner/Dropbox/Wzone/tmp/tmp2004/shp999_20041231b.shp,dyad_id,-1,-1,C:/Users/owner/Dropbox/Wzone/tmp/tmp2004/shp1007_20041231b.shp,dyad_id,-1,-1,C:/Users/owner/Dropbox/Wzone/tmp/tmp2004/shp1023_20041231b.shp,dyad_id,-1,-1,C:/Users/owner/Dropbox/Wzone/tmp/tmp2004/shp1026_20041231b.shp,dyad_id,-1,-1,C:/Users/owner/Dropbox/Wzone/tmp/tmp2004/shp1036_20041231b.shp,dyad_id,-1,-1,C:/Users/owner/Dropbox/Wzone/tmp/tmp2004/shp1040_20041231b.shp,dyad_id,-1,-1,C:/Users/owner/Dropbox/Wzone/tmp/tmp2004/shp1053_20041231b.shp,dyad_id,-1,-1,C:/Users/owner/Dropbox/Wzone/tmp/tmp2004/shp1072_20041231b.shp,dyad_id,-1,-1,C:/Users/owner/Dropbox/Wzone/tmp/tmp2004/shp1073_20041231b.shp,dyad_id,-1,-1,C:/Users/owner/Dropbox/Wzone/tmp/tmp2004/shp1077_20041231b.shp,dyad_id,-1,-1,C:/Users/owner/Dropbox/Wzone/tmp/tmp2004/shp1091_20041231b.shp,dyad_id,-1,-1,C:/Users/owner/Dropbox/Wzone/tmp/tmp2004/shp1108_20041231b.shp,dyad_id,-1,-1,C:/Users/owner/Dropbox/Wzone/tmp/tmp2004/shp1167_20041231b.shp,dyad_id,-1,-1,C:/Users/owner/Dropbox/Wzone/tmp/tmp2004/shp1176_20041231b.shp,dyad_id,-1,-1,C:/Users/owner/Dropbox/Wzone/tmp/tmp2004/shp1204_20041231b.shp,dyad_id,-1,-1,C:/Users/owner/Dropbox/Wzone/tmp/tmp2004/shp5188_20041231b.shp,dyad_id,-1,-1,C:/Users/owner/Dropbox/Wzone/tmp/tmp2004/shp5196_20041231b.shp,dyad_id,-1,-1,C:/Users/owner/Dropbox/Wzone/tmp/tmp2004/shp5201_20041231b.shp,dyad_id,-1,-1,C:/Users/owner/Dropbox/Wzone/tmp/tmp2004/shp5202_20041231b.shp,dyad_id,-1,-1,C:/Users/owner/Dropbox/Wzone/tmp/tmp2004/shp5222_20041231b.shp,dyad_id,-1,-1,C:/Users/owner/Dropbox/Wzone/tmp/tmp2004/shp5223_20041231b.shp,dyad_id,-1,-1,C:/Users/owner/Dropbox/Wzone/tmp/tmp2004/shp5278_20041231b.shp,dyad_id,-1,-1,C:/Users/owner/Dropbox/Wzone/tmp/tmp2004/shp5282_20041231b.shp,dyad_id,-1,-1,C:/Users/owner/Dropbox/Wzone/tmp/tmp2004/shp5289_20041231b.shp,dyad_id,-1,-1,C:/Users/owner/Dropbox/Wzone/tmp/tmp2004/shp5293_20041231b.shp,dyad_id,-1,-1,C:/Users/owner/Dropbox/Wzone/tmp/tmp2004/shp5305_20041231b.shp,dyad_id,-1,-1,C:/Users/owner/Dropbox/Wzone/tmp/tmp2004/shp5306_20041231b.shp,dyad_id,-1,-1,C:/Users/owner/Dropbox/Wzone/tmp/tmp2004/shp5314_20041231b.shp,dyad_id,-1,-1,C:/Users/owner/Dropbox/Wzone/tmp/tmp2004/shp5324_20041231b.shp,dyad_id,-1,-1,C:/Users/owner/Dropbox/Wzone/tmp/tmp2004/shp5349_20041231b.shp,dyad_id,-1,-1,C:/Users/owner/Dropbox/Wzone/tmp/tmp2004/shp5505_20041231b.shp,dyad_id,-1,-1,C:/Users/owner/Dropbox/Wzone/tmp/tmp2004/shp5512_20041231b.shp,dyad_id,-1,-1,C:/Users/owner/Dropbox/Wzone/tmp/tmp2004/shp5534_20041231b.shp,dyad_id,-1,-1,C:/Users/owner/Dropbox/Wzone/tmp/tmp2004/shp5570_20041231b.shp,dyad_id,-1,-1,C:/Users/owner/Dropbox/Wzone/tmp/tmp2004/shp10264_20041231b.shp,dyad_id,-1,-1,C:/Users/owner/Dropbox/Wzone/tmp/tmp2004/shp10985_20041231b.shp,dyad_id,-1,-1,C:/Users/owner/Dropbox/Wzone/tmp/tmp2004/shp11123_20041231b.shp,dyad_id,-1,-1,C:/Users/owner/Dropbox/Wzone/tmp/tmp2004/shp11433_20041231b.shp,dyad_id,-1,-1,C:/Users/owner/Dropbox/Wzone/tmp/tmp2004/shp11932_20041231b.shp,dyad_id,-1,-1,C:/Users/owner/Dropbox/Wzone/tmp/tmp2004/shp12102_20041231b.shp,dyad_id,-1,-1,C:/Users/owner/Dropbox/Wzone/tmp/tmp2004/shp13869_20041231b.shp,dyad_id,-1,-1,C:/Users/owner/Dropbox/Wzone/tmp/tmp2004/shp14273_20041231b.shp,dyad_id,-1,-1,C:/Users/owner/Dropbox/Wzone/tmp/tmp2004/shp15558_20041231b.shp,dyad_id,-1,-1;conf_id "conf_id" true true false 5 Long 0 5,First,#,C:/Users/owner/Dropbox/Wzone/tmp/tmp2004/shp411_20041231b.shp,conf_id,-1,-1,C:/Users/owner/Dropbox/Wzone/tmp/tmp2004/shp422_20041231b.shp,conf_id,-1,-1,C:/Users/owner/Dropbox/Wzone/tmp/tmp2004/shp428_20041231b.shp,conf_id,-1,-1,C:/Users/owner/Dropbox/Wzone/tmp/tmp2004/shp453_20041231b.shp,conf_id,-1,-1,C:/Users/owner/Dropbox/Wzone/tmp/tmp2004/shp461_20041231b.shp,conf_id,-1,-1,C:/Users/owner/Dropbox/Wzone/tmp/tmp2004/shp474_20041231b.shp,conf_id,-1,-1,C:/Users/owner/Dropbox/Wzone/tmp/tmp2004/shp477_20041231b.shp,conf_id,-1,-1,C:/Users/owner/Dropbox/Wzone/tmp/tmp2004/shp478_20041231b.shp,conf_id,-1,-1,C:/Users/owner/Dropbox/Wzone/tmp/tmp2004/shp508_20041231b.shp,conf_id,-1,-1,C:/Users/owner/Dropbox/Wzone/tmp/tmp2004/shp511_20041231b.shp,conf_id,-1,-1,C:/Users/owner/Dropbox/Wzone/tmp/tmp2004/shp523_20041231b.shp,conf_id,-1,-1,C:/Users/owner/Dropbox/Wzone/tmp/tmp2004/shp524_20041231b.shp,conf_id,-1,-1,C:/Users/owner/Dropbox/Wzone/tmp/tmp2004/shp525_20041231b.shp,conf_id,-1,-1,C:/Users/owner/Dropbox/Wzone/tmp/tmp2004/shp550_20041231b.shp,conf_id,-1,-1,C:/Users/owner/Dropbox/Wzone/tmp/tmp2004/shp562_20041231b.shp,conf_id,-1,-1,C:/Users/owner/Dropbox/Wzone/tmp/tmp2004/shp623_20041231b.shp,conf_id,-1,-1,C:/Users/owner/Dropbox/Wzone/tmp/tmp2004/shp624_20041231b.shp,conf_id,-1,-1,C:/Users/owner/Dropbox/Wzone/tmp/tmp2004/shp657_20041231b.shp,conf_id,-1,-1,C:/Users/owner/Dropbox/Wzone/tmp/tmp2004/shp658_20041231b.shp,conf_id,-1,-1,C:/Users/owner/Dropbox/Wzone/tmp/tmp2004/shp659_20041231b.shp,conf_id,-1,-1,C:/Users/owner/Dropbox/Wzone/tmp/tmp2004/shp665_20041231b.shp,conf_id,-1,-1,C:/Users/owner/Dropbox/Wzone/tmp/tmp2004/shp666_20041231b.shp,conf_id,-1,-1,C:/Users/owner/Dropbox/Wzone/tmp/tmp2004/shp688_20041231b.shp,conf_id,-1,-1,C:/Users/owner/Dropbox/Wzone/tmp/tmp2004/shp689_20041231b.shp,conf_id,-1,-1,C:/Users/owner/Dropbox/Wzone/tmp/tmp2004/shp709_20041231b.shp,conf_id,-1,-1,C:/Users/owner/Dropbox/Wzone/tmp/tmp2004/shp719_20041231b.shp,conf_id,-1,-1,C:/Users/owner/Dropbox/Wzone/tmp/tmp2004/shp735_20041231b.shp,conf_id,-1,-1,C:/Users/owner/Dropbox/Wzone/tmp/tmp2004/shp739_20041231b.shp,conf_id,-1,-1,C:/Users/owner/Dropbox/Wzone/tmp/tmp2004/shp763_20041231b.shp,conf_id,-1,-1,C:/Users/owner/Dropbox/Wzone/tmp/tmp2004/shp768_20041231b.shp,conf_id,-1,-1,C:/Users/owner/Dropbox/Wzone/tmp/tmp2004/shp781_20041231b.shp,conf_id,-1,-1,C:/Users/owner/Dropbox/Wzone/tmp/tmp2004/shp792_20041231b.shp,conf_id,-1,-1,C:/Users/owner/Dropbox/Wzone/tmp/tmp2004/shp793_20041231b.shp,conf_id,-1,-1,C:/Users/owner/Dropbox/Wzone/tmp/tmp2004/shp794_20041231b.shp,conf_id,-1,-1,C:/Users/owner/Dropbox/Wzone/tmp/tmp2004/shp806_20041231b.shp,conf_id,-1,-1,C:/Users/owner/Dropbox/Wzone/tmp/tmp2004/shp830_20041231b.shp,conf_id,-1,-1,C:/Users/owner/Dropbox/Wzone/tmp/tmp2004/shp832_20041231b.shp,conf_id,-1,-1,C:/Users/owner/Dropbox/Wzone/tmp/tmp2004/shp833_20041231b.shp,conf_id,-1,-1,C:/Users/owner/Dropbox/Wzone/tmp/tmp2004/shp869_20041231b.shp,conf_id,-1,-1,C:/Users/owner/Dropbox/Wzone/tmp/tmp2004/shp878_20041231b.shp,conf_id,-1,-1,C:/Users/owner/Dropbox/Wzone/tmp/tmp2004/shp885_20041231b.shp,conf_id,-1,-1,C:/Users/owner/Dropbox/Wzone/tmp/tmp2004/shp887_20041231b.shp,conf_id,-1,-1,C:/Users/owner/Dropbox/Wzone/tmp/tmp2004/shp888_20041231b.shp,conf_id,-1,-1,C:/Users/owner/Dropbox/Wzone/tmp/tmp2004/shp894_20041231b.shp,conf_id,-1,-1,C:/Users/owner/Dropbox/Wzone/tmp/tmp2004/shp913_20041231b.shp,conf_id,-1,-1,C:/Users/owner/Dropbox/Wzone/tmp/tmp2004/shp914_20041231b.shp,conf_id,-1,-1,C:/Users/owner/Dropbox/Wzone/tmp/tmp2004/shp915_20041231b.shp,conf_id,-1,-1,C:/Users/owner/Dropbox/Wzone/tmp/tmp2004/shp924_20041231b.shp,conf_id,-1,-1,C:/Users/owner/Dropbox/Wzone/tmp/tmp2004/shp928_20041231b.shp,conf_id,-1,-1,C:/Users/owner/Dropbox/Wzone/tmp/tmp2004/shp930_20041231b.shp,conf_id,-1,-1,C:/Users/owner/Dropbox/Wzone/tmp/tmp2004/shp931_20041231b.shp,conf_id,-1,-1,C:/Users/owner/Dropbox/Wzone/tmp/tmp2004/shp934_20041231b.shp,conf_id,-1,-1,C:/Users/owner/Dropbox/Wzone/tmp/tmp2004/shp935_20041231b.shp,conf_id,-1,-1,C:/Users/owner/Dropbox/Wzone/tmp/tmp2004/shp936_20041231b.shp,conf_id,-1,-1,C:/Users/owner/Dropbox/Wzone/tmp/tmp2004/shp941_20041231b.shp,conf_id,-1,-1,C:/Users/owner/Dropbox/Wzone/tmp/tmp2004/shp942_20041231b.shp,conf_id,-1,-1,C:/Users/owner/Dropbox/Wzone/tmp/tmp2004/shp947_20041231b.shp,conf_id,-1,-1,C:/Users/owner/Dropbox/Wzone/tmp/tmp2004/shp948_20041231b.shp,conf_id,-1,-1,C:/Users/owner/Dropbox/Wzone/tmp/tmp2004/shp950_20041231b.shp,conf_id,-1,-1,C:/Users/owner/Dropbox/Wzone/tmp/tmp2004/shp951_20041231b.shp,conf_id,-1,-1,C:/Users/owner/Dropbox/Wzone/tmp/tmp2004/shp954_20041231b.shp,conf_id,-1,-1,C:/Users/owner/Dropbox/Wzone/tmp/tmp2004/shp955_20041231b.shp,conf_id,-1,-1,C:/Users/owner/Dropbox/Wzone/tmp/tmp2004/shp956_20041231b.shp,conf_id,-1,-1,C:/Users/owner/Dropbox/Wzone/tmp/tmp2004/shp957_20041231b.shp,conf_id,-1,-1,C:/Users/owner/Dropbox/Wzone/tmp/tmp2004/shp959_20041231b.shp,conf_id,-1,-1,C:/Users/owner/Dropbox/Wzone/tmp/tmp2004/shp960_20041231b.shp,conf_id,-1,-1,C:/Users/owner/Dropbox/Wzone/tmp/tmp2004/shp962_20041231b.shp,conf_id,-1,-1,C:/Users/owner/Dropbox/Wzone/tmp/tmp2004/shp963_20041231b.shp,conf_id,-1,-1,C:/Users/owner/Dropbox/Wzone/tmp/tmp2004/shp967_20041231b.shp,conf_id,-1,-1,C:/Users/owner/Dropbox/Wzone/tmp/tmp2004/shp968_20041231b.shp,conf_id,-1,-1,C:/Users/owner/Dropbox/Wzone/tmp/tmp2004/shp969_20041231b.shp,conf_id,-1,-1,C:/Users/owner/Dropbox/Wzone/tmp/tmp2004/shp970_20041231b.shp,conf_id,-1,-1,C:/Users/owner/Dropbox/Wzone/tmp/tmp2004/shp972_20041231b.shp,conf_id,-1,-1,C:/Users/owner/Dropbox/Wzone/tmp/tmp2004/shp974_20041231b.shp,conf_id,-1,-1,C:/Users/owner/Dropbox/Wzone/tmp/tmp2004/shp976_20041231b.shp,conf_id,-1,-1,C:/Users/owner/Dropbox/Wzone/tmp/tmp2004/shp977_20041231b.shp,conf_id,-1,-1,C:/Users/owner/Dropbox/Wzone/tmp/tmp2004/shp981_20041231b.shp,conf_id,-1,-1,C:/Users/owner/Dropbox/Wzone/tmp/tmp2004/shp984_20041231b.shp,conf_id,-1,-1,C:/Users/owner/Dropbox/Wzone/tmp/tmp2004/shp987_20041231b.shp,conf_id,-1,-1,C:/Users/owner/Dropbox/Wzone/tmp/tmp2004/shp988_20041231b.shp,conf_id,-1,-1,C:/Users/owner/Dropbox/Wzone/tmp/tmp2004/shp989_20041231b.shp,conf_id,-1,-1,C:/Users/owner/Dropbox/Wzone/tmp/tmp2004/shp990_20041231b.shp,conf_id,-1,-1,C:/Users/owner/Dropbox/Wzone/tmp/tmp2004/shp991_20041231b.shp,conf_id,-1,-1,C:/Users/owner/Dropbox/Wzone/tmp/tmp2004/shp998_20041231b.shp,conf_id,-1,-1,C:/Users/owner/Dropbox/Wzone/tmp/tmp2004/shp999_20041231b.shp,conf_id,-1,-1,C:/Users/owner/Dropbox/Wzone/tmp/tmp2004/shp1007_20041231b.shp,conf_id,-1,-1,C:/Users/owner/Dropbox/Wzone/tmp/tmp2004/shp1023_20041231b.shp,conf_id,-1,-1,C:/Users/owner/Dropbox/Wzone/tmp/tmp2004/shp1026_20041231b.shp,conf_id,-1,-1,C:/Users/owner/Dropbox/Wzone/tmp/tmp2004/shp1036_20041231b.shp,conf_id,-1,-1,C:/Users/owner/Dropbox/Wzone/tmp/tmp2004/shp1040_20041231b.shp,conf_id,-1,-1,C:/Users/owner/Dropbox/Wzone/tmp/tmp2004/shp1053_20041231b.shp,conf_id,-1,-1,C:/Users/owner/Dropbox/Wzone/tmp/tmp2004/shp1072_20041231b.shp,conf_id,-1,-1,C:/Users/owner/Dropbox/Wzone/tmp/tmp2004/shp1073_20041231b.shp,conf_id,-1,-1,C:/Users/owner/Dropbox/Wzone/tmp/tmp2004/shp1077_20041231b.shp,conf_id,-1,-1,C:/Users/owner/Dropbox/Wzone/tmp/tmp2004/shp1091_20041231b.shp,conf_id,-1,-1,C:/Users/owner/Dropbox/Wzone/tmp/tmp2004/shp1108_20041231b.shp,conf_id,-1,-1,C:/Users/owner/Dropbox/Wzone/tmp/tmp2004/shp1167_20041231b.shp,conf_id,-1,-1,C:/Users/owner/Dropbox/Wzone/tmp/tmp2004/shp1176_20041231b.shp,conf_id,-1,-1,C:/Users/owner/Dropbox/Wzone/tmp/tmp2004/shp1204_20041231b.shp,conf_id,-1,-1,C:/Users/owner/Dropbox/Wzone/tmp/tmp2004/shp5188_20041231b.shp,conf_id,-1,-1,C:/Users/owner/Dropbox/Wzone/tmp/tmp2004/shp5196_20041231b.shp,conf_id,-1,-1,C:/Users/owner/Dropbox/Wzone/tmp/tmp2004/shp5201_20041231b.shp,conf_id,-1,-1,C:/Users/owner/Dropbox/Wzone/tmp/tmp2004/shp5202_20041231b.shp,conf_id,-1,-1,C:/Users/owner/Dropbox/Wzone/tmp/tmp2004/shp5222_20041231b.shp,conf_id,-1,-1,C:/Users/owner/Dropbox/Wzone/tmp/tmp2004/shp5223_20041231b.shp,conf_id,-1,-1,C:/Users/owner/Dropbox/Wzone/tmp/tmp2004/shp5278_20041231b.shp,conf_id,-1,-1,C:/Users/owner/Dropbox/Wzone/tmp/tmp2004/shp5282_20041231b.shp,conf_id,-1,-1,C:/Users/owner/Dropbox/Wzone/tmp/tmp2004/shp5289_20041231b.shp,conf_id,-1,-1,C:/Users/owner/Dropbox/Wzone/tmp/tmp2004/shp5293_20041231b.shp,conf_id,-1,-1,C:/Users/owner/Dropbox/Wzone/tmp/tmp2004/shp5305_20041231b.shp,conf_id,-1,-1,C:/Users/owner/Dropbox/Wzone/tmp/tmp2004/shp5306_20041231b.shp,conf_id,-1,-1,C:/Users/owner/Dropbox/Wzone/tmp/tmp2004/shp5314_20041231b.shp,conf_id,-1,-1,C:/Users/owner/Dropbox/Wzone/tmp/tmp2004/shp5324_20041231b.shp,conf_id,-1,-1,C:/Users/owner/Dropbox/Wzone/tmp/tmp2004/shp5349_20041231b.shp,conf_id,-1,-1,C:/Users/owner/Dropbox/Wzone/tmp/tmp2004/shp5505_20041231b.shp,conf_id,-1,-1,C:/Users/owner/Dropbox/Wzone/tmp/tmp2004/shp5512_20041231b.shp,conf_id,-1,-1,C:/Users/owner/Dropbox/Wzone/tmp/tmp2004/shp5534_20041231b.shp,conf_id,-1,-1,C:/Users/owner/Dropbox/Wzone/tmp/tmp2004/shp5570_20041231b.shp,conf_id,-1,-1,C:/Users/owner/Dropbox/Wzone/tmp/tmp2004/shp10264_20041231b.shp,conf_id,-1,-1,C:/Users/owner/Dropbox/Wzone/tmp/tmp2004/shp10985_20041231b.shp,conf_id,-1,-1,C:/Users/owner/Dropbox/Wzone/tmp/tmp2004/shp11123_20041231b.shp,conf_id,-1,-1,C:/Users/owner/Dropbox/Wzone/tmp/tmp2004/shp11433_20041231b.shp,conf_id,-1,-1,C:/Users/owner/Dropbox/Wzone/tmp/tmp2004/shp11932_20041231b.shp,conf_id,-1,-1,C:/Users/owner/Dropbox/Wzone/tmp/tmp2004/shp12102_20041231b.shp,conf_id,-1,-1,C:/Users/owner/Dropbox/Wzone/tmp/tmp2004/shp13869_20041231b.shp,conf_id,-1,-1,C:/Users/owner/Dropbox/Wzone/tmp/tmp2004/shp14273_20041231b.shp,conf_id,-1,-1,C:/Users/owner/Dropbox/Wzone/tmp/tmp2004/shp15558_20041231b.shp,conf_id,-1,-1;date "date" true true false 254 Text 0 0,First,#,C:/Users/owner/Dropbox/Wzone/tmp/tmp2004/shp411_20041231b.shp,date,0,253,C:/Users/owner/Dropbox/Wzone/tmp/tmp2004/shp422_20041231b.shp,date,0,253,C:/Users/owner/Dropbox/Wzone/tmp/tmp2004/shp428_20041231b.shp,date,0,253,C:/Users/owner/Dropbox/Wzone/tmp/tmp2004/shp453_20041231b.shp,date,0,253,C:/Users/owner/Dropbox/Wzone/tmp/tmp2004/shp461_20041231b.shp,date,0,253,C:/Users/owner/Dropbox/Wzone/tmp/tmp2004/shp474_20041231b.shp,date,0,253,C:/Users/owner/Dropbox/Wzone/tmp/tmp2004/shp477_20041231b.shp,date,0,253,C:/Users/owner/Dropbox/Wzone/tmp/tmp2004/shp478_20041231b.shp,date,0,253,C:/Users/owner/Dropbox/Wzone/tmp/tmp2004/shp508_20041231b.shp,date,0,253,C:/Users/owner/Dropbox/Wzone/tmp/tmp2004/shp511_20041231b.shp,date,0,253,C:/Users/owner/Dropbox/Wzone/tmp/tmp2004/shp523_20041231b.shp,date,0,253,C:/Users/owner/Dropbox/Wzone/tmp/tmp2004/shp524_20041231b.shp,date,0,253,C:/Users/owner/Dropbox/Wzone/tmp/tmp2004/shp525_20041231b.shp,date,0,253,C:/Users/owner/Dropbox/Wzone/tmp/tmp2004/shp550_20041231b.shp,date,0,253,C:/Users/owner/Dropbox/Wzone/tmp/tmp2004/shp562_20041231b.shp,date,0,253,C:/Users/owner/Dropbox/Wzone/tmp/tmp2004/shp623_20041231b.shp,date,0,253,C:/Users/owner/Dropbox/Wzone/tmp/tmp2004/shp624_20041231b.shp,date,0,253,C:/Users/owner/Dropbox/Wzone/tmp/tmp2004/shp657_20041231b.shp,date,0,253,C:/Users/owner/Dropbox/Wzone/tmp/tmp2004/shp658_20041231b.shp,date,0,253,C:/Users/owner/Dropbox/Wzone/tmp/tmp2004/shp659_20041231b.shp,date,0,253,C:/Users/owner/Dropbox/Wzone/tmp/tmp2004/shp665_20041231b.shp,date,0,253,C:/Users/owner/Dropbox/Wzone/tmp/tmp2004/shp666_20041231b.shp,date,0,253,C:/Users/owner/Dropbox/Wzone/tmp/tmp2004/shp688_20041231b.shp,date,0,253,C:/Users/owner/Dropbox/Wzone/tmp/tmp2004/shp689_20041231b.shp,date,0,253,C:/Users/owner/Dropbox/Wzone/tmp/tmp2004/shp709_20041231b.shp,date,0,253,C:/Users/owner/Dropbox/Wzone/tmp/tmp2004/shp719_20041231b.shp,date,0,253,C:/Users/owner/Dropbox/Wzone/tmp/tmp2004/shp735_20041231b.shp,date,0,253,C:/Users/owner/Dropbox/Wzone/tmp/tmp2004/shp739_20041231b.shp,date,0,253,C:/Users/owner/Dropbox/Wzone/tmp/tmp2004/shp763_20041231b.shp,date,0,253,C:/Users/owner/Dropbox/Wzone/tmp/tmp2004/shp768_20041231b.shp,date,0,253,C:/Users/owner/Dropbox/Wzone/tmp/tmp2004/shp781_20041231b.shp,date,0,253,C:/Users/owner/Dropbox/Wzone/tmp/tmp2004/shp792_20041231b.shp,date,0,253,C:/Users/owner/Dropbox/Wzone/tmp/tmp2004/shp793_20041231b.shp,date,0,253,C:/Users/owner/Dropbox/Wzone/tmp/tmp2004/shp794_20041231b.shp,date,0,253,C:/Users/owner/Dropbox/Wzone/tmp/tmp2004/shp806_20041231b.shp,date,0,253,C:/Users/owner/Dropbox/Wzone/tmp/tmp2004/shp830_20041231b.shp,date,0,253,C:/Users/owner/Dropbox/Wzone/tmp/tmp2004/shp832_20041231b.shp,date,0,253,C:/Users/owner/Dropbox/Wzone/tmp/tmp2004/shp833_20041231b.shp,date,0,253,C:/Users/owner/Dropbox/Wzone/tmp/tmp2004/shp869_20041231b.shp,date,0,253,C:/Users/owner/Dropbox/Wzone/tmp/tmp2004/shp878_20041231b.shp,date,0,253,C:/Users/owner/Dropbox/Wzone/tmp/tmp2004/shp885_20041231b.shp,date,0,253,C:/Users/owner/Dropbox/Wzone/tmp/tmp2004/shp887_20041231b.shp,date,0,253,C:/Users/owner/Dropbox/Wzone/tmp/tmp2004/shp888_20041231b.shp,date,0,253,C:/Users/owner/Dropbox/Wzone/tmp/tmp2004/shp894_20041231b.shp,date,0,253,C:/Users/owner/Dropbox/Wzone/tmp/tmp2004/shp913_20041231b.shp,date,0,253,C:/Users/owner/Dropbox/Wzone/tmp/tmp2004/shp914_20041231b.shp,date,0,253,C:/Users/owner/Dropbox/Wzone/tmp/tmp2004/shp915_20041231b.shp,date,0,253,C:/Users/owner/Dropbox/Wzone/tmp/tmp2004/shp924_20041231b.shp,date,0,253,C:/Users/owner/Dropbox/Wzone/tmp/tmp2004/shp928_20041231b.shp,date,0,253,C:/Users/owner/Dropbox/Wzone/tmp/tmp2004/shp930_20041231b.shp,date,0,253,C:/Users/owner/Dropbox/Wzone/tmp/tmp2004/shp931_20041231b.shp,date,0,253,C:/Users/owner/Dropbox/Wzone/tmp/tmp2004/shp934_20041231b.shp,date,0,253,C:/Users/owner/Dropbox/Wzone/tmp/tmp2004/shp935_20041231b.shp,date,0,253,C:/Users/owner/Dropbox/Wzone/tmp/tmp2004/shp936_20041231b.shp,date,0,253,C:/Users/owner/Dropbox/Wzone/tmp/tmp2004/shp941_20041231b.shp,date,0,253,C:/Users/owner/Dropbox/Wzone/tmp/tmp2004/shp942_20041231b.shp,date,0,253,C:/Users/owner/Dropbox/Wzone/tmp/tmp2004/shp947_20041231b.shp,date,0,253,C:/Users/owner/Dropbox/Wzone/tmp/tmp2004/shp948_20041231b.shp,date,0,253,C:/Users/owner/Dropbox/Wzone/tmp/tmp2004/shp950_20041231b.shp,date,0,253,C:/Users/owner/Dropbox/Wzone/tmp/tmp2004/shp951_20041231b.shp,date,0,253,C:/Users/owner/Dropbox/Wzone/tmp/tmp2004/shp954_20041231b.shp,date,0,253,C:/Users/owner/Dropbox/Wzone/tmp/tmp2004/shp955_20041231b.shp,date,0,253,C:/Users/owner/Dropbox/Wzone/tmp/tmp2004/shp956_20041231b.shp,date,0,253,C:/Users/owner/Dropbox/Wzone/tmp/tmp2004/shp957_20041231b.shp,date,0,253,C:/Users/owner/Dropbox/Wzone/tmp/tmp2004/shp959_20041231b.shp,date,0,253,C:/Users/owner/Dropbox/Wzone/tmp/tmp2004/shp960_20041231b.shp,date,0,253,C:/Users/owner/Dropbox/Wzone/tmp/tmp2004/shp962_20041231b.shp,date,0,253,C:/Users/owner/Dropbox/Wzone/tmp/tmp2004/shp963_20041231b.shp,date,0,253,C:/Users/owner/Dropbox/Wzone/tmp/tmp2004/shp967_20041231b.shp,date,0,253,C:/Users/owner/Dropbox/Wzone/tmp/tmp2004/shp968_20041231b.shp,date,0,253,C:/Users/owner/Dropbox/Wzone/tmp/tmp2004/shp969_20041231b.shp,date,0,253,C:/Users/owner/Dropbox/Wzone/tmp/tmp2004/shp970_20041231b.shp,date,0,253,C:/Users/owner/Dropbox/Wzone/tmp/tmp2004/shp972_20041231b.shp,date,0,253,C:/Users/owner/Dropbox/Wzone/tmp/tmp2004/shp974_20041231b.shp,date,0,253,C:/Users/owner/Dropbox/Wzone/tmp/tmp2004/shp976_20041231b.shp,date,0,253,C:/Users/owner/Dropbox/Wzone/tmp/tmp2004/shp977_20041231b.shp,date,0,253,C:/Users/owner/Dropbox/Wzone/tmp/tmp2004/shp981_20041231b.shp,date,0,253,C:/Users/owner/Dropbox/Wzone/tmp/tmp2004/shp984_20041231b.shp,date,0,253,C:/Users/owner/Dropbox/Wzone/tmp/tmp2004/shp987_20041231b.shp,date,0,253,C:/Users/owner/Dropbox/Wzone/tmp/tmp2004/shp988_20041231b.shp,date,0,253,C:/Users/owner/Dropbox/Wzone/tmp/tmp2004/shp989_20041231b.shp,date,0,253,C:/Users/owner/Dropbox/Wzone/tmp/tmp2004/shp990_20041231b.shp,date,0,253,C:/Users/owner/Dropbox/Wzone/tmp/tmp2004/shp991_20041231b.shp,date,0,253,C:/Users/owner/Dropbox/Wzone/tmp/tmp2004/shp998_20041231b.shp,date,0,253,C:/Users/owner/Dropbox/Wzone/tmp/tmp2004/shp999_20041231b.shp,date,0,253,C:/Users/owner/Dropbox/Wzone/tmp/tmp2004/shp1007_20041231b.shp,date,0,253,C:/Users/owner/Dropbox/Wzone/tmp/tmp2004/shp1023_20041231b.shp,date,0,253,C:/Users/owner/Dropbox/Wzone/tmp/tmp2004/shp1026_20041231b.shp,date,0,253,C:/Users/owner/Dropbox/Wzone/tmp/tmp2004/shp1036_20041231b.shp,date,0,253,C:/Users/owner/Dropbox/Wzone/tmp/tmp2004/shp1040_20041231b.shp,date,0,253,C:/Users/owner/Dropbox/Wzone/tmp/tmp2004/shp1053_20041231b.shp,date,0,253,C:/Users/owner/Dropbox/Wzone/tmp/tmp2004/shp1072_20041231b.shp,date,0,253,C:/Users/owner/Dropbox/Wzone/tmp/tmp2004/shp1073_20041231b.shp,date,0,253,C:/Users/owner/Dropbox/Wzone/tmp/tmp2004/shp1077_20041231b.shp,date,0,253,C:/Users/owner/Dropbox/Wzone/tmp/tmp2004/shp1091_20041231b.shp,date,0,253,C:/Users/owner/Dropbox/Wzone/tmp/tmp2004/shp1108_20041231b.shp,date,0,253,C:/Users/owner/Dropbox/Wzone/tmp/tmp2004/shp1167_20041231b.shp,date,0,253,C:/Users/owner/Dropbox/Wzone/tmp/tmp2004/shp1176_20041231b.shp,date,0,253,C:/Users/owner/Dropbox/Wzone/tmp/tmp2004/shp1204_20041231b.shp,date,0,253,C:/Users/owner/Dropbox/Wzone/tmp/tmp2004/shp5188_20041231b.shp,date,0,253,C:/Users/owner/Dropbox/Wzone/tmp/tmp2004/shp5196_20041231b.shp,date,0,253,C:/Users/owner/Dropbox/Wzone/tmp/tmp2004/shp5201_20041231b.shp,date,0,253,C:/Users/owner/Dropbox/Wzone/tmp/tmp2004/shp5202_20041231b.shp,date,0,253,C:/Users/owner/Dropbox/Wzone/tmp/tmp2004/shp5222_20041231b.shp,date,0,253,C:/Users/owner/Dropbox/Wzone/tmp/tmp2004/shp5223_20041231b.shp,date,0,253,C:/Users/owner/Dropbox/Wzone/tmp/tmp2004/shp5278_20041231b.shp,date,0,253,C:/Users/owner/Dropbox/Wzone/tmp/tmp2004/shp5282_20041231b.shp,date,0,253,C:/Users/owner/Dropbox/Wzone/tmp/tmp2004/shp5289_20041231b.shp,date,0,253,C:/Users/owner/Dropbox/Wzone/tmp/tmp2004/shp5293_20041231b.shp,date,0,253,C:/Users/owner/Dropbox/Wzone/tmp/tmp2004/shp5305_20041231b.shp,date,0,253,C:/Users/owner/Dropbox/Wzone/tmp/tmp2004/shp5306_20041231b.shp,date,0,253,C:/Users/owner/Dropbox/Wzone/tmp/tmp2004/shp5314_20041231b.shp,date,0,253,C:/Users/owner/Dropbox/Wzone/tmp/tmp2004/shp5324_20041231b.shp,date,0,253,C:/Users/owner/Dropbox/Wzone/tmp/tmp2004/shp5349_20041231b.shp,date,0,253,C:/Users/owner/Dropbox/Wzone/tmp/tmp2004/shp5505_20041231b.shp,date,0,253,C:/Users/owner/Dropbox/Wzone/tmp/tmp2004/shp5512_20041231b.shp,date,0,253,C:/Users/owner/Dropbox/Wzone/tmp/tmp2004/shp5534_20041231b.shp,date,0,253,C:/Users/owner/Dropbox/Wzone/tmp/tmp2004/shp5570_20041231b.shp,date,0,253,C:/Users/owner/Dropbox/Wzone/tmp/tmp2004/shp10264_20041231b.shp,date,0,253,C:/Users/owner/Dropbox/Wzone/tmp/tmp2004/shp10985_20041231b.shp,date,0,253,C:/Users/owner/Dropbox/Wzone/tmp/tmp2004/shp11123_20041231b.shp,date,0,253,C:/Users/owner/Dropbox/Wzone/tmp/tmp2004/shp11433_20041231b.shp,date,0,253,C:/Users/owner/Dropbox/Wzone/tmp/tmp2004/shp11932_20041231b.shp,date,0,253,C:/Users/owner/Dropbox/Wzone/tmp/tmp2004/shp12102_20041231b.shp,date,0,253,C:/Users/owner/Dropbox/Wzone/tmp/tmp2004/shp13869_20041231b.shp,date,0,253,C:/Users/owner/Dropbox/Wzone/tmp/tmp2004/shp14273_20041231b.shp,date,0,253,C:/Users/owner/Dropbox/Wzone/tmp/tmp2004/shp15558_20041231b.shp,date,0,253" NO_SOURCE_INFO</Process><Process ToolSource="c:\program files\arcgis\pro\Resources\ArcToolbox\toolboxes\Data Management Tools.tbx\DefineProjection" Date="20240715" Time="153533">DefineProjection C:/Users/owner/Dropbox/Wzone/out/wzone_shp/2004/2004_12_31.shp GEOGCS["GCS_WGS_1984",DATUM["D_WGS_1984",SPHEROID["WGS_1984",6378137.0,298.257223563]],PRIMEM["Greenwich",0.0],UNIT["Degree",0.0174532925199433]]</Process></lineage></DataProperties><SyncDate>20240715</SyncDate><SyncTime>15353100</SyncTime><ModDate>20240715</ModDate><ModTime>15353100</ModTime></Esri><dataIdInfo><envirDesc Sync="TRUE">Microsoft Windows 10 Version 10.0 (Build 19045) ; Esri ArcGIS 13.2.2.49743</envirDesc><dataLang><languageCode value="eng" Sync="TRUE"></languageCode><countryCode value="USA" Sync="TRUE"></countryCode></dataLang><idCitation><resTitle Sync="TRUE">2004_12_31</resTitle><presForm><PresFormCd value="005" Sync="TRUE"></PresFormCd></presForm></idCitation><spatRpType><SpatRepTypCd value="001" Sync="TRUE"></SpatRepTypCd></spatRpType></dataIdInfo><mdLang><languageCode value="eng" Sync="TRUE"></languageCode><countryCode value="USA" Sync="TRUE"></countryCode></mdLang><mdChar><CharSetCd value="004" Sync="TRUE"></CharSetCd></mdChar><distInfo><distFormat><formatName Sync="TRUE">Shapefile</formatName></distFormat><distTranOps><transSize Sync="TRUE">0.000</transSize></distTranOps></distInfo><mdHrLv><ScopeCd value="005" Sync="TRUE"></ScopeCd></mdHrLv><mdHrLvName Sync="TRUE">dataset</mdHrLvName><spatRepInfo><VectSpatRep><geometObjs Name="2004_12_31"><geoObjTyp><GeoObjTypCd value="002" Sync="TRUE"></GeoObjTypCd></geoObjTyp><geoObjCnt Sync="TRUE">0</geoObjCnt></geometObjs><topLvl><TopoLevCd value="001" Sync="TRUE"></TopoLevCd></topLvl></VectSpatRep></spatRepInfo><spdoinfo><ptvctinf><esriterm Name="2004_12_31"><efeatyp Sync="TRUE">Simple</efeatyp><efeageom code="4" Sync="TRUE"></efeageom><esritopo Sync="TRUE">FALSE</esritopo><efeacnt Sync="TRUE">0</efeacnt><spindex Sync="TRUE">FALSE</spindex><linrefer Sync="TRUE">FALSE</linrefer></esriterm></ptvctinf></spdoinfo><eainfo><detailed Name="2004_12_31"><enttyp><enttypl Sync="TRUE">2004_12_31</enttypl><enttypt Sync="TRUE">Feature Class</enttypt><enttypc Sync="TRUE">0</enttypc></enttyp><attr><attrlabl Sync="TRUE">FID</attrlabl><attalias Sync="TRUE">FID</attalias><attrtype Sync="TRUE">OID</attrtype><attwidth Sync="TRUE">4</attwidth><atprecis Sync="TRUE">0</atprecis><attscale Sync="TRUE">0</attscale><attrdef Sync="TRUE">Internal feature number.</attrdef><attrdefs Sync="TRUE">Esri</attrdefs><attrdomv><udom Sync="TRUE">Sequential unique whole numbers that are automatically generated.</udom></attrdomv></attr><attr><attrlabl Sync="TRUE">Shape</attrlabl><attalias Sync="TRUE">Shape</attalias><attrtype Sync="TRUE">Geometry</attrtype><attwidth Sync="TRUE">0</attwidth><atprecis Sync="TRUE">0</atprecis><attscale Sync="TRUE">0</attscale><attrdef Sync="TRUE">Feature geometry.</attrdef><attrdefs Sync="TRUE">Esri</attrdefs><attrdomv><udom Sync="TRUE">Coordinates defining the features.</udom></attrdomv></attr><attr><attrlabl Sync="TRUE">dyad_id</attrlabl><attalias Sync="TRUE">dyad_id</attalias><attrtype Sync="TRUE">Integer</attrtype><attwidth Sync="TRUE">5</attwidth><atprecis Sync="TRUE">5</atprecis><attscale Sync="TRUE">0</attscale></attr><attr><attrlabl Sync="TRUE">conf_id</attrlabl><attalias Sync="TRUE">conf_id</attalias><attrtype Sync="TRUE">Integer</attrtype><attwidth Sync="TRUE">5</attwidth><atprecis Sync="TRUE">5</atprecis><attscale Sync="TRUE">0</attscale></attr><attr><attrlabl Sync="TRUE">date</attrlabl><attalias Sync="TRUE">date</attalias><attrtype Sync="TRUE">String</attrtype><attwidth Sync="TRUE">254</attwidth><atprecis Sync="TRUE">0</atprecis><attscale Sync="TRUE">0</attscale></attr></detailed></eainfo><mdDateSt Sync="TRUE">20240715</mdDateSt></metadata>
