<?xml version="1.0" encoding="UTF-8"?>
<metadata xml:lang="en"><Esri><CreaDate>20240715</CreaDate><CreaTime>22025300</CreaTime><ArcGISFormat>1.0</ArcGISFormat><SyncOnce>FALSE</SyncOnce><DataProperties><itemProps><itemName Sync="TRUE">2005_12_31</itemName><imsContentType Sync="TRUE">002</imsContentType><itemSize Sync="TRUE">0.000</itemSize><itemLocation><linkage Sync="TRUE">file://\\DESKTOP-48J08HF\C$\Users\owner\Dropbox\Wzone\out\wzone_shp\2005\2005_12_31.shp</linkage><protocol Sync="TRUE">Local Area Network</protocol></itemLocation></itemProps><lineage><Process ToolSource="c:\program files\arcgis\pro\Resources\ArcToolbox\toolboxes\Analysis Tools.tbx\Select" Date="20240715" Time="220253">Select in_memory/shp2005411_20051231a C:\Users\owner\Dropbox\Wzone\tmp\tmp2005\shp411_20051231b.shp ""gridcode" &gt; 0"</Process><Process ToolSource="c:\program files\arcgis\pro\Resources\ArcToolbox\toolboxes\Data Management Tools.tbx\AddField" Date="20240715" Time="220254">AddField C:/Users/owner/Dropbox/Wzone/tmp/tmp2005/shp411_20051231b.shp dyad_id "Short (16-bit integer)" # # # # NULLABLE NON_REQUIRED #</Process><Process ToolSource="c:\program files\arcgis\pro\Resources\ArcToolbox\toolboxes\Data Management Tools.tbx\AddField" Date="20240715" Time="220254">AddField C:/Users/owner/Dropbox/Wzone/tmp/tmp2005/shp411_20051231b.shp conf_id "Short (16-bit integer)" # # # # NULLABLE NON_REQUIRED #</Process><Process ToolSource="c:\program files\arcgis\pro\Resources\ArcToolbox\toolboxes\Data Management Tools.tbx\AddField" Date="20240715" Time="220254">AddField C:/Users/owner/Dropbox/Wzone/tmp/tmp2005/shp411_20051231b.shp date Text # # # # NULLABLE NON_REQUIRED #</Process><Process ToolSource="c:\program files\arcgis\pro\Resources\ArcToolbox\toolboxes\Data Management Tools.tbx\DeleteField" Date="20240715" Time="220254">DeleteField C:/Users/owner/Dropbox/Wzone/tmp/tmp2005/shp411_20051231b.shp Id "Delete Fields"</Process><Process ToolSource="c:\program files\arcgis\pro\Resources\ArcToolbox\toolboxes\Data Management Tools.tbx\DeleteField" Date="20240715" Time="220254">DeleteField C:/Users/owner/Dropbox/Wzone/tmp/tmp2005/shp411_20051231b.shp gridcode "Delete Fields"</Process><Process ToolSource="c:\program files\arcgis\pro\Resources\ArcToolbox\toolboxes\Data Management Tools.tbx\Merge" Date="20240715" Time="220548">Merge C:/Users/owner/Dropbox/Wzone/tmp/tmp2005/shp411_20051231b.shp;C:/Users/owner/Dropbox/Wzone/tmp/tmp2005/shp422_20051231b.shp;C:/Users/owner/Dropbox/Wzone/tmp/tmp2005/shp428_20051231b.shp;C:/Users/owner/Dropbox/Wzone/tmp/tmp2005/shp453_20051231b.shp;C:/Users/owner/Dropbox/Wzone/tmp/tmp2005/shp461_20051231b.shp;C:/Users/owner/Dropbox/Wzone/tmp/tmp2005/shp474_20051231b.shp;C:/Users/owner/Dropbox/Wzone/tmp/tmp2005/shp477_20051231b.shp;C:/Users/owner/Dropbox/Wzone/tmp/tmp2005/shp478_20051231b.shp;C:/Users/owner/Dropbox/Wzone/tmp/tmp2005/shp508_20051231b.shp;C:/Users/owner/Dropbox/Wzone/tmp/tmp2005/shp511_20051231b.shp;C:/Users/owner/Dropbox/Wzone/tmp/tmp2005/shp523_20051231b.shp;C:/Users/owner/Dropbox/Wzone/tmp/tmp2005/shp524_20051231b.shp;C:/Users/owner/Dropbox/Wzone/tmp/tmp2005/shp525_20051231b.shp;C:/Users/owner/Dropbox/Wzone/tmp/tmp2005/shp550_20051231b.shp;C:/Users/owner/Dropbox/Wzone/tmp/tmp2005/shp562_20051231b.shp;C:/Users/owner/Dropbox/Wzone/tmp/tmp2005/shp617_20051231b.shp;C:/Users/owner/Dropbox/Wzone/tmp/tmp2005/shp623_20051231b.shp;C:/Users/owner/Dropbox/Wzone/tmp/tmp2005/shp624_20051231b.shp;C:/Users/owner/Dropbox/Wzone/tmp/tmp2005/shp657_20051231b.shp;C:/Users/owner/Dropbox/Wzone/tmp/tmp2005/shp658_20051231b.shp;C:/Users/owner/Dropbox/Wzone/tmp/tmp2005/shp665_20051231b.shp;C:/Users/owner/Dropbox/Wzone/tmp/tmp2005/shp666_20051231b.shp;C:/Users/owner/Dropbox/Wzone/tmp/tmp2005/shp688_20051231b.shp;C:/Users/owner/Dropbox/Wzone/tmp/tmp2005/shp689_20051231b.shp;C:/Users/owner/Dropbox/Wzone/tmp/tmp2005/shp709_20051231b.shp;C:/Users/owner/Dropbox/Wzone/tmp/tmp2005/shp719_20051231b.shp;C:/Users/owner/Dropbox/Wzone/tmp/tmp2005/shp735_20051231b.shp;C:/Users/owner/Dropbox/Wzone/tmp/tmp2005/shp754_20051231b.shp;C:/Users/owner/Dropbox/Wzone/tmp/tmp2005/shp755_20051231b.shp;C:/Users/owner/Dropbox/Wzone/tmp/tmp2005/shp763_20051231b.shp;C:/Users/owner/Dropbox/Wzone/tmp/tmp2005/shp768_20051231b.shp;C:/Users/owner/Dropbox/Wzone/tmp/tmp2005/shp770_20051231b.shp;C:/Users/owner/Dropbox/Wzone/tmp/tmp2005/shp781_20051231b.shp;C:/Users/owner/Dropbox/Wzone/tmp/tmp2005/shp792_20051231b.shp;C:/Users/owner/Dropbox/Wzone/tmp/tmp2005/shp793_20051231b.shp;C:/Users/owner/Dropbox/Wzone/tmp/tmp2005/shp806_20051231b.shp;C:/Users/owner/Dropbox/Wzone/tmp/tmp2005/shp830_20051231b.shp;C:/Users/owner/Dropbox/Wzone/tmp/tmp2005/shp832_20051231b.shp;C:/Users/owner/Dropbox/Wzone/tmp/tmp2005/shp833_20051231b.shp;C:/Users/owner/Dropbox/Wzone/tmp/tmp2005/shp869_20051231b.shp;C:/Users/owner/Dropbox/Wzone/tmp/tmp2005/shp878_20051231b.shp;C:/Users/owner/Dropbox/Wzone/tmp/tmp2005/shp885_20051231b.shp;C:/Users/owner/Dropbox/Wzone/tmp/tmp2005/shp887_20051231b.shp;C:/Users/owner/Dropbox/Wzone/tmp/tmp2005/shp888_20051231b.shp;C:/Users/owner/Dropbox/Wzone/tmp/tmp2005/shp894_20051231b.shp;C:/Users/owner/Dropbox/Wzone/tmp/tmp2005/shp908_20051231b.shp;C:/Users/owner/Dropbox/Wzone/tmp/tmp2005/shp913_20051231b.shp;C:/Users/owner/Dropbox/Wzone/tmp/tmp2005/shp914_20051231b.shp;C:/Users/owner/Dropbox/Wzone/tmp/tmp2005/shp915_20051231b.shp;C:/Users/owner/Dropbox/Wzone/tmp/tmp2005/shp924_20051231b.shp;C:/Users/owner/Dropbox/Wzone/tmp/tmp2005/shp928_20051231b.shp;C:/Users/owner/Dropbox/Wzone/tmp/tmp2005/shp930_20051231b.shp;C:/Users/owner/Dropbox/Wzone/tmp/tmp2005/shp931_20051231b.shp;C:/Users/owner/Dropbox/Wzone/tmp/tmp2005/shp934_20051231b.shp;C:/Users/owner/Dropbox/Wzone/tmp/tmp2005/shp935_20051231b.shp;C:/Users/owner/Dropbox/Wzone/tmp/tmp2005/shp936_20051231b.shp;C:/Users/owner/Dropbox/Wzone/tmp/tmp2005/shp941_20051231b.shp;C:/Users/owner/Dropbox/Wzone/tmp/tmp2005/shp942_20051231b.shp;C:/Users/owner/Dropbox/Wzone/tmp/tmp2005/shp947_20051231b.shp;C:/Users/owner/Dropbox/Wzone/tmp/tmp2005/shp948_20051231b.shp;C:/Users/owner/Dropbox/Wzone/tmp/tmp2005/shp949_20051231b.shp;C:/Users/owner/Dropbox/Wzone/tmp/tmp2005/shp950_20051231b.shp;C:/Users/owner/Dropbox/Wzone/tmp/tmp2005/shp951_20051231b.shp;C:/Users/owner/Dropbox/Wzone/tmp/tmp2005/shp954_20051231b.shp;C:/Users/owner/Dropbox/Wzone/tmp/tmp2005/shp955_20051231b.shp;C:/Users/owner/Dropbox/Wzone/tmp/tmp2005/shp956_20051231b.shp;C:/Users/owner/Dropbox/Wzone/tmp/tmp2005/shp957_20051231b.shp;C:/Users/owner/Dropbox/Wzone/tmp/tmp2005/shp959_20051231b.shp;C:/Users/owner/Dropbox/Wzone/tmp/tmp2005/shp960_20051231b.shp;C:/Users/owner/Dropbox/Wzone/tmp/tmp2005/shp962_20051231b.shp;C:/Users/owner/Dropbox/Wzone/tmp/tmp2005/shp963_20051231b.shp;C:/Users/owner/Dropbox/Wzone/tmp/tmp2005/shp966_20051231b.shp;C:/Users/owner/Dropbox/Wzone/tmp/tmp2005/shp967_20051231b.shp;C:/Users/owner/Dropbox/Wzone/tmp/tmp2005/shp970_20051231b.shp;C:/Users/owner/Dropbox/Wzone/tmp/tmp2005/shp972_20051231b.shp;C:/Users/owner/Dropbox/Wzone/tmp/tmp2005/shp973_20051231b.shp;C:/Users/owner/Dropbox/Wzone/tmp/tmp2005/shp974_20051231b.shp;C:/Users/owner/Dropbox/Wzone/tmp/tmp2005/shp976_20051231b.shp;C:/Users/owner/Dropbox/Wzone/tmp/tmp2005/shp977_20051231b.shp;C:/Users/owner/Dropbox/Wzone/tmp/tmp2005/shp980_20051231b.shp;C:/Users/owner/Dropbox/Wzone/tmp/tmp2005/shp981_20051231b.shp;C:/Users/owner/Dropbox/Wzone/tmp/tmp2005/shp984_20051231b.shp;C:/Users/owner/Dropbox/Wzone/tmp/tmp2005/shp987_20051231b.shp;C:/Users/owner/Dropbox/Wzone/tmp/tmp2005/shp988_20051231b.shp;C:/Users/owner/Dropbox/Wzone/tmp/tmp2005/shp989_20051231b.shp;C:/Users/owner/Dropbox/Wzone/tmp/tmp2005/shp990_20051231b.shp;C:/Users/owner/Dropbox/Wzone/tmp/tmp2005/shp998_20051231b.shp;C:/Users/owner/Dropbox/Wzone/tmp/tmp2005/shp999_20051231b.shp;C:/Users/owner/Dropbox/Wzone/tmp/tmp2005/shp1007_20051231b.shp;C:/Users/owner/Dropbox/Wzone/tmp/tmp2005/shp1023_20051231b.shp;C:/Users/owner/Dropbox/Wzone/tmp/tmp2005/shp1026_20051231b.shp;C:/Users/owner/Dropbox/Wzone/tmp/tmp2005/shp1036_20051231b.shp;C:/Users/owner/Dropbox/Wzone/tmp/tmp2005/shp1040_20051231b.shp;C:/Users/owner/Dropbox/Wzone/tmp/tmp2005/shp1053_20051231b.shp;C:/Users/owner/Dropbox/Wzone/tmp/tmp2005/shp1072_20051231b.shp;C:/Users/owner/Dropbox/Wzone/tmp/tmp2005/shp1073_20051231b.shp;C:/Users/owner/Dropbox/Wzone/tmp/tmp2005/shp1077_20051231b.shp;C:/Users/owner/Dropbox/Wzone/tmp/tmp2005/shp1082_20051231b.shp;C:/Users/owner/Dropbox/Wzone/tmp/tmp2005/shp1091_20051231b.shp;C:/Users/owner/Dropbox/Wzone/tmp/tmp2005/shp1108_20051231b.shp;C:/Users/owner/Dropbox/Wzone/tmp/tmp2005/shp1167_20051231b.shp;C:/Users/owner/Dropbox/Wzone/tmp/tmp2005/shp1176_20051231b.shp;C:/Users/owner/Dropbox/Wzone/tmp/tmp2005/shp1204_20051231b.shp;C:/Users/owner/Dropbox/Wzone/tmp/tmp2005/shp5188_20051231b.shp;C:/Users/owner/Dropbox/Wzone/tmp/tmp2005/shp5196_20051231b.shp;C:/Users/owner/Dropbox/Wzone/tmp/tmp2005/shp5201_20051231b.shp;C:/Users/owner/Dropbox/Wzone/tmp/tmp2005/shp5202_20051231b.shp;C:/Users/owner/Dropbox/Wzone/tmp/tmp2005/shp5222_20051231b.shp;C:/Users/owner/Dropbox/Wzone/tmp/tmp2005/shp5223_20051231b.shp;C:/Users/owner/Dropbox/Wzone/tmp/tmp2005/shp5278_20051231b.shp;C:/Users/owner/Dropbox/Wzone/tmp/tmp2005/shp5282_20051231b.shp;C:/Users/owner/Dropbox/Wzone/tmp/tmp2005/shp5289_20051231b.shp;C:/Users/owner/Dropbox/Wzone/tmp/tmp2005/shp5293_20051231b.shp;C:/Users/owner/Dropbox/Wzone/tmp/tmp2005/shp5305_20051231b.shp;C:/Users/owner/Dropbox/Wzone/tmp/tmp2005/shp5306_20051231b.shp;C:/Users/owner/Dropbox/Wzone/tmp/tmp2005/shp5314_20051231b.shp;C:/Users/owner/Dropbox/Wzone/tmp/tmp2005/shp5324_20051231b.shp;C:/Users/owner/Dropbox/Wzone/tmp/tmp2005/shp5349_20051231b.shp;C:/Users/owner/Dropbox/Wzone/tmp/tmp2005/shp5505_20051231b.shp;C:/Users/owner/Dropbox/Wzone/tmp/tmp2005/shp5512_20051231b.shp;C:/Users/owner/Dropbox/Wzone/tmp/tmp2005/shp5534_20051231b.shp;C:/Users/owner/Dropbox/Wzone/tmp/tmp2005/shp5570_20051231b.shp;C:/Users/owner/Dropbox/Wzone/tmp/tmp2005/shp10264_20051231b.shp;C:/Users/owner/Dropbox/Wzone/tmp/tmp2005/shp10985_20051231b.shp;C:/Users/owner/Dropbox/Wzone/tmp/tmp2005/shp11123_20051231b.shp;C:/Users/owner/Dropbox/Wzone/tmp/tmp2005/shp11433_20051231b.shp;C:/Users/owner/Dropbox/Wzone/tmp/tmp2005/shp11932_20051231b.shp;C:/Users/owner/Dropbox/Wzone/tmp/tmp2005/shp11991_20051231b.shp;C:/Users/owner/Dropbox/Wzone/tmp/tmp2005/shp12102_20051231b.shp;C:/Users/owner/Dropbox/Wzone/tmp/tmp2005/shp14273_20051231b.shp;C:/Users/owner/Dropbox/Wzone/tmp/tmp2005/shp14353_20051231b.shp;C:/Users/owner/Dropbox/Wzone/tmp/tmp2005/shp15558_20051231b.shp C:\Users\owner\Dropbox\Wzone\out\wzone_shp\2005\2005_12_31.shp "dyad_id "dyad_id" true true false 5 Long 0 5,First,#,C:/Users/owner/Dropbox/Wzone/tmp/tmp2005/shp411_20051231b.shp,dyad_id,-1,-1,C:/Users/owner/Dropbox/Wzone/tmp/tmp2005/shp422_20051231b.shp,dyad_id,-1,-1,C:/Users/owner/Dropbox/Wzone/tmp/tmp2005/shp428_20051231b.shp,dyad_id,-1,-1,C:/Users/owner/Dropbox/Wzone/tmp/tmp2005/shp453_20051231b.shp,dyad_id,-1,-1,C:/Users/owner/Dropbox/Wzone/tmp/tmp2005/shp461_20051231b.shp,dyad_id,-1,-1,C:/Users/owner/Dropbox/Wzone/tmp/tmp2005/shp474_20051231b.shp,dyad_id,-1,-1,C:/Users/owner/Dropbox/Wzone/tmp/tmp2005/shp477_20051231b.shp,dyad_id,-1,-1,C:/Users/owner/Dropbox/Wzone/tmp/tmp2005/shp478_20051231b.shp,dyad_id,-1,-1,C:/Users/owner/Dropbox/Wzone/tmp/tmp2005/shp508_20051231b.shp,dyad_id,-1,-1,C:/Users/owner/Dropbox/Wzone/tmp/tmp2005/shp511_20051231b.shp,dyad_id,-1,-1,C:/Users/owner/Dropbox/Wzone/tmp/tmp2005/shp523_20051231b.shp,dyad_id,-1,-1,C:/Users/owner/Dropbox/Wzone/tmp/tmp2005/shp524_20051231b.shp,dyad_id,-1,-1,C:/Users/owner/Dropbox/Wzone/tmp/tmp2005/shp525_20051231b.shp,dyad_id,-1,-1,C:/Users/owner/Dropbox/Wzone/tmp/tmp2005/shp550_20051231b.shp,dyad_id,-1,-1,C:/Users/owner/Dropbox/Wzone/tmp/tmp2005/shp562_20051231b.shp,dyad_id,-1,-1,C:/Users/owner/Dropbox/Wzone/tmp/tmp2005/shp617_20051231b.shp,dyad_id,-1,-1,C:/Users/owner/Dropbox/Wzone/tmp/tmp2005/shp623_20051231b.shp,dyad_id,-1,-1,C:/Users/owner/Dropbox/Wzone/tmp/tmp2005/shp624_20051231b.shp,dyad_id,-1,-1,C:/Users/owner/Dropbox/Wzone/tmp/tmp2005/shp657_20051231b.shp,dyad_id,-1,-1,C:/Users/owner/Dropbox/Wzone/tmp/tmp2005/shp658_20051231b.shp,dyad_id,-1,-1,C:/Users/owner/Dropbox/Wzone/tmp/tmp2005/shp665_20051231b.shp,dyad_id,-1,-1,C:/Users/owner/Dropbox/Wzone/tmp/tmp2005/shp666_20051231b.shp,dyad_id,-1,-1,C:/Users/owner/Dropbox/Wzone/tmp/tmp2005/shp688_20051231b.shp,dyad_id,-1,-1,C:/Users/owner/Dropbox/Wzone/tmp/tmp2005/shp689_20051231b.shp,dyad_id,-1,-1,C:/Users/owner/Dropbox/Wzone/tmp/tmp2005/shp709_20051231b.shp,dyad_id,-1,-1,C:/Users/owner/Dropbox/Wzone/tmp/tmp2005/shp719_20051231b.shp,dyad_id,-1,-1,C:/Users/owner/Dropbox/Wzone/tmp/tmp2005/shp735_20051231b.shp,dyad_id,-1,-1,C:/Users/owner/Dropbox/Wzone/tmp/tmp2005/shp754_20051231b.shp,dyad_id,-1,-1,C:/Users/owner/Dropbox/Wzone/tmp/tmp2005/shp755_20051231b.shp,dyad_id,-1,-1,C:/Users/owner/Dropbox/Wzone/tmp/tmp2005/shp763_20051231b.shp,dyad_id,-1,-1,C:/Users/owner/Dropbox/Wzone/tmp/tmp2005/shp768_20051231b.shp,dyad_id,-1,-1,C:/Users/owner/Dropbox/Wzone/tmp/tmp2005/shp770_20051231b.shp,dyad_id,-1,-1,C:/Users/owner/Dropbox/Wzone/tmp/tmp2005/shp781_20051231b.shp,dyad_id,-1,-1,C:/Users/owner/Dropbox/Wzone/tmp/tmp2005/shp792_20051231b.shp,dyad_id,-1,-1,C:/Users/owner/Dropbox/Wzone/tmp/tmp2005/shp793_20051231b.shp,dyad_id,-1,-1,C:/Users/owner/Dropbox/Wzone/tmp/tmp2005/shp806_20051231b.shp,dyad_id,-1,-1,C:/Users/owner/Dropbox/Wzone/tmp/tmp2005/shp830_20051231b.shp,dyad_id,-1,-1,C:/Users/owner/Dropbox/Wzone/tmp/tmp2005/shp832_20051231b.shp,dyad_id,-1,-1,C:/Users/owner/Dropbox/Wzone/tmp/tmp2005/shp833_20051231b.shp,dyad_id,-1,-1,C:/Users/owner/Dropbox/Wzone/tmp/tmp2005/shp869_20051231b.shp,dyad_id,-1,-1,C:/Users/owner/Dropbox/Wzone/tmp/tmp2005/shp878_20051231b.shp,dyad_id,-1,-1,C:/Users/owner/Dropbox/Wzone/tmp/tmp2005/shp885_20051231b.shp,dyad_id,-1,-1,C:/Users/owner/Dropbox/Wzone/tmp/tmp2005/shp887_20051231b.shp,dyad_id,-1,-1,C:/Users/owner/Dropbox/Wzone/tmp/tmp2005/shp888_20051231b.shp,dyad_id,-1,-1,C:/Users/owner/Dropbox/Wzone/tmp/tmp2005/shp894_20051231b.shp,dyad_id,-1,-1,C:/Users/owner/Dropbox/Wzone/tmp/tmp2005/shp908_20051231b.shp,dyad_id,-1,-1,C:/Users/owner/Dropbox/Wzone/tmp/tmp2005/shp913_20051231b.shp,dyad_id,-1,-1,C:/Users/owner/Dropbox/Wzone/tmp/tmp2005/shp914_20051231b.shp,dyad_id,-1,-1,C:/Users/owner/Dropbox/Wzone/tmp/tmp2005/shp915_20051231b.shp,dyad_id,-1,-1,C:/Users/owner/Dropbox/Wzone/tmp/tmp2005/shp924_20051231b.shp,dyad_id,-1,-1,C:/Users/owner/Dropbox/Wzone/tmp/tmp2005/shp928_20051231b.shp,dyad_id,-1,-1,C:/Users/owner/Dropbox/Wzone/tmp/tmp2005/shp930_20051231b.shp,dyad_id,-1,-1,C:/Users/owner/Dropbox/Wzone/tmp/tmp2005/shp931_20051231b.shp,dyad_id,-1,-1,C:/Users/owner/Dropbox/Wzone/tmp/tmp2005/shp934_20051231b.shp,dyad_id,-1,-1,C:/Users/owner/Dropbox/Wzone/tmp/tmp2005/shp935_20051231b.shp,dyad_id,-1,-1,C:/Users/owner/Dropbox/Wzone/tmp/tmp2005/shp936_20051231b.shp,dyad_id,-1,-1,C:/Users/owner/Dropbox/Wzone/tmp/tmp2005/shp941_20051231b.shp,dyad_id,-1,-1,C:/Users/owner/Dropbox/Wzone/tmp/tmp2005/shp942_20051231b.shp,dyad_id,-1,-1,C:/Users/owner/Dropbox/Wzone/tmp/tmp2005/shp947_20051231b.shp,dyad_id,-1,-1,C:/Users/owner/Dropbox/Wzone/tmp/tmp2005/shp948_20051231b.shp,dyad_id,-1,-1,C:/Users/owner/Dropbox/Wzone/tmp/tmp2005/shp949_20051231b.shp,dyad_id,-1,-1,C:/Users/owner/Dropbox/Wzone/tmp/tmp2005/shp950_20051231b.shp,dyad_id,-1,-1,C:/Users/owner/Dropbox/Wzone/tmp/tmp2005/shp951_20051231b.shp,dyad_id,-1,-1,C:/Users/owner/Dropbox/Wzone/tmp/tmp2005/shp954_20051231b.shp,dyad_id,-1,-1,C:/Users/owner/Dropbox/Wzone/tmp/tmp2005/shp955_20051231b.shp,dyad_id,-1,-1,C:/Users/owner/Dropbox/Wzone/tmp/tmp2005/shp956_20051231b.shp,dyad_id,-1,-1,C:/Users/owner/Dropbox/Wzone/tmp/tmp2005/shp957_20051231b.shp,dyad_id,-1,-1,C:/Users/owner/Dropbox/Wzone/tmp/tmp2005/shp959_20051231b.shp,dyad_id,-1,-1,C:/Users/owner/Dropbox/Wzone/tmp/tmp2005/shp960_20051231b.shp,dyad_id,-1,-1,C:/Users/owner/Dropbox/Wzone/tmp/tmp2005/shp962_20051231b.shp,dyad_id,-1,-1,C:/Users/owner/Dropbox/Wzone/tmp/tmp2005/shp963_20051231b.shp,dyad_id,-1,-1,C:/Users/owner/Dropbox/Wzone/tmp/tmp2005/shp966_20051231b.shp,dyad_id,-1,-1,C:/Users/owner/Dropbox/Wzone/tmp/tmp2005/shp967_20051231b.shp,dyad_id,-1,-1,C:/Users/owner/Dropbox/Wzone/tmp/tmp2005/shp970_20051231b.shp,dyad_id,-1,-1,C:/Users/owner/Dropbox/Wzone/tmp/tmp2005/shp972_20051231b.shp,dyad_id,-1,-1,C:/Users/owner/Dropbox/Wzone/tmp/tmp2005/shp973_20051231b.shp,dyad_id,-1,-1,C:/Users/owner/Dropbox/Wzone/tmp/tmp2005/shp974_20051231b.shp,dyad_id,-1,-1,C:/Users/owner/Dropbox/Wzone/tmp/tmp2005/shp976_20051231b.shp,dyad_id,-1,-1,C:/Users/owner/Dropbox/Wzone/tmp/tmp2005/shp977_20051231b.shp,dyad_id,-1,-1,C:/Users/owner/Dropbox/Wzone/tmp/tmp2005/shp980_20051231b.shp,dyad_id,-1,-1,C:/Users/owner/Dropbox/Wzone/tmp/tmp2005/shp981_20051231b.shp,dyad_id,-1,-1,C:/Users/owner/Dropbox/Wzone/tmp/tmp2005/shp984_20051231b.shp,dyad_id,-1,-1,C:/Users/owner/Dropbox/Wzone/tmp/tmp2005/shp987_20051231b.shp,dyad_id,-1,-1,C:/Users/owner/Dropbox/Wzone/tmp/tmp2005/shp988_20051231b.shp,dyad_id,-1,-1,C:/Users/owner/Dropbox/Wzone/tmp/tmp2005/shp989_20051231b.shp,dyad_id,-1,-1,C:/Users/owner/Dropbox/Wzone/tmp/tmp2005/shp990_20051231b.shp,dyad_id,-1,-1,C:/Users/owner/Dropbox/Wzone/tmp/tmp2005/shp998_20051231b.shp,dyad_id,-1,-1,C:/Users/owner/Dropbox/Wzone/tmp/tmp2005/shp999_20051231b.shp,dyad_id,-1,-1,C:/Users/owner/Dropbox/Wzone/tmp/tmp2005/shp1007_20051231b.shp,dyad_id,-1,-1,C:/Users/owner/Dropbox/Wzone/tmp/tmp2005/shp1023_20051231b.shp,dyad_id,-1,-1,C:/Users/owner/Dropbox/Wzone/tmp/tmp2005/shp1026_20051231b.shp,dyad_id,-1,-1,C:/Users/owner/Dropbox/Wzone/tmp/tmp2005/shp1036_20051231b.shp,dyad_id,-1,-1,C:/Users/owner/Dropbox/Wzone/tmp/tmp2005/shp1040_20051231b.shp,dyad_id,-1,-1,C:/Users/owner/Dropbox/Wzone/tmp/tmp2005/shp1053_20051231b.shp,dyad_id,-1,-1,C:/Users/owner/Dropbox/Wzone/tmp/tmp2005/shp1072_20051231b.shp,dyad_id,-1,-1,C:/Users/owner/Dropbox/Wzone/tmp/tmp2005/shp1073_20051231b.shp,dyad_id,-1,-1,C:/Users/owner/Dropbox/Wzone/tmp/tmp2005/shp1077_20051231b.shp,dyad_id,-1,-1,C:/Users/owner/Dropbox/Wzone/tmp/tmp2005/shp1082_20051231b.shp,dyad_id,-1,-1,C:/Users/owner/Dropbox/Wzone/tmp/tmp2005/shp1091_20051231b.shp,dyad_id,-1,-1,C:/Users/owner/Dropbox/Wzone/tmp/tmp2005/shp1108_20051231b.shp,dyad_id,-1,-1,C:/Users/owner/Dropbox/Wzone/tmp/tmp2005/shp1167_20051231b.shp,dyad_id,-1,-1,C:/Users/owner/Dropbox/Wzone/tmp/tmp2005/shp1176_20051231b.shp,dyad_id,-1,-1,C:/Users/owner/Dropbox/Wzone/tmp/tmp2005/shp1204_20051231b.shp,dyad_id,-1,-1,C:/Users/owner/Dropbox/Wzone/tmp/tmp2005/shp5188_20051231b.shp,dyad_id,-1,-1,C:/Users/owner/Dropbox/Wzone/tmp/tmp2005/shp5196_20051231b.shp,dyad_id,-1,-1,C:/Users/owner/Dropbox/Wzone/tmp/tmp2005/shp5201_20051231b.shp,dyad_id,-1,-1,C:/Users/owner/Dropbox/Wzone/tmp/tmp2005/shp5202_20051231b.shp,dyad_id,-1,-1,C:/Users/owner/Dropbox/Wzone/tmp/tmp2005/shp5222_20051231b.shp,dyad_id,-1,-1,C:/Users/owner/Dropbox/Wzone/tmp/tmp2005/shp5223_20051231b.shp,dyad_id,-1,-1,C:/Users/owner/Dropbox/Wzone/tmp/tmp2005/shp5278_20051231b.shp,dyad_id,-1,-1,C:/Users/owner/Dropbox/Wzone/tmp/tmp2005/shp5282_20051231b.shp,dyad_id,-1,-1,C:/Users/owner/Dropbox/Wzone/tmp/tmp2005/shp5289_20051231b.shp,dyad_id,-1,-1,C:/Users/owner/Dropbox/Wzone/tmp/tmp2005/shp5293_20051231b.shp,dyad_id,-1,-1,C:/Users/owner/Dropbox/Wzone/tmp/tmp2005/shp5305_20051231b.shp,dyad_id,-1,-1,C:/Users/owner/Dropbox/Wzone/tmp/tmp2005/shp5306_20051231b.shp,dyad_id,-1,-1,C:/Users/owner/Dropbox/Wzone/tmp/tmp2005/shp5314_20051231b.shp,dyad_id,-1,-1,C:/Users/owner/Dropbox/Wzone/tmp/tmp2005/shp5324_20051231b.shp,dyad_id,-1,-1,C:/Users/owner/Dropbox/Wzone/tmp/tmp2005/shp5349_20051231b.shp,dyad_id,-1,-1,C:/Users/owner/Dropbox/Wzone/tmp/tmp2005/shp5505_20051231b.shp,dyad_id,-1,-1,C:/Users/owner/Dropbox/Wzone/tmp/tmp2005/shp5512_20051231b.shp,dyad_id,-1,-1,C:/Users/owner/Dropbox/Wzone/tmp/tmp2005/shp5534_20051231b.shp,dyad_id,-1,-1,C:/Users/owner/Dropbox/Wzone/tmp/tmp2005/shp5570_20051231b.shp,dyad_id,-1,-1,C:/Users/owner/Dropbox/Wzone/tmp/tmp2005/shp10264_20051231b.shp,dyad_id,-1,-1,C:/Users/owner/Dropbox/Wzone/tmp/tmp2005/shp10985_20051231b.shp,dyad_id,-1,-1,C:/Users/owner/Dropbox/Wzone/tmp/tmp2005/shp11123_20051231b.shp,dyad_id,-1,-1,C:/Users/owner/Dropbox/Wzone/tmp/tmp2005/shp11433_20051231b.shp,dyad_id,-1,-1,C:/Users/owner/Dropbox/Wzone/tmp/tmp2005/shp11932_20051231b.shp,dyad_id,-1,-1,C:/Users/owner/Dropbox/Wzone/tmp/tmp2005/shp11991_20051231b.shp,dyad_id,-1,-1,C:/Users/owner/Dropbox/Wzone/tmp/tmp2005/shp12102_20051231b.shp,dyad_id,-1,-1,C:/Users/owner/Dropbox/Wzone/tmp/tmp2005/shp14273_20051231b.shp,dyad_id,-1,-1,C:/Users/owner/Dropbox/Wzone/tmp/tmp2005/shp14353_20051231b.shp,dyad_id,-1,-1,C:/Users/owner/Dropbox/Wzone/tmp/tmp2005/shp15558_20051231b.shp,dyad_id,-1,-1;conf_id "conf_id" true true false 5 Long 0 5,First,#,C:/Users/owner/Dropbox/Wzone/tmp/tmp2005/shp411_20051231b.shp,conf_id,-1,-1,C:/Users/owner/Dropbox/Wzone/tmp/tmp2005/shp422_20051231b.shp,conf_id,-1,-1,C:/Users/owner/Dropbox/Wzone/tmp/tmp2005/shp428_20051231b.shp,conf_id,-1,-1,C:/Users/owner/Dropbox/Wzone/tmp/tmp2005/shp453_20051231b.shp,conf_id,-1,-1,C:/Users/owner/Dropbox/Wzone/tmp/tmp2005/shp461_20051231b.shp,conf_id,-1,-1,C:/Users/owner/Dropbox/Wzone/tmp/tmp2005/shp474_20051231b.shp,conf_id,-1,-1,C:/Users/owner/Dropbox/Wzone/tmp/tmp2005/shp477_20051231b.shp,conf_id,-1,-1,C:/Users/owner/Dropbox/Wzone/tmp/tmp2005/shp478_20051231b.shp,conf_id,-1,-1,C:/Users/owner/Dropbox/Wzone/tmp/tmp2005/shp508_20051231b.shp,conf_id,-1,-1,C:/Users/owner/Dropbox/Wzone/tmp/tmp2005/shp511_20051231b.shp,conf_id,-1,-1,C:/Users/owner/Dropbox/Wzone/tmp/tmp2005/shp523_20051231b.shp,conf_id,-1,-1,C:/Users/owner/Dropbox/Wzone/tmp/tmp2005/shp524_20051231b.shp,conf_id,-1,-1,C:/Users/owner/Dropbox/Wzone/tmp/tmp2005/shp525_20051231b.shp,conf_id,-1,-1,C:/Users/owner/Dropbox/Wzone/tmp/tmp2005/shp550_20051231b.shp,conf_id,-1,-1,C:/Users/owner/Dropbox/Wzone/tmp/tmp2005/shp562_20051231b.shp,conf_id,-1,-1,C:/Users/owner/Dropbox/Wzone/tmp/tmp2005/shp617_20051231b.shp,conf_id,-1,-1,C:/Users/owner/Dropbox/Wzone/tmp/tmp2005/shp623_20051231b.shp,conf_id,-1,-1,C:/Users/owner/Dropbox/Wzone/tmp/tmp2005/shp624_20051231b.shp,conf_id,-1,-1,C:/Users/owner/Dropbox/Wzone/tmp/tmp2005/shp657_20051231b.shp,conf_id,-1,-1,C:/Users/owner/Dropbox/Wzone/tmp/tmp2005/shp658_20051231b.shp,conf_id,-1,-1,C:/Users/owner/Dropbox/Wzone/tmp/tmp2005/shp665_20051231b.shp,conf_id,-1,-1,C:/Users/owner/Dropbox/Wzone/tmp/tmp2005/shp666_20051231b.shp,conf_id,-1,-1,C:/Users/owner/Dropbox/Wzone/tmp/tmp2005/shp688_20051231b.shp,conf_id,-1,-1,C:/Users/owner/Dropbox/Wzone/tmp/tmp2005/shp689_20051231b.shp,conf_id,-1,-1,C:/Users/owner/Dropbox/Wzone/tmp/tmp2005/shp709_20051231b.shp,conf_id,-1,-1,C:/Users/owner/Dropbox/Wzone/tmp/tmp2005/shp719_20051231b.shp,conf_id,-1,-1,C:/Users/owner/Dropbox/Wzone/tmp/tmp2005/shp735_20051231b.shp,conf_id,-1,-1,C:/Users/owner/Dropbox/Wzone/tmp/tmp2005/shp754_20051231b.shp,conf_id,-1,-1,C:/Users/owner/Dropbox/Wzone/tmp/tmp2005/shp755_20051231b.shp,conf_id,-1,-1,C:/Users/owner/Dropbox/Wzone/tmp/tmp2005/shp763_20051231b.shp,conf_id,-1,-1,C:/Users/owner/Dropbox/Wzone/tmp/tmp2005/shp768_20051231b.shp,conf_id,-1,-1,C:/Users/owner/Dropbox/Wzone/tmp/tmp2005/shp770_20051231b.shp,conf_id,-1,-1,C:/Users/owner/Dropbox/Wzone/tmp/tmp2005/shp781_20051231b.shp,conf_id,-1,-1,C:/Users/owner/Dropbox/Wzone/tmp/tmp2005/shp792_20051231b.shp,conf_id,-1,-1,C:/Users/owner/Dropbox/Wzone/tmp/tmp2005/shp793_20051231b.shp,conf_id,-1,-1,C:/Users/owner/Dropbox/Wzone/tmp/tmp2005/shp806_20051231b.shp,conf_id,-1,-1,C:/Users/owner/Dropbox/Wzone/tmp/tmp2005/shp830_20051231b.shp,conf_id,-1,-1,C:/Users/owner/Dropbox/Wzone/tmp/tmp2005/shp832_20051231b.shp,conf_id,-1,-1,C:/Users/owner/Dropbox/Wzone/tmp/tmp2005/shp833_20051231b.shp,conf_id,-1,-1,C:/Users/owner/Dropbox/Wzone/tmp/tmp2005/shp869_20051231b.shp,conf_id,-1,-1,C:/Users/owner/Dropbox/Wzone/tmp/tmp2005/shp878_20051231b.shp,conf_id,-1,-1,C:/Users/owner/Dropbox/Wzone/tmp/tmp2005/shp885_20051231b.shp,conf_id,-1,-1,C:/Users/owner/Dropbox/Wzone/tmp/tmp2005/shp887_20051231b.shp,conf_id,-1,-1,C:/Users/owner/Dropbox/Wzone/tmp/tmp2005/shp888_20051231b.shp,conf_id,-1,-1,C:/Users/owner/Dropbox/Wzone/tmp/tmp2005/shp894_20051231b.shp,conf_id,-1,-1,C:/Users/owner/Dropbox/Wzone/tmp/tmp2005/shp908_20051231b.shp,conf_id,-1,-1,C:/Users/owner/Dropbox/Wzone/tmp/tmp2005/shp913_20051231b.shp,conf_id,-1,-1,C:/Users/owner/Dropbox/Wzone/tmp/tmp2005/shp914_20051231b.shp,conf_id,-1,-1,C:/Users/owner/Dropbox/Wzone/tmp/tmp2005/shp915_20051231b.shp,conf_id,-1,-1,C:/Users/owner/Dropbox/Wzone/tmp/tmp2005/shp924_20051231b.shp,conf_id,-1,-1,C:/Users/owner/Dropbox/Wzone/tmp/tmp2005/shp928_20051231b.shp,conf_id,-1,-1,C:/Users/owner/Dropbox/Wzone/tmp/tmp2005/shp930_20051231b.shp,conf_id,-1,-1,C:/Users/owner/Dropbox/Wzone/tmp/tmp2005/shp931_20051231b.shp,conf_id,-1,-1,C:/Users/owner/Dropbox/Wzone/tmp/tmp2005/shp934_20051231b.shp,conf_id,-1,-1,C:/Users/owner/Dropbox/Wzone/tmp/tmp2005/shp935_20051231b.shp,conf_id,-1,-1,C:/Users/owner/Dropbox/Wzone/tmp/tmp2005/shp936_20051231b.shp,conf_id,-1,-1,C:/Users/owner/Dropbox/Wzone/tmp/tmp2005/shp941_20051231b.shp,conf_id,-1,-1,C:/Users/owner/Dropbox/Wzone/tmp/tmp2005/shp942_20051231b.shp,conf_id,-1,-1,C:/Users/owner/Dropbox/Wzone/tmp/tmp2005/shp947_20051231b.shp,conf_id,-1,-1,C:/Users/owner/Dropbox/Wzone/tmp/tmp2005/shp948_20051231b.shp,conf_id,-1,-1,C:/Users/owner/Dropbox/Wzone/tmp/tmp2005/shp949_20051231b.shp,conf_id,-1,-1,C:/Users/owner/Dropbox/Wzone/tmp/tmp2005/shp950_20051231b.shp,conf_id,-1,-1,C:/Users/owner/Dropbox/Wzone/tmp/tmp2005/shp951_20051231b.shp,conf_id,-1,-1,C:/Users/owner/Dropbox/Wzone/tmp/tmp2005/shp954_20051231b.shp,conf_id,-1,-1,C:/Users/owner/Dropbox/Wzone/tmp/tmp2005/shp955_20051231b.shp,conf_id,-1,-1,C:/Users/owner/Dropbox/Wzone/tmp/tmp2005/shp956_20051231b.shp,conf_id,-1,-1,C:/Users/owner/Dropbox/Wzone/tmp/tmp2005/shp957_20051231b.shp,conf_id,-1,-1,C:/Users/owner/Dropbox/Wzone/tmp/tmp2005/shp959_20051231b.shp,conf_id,-1,-1,C:/Users/owner/Dropbox/Wzone/tmp/tmp2005/shp960_20051231b.shp,conf_id,-1,-1,C:/Users/owner/Dropbox/Wzone/tmp/tmp2005/shp962_20051231b.shp,conf_id,-1,-1,C:/Users/owner/Dropbox/Wzone/tmp/tmp2005/shp963_20051231b.shp,conf_id,-1,-1,C:/Users/owner/Dropbox/Wzone/tmp/tmp2005/shp966_20051231b.shp,conf_id,-1,-1,C:/Users/owner/Dropbox/Wzone/tmp/tmp2005/shp967_20051231b.shp,conf_id,-1,-1,C:/Users/owner/Dropbox/Wzone/tmp/tmp2005/shp970_20051231b.shp,conf_id,-1,-1,C:/Users/owner/Dropbox/Wzone/tmp/tmp2005/shp972_20051231b.shp,conf_id,-1,-1,C:/Users/owner/Dropbox/Wzone/tmp/tmp2005/shp973_20051231b.shp,conf_id,-1,-1,C:/Users/owner/Dropbox/Wzone/tmp/tmp2005/shp974_20051231b.shp,conf_id,-1,-1,C:/Users/owner/Dropbox/Wzone/tmp/tmp2005/shp976_20051231b.shp,conf_id,-1,-1,C:/Users/owner/Dropbox/Wzone/tmp/tmp2005/shp977_20051231b.shp,conf_id,-1,-1,C:/Users/owner/Dropbox/Wzone/tmp/tmp2005/shp980_20051231b.shp,conf_id,-1,-1,C:/Users/owner/Dropbox/Wzone/tmp/tmp2005/shp981_20051231b.shp,conf_id,-1,-1,C:/Users/owner/Dropbox/Wzone/tmp/tmp2005/shp984_20051231b.shp,conf_id,-1,-1,C:/Users/owner/Dropbox/Wzone/tmp/tmp2005/shp987_20051231b.shp,conf_id,-1,-1,C:/Users/owner/Dropbox/Wzone/tmp/tmp2005/shp988_20051231b.shp,conf_id,-1,-1,C:/Users/owner/Dropbox/Wzone/tmp/tmp2005/shp989_20051231b.shp,conf_id,-1,-1,C:/Users/owner/Dropbox/Wzone/tmp/tmp2005/shp990_20051231b.shp,conf_id,-1,-1,C:/Users/owner/Dropbox/Wzone/tmp/tmp2005/shp998_20051231b.shp,conf_id,-1,-1,C:/Users/owner/Dropbox/Wzone/tmp/tmp2005/shp999_20051231b.shp,conf_id,-1,-1,C:/Users/owner/Dropbox/Wzone/tmp/tmp2005/shp1007_20051231b.shp,conf_id,-1,-1,C:/Users/owner/Dropbox/Wzone/tmp/tmp2005/shp1023_20051231b.shp,conf_id,-1,-1,C:/Users/owner/Dropbox/Wzone/tmp/tmp2005/shp1026_20051231b.shp,conf_id,-1,-1,C:/Users/owner/Dropbox/Wzone/tmp/tmp2005/shp1036_20051231b.shp,conf_id,-1,-1,C:/Users/owner/Dropbox/Wzone/tmp/tmp2005/shp1040_20051231b.shp,conf_id,-1,-1,C:/Users/owner/Dropbox/Wzone/tmp/tmp2005/shp1053_20051231b.shp,conf_id,-1,-1,C:/Users/owner/Dropbox/Wzone/tmp/tmp2005/shp1072_20051231b.shp,conf_id,-1,-1,C:/Users/owner/Dropbox/Wzone/tmp/tmp2005/shp1073_20051231b.shp,conf_id,-1,-1,C:/Users/owner/Dropbox/Wzone/tmp/tmp2005/shp1077_20051231b.shp,conf_id,-1,-1,C:/Users/owner/Dropbox/Wzone/tmp/tmp2005/shp1082_20051231b.shp,conf_id,-1,-1,C:/Users/owner/Dropbox/Wzone/tmp/tmp2005/shp1091_20051231b.shp,conf_id,-1,-1,C:/Users/owner/Dropbox/Wzone/tmp/tmp2005/shp1108_20051231b.shp,conf_id,-1,-1,C:/Users/owner/Dropbox/Wzone/tmp/tmp2005/shp1167_20051231b.shp,conf_id,-1,-1,C:/Users/owner/Dropbox/Wzone/tmp/tmp2005/shp1176_20051231b.shp,conf_id,-1,-1,C:/Users/owner/Dropbox/Wzone/tmp/tmp2005/shp1204_20051231b.shp,conf_id,-1,-1,C:/Users/owner/Dropbox/Wzone/tmp/tmp2005/shp5188_20051231b.shp,conf_id,-1,-1,C:/Users/owner/Dropbox/Wzone/tmp/tmp2005/shp5196_20051231b.shp,conf_id,-1,-1,C:/Users/owner/Dropbox/Wzone/tmp/tmp2005/shp5201_20051231b.shp,conf_id,-1,-1,C:/Users/owner/Dropbox/Wzone/tmp/tmp2005/shp5202_20051231b.shp,conf_id,-1,-1,C:/Users/owner/Dropbox/Wzone/tmp/tmp2005/shp5222_20051231b.shp,conf_id,-1,-1,C:/Users/owner/Dropbox/Wzone/tmp/tmp2005/shp5223_20051231b.shp,conf_id,-1,-1,C:/Users/owner/Dropbox/Wzone/tmp/tmp2005/shp5278_20051231b.shp,conf_id,-1,-1,C:/Users/owner/Dropbox/Wzone/tmp/tmp2005/shp5282_20051231b.shp,conf_id,-1,-1,C:/Users/owner/Dropbox/Wzone/tmp/tmp2005/shp5289_20051231b.shp,conf_id,-1,-1,C:/Users/owner/Dropbox/Wzone/tmp/tmp2005/shp5293_20051231b.shp,conf_id,-1,-1,C:/Users/owner/Dropbox/Wzone/tmp/tmp2005/shp5305_20051231b.shp,conf_id,-1,-1,C:/Users/owner/Dropbox/Wzone/tmp/tmp2005/shp5306_20051231b.shp,conf_id,-1,-1,C:/Users/owner/Dropbox/Wzone/tmp/tmp2005/shp5314_20051231b.shp,conf_id,-1,-1,C:/Users/owner/Dropbox/Wzone/tmp/tmp2005/shp5324_20051231b.shp,conf_id,-1,-1,C:/Users/owner/Dropbox/Wzone/tmp/tmp2005/shp5349_20051231b.shp,conf_id,-1,-1,C:/Users/owner/Dropbox/Wzone/tmp/tmp2005/shp5505_20051231b.shp,conf_id,-1,-1,C:/Users/owner/Dropbox/Wzone/tmp/tmp2005/shp5512_20051231b.shp,conf_id,-1,-1,C:/Users/owner/Dropbox/Wzone/tmp/tmp2005/shp5534_20051231b.shp,conf_id,-1,-1,C:/Users/owner/Dropbox/Wzone/tmp/tmp2005/shp5570_20051231b.shp,conf_id,-1,-1,C:/Users/owner/Dropbox/Wzone/tmp/tmp2005/shp10264_20051231b.shp,conf_id,-1,-1,C:/Users/owner/Dropbox/Wzone/tmp/tmp2005/shp10985_20051231b.shp,conf_id,-1,-1,C:/Users/owner/Dropbox/Wzone/tmp/tmp2005/shp11123_20051231b.shp,conf_id,-1,-1,C:/Users/owner/Dropbox/Wzone/tmp/tmp2005/shp11433_20051231b.shp,conf_id,-1,-1,C:/Users/owner/Dropbox/Wzone/tmp/tmp2005/shp11932_20051231b.shp,conf_id,-1,-1,C:/Users/owner/Dropbox/Wzone/tmp/tmp2005/shp11991_20051231b.shp,conf_id,-1,-1,C:/Users/owner/Dropbox/Wzone/tmp/tmp2005/shp12102_20051231b.shp,conf_id,-1,-1,C:/Users/owner/Dropbox/Wzone/tmp/tmp2005/shp14273_20051231b.shp,conf_id,-1,-1,C:/Users/owner/Dropbox/Wzone/tmp/tmp2005/shp14353_20051231b.shp,conf_id,-1,-1,C:/Users/owner/Dropbox/Wzone/tmp/tmp2005/shp15558_20051231b.shp,conf_id,-1,-1;date "date" true true false 254 Text 0 0,First,#,C:/Users/owner/Dropbox/Wzone/tmp/tmp2005/shp411_20051231b.shp,date,0,253,C:/Users/owner/Dropbox/Wzone/tmp/tmp2005/shp422_20051231b.shp,date,0,253,C:/Users/owner/Dropbox/Wzone/tmp/tmp2005/shp428_20051231b.shp,date,0,253,C:/Users/owner/Dropbox/Wzone/tmp/tmp2005/shp453_20051231b.shp,date,0,253,C:/Users/owner/Dropbox/Wzone/tmp/tmp2005/shp461_20051231b.shp,date,0,253,C:/Users/owner/Dropbox/Wzone/tmp/tmp2005/shp474_20051231b.shp,date,0,253,C:/Users/owner/Dropbox/Wzone/tmp/tmp2005/shp477_20051231b.shp,date,0,253,C:/Users/owner/Dropbox/Wzone/tmp/tmp2005/shp478_20051231b.shp,date,0,253,C:/Users/owner/Dropbox/Wzone/tmp/tmp2005/shp508_20051231b.shp,date,0,253,C:/Users/owner/Dropbox/Wzone/tmp/tmp2005/shp511_20051231b.shp,date,0,253,C:/Users/owner/Dropbox/Wzone/tmp/tmp2005/shp523_20051231b.shp,date,0,253,C:/Users/owner/Dropbox/Wzone/tmp/tmp2005/shp524_20051231b.shp,date,0,253,C:/Users/owner/Dropbox/Wzone/tmp/tmp2005/shp525_20051231b.shp,date,0,253,C:/Users/owner/Dropbox/Wzone/tmp/tmp2005/shp550_20051231b.shp,date,0,253,C:/Users/owner/Dropbox/Wzone/tmp/tmp2005/shp562_20051231b.shp,date,0,253,C:/Users/owner/Dropbox/Wzone/tmp/tmp2005/shp617_20051231b.shp,date,0,253,C:/Users/owner/Dropbox/Wzone/tmp/tmp2005/shp623_20051231b.shp,date,0,253,C:/Users/owner/Dropbox/Wzone/tmp/tmp2005/shp624_20051231b.shp,date,0,253,C:/Users/owner/Dropbox/Wzone/tmp/tmp2005/shp657_20051231b.shp,date,0,253,C:/Users/owner/Dropbox/Wzone/tmp/tmp2005/shp658_20051231b.shp,date,0,253,C:/Users/owner/Dropbox/Wzone/tmp/tmp2005/shp665_20051231b.shp,date,0,253,C:/Users/owner/Dropbox/Wzone/tmp/tmp2005/shp666_20051231b.shp,date,0,253,C:/Users/owner/Dropbox/Wzone/tmp/tmp2005/shp688_20051231b.shp,date,0,253,C:/Users/owner/Dropbox/Wzone/tmp/tmp2005/shp689_20051231b.shp,date,0,253,C:/Users/owner/Dropbox/Wzone/tmp/tmp2005/shp709_20051231b.shp,date,0,253,C:/Users/owner/Dropbox/Wzone/tmp/tmp2005/shp719_20051231b.shp,date,0,253,C:/Users/owner/Dropbox/Wzone/tmp/tmp2005/shp735_20051231b.shp,date,0,253,C:/Users/owner/Dropbox/Wzone/tmp/tmp2005/shp754_20051231b.shp,date,0,253,C:/Users/owner/Dropbox/Wzone/tmp/tmp2005/shp755_20051231b.shp,date,0,253,C:/Users/owner/Dropbox/Wzone/tmp/tmp2005/shp763_20051231b.shp,date,0,253,C:/Users/owner/Dropbox/Wzone/tmp/tmp2005/shp768_20051231b.shp,date,0,253,C:/Users/owner/Dropbox/Wzone/tmp/tmp2005/shp770_20051231b.shp,date,0,253,C:/Users/owner/Dropbox/Wzone/tmp/tmp2005/shp781_20051231b.shp,date,0,253,C:/Users/owner/Dropbox/Wzone/tmp/tmp2005/shp792_20051231b.shp,date,0,253,C:/Users/owner/Dropbox/Wzone/tmp/tmp2005/shp793_20051231b.shp,date,0,253,C:/Users/owner/Dropbox/Wzone/tmp/tmp2005/shp806_20051231b.shp,date,0,253,C:/Users/owner/Dropbox/Wzone/tmp/tmp2005/shp830_20051231b.shp,date,0,253,C:/Users/owner/Dropbox/Wzone/tmp/tmp2005/shp832_20051231b.shp,date,0,253,C:/Users/owner/Dropbox/Wzone/tmp/tmp2005/shp833_20051231b.shp,date,0,253,C:/Users/owner/Dropbox/Wzone/tmp/tmp2005/shp869_20051231b.shp,date,0,253,C:/Users/owner/Dropbox/Wzone/tmp/tmp2005/shp878_20051231b.shp,date,0,253,C:/Users/owner/Dropbox/Wzone/tmp/tmp2005/shp885_20051231b.shp,date,0,253,C:/Users/owner/Dropbox/Wzone/tmp/tmp2005/shp887_20051231b.shp,date,0,253,C:/Users/owner/Dropbox/Wzone/tmp/tmp2005/shp888_20051231b.shp,date,0,253,C:/Users/owner/Dropbox/Wzone/tmp/tmp2005/shp894_20051231b.shp,date,0,253,C:/Users/owner/Dropbox/Wzone/tmp/tmp2005/shp908_20051231b.shp,date,0,253,C:/Users/owner/Dropbox/Wzone/tmp/tmp2005/shp913_20051231b.shp,date,0,253,C:/Users/owner/Dropbox/Wzone/tmp/tmp2005/shp914_20051231b.shp,date,0,253,C:/Users/owner/Dropbox/Wzone/tmp/tmp2005/shp915_20051231b.shp,date,0,253,C:/Users/owner/Dropbox/Wzone/tmp/tmp2005/shp924_20051231b.shp,date,0,253,C:/Users/owner/Dropbox/Wzone/tmp/tmp2005/shp928_20051231b.shp,date,0,253,C:/Users/owner/Dropbox/Wzone/tmp/tmp2005/shp930_20051231b.shp,date,0,253,C:/Users/owner/Dropbox/Wzone/tmp/tmp2005/shp931_20051231b.shp,date,0,253,C:/Users/owner/Dropbox/Wzone/tmp/tmp2005/shp934_20051231b.shp,date,0,253,C:/Users/owner/Dropbox/Wzone/tmp/tmp2005/shp935_20051231b.shp,date,0,253,C:/Users/owner/Dropbox/Wzone/tmp/tmp2005/shp936_20051231b.shp,date,0,253,C:/Users/owner/Dropbox/Wzone/tmp/tmp2005/shp941_20051231b.shp,date,0,253,C:/Users/owner/Dropbox/Wzone/tmp/tmp2005/shp942_20051231b.shp,date,0,253,C:/Users/owner/Dropbox/Wzone/tmp/tmp2005/shp947_20051231b.shp,date,0,253,C:/Users/owner/Dropbox/Wzone/tmp/tmp2005/shp948_20051231b.shp,date,0,253,C:/Users/owner/Dropbox/Wzone/tmp/tmp2005/shp949_20051231b.shp,date,0,253,C:/Users/owner/Dropbox/Wzone/tmp/tmp2005/shp950_20051231b.shp,date,0,253,C:/Users/owner/Dropbox/Wzone/tmp/tmp2005/shp951_20051231b.shp,date,0,253,C:/Users/owner/Dropbox/Wzone/tmp/tmp2005/shp954_20051231b.shp,date,0,253,C:/Users/owner/Dropbox/Wzone/tmp/tmp2005/shp955_20051231b.shp,date,0,253,C:/Users/owner/Dropbox/Wzone/tmp/tmp2005/shp956_20051231b.shp,date,0,253,C:/Users/owner/Dropbox/Wzone/tmp/tmp2005/shp957_20051231b.shp,date,0,253,C:/Users/owner/Dropbox/Wzone/tmp/tmp2005/shp959_20051231b.shp,date,0,253,C:/Users/owner/Dropbox/Wzone/tmp/tmp2005/shp960_20051231b.shp,date,0,253,C:/Users/owner/Dropbox/Wzone/tmp/tmp2005/shp962_20051231b.shp,date,0,253,C:/Users/owner/Dropbox/Wzone/tmp/tmp2005/shp963_20051231b.shp,date,0,253,C:/Users/owner/Dropbox/Wzone/tmp/tmp2005/shp966_20051231b.shp,date,0,253,C:/Users/owner/Dropbox/Wzone/tmp/tmp2005/shp967_20051231b.shp,date,0,253,C:/Users/owner/Dropbox/Wzone/tmp/tmp2005/shp970_20051231b.shp,date,0,253,C:/Users/owner/Dropbox/Wzone/tmp/tmp2005/shp972_20051231b.shp,date,0,253,C:/Users/owner/Dropbox/Wzone/tmp/tmp2005/shp973_20051231b.shp,date,0,253,C:/Users/owner/Dropbox/Wzone/tmp/tmp2005/shp974_20051231b.shp,date,0,253,C:/Users/owner/Dropbox/Wzone/tmp/tmp2005/shp976_20051231b.shp,date,0,253,C:/Users/owner/Dropbox/Wzone/tmp/tmp2005/shp977_20051231b.shp,date,0,253,C:/Users/owner/Dropbox/Wzone/tmp/tmp2005/shp980_20051231b.shp,date,0,253,C:/Users/owner/Dropbox/Wzone/tmp/tmp2005/shp981_20051231b.shp,date,0,253,C:/Users/owner/Dropbox/Wzone/tmp/tmp2005/shp984_20051231b.shp,date,0,253,C:/Users/owner/Dropbox/Wzone/tmp/tmp2005/shp987_20051231b.shp,date,0,253,C:/Users/owner/Dropbox/Wzone/tmp/tmp2005/shp988_20051231b.shp,date,0,253,C:/Users/owner/Dropbox/Wzone/tmp/tmp2005/shp989_20051231b.shp,date,0,253,C:/Users/owner/Dropbox/Wzone/tmp/tmp2005/shp990_20051231b.shp,date,0,253,C:/Users/owner/Dropbox/Wzone/tmp/tmp2005/shp998_20051231b.shp,date,0,253,C:/Users/owner/Dropbox/Wzone/tmp/tmp2005/shp999_20051231b.shp,date,0,253,C:/Users/owner/Dropbox/Wzone/tmp/tmp2005/shp1007_20051231b.shp,date,0,253,C:/Users/owner/Dropbox/Wzone/tmp/tmp2005/shp1023_20051231b.shp,date,0,253,C:/Users/owner/Dropbox/Wzone/tmp/tmp2005/shp1026_20051231b.shp,date,0,253,C:/Users/owner/Dropbox/Wzone/tmp/tmp2005/shp1036_20051231b.shp,date,0,253,C:/Users/owner/Dropbox/Wzone/tmp/tmp2005/shp1040_20051231b.shp,date,0,253,C:/Users/owner/Dropbox/Wzone/tmp/tmp2005/shp1053_20051231b.shp,date,0,253,C:/Users/owner/Dropbox/Wzone/tmp/tmp2005/shp1072_20051231b.shp,date,0,253,C:/Users/owner/Dropbox/Wzone/tmp/tmp2005/shp1073_20051231b.shp,date,0,253,C:/Users/owner/Dropbox/Wzone/tmp/tmp2005/shp1077_20051231b.shp,date,0,253,C:/Users/owner/Dropbox/Wzone/tmp/tmp2005/shp1082_20051231b.shp,date,0,253,C:/Users/owner/Dropbox/Wzone/tmp/tmp2005/shp1091_20051231b.shp,date,0,253,C:/Users/owner/Dropbox/Wzone/tmp/tmp2005/shp1108_20051231b.shp,date,0,253,C:/Users/owner/Dropbox/Wzone/tmp/tmp2005/shp1167_20051231b.shp,date,0,253,C:/Users/owner/Dropbox/Wzone/tmp/tmp2005/shp1176_20051231b.shp,date,0,253,C:/Users/owner/Dropbox/Wzone/tmp/tmp2005/shp1204_20051231b.shp,date,0,253,C:/Users/owner/Dropbox/Wzone/tmp/tmp2005/shp5188_20051231b.shp,date,0,253,C:/Users/owner/Dropbox/Wzone/tmp/tmp2005/shp5196_20051231b.shp,date,0,253,C:/Users/owner/Dropbox/Wzone/tmp/tmp2005/shp5201_20051231b.shp,date,0,253,C:/Users/owner/Dropbox/Wzone/tmp/tmp2005/shp5202_20051231b.shp,date,0,253,C:/Users/owner/Dropbox/Wzone/tmp/tmp2005/shp5222_20051231b.shp,date,0,253,C:/Users/owner/Dropbox/Wzone/tmp/tmp2005/shp5223_20051231b.shp,date,0,253,C:/Users/owner/Dropbox/Wzone/tmp/tmp2005/shp5278_20051231b.shp,date,0,253,C:/Users/owner/Dropbox/Wzone/tmp/tmp2005/shp5282_20051231b.shp,date,0,253,C:/Users/owner/Dropbox/Wzone/tmp/tmp2005/shp5289_20051231b.shp,date,0,253,C:/Users/owner/Dropbox/Wzone/tmp/tmp2005/shp5293_20051231b.shp,date,0,253,C:/Users/owner/Dropbox/Wzone/tmp/tmp2005/shp5305_20051231b.shp,date,0,253,C:/Users/owner/Dropbox/Wzone/tmp/tmp2005/shp5306_20051231b.shp,date,0,253,C:/Users/owner/Dropbox/Wzone/tmp/tmp2005/shp5314_20051231b.shp,date,0,253,C:/Users/owner/Dropbox/Wzone/tmp/tmp2005/shp5324_20051231b.shp,date,0,253,C:/Users/owner/Dropbox/Wzone/tmp/tmp2005/shp5349_20051231b.shp,date,0,253,C:/Users/owner/Dropbox/Wzone/tmp/tmp2005/shp5505_20051231b.shp,date,0,253,C:/Users/owner/Dropbox/Wzone/tmp/tmp2005/shp5512_20051231b.shp,date,0,253,C:/Users/owner/Dropbox/Wzone/tmp/tmp2005/shp5534_20051231b.shp,date,0,253,C:/Users/owner/Dropbox/Wzone/tmp/tmp2005/shp5570_20051231b.shp,date,0,253,C:/Users/owner/Dropbox/Wzone/tmp/tmp2005/shp10264_20051231b.shp,date,0,253,C:/Users/owner/Dropbox/Wzone/tmp/tmp2005/shp10985_20051231b.shp,date,0,253,C:/Users/owner/Dropbox/Wzone/tmp/tmp2005/shp11123_20051231b.shp,date,0,253,C:/Users/owner/Dropbox/Wzone/tmp/tmp2005/shp11433_20051231b.shp,date,0,253,C:/Users/owner/Dropbox/Wzone/tmp/tmp2005/shp11932_20051231b.shp,date,0,253,C:/Users/owner/Dropbox/Wzone/tmp/tmp2005/shp11991_20051231b.shp,date,0,253,C:/Users/owner/Dropbox/Wzone/tmp/tmp2005/shp12102_20051231b.shp,date,0,253,C:/Users/owner/Dropbox/Wzone/tmp/tmp2005/shp14273_20051231b.shp,date,0,253,C:/Users/owner/Dropbox/Wzone/tmp/tmp2005/shp14353_20051231b.shp,date,0,253,C:/Users/owner/Dropbox/Wzone/tmp/tmp2005/shp15558_20051231b.shp,date,0,253" NO_SOURCE_INFO</Process><Process ToolSource="c:\program files\arcgis\pro\Resources\ArcToolbox\toolboxes\Data Management Tools.tbx\DefineProjection" Date="20240715" Time="220549">DefineProjection C:/Users/owner/Dropbox/Wzone/out/wzone_shp/2005/2005_12_31.shp GEOGCS["GCS_WGS_1984",DATUM["D_WGS_1984",SPHEROID["WGS_1984",6378137.0,298.257223563]],PRIMEM["Greenwich",0.0],UNIT["Degree",0.0174532925199433]]</Process></lineage></DataProperties><SyncDate>20240715</SyncDate><SyncTime>22054700</SyncTime><ModDate>20240715</ModDate><ModTime>22054700</ModTime></Esri><dataIdInfo><envirDesc Sync="TRUE">Microsoft Windows 10 Version 10.0 (Build 19045) ; Esri ArcGIS 13.2.2.49743</envirDesc><dataLang><languageCode value="eng" Sync="TRUE"></languageCode><countryCode value="USA" Sync="TRUE"></countryCode></dataLang><idCitation><resTitle Sync="TRUE">2005_12_31</resTitle><presForm><PresFormCd value="005" Sync="TRUE"></PresFormCd></presForm></idCitation><spatRpType><SpatRepTypCd value="001" Sync="TRUE"></SpatRepTypCd></spatRpType></dataIdInfo><mdLang><languageCode value="eng" Sync="TRUE"></languageCode><countryCode value="USA" Sync="TRUE"></countryCode></mdLang><mdChar><CharSetCd value="004" Sync="TRUE"></CharSetCd></mdChar><distInfo><distFormat><formatName Sync="TRUE">Shapefile</formatName></distFormat><distTranOps><transSize Sync="TRUE">0.000</transSize></distTranOps></distInfo><mdHrLv><ScopeCd value="005" Sync="TRUE"></ScopeCd></mdHrLv><mdHrLvName Sync="TRUE">dataset</mdHrLvName><spatRepInfo><VectSpatRep><geometObjs Name="2005_12_31"><geoObjTyp><GeoObjTypCd value="002" Sync="TRUE"></GeoObjTypCd></geoObjTyp><geoObjCnt Sync="TRUE">0</geoObjCnt></geometObjs><topLvl><TopoLevCd value="001" Sync="TRUE"></TopoLevCd></topLvl></VectSpatRep></spatRepInfo><spdoinfo><ptvctinf><esriterm Name="2005_12_31"><efeatyp Sync="TRUE">Simple</efeatyp><efeageom code="4" Sync="TRUE"></efeageom><esritopo Sync="TRUE">FALSE</esritopo><efeacnt Sync="TRUE">0</efeacnt><spindex Sync="TRUE">FALSE</spindex><linrefer Sync="TRUE">FALSE</linrefer></esriterm></ptvctinf></spdoinfo><eainfo><detailed Name="2005_12_31"><enttyp><enttypl Sync="TRUE">2005_12_31</enttypl><enttypt Sync="TRUE">Feature Class</enttypt><enttypc Sync="TRUE">0</enttypc></enttyp><attr><attrlabl Sync="TRUE">FID</attrlabl><attalias Sync="TRUE">FID</attalias><attrtype Sync="TRUE">OID</attrtype><attwidth Sync="TRUE">4</attwidth><atprecis Sync="TRUE">0</atprecis><attscale Sync="TRUE">0</attscale><attrdef Sync="TRUE">Internal feature number.</attrdef><attrdefs Sync="TRUE">Esri</attrdefs><attrdomv><udom Sync="TRUE">Sequential unique whole numbers that are automatically generated.</udom></attrdomv></attr><attr><attrlabl Sync="TRUE">Shape</attrlabl><attalias Sync="TRUE">Shape</attalias><attrtype Sync="TRUE">Geometry</attrtype><attwidth Sync="TRUE">0</attwidth><atprecis Sync="TRUE">0</atprecis><attscale Sync="TRUE">0</attscale><attrdef Sync="TRUE">Feature geometry.</attrdef><attrdefs Sync="TRUE">Esri</attrdefs><attrdomv><udom Sync="TRUE">Coordinates defining the features.</udom></attrdomv></attr><attr><attrlabl Sync="TRUE">dyad_id</attrlabl><attalias Sync="TRUE">dyad_id</attalias><attrtype Sync="TRUE">Integer</attrtype><attwidth Sync="TRUE">5</attwidth><atprecis Sync="TRUE">5</atprecis><attscale Sync="TRUE">0</attscale></attr><attr><attrlabl Sync="TRUE">conf_id</attrlabl><attalias Sync="TRUE">conf_id</attalias><attrtype Sync="TRUE">Integer</attrtype><attwidth Sync="TRUE">5</attwidth><atprecis Sync="TRUE">5</atprecis><attscale Sync="TRUE">0</attscale></attr><attr><attrlabl Sync="TRUE">date</attrlabl><attalias Sync="TRUE">date</attalias><attrtype Sync="TRUE">String</attrtype><attwidth Sync="TRUE">254</attwidth><atprecis Sync="TRUE">0</atprecis><attscale Sync="TRUE">0</attscale></attr></detailed></eainfo><mdDateSt Sync="TRUE">20240715</mdDateSt></metadata>
