<?xml version="1.0" encoding="UTF-8"?>
<metadata xml:lang="en"><Esri><CreaDate>20240715</CreaDate><CreaTime>20533400</CreaTime><ArcGISFormat>1.0</ArcGISFormat><SyncOnce>FALSE</SyncOnce><DataProperties><itemProps><itemName Sync="TRUE">2006_12_31</itemName><imsContentType Sync="TRUE">002</imsContentType><itemSize Sync="TRUE">0.000</itemSize><itemLocation><linkage Sync="TRUE">file://\\DESKTOP-48J08HF\C$\Users\owner\Dropbox\Wzone\out\wzone_shp\2006\2006_12_31.shp</linkage><protocol Sync="TRUE">Local Area Network</protocol></itemLocation></itemProps><lineage><Process ToolSource="c:\program files\arcgis\pro\Resources\ArcToolbox\toolboxes\Analysis Tools.tbx\Select" Date="20240715" Time="205334">Select in_memory/shp2006411_20061231a C:\Users\owner\Dropbox\Wzone\tmp\tmp2006\shp411_20061231b.shp ""gridcode" &gt; 0"</Process><Process ToolSource="c:\program files\arcgis\pro\Resources\ArcToolbox\toolboxes\Data Management Tools.tbx\AddField" Date="20240715" Time="205334">AddField C:/Users/owner/Dropbox/Wzone/tmp/tmp2006/shp411_20061231b.shp dyad_id "Short (16-bit integer)" # # # # NULLABLE NON_REQUIRED #</Process><Process ToolSource="c:\program files\arcgis\pro\Resources\ArcToolbox\toolboxes\Data Management Tools.tbx\AddField" Date="20240715" Time="205334">AddField C:/Users/owner/Dropbox/Wzone/tmp/tmp2006/shp411_20061231b.shp conf_id "Short (16-bit integer)" # # # # NULLABLE NON_REQUIRED #</Process><Process ToolSource="c:\program files\arcgis\pro\Resources\ArcToolbox\toolboxes\Data Management Tools.tbx\AddField" Date="20240715" Time="205334">AddField C:/Users/owner/Dropbox/Wzone/tmp/tmp2006/shp411_20061231b.shp date Text # # # # NULLABLE NON_REQUIRED #</Process><Process ToolSource="c:\program files\arcgis\pro\Resources\ArcToolbox\toolboxes\Data Management Tools.tbx\DeleteField" Date="20240715" Time="205334">DeleteField C:/Users/owner/Dropbox/Wzone/tmp/tmp2006/shp411_20061231b.shp Id "Delete Fields"</Process><Process ToolSource="c:\program files\arcgis\pro\Resources\ArcToolbox\toolboxes\Data Management Tools.tbx\DeleteField" Date="20240715" Time="205334">DeleteField C:/Users/owner/Dropbox/Wzone/tmp/tmp2006/shp411_20061231b.shp gridcode "Delete Fields"</Process><Process ToolSource="c:\program files\arcgis\pro\Resources\ArcToolbox\toolboxes\Data Management Tools.tbx\Merge" Date="20240715" Time="205625">Merge C:/Users/owner/Dropbox/Wzone/tmp/tmp2006/shp411_20061231b.shp;C:/Users/owner/Dropbox/Wzone/tmp/tmp2006/shp422_20061231b.shp;C:/Users/owner/Dropbox/Wzone/tmp/tmp2006/shp428_20061231b.shp;C:/Users/owner/Dropbox/Wzone/tmp/tmp2006/shp453_20061231b.shp;C:/Users/owner/Dropbox/Wzone/tmp/tmp2006/shp461_20061231b.shp;C:/Users/owner/Dropbox/Wzone/tmp/tmp2006/shp474_20061231b.shp;C:/Users/owner/Dropbox/Wzone/tmp/tmp2006/shp478_20061231b.shp;C:/Users/owner/Dropbox/Wzone/tmp/tmp2006/shp508_20061231b.shp;C:/Users/owner/Dropbox/Wzone/tmp/tmp2006/shp523_20061231b.shp;C:/Users/owner/Dropbox/Wzone/tmp/tmp2006/shp525_20061231b.shp;C:/Users/owner/Dropbox/Wzone/tmp/tmp2006/shp550_20061231b.shp;C:/Users/owner/Dropbox/Wzone/tmp/tmp2006/shp619_20061231b.shp;C:/Users/owner/Dropbox/Wzone/tmp/tmp2006/shp623_20061231b.shp;C:/Users/owner/Dropbox/Wzone/tmp/tmp2006/shp624_20061231b.shp;C:/Users/owner/Dropbox/Wzone/tmp/tmp2006/shp657_20061231b.shp;C:/Users/owner/Dropbox/Wzone/tmp/tmp2006/shp658_20061231b.shp;C:/Users/owner/Dropbox/Wzone/tmp/tmp2006/shp665_20061231b.shp;C:/Users/owner/Dropbox/Wzone/tmp/tmp2006/shp666_20061231b.shp;C:/Users/owner/Dropbox/Wzone/tmp/tmp2006/shp668_20061231b.shp;C:/Users/owner/Dropbox/Wzone/tmp/tmp2006/shp688_20061231b.shp;C:/Users/owner/Dropbox/Wzone/tmp/tmp2006/shp689_20061231b.shp;C:/Users/owner/Dropbox/Wzone/tmp/tmp2006/shp709_20061231b.shp;C:/Users/owner/Dropbox/Wzone/tmp/tmp2006/shp719_20061231b.shp;C:/Users/owner/Dropbox/Wzone/tmp/tmp2006/shp726_20061231b.shp;C:/Users/owner/Dropbox/Wzone/tmp/tmp2006/shp735_20061231b.shp;C:/Users/owner/Dropbox/Wzone/tmp/tmp2006/shp754_20061231b.shp;C:/Users/owner/Dropbox/Wzone/tmp/tmp2006/shp755_20061231b.shp;C:/Users/owner/Dropbox/Wzone/tmp/tmp2006/shp763_20061231b.shp;C:/Users/owner/Dropbox/Wzone/tmp/tmp2006/shp768_20061231b.shp;C:/Users/owner/Dropbox/Wzone/tmp/tmp2006/shp770_20061231b.shp;C:/Users/owner/Dropbox/Wzone/tmp/tmp2006/shp781_20061231b.shp;C:/Users/owner/Dropbox/Wzone/tmp/tmp2006/shp792_20061231b.shp;C:/Users/owner/Dropbox/Wzone/tmp/tmp2006/shp793_20061231b.shp;C:/Users/owner/Dropbox/Wzone/tmp/tmp2006/shp806_20061231b.shp;C:/Users/owner/Dropbox/Wzone/tmp/tmp2006/shp830_20061231b.shp;C:/Users/owner/Dropbox/Wzone/tmp/tmp2006/shp832_20061231b.shp;C:/Users/owner/Dropbox/Wzone/tmp/tmp2006/shp833_20061231b.shp;C:/Users/owner/Dropbox/Wzone/tmp/tmp2006/shp869_20061231b.shp;C:/Users/owner/Dropbox/Wzone/tmp/tmp2006/shp875_20061231b.shp;C:/Users/owner/Dropbox/Wzone/tmp/tmp2006/shp878_20061231b.shp;C:/Users/owner/Dropbox/Wzone/tmp/tmp2006/shp885_20061231b.shp;C:/Users/owner/Dropbox/Wzone/tmp/tmp2006/shp887_20061231b.shp;C:/Users/owner/Dropbox/Wzone/tmp/tmp2006/shp888_20061231b.shp;C:/Users/owner/Dropbox/Wzone/tmp/tmp2006/shp894_20061231b.shp;C:/Users/owner/Dropbox/Wzone/tmp/tmp2006/shp908_20061231b.shp;C:/Users/owner/Dropbox/Wzone/tmp/tmp2006/shp913_20061231b.shp;C:/Users/owner/Dropbox/Wzone/tmp/tmp2006/shp914_20061231b.shp;C:/Users/owner/Dropbox/Wzone/tmp/tmp2006/shp915_20061231b.shp;C:/Users/owner/Dropbox/Wzone/tmp/tmp2006/shp924_20061231b.shp;C:/Users/owner/Dropbox/Wzone/tmp/tmp2006/shp928_20061231b.shp;C:/Users/owner/Dropbox/Wzone/tmp/tmp2006/shp930_20061231b.shp;C:/Users/owner/Dropbox/Wzone/tmp/tmp2006/shp931_20061231b.shp;C:/Users/owner/Dropbox/Wzone/tmp/tmp2006/shp934_20061231b.shp;C:/Users/owner/Dropbox/Wzone/tmp/tmp2006/shp935_20061231b.shp;C:/Users/owner/Dropbox/Wzone/tmp/tmp2006/shp936_20061231b.shp;C:/Users/owner/Dropbox/Wzone/tmp/tmp2006/shp941_20061231b.shp;C:/Users/owner/Dropbox/Wzone/tmp/tmp2006/shp942_20061231b.shp;C:/Users/owner/Dropbox/Wzone/tmp/tmp2006/shp943_20061231b.shp;C:/Users/owner/Dropbox/Wzone/tmp/tmp2006/shp947_20061231b.shp;C:/Users/owner/Dropbox/Wzone/tmp/tmp2006/shp948_20061231b.shp;C:/Users/owner/Dropbox/Wzone/tmp/tmp2006/shp949_20061231b.shp;C:/Users/owner/Dropbox/Wzone/tmp/tmp2006/shp950_20061231b.shp;C:/Users/owner/Dropbox/Wzone/tmp/tmp2006/shp951_20061231b.shp;C:/Users/owner/Dropbox/Wzone/tmp/tmp2006/shp954_20061231b.shp;C:/Users/owner/Dropbox/Wzone/tmp/tmp2006/shp955_20061231b.shp;C:/Users/owner/Dropbox/Wzone/tmp/tmp2006/shp956_20061231b.shp;C:/Users/owner/Dropbox/Wzone/tmp/tmp2006/shp957_20061231b.shp;C:/Users/owner/Dropbox/Wzone/tmp/tmp2006/shp960_20061231b.shp;C:/Users/owner/Dropbox/Wzone/tmp/tmp2006/shp962_20061231b.shp;C:/Users/owner/Dropbox/Wzone/tmp/tmp2006/shp963_20061231b.shp;C:/Users/owner/Dropbox/Wzone/tmp/tmp2006/shp966_20061231b.shp;C:/Users/owner/Dropbox/Wzone/tmp/tmp2006/shp967_20061231b.shp;C:/Users/owner/Dropbox/Wzone/tmp/tmp2006/shp970_20061231b.shp;C:/Users/owner/Dropbox/Wzone/tmp/tmp2006/shp973_20061231b.shp;C:/Users/owner/Dropbox/Wzone/tmp/tmp2006/shp976_20061231b.shp;C:/Users/owner/Dropbox/Wzone/tmp/tmp2006/shp977_20061231b.shp;C:/Users/owner/Dropbox/Wzone/tmp/tmp2006/shp980_20061231b.shp;C:/Users/owner/Dropbox/Wzone/tmp/tmp2006/shp981_20061231b.shp;C:/Users/owner/Dropbox/Wzone/tmp/tmp2006/shp984_20061231b.shp;C:/Users/owner/Dropbox/Wzone/tmp/tmp2006/shp987_20061231b.shp;C:/Users/owner/Dropbox/Wzone/tmp/tmp2006/shp988_20061231b.shp;C:/Users/owner/Dropbox/Wzone/tmp/tmp2006/shp989_20061231b.shp;C:/Users/owner/Dropbox/Wzone/tmp/tmp2006/shp990_20061231b.shp;C:/Users/owner/Dropbox/Wzone/tmp/tmp2006/shp998_20061231b.shp;C:/Users/owner/Dropbox/Wzone/tmp/tmp2006/shp999_20061231b.shp;C:/Users/owner/Dropbox/Wzone/tmp/tmp2006/shp1007_20061231b.shp;C:/Users/owner/Dropbox/Wzone/tmp/tmp2006/shp1023_20061231b.shp;C:/Users/owner/Dropbox/Wzone/tmp/tmp2006/shp1026_20061231b.shp;C:/Users/owner/Dropbox/Wzone/tmp/tmp2006/shp1036_20061231b.shp;C:/Users/owner/Dropbox/Wzone/tmp/tmp2006/shp1040_20061231b.shp;C:/Users/owner/Dropbox/Wzone/tmp/tmp2006/shp1053_20061231b.shp;C:/Users/owner/Dropbox/Wzone/tmp/tmp2006/shp1068_20061231b.shp;C:/Users/owner/Dropbox/Wzone/tmp/tmp2006/shp1072_20061231b.shp;C:/Users/owner/Dropbox/Wzone/tmp/tmp2006/shp1073_20061231b.shp;C:/Users/owner/Dropbox/Wzone/tmp/tmp2006/shp1091_20061231b.shp;C:/Users/owner/Dropbox/Wzone/tmp/tmp2006/shp1108_20061231b.shp;C:/Users/owner/Dropbox/Wzone/tmp/tmp2006/shp1167_20061231b.shp;C:/Users/owner/Dropbox/Wzone/tmp/tmp2006/shp1176_20061231b.shp;C:/Users/owner/Dropbox/Wzone/tmp/tmp2006/shp1204_20061231b.shp;C:/Users/owner/Dropbox/Wzone/tmp/tmp2006/shp1704_20061231b.shp;C:/Users/owner/Dropbox/Wzone/tmp/tmp2006/shp5188_20061231b.shp;C:/Users/owner/Dropbox/Wzone/tmp/tmp2006/shp5201_20061231b.shp;C:/Users/owner/Dropbox/Wzone/tmp/tmp2006/shp5202_20061231b.shp;C:/Users/owner/Dropbox/Wzone/tmp/tmp2006/shp5222_20061231b.shp;C:/Users/owner/Dropbox/Wzone/tmp/tmp2006/shp5223_20061231b.shp;C:/Users/owner/Dropbox/Wzone/tmp/tmp2006/shp5266_20061231b.shp;C:/Users/owner/Dropbox/Wzone/tmp/tmp2006/shp5278_20061231b.shp;C:/Users/owner/Dropbox/Wzone/tmp/tmp2006/shp5282_20061231b.shp;C:/Users/owner/Dropbox/Wzone/tmp/tmp2006/shp5289_20061231b.shp;C:/Users/owner/Dropbox/Wzone/tmp/tmp2006/shp5293_20061231b.shp;C:/Users/owner/Dropbox/Wzone/tmp/tmp2006/shp5305_20061231b.shp;C:/Users/owner/Dropbox/Wzone/tmp/tmp2006/shp5306_20061231b.shp;C:/Users/owner/Dropbox/Wzone/tmp/tmp2006/shp5314_20061231b.shp;C:/Users/owner/Dropbox/Wzone/tmp/tmp2006/shp5324_20061231b.shp;C:/Users/owner/Dropbox/Wzone/tmp/tmp2006/shp5349_20061231b.shp;C:/Users/owner/Dropbox/Wzone/tmp/tmp2006/shp5505_20061231b.shp;C:/Users/owner/Dropbox/Wzone/tmp/tmp2006/shp5512_20061231b.shp;C:/Users/owner/Dropbox/Wzone/tmp/tmp2006/shp5534_20061231b.shp;C:/Users/owner/Dropbox/Wzone/tmp/tmp2006/shp5570_20061231b.shp;C:/Users/owner/Dropbox/Wzone/tmp/tmp2006/shp10264_20061231b.shp;C:/Users/owner/Dropbox/Wzone/tmp/tmp2006/shp10985_20061231b.shp;C:/Users/owner/Dropbox/Wzone/tmp/tmp2006/shp11123_20061231b.shp;C:/Users/owner/Dropbox/Wzone/tmp/tmp2006/shp11433_20061231b.shp;C:/Users/owner/Dropbox/Wzone/tmp/tmp2006/shp11932_20061231b.shp;C:/Users/owner/Dropbox/Wzone/tmp/tmp2006/shp11991_20061231b.shp;C:/Users/owner/Dropbox/Wzone/tmp/tmp2006/shp12102_20061231b.shp;C:/Users/owner/Dropbox/Wzone/tmp/tmp2006/shp14273_20061231b.shp;C:/Users/owner/Dropbox/Wzone/tmp/tmp2006/shp14353_20061231b.shp;C:/Users/owner/Dropbox/Wzone/tmp/tmp2006/shp15558_20061231b.shp C:\Users\owner\Dropbox\Wzone\out\wzone_shp\2006\2006_12_31.shp "dyad_id "dyad_id" true true false 5 Long 0 5,First,#,C:/Users/owner/Dropbox/Wzone/tmp/tmp2006/shp411_20061231b.shp,dyad_id,-1,-1,C:/Users/owner/Dropbox/Wzone/tmp/tmp2006/shp422_20061231b.shp,dyad_id,-1,-1,C:/Users/owner/Dropbox/Wzone/tmp/tmp2006/shp428_20061231b.shp,dyad_id,-1,-1,C:/Users/owner/Dropbox/Wzone/tmp/tmp2006/shp453_20061231b.shp,dyad_id,-1,-1,C:/Users/owner/Dropbox/Wzone/tmp/tmp2006/shp461_20061231b.shp,dyad_id,-1,-1,C:/Users/owner/Dropbox/Wzone/tmp/tmp2006/shp474_20061231b.shp,dyad_id,-1,-1,C:/Users/owner/Dropbox/Wzone/tmp/tmp2006/shp478_20061231b.shp,dyad_id,-1,-1,C:/Users/owner/Dropbox/Wzone/tmp/tmp2006/shp508_20061231b.shp,dyad_id,-1,-1,C:/Users/owner/Dropbox/Wzone/tmp/tmp2006/shp523_20061231b.shp,dyad_id,-1,-1,C:/Users/owner/Dropbox/Wzone/tmp/tmp2006/shp525_20061231b.shp,dyad_id,-1,-1,C:/Users/owner/Dropbox/Wzone/tmp/tmp2006/shp550_20061231b.shp,dyad_id,-1,-1,C:/Users/owner/Dropbox/Wzone/tmp/tmp2006/shp619_20061231b.shp,dyad_id,-1,-1,C:/Users/owner/Dropbox/Wzone/tmp/tmp2006/shp623_20061231b.shp,dyad_id,-1,-1,C:/Users/owner/Dropbox/Wzone/tmp/tmp2006/shp624_20061231b.shp,dyad_id,-1,-1,C:/Users/owner/Dropbox/Wzone/tmp/tmp2006/shp657_20061231b.shp,dyad_id,-1,-1,C:/Users/owner/Dropbox/Wzone/tmp/tmp2006/shp658_20061231b.shp,dyad_id,-1,-1,C:/Users/owner/Dropbox/Wzone/tmp/tmp2006/shp665_20061231b.shp,dyad_id,-1,-1,C:/Users/owner/Dropbox/Wzone/tmp/tmp2006/shp666_20061231b.shp,dyad_id,-1,-1,C:/Users/owner/Dropbox/Wzone/tmp/tmp2006/shp668_20061231b.shp,dyad_id,-1,-1,C:/Users/owner/Dropbox/Wzone/tmp/tmp2006/shp688_20061231b.shp,dyad_id,-1,-1,C:/Users/owner/Dropbox/Wzone/tmp/tmp2006/shp689_20061231b.shp,dyad_id,-1,-1,C:/Users/owner/Dropbox/Wzone/tmp/tmp2006/shp709_20061231b.shp,dyad_id,-1,-1,C:/Users/owner/Dropbox/Wzone/tmp/tmp2006/shp719_20061231b.shp,dyad_id,-1,-1,C:/Users/owner/Dropbox/Wzone/tmp/tmp2006/shp726_20061231b.shp,dyad_id,-1,-1,C:/Users/owner/Dropbox/Wzone/tmp/tmp2006/shp735_20061231b.shp,dyad_id,-1,-1,C:/Users/owner/Dropbox/Wzone/tmp/tmp2006/shp754_20061231b.shp,dyad_id,-1,-1,C:/Users/owner/Dropbox/Wzone/tmp/tmp2006/shp755_20061231b.shp,dyad_id,-1,-1,C:/Users/owner/Dropbox/Wzone/tmp/tmp2006/shp763_20061231b.shp,dyad_id,-1,-1,C:/Users/owner/Dropbox/Wzone/tmp/tmp2006/shp768_20061231b.shp,dyad_id,-1,-1,C:/Users/owner/Dropbox/Wzone/tmp/tmp2006/shp770_20061231b.shp,dyad_id,-1,-1,C:/Users/owner/Dropbox/Wzone/tmp/tmp2006/shp781_20061231b.shp,dyad_id,-1,-1,C:/Users/owner/Dropbox/Wzone/tmp/tmp2006/shp792_20061231b.shp,dyad_id,-1,-1,C:/Users/owner/Dropbox/Wzone/tmp/tmp2006/shp793_20061231b.shp,dyad_id,-1,-1,C:/Users/owner/Dropbox/Wzone/tmp/tmp2006/shp806_20061231b.shp,dyad_id,-1,-1,C:/Users/owner/Dropbox/Wzone/tmp/tmp2006/shp830_20061231b.shp,dyad_id,-1,-1,C:/Users/owner/Dropbox/Wzone/tmp/tmp2006/shp832_20061231b.shp,dyad_id,-1,-1,C:/Users/owner/Dropbox/Wzone/tmp/tmp2006/shp833_20061231b.shp,dyad_id,-1,-1,C:/Users/owner/Dropbox/Wzone/tmp/tmp2006/shp869_20061231b.shp,dyad_id,-1,-1,C:/Users/owner/Dropbox/Wzone/tmp/tmp2006/shp875_20061231b.shp,dyad_id,-1,-1,C:/Users/owner/Dropbox/Wzone/tmp/tmp2006/shp878_20061231b.shp,dyad_id,-1,-1,C:/Users/owner/Dropbox/Wzone/tmp/tmp2006/shp885_20061231b.shp,dyad_id,-1,-1,C:/Users/owner/Dropbox/Wzone/tmp/tmp2006/shp887_20061231b.shp,dyad_id,-1,-1,C:/Users/owner/Dropbox/Wzone/tmp/tmp2006/shp888_20061231b.shp,dyad_id,-1,-1,C:/Users/owner/Dropbox/Wzone/tmp/tmp2006/shp894_20061231b.shp,dyad_id,-1,-1,C:/Users/owner/Dropbox/Wzone/tmp/tmp2006/shp908_20061231b.shp,dyad_id,-1,-1,C:/Users/owner/Dropbox/Wzone/tmp/tmp2006/shp913_20061231b.shp,dyad_id,-1,-1,C:/Users/owner/Dropbox/Wzone/tmp/tmp2006/shp914_20061231b.shp,dyad_id,-1,-1,C:/Users/owner/Dropbox/Wzone/tmp/tmp2006/shp915_20061231b.shp,dyad_id,-1,-1,C:/Users/owner/Dropbox/Wzone/tmp/tmp2006/shp924_20061231b.shp,dyad_id,-1,-1,C:/Users/owner/Dropbox/Wzone/tmp/tmp2006/shp928_20061231b.shp,dyad_id,-1,-1,C:/Users/owner/Dropbox/Wzone/tmp/tmp2006/shp930_20061231b.shp,dyad_id,-1,-1,C:/Users/owner/Dropbox/Wzone/tmp/tmp2006/shp931_20061231b.shp,dyad_id,-1,-1,C:/Users/owner/Dropbox/Wzone/tmp/tmp2006/shp934_20061231b.shp,dyad_id,-1,-1,C:/Users/owner/Dropbox/Wzone/tmp/tmp2006/shp935_20061231b.shp,dyad_id,-1,-1,C:/Users/owner/Dropbox/Wzone/tmp/tmp2006/shp936_20061231b.shp,dyad_id,-1,-1,C:/Users/owner/Dropbox/Wzone/tmp/tmp2006/shp941_20061231b.shp,dyad_id,-1,-1,C:/Users/owner/Dropbox/Wzone/tmp/tmp2006/shp942_20061231b.shp,dyad_id,-1,-1,C:/Users/owner/Dropbox/Wzone/tmp/tmp2006/shp943_20061231b.shp,dyad_id,-1,-1,C:/Users/owner/Dropbox/Wzone/tmp/tmp2006/shp947_20061231b.shp,dyad_id,-1,-1,C:/Users/owner/Dropbox/Wzone/tmp/tmp2006/shp948_20061231b.shp,dyad_id,-1,-1,C:/Users/owner/Dropbox/Wzone/tmp/tmp2006/shp949_20061231b.shp,dyad_id,-1,-1,C:/Users/owner/Dropbox/Wzone/tmp/tmp2006/shp950_20061231b.shp,dyad_id,-1,-1,C:/Users/owner/Dropbox/Wzone/tmp/tmp2006/shp951_20061231b.shp,dyad_id,-1,-1,C:/Users/owner/Dropbox/Wzone/tmp/tmp2006/shp954_20061231b.shp,dyad_id,-1,-1,C:/Users/owner/Dropbox/Wzone/tmp/tmp2006/shp955_20061231b.shp,dyad_id,-1,-1,C:/Users/owner/Dropbox/Wzone/tmp/tmp2006/shp956_20061231b.shp,dyad_id,-1,-1,C:/Users/owner/Dropbox/Wzone/tmp/tmp2006/shp957_20061231b.shp,dyad_id,-1,-1,C:/Users/owner/Dropbox/Wzone/tmp/tmp2006/shp960_20061231b.shp,dyad_id,-1,-1,C:/Users/owner/Dropbox/Wzone/tmp/tmp2006/shp962_20061231b.shp,dyad_id,-1,-1,C:/Users/owner/Dropbox/Wzone/tmp/tmp2006/shp963_20061231b.shp,dyad_id,-1,-1,C:/Users/owner/Dropbox/Wzone/tmp/tmp2006/shp966_20061231b.shp,dyad_id,-1,-1,C:/Users/owner/Dropbox/Wzone/tmp/tmp2006/shp967_20061231b.shp,dyad_id,-1,-1,C:/Users/owner/Dropbox/Wzone/tmp/tmp2006/shp970_20061231b.shp,dyad_id,-1,-1,C:/Users/owner/Dropbox/Wzone/tmp/tmp2006/shp973_20061231b.shp,dyad_id,-1,-1,C:/Users/owner/Dropbox/Wzone/tmp/tmp2006/shp976_20061231b.shp,dyad_id,-1,-1,C:/Users/owner/Dropbox/Wzone/tmp/tmp2006/shp977_20061231b.shp,dyad_id,-1,-1,C:/Users/owner/Dropbox/Wzone/tmp/tmp2006/shp980_20061231b.shp,dyad_id,-1,-1,C:/Users/owner/Dropbox/Wzone/tmp/tmp2006/shp981_20061231b.shp,dyad_id,-1,-1,C:/Users/owner/Dropbox/Wzone/tmp/tmp2006/shp984_20061231b.shp,dyad_id,-1,-1,C:/Users/owner/Dropbox/Wzone/tmp/tmp2006/shp987_20061231b.shp,dyad_id,-1,-1,C:/Users/owner/Dropbox/Wzone/tmp/tmp2006/shp988_20061231b.shp,dyad_id,-1,-1,C:/Users/owner/Dropbox/Wzone/tmp/tmp2006/shp989_20061231b.shp,dyad_id,-1,-1,C:/Users/owner/Dropbox/Wzone/tmp/tmp2006/shp990_20061231b.shp,dyad_id,-1,-1,C:/Users/owner/Dropbox/Wzone/tmp/tmp2006/shp998_20061231b.shp,dyad_id,-1,-1,C:/Users/owner/Dropbox/Wzone/tmp/tmp2006/shp999_20061231b.shp,dyad_id,-1,-1,C:/Users/owner/Dropbox/Wzone/tmp/tmp2006/shp1007_20061231b.shp,dyad_id,-1,-1,C:/Users/owner/Dropbox/Wzone/tmp/tmp2006/shp1023_20061231b.shp,dyad_id,-1,-1,C:/Users/owner/Dropbox/Wzone/tmp/tmp2006/shp1026_20061231b.shp,dyad_id,-1,-1,C:/Users/owner/Dropbox/Wzone/tmp/tmp2006/shp1036_20061231b.shp,dyad_id,-1,-1,C:/Users/owner/Dropbox/Wzone/tmp/tmp2006/shp1040_20061231b.shp,dyad_id,-1,-1,C:/Users/owner/Dropbox/Wzone/tmp/tmp2006/shp1053_20061231b.shp,dyad_id,-1,-1,C:/Users/owner/Dropbox/Wzone/tmp/tmp2006/shp1068_20061231b.shp,dyad_id,-1,-1,C:/Users/owner/Dropbox/Wzone/tmp/tmp2006/shp1072_20061231b.shp,dyad_id,-1,-1,C:/Users/owner/Dropbox/Wzone/tmp/tmp2006/shp1073_20061231b.shp,dyad_id,-1,-1,C:/Users/owner/Dropbox/Wzone/tmp/tmp2006/shp1091_20061231b.shp,dyad_id,-1,-1,C:/Users/owner/Dropbox/Wzone/tmp/tmp2006/shp1108_20061231b.shp,dyad_id,-1,-1,C:/Users/owner/Dropbox/Wzone/tmp/tmp2006/shp1167_20061231b.shp,dyad_id,-1,-1,C:/Users/owner/Dropbox/Wzone/tmp/tmp2006/shp1176_20061231b.shp,dyad_id,-1,-1,C:/Users/owner/Dropbox/Wzone/tmp/tmp2006/shp1204_20061231b.shp,dyad_id,-1,-1,C:/Users/owner/Dropbox/Wzone/tmp/tmp2006/shp1704_20061231b.shp,dyad_id,-1,-1,C:/Users/owner/Dropbox/Wzone/tmp/tmp2006/shp5188_20061231b.shp,dyad_id,-1,-1,C:/Users/owner/Dropbox/Wzone/tmp/tmp2006/shp5201_20061231b.shp,dyad_id,-1,-1,C:/Users/owner/Dropbox/Wzone/tmp/tmp2006/shp5202_20061231b.shp,dyad_id,-1,-1,C:/Users/owner/Dropbox/Wzone/tmp/tmp2006/shp5222_20061231b.shp,dyad_id,-1,-1,C:/Users/owner/Dropbox/Wzone/tmp/tmp2006/shp5223_20061231b.shp,dyad_id,-1,-1,C:/Users/owner/Dropbox/Wzone/tmp/tmp2006/shp5266_20061231b.shp,dyad_id,-1,-1,C:/Users/owner/Dropbox/Wzone/tmp/tmp2006/shp5278_20061231b.shp,dyad_id,-1,-1,C:/Users/owner/Dropbox/Wzone/tmp/tmp2006/shp5282_20061231b.shp,dyad_id,-1,-1,C:/Users/owner/Dropbox/Wzone/tmp/tmp2006/shp5289_20061231b.shp,dyad_id,-1,-1,C:/Users/owner/Dropbox/Wzone/tmp/tmp2006/shp5293_20061231b.shp,dyad_id,-1,-1,C:/Users/owner/Dropbox/Wzone/tmp/tmp2006/shp5305_20061231b.shp,dyad_id,-1,-1,C:/Users/owner/Dropbox/Wzone/tmp/tmp2006/shp5306_20061231b.shp,dyad_id,-1,-1,C:/Users/owner/Dropbox/Wzone/tmp/tmp2006/shp5314_20061231b.shp,dyad_id,-1,-1,C:/Users/owner/Dropbox/Wzone/tmp/tmp2006/shp5324_20061231b.shp,dyad_id,-1,-1,C:/Users/owner/Dropbox/Wzone/tmp/tmp2006/shp5349_20061231b.shp,dyad_id,-1,-1,C:/Users/owner/Dropbox/Wzone/tmp/tmp2006/shp5505_20061231b.shp,dyad_id,-1,-1,C:/Users/owner/Dropbox/Wzone/tmp/tmp2006/shp5512_20061231b.shp,dyad_id,-1,-1,C:/Users/owner/Dropbox/Wzone/tmp/tmp2006/shp5534_20061231b.shp,dyad_id,-1,-1,C:/Users/owner/Dropbox/Wzone/tmp/tmp2006/shp5570_20061231b.shp,dyad_id,-1,-1,C:/Users/owner/Dropbox/Wzone/tmp/tmp2006/shp10264_20061231b.shp,dyad_id,-1,-1,C:/Users/owner/Dropbox/Wzone/tmp/tmp2006/shp10985_20061231b.shp,dyad_id,-1,-1,C:/Users/owner/Dropbox/Wzone/tmp/tmp2006/shp11123_20061231b.shp,dyad_id,-1,-1,C:/Users/owner/Dropbox/Wzone/tmp/tmp2006/shp11433_20061231b.shp,dyad_id,-1,-1,C:/Users/owner/Dropbox/Wzone/tmp/tmp2006/shp11932_20061231b.shp,dyad_id,-1,-1,C:/Users/owner/Dropbox/Wzone/tmp/tmp2006/shp11991_20061231b.shp,dyad_id,-1,-1,C:/Users/owner/Dropbox/Wzone/tmp/tmp2006/shp12102_20061231b.shp,dyad_id,-1,-1,C:/Users/owner/Dropbox/Wzone/tmp/tmp2006/shp14273_20061231b.shp,dyad_id,-1,-1,C:/Users/owner/Dropbox/Wzone/tmp/tmp2006/shp14353_20061231b.shp,dyad_id,-1,-1,C:/Users/owner/Dropbox/Wzone/tmp/tmp2006/shp15558_20061231b.shp,dyad_id,-1,-1;conf_id "conf_id" true true false 5 Long 0 5,First,#,C:/Users/owner/Dropbox/Wzone/tmp/tmp2006/shp411_20061231b.shp,conf_id,-1,-1,C:/Users/owner/Dropbox/Wzone/tmp/tmp2006/shp422_20061231b.shp,conf_id,-1,-1,C:/Users/owner/Dropbox/Wzone/tmp/tmp2006/shp428_20061231b.shp,conf_id,-1,-1,C:/Users/owner/Dropbox/Wzone/tmp/tmp2006/shp453_20061231b.shp,conf_id,-1,-1,C:/Users/owner/Dropbox/Wzone/tmp/tmp2006/shp461_20061231b.shp,conf_id,-1,-1,C:/Users/owner/Dropbox/Wzone/tmp/tmp2006/shp474_20061231b.shp,conf_id,-1,-1,C:/Users/owner/Dropbox/Wzone/tmp/tmp2006/shp478_20061231b.shp,conf_id,-1,-1,C:/Users/owner/Dropbox/Wzone/tmp/tmp2006/shp508_20061231b.shp,conf_id,-1,-1,C:/Users/owner/Dropbox/Wzone/tmp/tmp2006/shp523_20061231b.shp,conf_id,-1,-1,C:/Users/owner/Dropbox/Wzone/tmp/tmp2006/shp525_20061231b.shp,conf_id,-1,-1,C:/Users/owner/Dropbox/Wzone/tmp/tmp2006/shp550_20061231b.shp,conf_id,-1,-1,C:/Users/owner/Dropbox/Wzone/tmp/tmp2006/shp619_20061231b.shp,conf_id,-1,-1,C:/Users/owner/Dropbox/Wzone/tmp/tmp2006/shp623_20061231b.shp,conf_id,-1,-1,C:/Users/owner/Dropbox/Wzone/tmp/tmp2006/shp624_20061231b.shp,conf_id,-1,-1,C:/Users/owner/Dropbox/Wzone/tmp/tmp2006/shp657_20061231b.shp,conf_id,-1,-1,C:/Users/owner/Dropbox/Wzone/tmp/tmp2006/shp658_20061231b.shp,conf_id,-1,-1,C:/Users/owner/Dropbox/Wzone/tmp/tmp2006/shp665_20061231b.shp,conf_id,-1,-1,C:/Users/owner/Dropbox/Wzone/tmp/tmp2006/shp666_20061231b.shp,conf_id,-1,-1,C:/Users/owner/Dropbox/Wzone/tmp/tmp2006/shp668_20061231b.shp,conf_id,-1,-1,C:/Users/owner/Dropbox/Wzone/tmp/tmp2006/shp688_20061231b.shp,conf_id,-1,-1,C:/Users/owner/Dropbox/Wzone/tmp/tmp2006/shp689_20061231b.shp,conf_id,-1,-1,C:/Users/owner/Dropbox/Wzone/tmp/tmp2006/shp709_20061231b.shp,conf_id,-1,-1,C:/Users/owner/Dropbox/Wzone/tmp/tmp2006/shp719_20061231b.shp,conf_id,-1,-1,C:/Users/owner/Dropbox/Wzone/tmp/tmp2006/shp726_20061231b.shp,conf_id,-1,-1,C:/Users/owner/Dropbox/Wzone/tmp/tmp2006/shp735_20061231b.shp,conf_id,-1,-1,C:/Users/owner/Dropbox/Wzone/tmp/tmp2006/shp754_20061231b.shp,conf_id,-1,-1,C:/Users/owner/Dropbox/Wzone/tmp/tmp2006/shp755_20061231b.shp,conf_id,-1,-1,C:/Users/owner/Dropbox/Wzone/tmp/tmp2006/shp763_20061231b.shp,conf_id,-1,-1,C:/Users/owner/Dropbox/Wzone/tmp/tmp2006/shp768_20061231b.shp,conf_id,-1,-1,C:/Users/owner/Dropbox/Wzone/tmp/tmp2006/shp770_20061231b.shp,conf_id,-1,-1,C:/Users/owner/Dropbox/Wzone/tmp/tmp2006/shp781_20061231b.shp,conf_id,-1,-1,C:/Users/owner/Dropbox/Wzone/tmp/tmp2006/shp792_20061231b.shp,conf_id,-1,-1,C:/Users/owner/Dropbox/Wzone/tmp/tmp2006/shp793_20061231b.shp,conf_id,-1,-1,C:/Users/owner/Dropbox/Wzone/tmp/tmp2006/shp806_20061231b.shp,conf_id,-1,-1,C:/Users/owner/Dropbox/Wzone/tmp/tmp2006/shp830_20061231b.shp,conf_id,-1,-1,C:/Users/owner/Dropbox/Wzone/tmp/tmp2006/shp832_20061231b.shp,conf_id,-1,-1,C:/Users/owner/Dropbox/Wzone/tmp/tmp2006/shp833_20061231b.shp,conf_id,-1,-1,C:/Users/owner/Dropbox/Wzone/tmp/tmp2006/shp869_20061231b.shp,conf_id,-1,-1,C:/Users/owner/Dropbox/Wzone/tmp/tmp2006/shp875_20061231b.shp,conf_id,-1,-1,C:/Users/owner/Dropbox/Wzone/tmp/tmp2006/shp878_20061231b.shp,conf_id,-1,-1,C:/Users/owner/Dropbox/Wzone/tmp/tmp2006/shp885_20061231b.shp,conf_id,-1,-1,C:/Users/owner/Dropbox/Wzone/tmp/tmp2006/shp887_20061231b.shp,conf_id,-1,-1,C:/Users/owner/Dropbox/Wzone/tmp/tmp2006/shp888_20061231b.shp,conf_id,-1,-1,C:/Users/owner/Dropbox/Wzone/tmp/tmp2006/shp894_20061231b.shp,conf_id,-1,-1,C:/Users/owner/Dropbox/Wzone/tmp/tmp2006/shp908_20061231b.shp,conf_id,-1,-1,C:/Users/owner/Dropbox/Wzone/tmp/tmp2006/shp913_20061231b.shp,conf_id,-1,-1,C:/Users/owner/Dropbox/Wzone/tmp/tmp2006/shp914_20061231b.shp,conf_id,-1,-1,C:/Users/owner/Dropbox/Wzone/tmp/tmp2006/shp915_20061231b.shp,conf_id,-1,-1,C:/Users/owner/Dropbox/Wzone/tmp/tmp2006/shp924_20061231b.shp,conf_id,-1,-1,C:/Users/owner/Dropbox/Wzone/tmp/tmp2006/shp928_20061231b.shp,conf_id,-1,-1,C:/Users/owner/Dropbox/Wzone/tmp/tmp2006/shp930_20061231b.shp,conf_id,-1,-1,C:/Users/owner/Dropbox/Wzone/tmp/tmp2006/shp931_20061231b.shp,conf_id,-1,-1,C:/Users/owner/Dropbox/Wzone/tmp/tmp2006/shp934_20061231b.shp,conf_id,-1,-1,C:/Users/owner/Dropbox/Wzone/tmp/tmp2006/shp935_20061231b.shp,conf_id,-1,-1,C:/Users/owner/Dropbox/Wzone/tmp/tmp2006/shp936_20061231b.shp,conf_id,-1,-1,C:/Users/owner/Dropbox/Wzone/tmp/tmp2006/shp941_20061231b.shp,conf_id,-1,-1,C:/Users/owner/Dropbox/Wzone/tmp/tmp2006/shp942_20061231b.shp,conf_id,-1,-1,C:/Users/owner/Dropbox/Wzone/tmp/tmp2006/shp943_20061231b.shp,conf_id,-1,-1,C:/Users/owner/Dropbox/Wzone/tmp/tmp2006/shp947_20061231b.shp,conf_id,-1,-1,C:/Users/owner/Dropbox/Wzone/tmp/tmp2006/shp948_20061231b.shp,conf_id,-1,-1,C:/Users/owner/Dropbox/Wzone/tmp/tmp2006/shp949_20061231b.shp,conf_id,-1,-1,C:/Users/owner/Dropbox/Wzone/tmp/tmp2006/shp950_20061231b.shp,conf_id,-1,-1,C:/Users/owner/Dropbox/Wzone/tmp/tmp2006/shp951_20061231b.shp,conf_id,-1,-1,C:/Users/owner/Dropbox/Wzone/tmp/tmp2006/shp954_20061231b.shp,conf_id,-1,-1,C:/Users/owner/Dropbox/Wzone/tmp/tmp2006/shp955_20061231b.shp,conf_id,-1,-1,C:/Users/owner/Dropbox/Wzone/tmp/tmp2006/shp956_20061231b.shp,conf_id,-1,-1,C:/Users/owner/Dropbox/Wzone/tmp/tmp2006/shp957_20061231b.shp,conf_id,-1,-1,C:/Users/owner/Dropbox/Wzone/tmp/tmp2006/shp960_20061231b.shp,conf_id,-1,-1,C:/Users/owner/Dropbox/Wzone/tmp/tmp2006/shp962_20061231b.shp,conf_id,-1,-1,C:/Users/owner/Dropbox/Wzone/tmp/tmp2006/shp963_20061231b.shp,conf_id,-1,-1,C:/Users/owner/Dropbox/Wzone/tmp/tmp2006/shp966_20061231b.shp,conf_id,-1,-1,C:/Users/owner/Dropbox/Wzone/tmp/tmp2006/shp967_20061231b.shp,conf_id,-1,-1,C:/Users/owner/Dropbox/Wzone/tmp/tmp2006/shp970_20061231b.shp,conf_id,-1,-1,C:/Users/owner/Dropbox/Wzone/tmp/tmp2006/shp973_20061231b.shp,conf_id,-1,-1,C:/Users/owner/Dropbox/Wzone/tmp/tmp2006/shp976_20061231b.shp,conf_id,-1,-1,C:/Users/owner/Dropbox/Wzone/tmp/tmp2006/shp977_20061231b.shp,conf_id,-1,-1,C:/Users/owner/Dropbox/Wzone/tmp/tmp2006/shp980_20061231b.shp,conf_id,-1,-1,C:/Users/owner/Dropbox/Wzone/tmp/tmp2006/shp981_20061231b.shp,conf_id,-1,-1,C:/Users/owner/Dropbox/Wzone/tmp/tmp2006/shp984_20061231b.shp,conf_id,-1,-1,C:/Users/owner/Dropbox/Wzone/tmp/tmp2006/shp987_20061231b.shp,conf_id,-1,-1,C:/Users/owner/Dropbox/Wzone/tmp/tmp2006/shp988_20061231b.shp,conf_id,-1,-1,C:/Users/owner/Dropbox/Wzone/tmp/tmp2006/shp989_20061231b.shp,conf_id,-1,-1,C:/Users/owner/Dropbox/Wzone/tmp/tmp2006/shp990_20061231b.shp,conf_id,-1,-1,C:/Users/owner/Dropbox/Wzone/tmp/tmp2006/shp998_20061231b.shp,conf_id,-1,-1,C:/Users/owner/Dropbox/Wzone/tmp/tmp2006/shp999_20061231b.shp,conf_id,-1,-1,C:/Users/owner/Dropbox/Wzone/tmp/tmp2006/shp1007_20061231b.shp,conf_id,-1,-1,C:/Users/owner/Dropbox/Wzone/tmp/tmp2006/shp1023_20061231b.shp,conf_id,-1,-1,C:/Users/owner/Dropbox/Wzone/tmp/tmp2006/shp1026_20061231b.shp,conf_id,-1,-1,C:/Users/owner/Dropbox/Wzone/tmp/tmp2006/shp1036_20061231b.shp,conf_id,-1,-1,C:/Users/owner/Dropbox/Wzone/tmp/tmp2006/shp1040_20061231b.shp,conf_id,-1,-1,C:/Users/owner/Dropbox/Wzone/tmp/tmp2006/shp1053_20061231b.shp,conf_id,-1,-1,C:/Users/owner/Dropbox/Wzone/tmp/tmp2006/shp1068_20061231b.shp,conf_id,-1,-1,C:/Users/owner/Dropbox/Wzone/tmp/tmp2006/shp1072_20061231b.shp,conf_id,-1,-1,C:/Users/owner/Dropbox/Wzone/tmp/tmp2006/shp1073_20061231b.shp,conf_id,-1,-1,C:/Users/owner/Dropbox/Wzone/tmp/tmp2006/shp1091_20061231b.shp,conf_id,-1,-1,C:/Users/owner/Dropbox/Wzone/tmp/tmp2006/shp1108_20061231b.shp,conf_id,-1,-1,C:/Users/owner/Dropbox/Wzone/tmp/tmp2006/shp1167_20061231b.shp,conf_id,-1,-1,C:/Users/owner/Dropbox/Wzone/tmp/tmp2006/shp1176_20061231b.shp,conf_id,-1,-1,C:/Users/owner/Dropbox/Wzone/tmp/tmp2006/shp1204_20061231b.shp,conf_id,-1,-1,C:/Users/owner/Dropbox/Wzone/tmp/tmp2006/shp1704_20061231b.shp,conf_id,-1,-1,C:/Users/owner/Dropbox/Wzone/tmp/tmp2006/shp5188_20061231b.shp,conf_id,-1,-1,C:/Users/owner/Dropbox/Wzone/tmp/tmp2006/shp5201_20061231b.shp,conf_id,-1,-1,C:/Users/owner/Dropbox/Wzone/tmp/tmp2006/shp5202_20061231b.shp,conf_id,-1,-1,C:/Users/owner/Dropbox/Wzone/tmp/tmp2006/shp5222_20061231b.shp,conf_id,-1,-1,C:/Users/owner/Dropbox/Wzone/tmp/tmp2006/shp5223_20061231b.shp,conf_id,-1,-1,C:/Users/owner/Dropbox/Wzone/tmp/tmp2006/shp5266_20061231b.shp,conf_id,-1,-1,C:/Users/owner/Dropbox/Wzone/tmp/tmp2006/shp5278_20061231b.shp,conf_id,-1,-1,C:/Users/owner/Dropbox/Wzone/tmp/tmp2006/shp5282_20061231b.shp,conf_id,-1,-1,C:/Users/owner/Dropbox/Wzone/tmp/tmp2006/shp5289_20061231b.shp,conf_id,-1,-1,C:/Users/owner/Dropbox/Wzone/tmp/tmp2006/shp5293_20061231b.shp,conf_id,-1,-1,C:/Users/owner/Dropbox/Wzone/tmp/tmp2006/shp5305_20061231b.shp,conf_id,-1,-1,C:/Users/owner/Dropbox/Wzone/tmp/tmp2006/shp5306_20061231b.shp,conf_id,-1,-1,C:/Users/owner/Dropbox/Wzone/tmp/tmp2006/shp5314_20061231b.shp,conf_id,-1,-1,C:/Users/owner/Dropbox/Wzone/tmp/tmp2006/shp5324_20061231b.shp,conf_id,-1,-1,C:/Users/owner/Dropbox/Wzone/tmp/tmp2006/shp5349_20061231b.shp,conf_id,-1,-1,C:/Users/owner/Dropbox/Wzone/tmp/tmp2006/shp5505_20061231b.shp,conf_id,-1,-1,C:/Users/owner/Dropbox/Wzone/tmp/tmp2006/shp5512_20061231b.shp,conf_id,-1,-1,C:/Users/owner/Dropbox/Wzone/tmp/tmp2006/shp5534_20061231b.shp,conf_id,-1,-1,C:/Users/owner/Dropbox/Wzone/tmp/tmp2006/shp5570_20061231b.shp,conf_id,-1,-1,C:/Users/owner/Dropbox/Wzone/tmp/tmp2006/shp10264_20061231b.shp,conf_id,-1,-1,C:/Users/owner/Dropbox/Wzone/tmp/tmp2006/shp10985_20061231b.shp,conf_id,-1,-1,C:/Users/owner/Dropbox/Wzone/tmp/tmp2006/shp11123_20061231b.shp,conf_id,-1,-1,C:/Users/owner/Dropbox/Wzone/tmp/tmp2006/shp11433_20061231b.shp,conf_id,-1,-1,C:/Users/owner/Dropbox/Wzone/tmp/tmp2006/shp11932_20061231b.shp,conf_id,-1,-1,C:/Users/owner/Dropbox/Wzone/tmp/tmp2006/shp11991_20061231b.shp,conf_id,-1,-1,C:/Users/owner/Dropbox/Wzone/tmp/tmp2006/shp12102_20061231b.shp,conf_id,-1,-1,C:/Users/owner/Dropbox/Wzone/tmp/tmp2006/shp14273_20061231b.shp,conf_id,-1,-1,C:/Users/owner/Dropbox/Wzone/tmp/tmp2006/shp14353_20061231b.shp,conf_id,-1,-1,C:/Users/owner/Dropbox/Wzone/tmp/tmp2006/shp15558_20061231b.shp,conf_id,-1,-1;date "date" true true false 254 Text 0 0,First,#,C:/Users/owner/Dropbox/Wzone/tmp/tmp2006/shp411_20061231b.shp,date,0,253,C:/Users/owner/Dropbox/Wzone/tmp/tmp2006/shp422_20061231b.shp,date,0,253,C:/Users/owner/Dropbox/Wzone/tmp/tmp2006/shp428_20061231b.shp,date,0,253,C:/Users/owner/Dropbox/Wzone/tmp/tmp2006/shp453_20061231b.shp,date,0,253,C:/Users/owner/Dropbox/Wzone/tmp/tmp2006/shp461_20061231b.shp,date,0,253,C:/Users/owner/Dropbox/Wzone/tmp/tmp2006/shp474_20061231b.shp,date,0,253,C:/Users/owner/Dropbox/Wzone/tmp/tmp2006/shp478_20061231b.shp,date,0,253,C:/Users/owner/Dropbox/Wzone/tmp/tmp2006/shp508_20061231b.shp,date,0,253,C:/Users/owner/Dropbox/Wzone/tmp/tmp2006/shp523_20061231b.shp,date,0,253,C:/Users/owner/Dropbox/Wzone/tmp/tmp2006/shp525_20061231b.shp,date,0,253,C:/Users/owner/Dropbox/Wzone/tmp/tmp2006/shp550_20061231b.shp,date,0,253,C:/Users/owner/Dropbox/Wzone/tmp/tmp2006/shp619_20061231b.shp,date,0,253,C:/Users/owner/Dropbox/Wzone/tmp/tmp2006/shp623_20061231b.shp,date,0,253,C:/Users/owner/Dropbox/Wzone/tmp/tmp2006/shp624_20061231b.shp,date,0,253,C:/Users/owner/Dropbox/Wzone/tmp/tmp2006/shp657_20061231b.shp,date,0,253,C:/Users/owner/Dropbox/Wzone/tmp/tmp2006/shp658_20061231b.shp,date,0,253,C:/Users/owner/Dropbox/Wzone/tmp/tmp2006/shp665_20061231b.shp,date,0,253,C:/Users/owner/Dropbox/Wzone/tmp/tmp2006/shp666_20061231b.shp,date,0,253,C:/Users/owner/Dropbox/Wzone/tmp/tmp2006/shp668_20061231b.shp,date,0,253,C:/Users/owner/Dropbox/Wzone/tmp/tmp2006/shp688_20061231b.shp,date,0,253,C:/Users/owner/Dropbox/Wzone/tmp/tmp2006/shp689_20061231b.shp,date,0,253,C:/Users/owner/Dropbox/Wzone/tmp/tmp2006/shp709_20061231b.shp,date,0,253,C:/Users/owner/Dropbox/Wzone/tmp/tmp2006/shp719_20061231b.shp,date,0,253,C:/Users/owner/Dropbox/Wzone/tmp/tmp2006/shp726_20061231b.shp,date,0,253,C:/Users/owner/Dropbox/Wzone/tmp/tmp2006/shp735_20061231b.shp,date,0,253,C:/Users/owner/Dropbox/Wzone/tmp/tmp2006/shp754_20061231b.shp,date,0,253,C:/Users/owner/Dropbox/Wzone/tmp/tmp2006/shp755_20061231b.shp,date,0,253,C:/Users/owner/Dropbox/Wzone/tmp/tmp2006/shp763_20061231b.shp,date,0,253,C:/Users/owner/Dropbox/Wzone/tmp/tmp2006/shp768_20061231b.shp,date,0,253,C:/Users/owner/Dropbox/Wzone/tmp/tmp2006/shp770_20061231b.shp,date,0,253,C:/Users/owner/Dropbox/Wzone/tmp/tmp2006/shp781_20061231b.shp,date,0,253,C:/Users/owner/Dropbox/Wzone/tmp/tmp2006/shp792_20061231b.shp,date,0,253,C:/Users/owner/Dropbox/Wzone/tmp/tmp2006/shp793_20061231b.shp,date,0,253,C:/Users/owner/Dropbox/Wzone/tmp/tmp2006/shp806_20061231b.shp,date,0,253,C:/Users/owner/Dropbox/Wzone/tmp/tmp2006/shp830_20061231b.shp,date,0,253,C:/Users/owner/Dropbox/Wzone/tmp/tmp2006/shp832_20061231b.shp,date,0,253,C:/Users/owner/Dropbox/Wzone/tmp/tmp2006/shp833_20061231b.shp,date,0,253,C:/Users/owner/Dropbox/Wzone/tmp/tmp2006/shp869_20061231b.shp,date,0,253,C:/Users/owner/Dropbox/Wzone/tmp/tmp2006/shp875_20061231b.shp,date,0,253,C:/Users/owner/Dropbox/Wzone/tmp/tmp2006/shp878_20061231b.shp,date,0,253,C:/Users/owner/Dropbox/Wzone/tmp/tmp2006/shp885_20061231b.shp,date,0,253,C:/Users/owner/Dropbox/Wzone/tmp/tmp2006/shp887_20061231b.shp,date,0,253,C:/Users/owner/Dropbox/Wzone/tmp/tmp2006/shp888_20061231b.shp,date,0,253,C:/Users/owner/Dropbox/Wzone/tmp/tmp2006/shp894_20061231b.shp,date,0,253,C:/Users/owner/Dropbox/Wzone/tmp/tmp2006/shp908_20061231b.shp,date,0,253,C:/Users/owner/Dropbox/Wzone/tmp/tmp2006/shp913_20061231b.shp,date,0,253,C:/Users/owner/Dropbox/Wzone/tmp/tmp2006/shp914_20061231b.shp,date,0,253,C:/Users/owner/Dropbox/Wzone/tmp/tmp2006/shp915_20061231b.shp,date,0,253,C:/Users/owner/Dropbox/Wzone/tmp/tmp2006/shp924_20061231b.shp,date,0,253,C:/Users/owner/Dropbox/Wzone/tmp/tmp2006/shp928_20061231b.shp,date,0,253,C:/Users/owner/Dropbox/Wzone/tmp/tmp2006/shp930_20061231b.shp,date,0,253,C:/Users/owner/Dropbox/Wzone/tmp/tmp2006/shp931_20061231b.shp,date,0,253,C:/Users/owner/Dropbox/Wzone/tmp/tmp2006/shp934_20061231b.shp,date,0,253,C:/Users/owner/Dropbox/Wzone/tmp/tmp2006/shp935_20061231b.shp,date,0,253,C:/Users/owner/Dropbox/Wzone/tmp/tmp2006/shp936_20061231b.shp,date,0,253,C:/Users/owner/Dropbox/Wzone/tmp/tmp2006/shp941_20061231b.shp,date,0,253,C:/Users/owner/Dropbox/Wzone/tmp/tmp2006/shp942_20061231b.shp,date,0,253,C:/Users/owner/Dropbox/Wzone/tmp/tmp2006/shp943_20061231b.shp,date,0,253,C:/Users/owner/Dropbox/Wzone/tmp/tmp2006/shp947_20061231b.shp,date,0,253,C:/Users/owner/Dropbox/Wzone/tmp/tmp2006/shp948_20061231b.shp,date,0,253,C:/Users/owner/Dropbox/Wzone/tmp/tmp2006/shp949_20061231b.shp,date,0,253,C:/Users/owner/Dropbox/Wzone/tmp/tmp2006/shp950_20061231b.shp,date,0,253,C:/Users/owner/Dropbox/Wzone/tmp/tmp2006/shp951_20061231b.shp,date,0,253,C:/Users/owner/Dropbox/Wzone/tmp/tmp2006/shp954_20061231b.shp,date,0,253,C:/Users/owner/Dropbox/Wzone/tmp/tmp2006/shp955_20061231b.shp,date,0,253,C:/Users/owner/Dropbox/Wzone/tmp/tmp2006/shp956_20061231b.shp,date,0,253,C:/Users/owner/Dropbox/Wzone/tmp/tmp2006/shp957_20061231b.shp,date,0,253,C:/Users/owner/Dropbox/Wzone/tmp/tmp2006/shp960_20061231b.shp,date,0,253,C:/Users/owner/Dropbox/Wzone/tmp/tmp2006/shp962_20061231b.shp,date,0,253,C:/Users/owner/Dropbox/Wzone/tmp/tmp2006/shp963_20061231b.shp,date,0,253,C:/Users/owner/Dropbox/Wzone/tmp/tmp2006/shp966_20061231b.shp,date,0,253,C:/Users/owner/Dropbox/Wzone/tmp/tmp2006/shp967_20061231b.shp,date,0,253,C:/Users/owner/Dropbox/Wzone/tmp/tmp2006/shp970_20061231b.shp,date,0,253,C:/Users/owner/Dropbox/Wzone/tmp/tmp2006/shp973_20061231b.shp,date,0,253,C:/Users/owner/Dropbox/Wzone/tmp/tmp2006/shp976_20061231b.shp,date,0,253,C:/Users/owner/Dropbox/Wzone/tmp/tmp2006/shp977_20061231b.shp,date,0,253,C:/Users/owner/Dropbox/Wzone/tmp/tmp2006/shp980_20061231b.shp,date,0,253,C:/Users/owner/Dropbox/Wzone/tmp/tmp2006/shp981_20061231b.shp,date,0,253,C:/Users/owner/Dropbox/Wzone/tmp/tmp2006/shp984_20061231b.shp,date,0,253,C:/Users/owner/Dropbox/Wzone/tmp/tmp2006/shp987_20061231b.shp,date,0,253,C:/Users/owner/Dropbox/Wzone/tmp/tmp2006/shp988_20061231b.shp,date,0,253,C:/Users/owner/Dropbox/Wzone/tmp/tmp2006/shp989_20061231b.shp,date,0,253,C:/Users/owner/Dropbox/Wzone/tmp/tmp2006/shp990_20061231b.shp,date,0,253,C:/Users/owner/Dropbox/Wzone/tmp/tmp2006/shp998_20061231b.shp,date,0,253,C:/Users/owner/Dropbox/Wzone/tmp/tmp2006/shp999_20061231b.shp,date,0,253,C:/Users/owner/Dropbox/Wzone/tmp/tmp2006/shp1007_20061231b.shp,date,0,253,C:/Users/owner/Dropbox/Wzone/tmp/tmp2006/shp1023_20061231b.shp,date,0,253,C:/Users/owner/Dropbox/Wzone/tmp/tmp2006/shp1026_20061231b.shp,date,0,253,C:/Users/owner/Dropbox/Wzone/tmp/tmp2006/shp1036_20061231b.shp,date,0,253,C:/Users/owner/Dropbox/Wzone/tmp/tmp2006/shp1040_20061231b.shp,date,0,253,C:/Users/owner/Dropbox/Wzone/tmp/tmp2006/shp1053_20061231b.shp,date,0,253,C:/Users/owner/Dropbox/Wzone/tmp/tmp2006/shp1068_20061231b.shp,date,0,253,C:/Users/owner/Dropbox/Wzone/tmp/tmp2006/shp1072_20061231b.shp,date,0,253,C:/Users/owner/Dropbox/Wzone/tmp/tmp2006/shp1073_20061231b.shp,date,0,253,C:/Users/owner/Dropbox/Wzone/tmp/tmp2006/shp1091_20061231b.shp,date,0,253,C:/Users/owner/Dropbox/Wzone/tmp/tmp2006/shp1108_20061231b.shp,date,0,253,C:/Users/owner/Dropbox/Wzone/tmp/tmp2006/shp1167_20061231b.shp,date,0,253,C:/Users/owner/Dropbox/Wzone/tmp/tmp2006/shp1176_20061231b.shp,date,0,253,C:/Users/owner/Dropbox/Wzone/tmp/tmp2006/shp1204_20061231b.shp,date,0,253,C:/Users/owner/Dropbox/Wzone/tmp/tmp2006/shp1704_20061231b.shp,date,0,253,C:/Users/owner/Dropbox/Wzone/tmp/tmp2006/shp5188_20061231b.shp,date,0,253,C:/Users/owner/Dropbox/Wzone/tmp/tmp2006/shp5201_20061231b.shp,date,0,253,C:/Users/owner/Dropbox/Wzone/tmp/tmp2006/shp5202_20061231b.shp,date,0,253,C:/Users/owner/Dropbox/Wzone/tmp/tmp2006/shp5222_20061231b.shp,date,0,253,C:/Users/owner/Dropbox/Wzone/tmp/tmp2006/shp5223_20061231b.shp,date,0,253,C:/Users/owner/Dropbox/Wzone/tmp/tmp2006/shp5266_20061231b.shp,date,0,253,C:/Users/owner/Dropbox/Wzone/tmp/tmp2006/shp5278_20061231b.shp,date,0,253,C:/Users/owner/Dropbox/Wzone/tmp/tmp2006/shp5282_20061231b.shp,date,0,253,C:/Users/owner/Dropbox/Wzone/tmp/tmp2006/shp5289_20061231b.shp,date,0,253,C:/Users/owner/Dropbox/Wzone/tmp/tmp2006/shp5293_20061231b.shp,date,0,253,C:/Users/owner/Dropbox/Wzone/tmp/tmp2006/shp5305_20061231b.shp,date,0,253,C:/Users/owner/Dropbox/Wzone/tmp/tmp2006/shp5306_20061231b.shp,date,0,253,C:/Users/owner/Dropbox/Wzone/tmp/tmp2006/shp5314_20061231b.shp,date,0,253,C:/Users/owner/Dropbox/Wzone/tmp/tmp2006/shp5324_20061231b.shp,date,0,253,C:/Users/owner/Dropbox/Wzone/tmp/tmp2006/shp5349_20061231b.shp,date,0,253,C:/Users/owner/Dropbox/Wzone/tmp/tmp2006/shp5505_20061231b.shp,date,0,253,C:/Users/owner/Dropbox/Wzone/tmp/tmp2006/shp5512_20061231b.shp,date,0,253,C:/Users/owner/Dropbox/Wzone/tmp/tmp2006/shp5534_20061231b.shp,date,0,253,C:/Users/owner/Dropbox/Wzone/tmp/tmp2006/shp5570_20061231b.shp,date,0,253,C:/Users/owner/Dropbox/Wzone/tmp/tmp2006/shp10264_20061231b.shp,date,0,253,C:/Users/owner/Dropbox/Wzone/tmp/tmp2006/shp10985_20061231b.shp,date,0,253,C:/Users/owner/Dropbox/Wzone/tmp/tmp2006/shp11123_20061231b.shp,date,0,253,C:/Users/owner/Dropbox/Wzone/tmp/tmp2006/shp11433_20061231b.shp,date,0,253,C:/Users/owner/Dropbox/Wzone/tmp/tmp2006/shp11932_20061231b.shp,date,0,253,C:/Users/owner/Dropbox/Wzone/tmp/tmp2006/shp11991_20061231b.shp,date,0,253,C:/Users/owner/Dropbox/Wzone/tmp/tmp2006/shp12102_20061231b.shp,date,0,253,C:/Users/owner/Dropbox/Wzone/tmp/tmp2006/shp14273_20061231b.shp,date,0,253,C:/Users/owner/Dropbox/Wzone/tmp/tmp2006/shp14353_20061231b.shp,date,0,253,C:/Users/owner/Dropbox/Wzone/tmp/tmp2006/shp15558_20061231b.shp,date,0,253" NO_SOURCE_INFO</Process><Process ToolSource="c:\program files\arcgis\pro\Resources\ArcToolbox\toolboxes\Data Management Tools.tbx\DefineProjection" Date="20240715" Time="205625">DefineProjection C:/Users/owner/Dropbox/Wzone/out/wzone_shp/2006/2006_12_31.shp GEOGCS["GCS_WGS_1984",DATUM["D_WGS_1984",SPHEROID["WGS_1984",6378137.0,298.257223563]],PRIMEM["Greenwich",0.0],UNIT["Degree",0.0174532925199433]]</Process></lineage></DataProperties><SyncDate>20240715</SyncDate><SyncTime>20562400</SyncTime><ModDate>20240715</ModDate><ModTime>20562400</ModTime></Esri><dataIdInfo><envirDesc Sync="TRUE">Microsoft Windows 10 Version 10.0 (Build 19045) ; Esri ArcGIS 13.2.2.49743</envirDesc><dataLang><languageCode value="eng" Sync="TRUE"></languageCode><countryCode value="USA" Sync="TRUE"></countryCode></dataLang><idCitation><resTitle Sync="TRUE">2006_12_31</resTitle><presForm><PresFormCd value="005" Sync="TRUE"></PresFormCd></presForm></idCitation><spatRpType><SpatRepTypCd value="001" Sync="TRUE"></SpatRepTypCd></spatRpType></dataIdInfo><mdLang><languageCode value="eng" Sync="TRUE"></languageCode><countryCode value="USA" Sync="TRUE"></countryCode></mdLang><mdChar><CharSetCd value="004" Sync="TRUE"></CharSetCd></mdChar><distInfo><distFormat><formatName Sync="TRUE">Shapefile</formatName></distFormat><distTranOps><transSize Sync="TRUE">0.000</transSize></distTranOps></distInfo><mdHrLv><ScopeCd value="005" Sync="TRUE"></ScopeCd></mdHrLv><mdHrLvName Sync="TRUE">dataset</mdHrLvName><spatRepInfo><VectSpatRep><geometObjs Name="2006_12_31"><geoObjTyp><GeoObjTypCd value="002" Sync="TRUE"></GeoObjTypCd></geoObjTyp><geoObjCnt Sync="TRUE">0</geoObjCnt></geometObjs><topLvl><TopoLevCd value="001" Sync="TRUE"></TopoLevCd></topLvl></VectSpatRep></spatRepInfo><spdoinfo><ptvctinf><esriterm Name="2006_12_31"><efeatyp Sync="TRUE">Simple</efeatyp><efeageom code="4" Sync="TRUE"></efeageom><esritopo Sync="TRUE">FALSE</esritopo><efeacnt Sync="TRUE">0</efeacnt><spindex Sync="TRUE">FALSE</spindex><linrefer Sync="TRUE">FALSE</linrefer></esriterm></ptvctinf></spdoinfo><eainfo><detailed Name="2006_12_31"><enttyp><enttypl Sync="TRUE">2006_12_31</enttypl><enttypt Sync="TRUE">Feature Class</enttypt><enttypc Sync="TRUE">0</enttypc></enttyp><attr><attrlabl Sync="TRUE">FID</attrlabl><attalias Sync="TRUE">FID</attalias><attrtype Sync="TRUE">OID</attrtype><attwidth Sync="TRUE">4</attwidth><atprecis Sync="TRUE">0</atprecis><attscale Sync="TRUE">0</attscale><attrdef Sync="TRUE">Internal feature number.</attrdef><attrdefs Sync="TRUE">Esri</attrdefs><attrdomv><udom Sync="TRUE">Sequential unique whole numbers that are automatically generated.</udom></attrdomv></attr><attr><attrlabl Sync="TRUE">Shape</attrlabl><attalias Sync="TRUE">Shape</attalias><attrtype Sync="TRUE">Geometry</attrtype><attwidth Sync="TRUE">0</attwidth><atprecis Sync="TRUE">0</atprecis><attscale Sync="TRUE">0</attscale><attrdef Sync="TRUE">Feature geometry.</attrdef><attrdefs Sync="TRUE">Esri</attrdefs><attrdomv><udom Sync="TRUE">Coordinates defining the features.</udom></attrdomv></attr><attr><attrlabl Sync="TRUE">dyad_id</attrlabl><attalias Sync="TRUE">dyad_id</attalias><attrtype Sync="TRUE">Integer</attrtype><attwidth Sync="TRUE">5</attwidth><atprecis Sync="TRUE">5</atprecis><attscale Sync="TRUE">0</attscale></attr><attr><attrlabl Sync="TRUE">conf_id</attrlabl><attalias Sync="TRUE">conf_id</attalias><attrtype Sync="TRUE">Integer</attrtype><attwidth Sync="TRUE">5</attwidth><atprecis Sync="TRUE">5</atprecis><attscale Sync="TRUE">0</attscale></attr><attr><attrlabl Sync="TRUE">date</attrlabl><attalias Sync="TRUE">date</attalias><attrtype Sync="TRUE">String</attrtype><attwidth Sync="TRUE">254</attwidth><atprecis Sync="TRUE">0</atprecis><attscale Sync="TRUE">0</attscale></attr></detailed></eainfo><mdDateSt Sync="TRUE">20240715</mdDateSt></metadata>
