<?xml version="1.0" encoding="UTF-8"?>
<metadata xml:lang="en"><Esri><CreaDate>20240715</CreaDate><CreaTime>14393700</CreaTime><ArcGISFormat>1.0</ArcGISFormat><SyncOnce>FALSE</SyncOnce><DataProperties><itemProps><itemName Sync="TRUE">2007_12_31</itemName><imsContentType Sync="TRUE">002</imsContentType><itemSize Sync="TRUE">0.000</itemSize><itemLocation><linkage Sync="TRUE">file://\\DESKTOP-48J08HF\C$\Users\owner\Dropbox\Wzone\out\wzone_shp\2007\2007_12_31.shp</linkage><protocol Sync="TRUE">Local Area Network</protocol></itemLocation></itemProps><lineage><Process ToolSource="c:\program files\arcgis\pro\Resources\ArcToolbox\toolboxes\Analysis Tools.tbx\Select" Date="20240715" Time="143937">Select in_memory/shp2007411_20071231a C:\Users\owner\Dropbox\Wzone\tmp\tmp2007\shp411_20071231b.shp ""gridcode" &gt; 0"</Process><Process ToolSource="c:\program files\arcgis\pro\Resources\ArcToolbox\toolboxes\Data Management Tools.tbx\AddField" Date="20240715" Time="143937">AddField C:/Users/owner/Dropbox/Wzone/tmp/tmp2007/shp411_20071231b.shp dyad_id "Short (16-bit integer)" # # # # NULLABLE NON_REQUIRED #</Process><Process ToolSource="c:\program files\arcgis\pro\Resources\ArcToolbox\toolboxes\Data Management Tools.tbx\AddField" Date="20240715" Time="143938">AddField C:/Users/owner/Dropbox/Wzone/tmp/tmp2007/shp411_20071231b.shp conf_id "Short (16-bit integer)" # # # # NULLABLE NON_REQUIRED #</Process><Process ToolSource="c:\program files\arcgis\pro\Resources\ArcToolbox\toolboxes\Data Management Tools.tbx\AddField" Date="20240715" Time="143938">AddField C:/Users/owner/Dropbox/Wzone/tmp/tmp2007/shp411_20071231b.shp date Text # # # # NULLABLE NON_REQUIRED #</Process><Process ToolSource="c:\program files\arcgis\pro\Resources\ArcToolbox\toolboxes\Data Management Tools.tbx\DeleteField" Date="20240715" Time="143938">DeleteField C:/Users/owner/Dropbox/Wzone/tmp/tmp2007/shp411_20071231b.shp Id "Delete Fields"</Process><Process ToolSource="c:\program files\arcgis\pro\Resources\ArcToolbox\toolboxes\Data Management Tools.tbx\DeleteField" Date="20240715" Time="143938">DeleteField C:/Users/owner/Dropbox/Wzone/tmp/tmp2007/shp411_20071231b.shp gridcode "Delete Fields"</Process><Process ToolSource="c:\program files\arcgis\pro\Resources\ArcToolbox\toolboxes\Data Management Tools.tbx\Merge" Date="20240715" Time="144243">Merge C:/Users/owner/Dropbox/Wzone/tmp/tmp2007/shp411_20071231b.shp;C:/Users/owner/Dropbox/Wzone/tmp/tmp2007/shp422_20071231b.shp;C:/Users/owner/Dropbox/Wzone/tmp/tmp2007/shp428_20071231b.shp;C:/Users/owner/Dropbox/Wzone/tmp/tmp2007/shp453_20071231b.shp;C:/Users/owner/Dropbox/Wzone/tmp/tmp2007/shp461_20071231b.shp;C:/Users/owner/Dropbox/Wzone/tmp/tmp2007/shp474_20071231b.shp;C:/Users/owner/Dropbox/Wzone/tmp/tmp2007/shp478_20071231b.shp;C:/Users/owner/Dropbox/Wzone/tmp/tmp2007/shp508_20071231b.shp;C:/Users/owner/Dropbox/Wzone/tmp/tmp2007/shp550_20071231b.shp;C:/Users/owner/Dropbox/Wzone/tmp/tmp2007/shp623_20071231b.shp;C:/Users/owner/Dropbox/Wzone/tmp/tmp2007/shp624_20071231b.shp;C:/Users/owner/Dropbox/Wzone/tmp/tmp2007/shp657_20071231b.shp;C:/Users/owner/Dropbox/Wzone/tmp/tmp2007/shp658_20071231b.shp;C:/Users/owner/Dropbox/Wzone/tmp/tmp2007/shp665_20071231b.shp;C:/Users/owner/Dropbox/Wzone/tmp/tmp2007/shp666_20071231b.shp;C:/Users/owner/Dropbox/Wzone/tmp/tmp2007/shp669_20071231b.shp;C:/Users/owner/Dropbox/Wzone/tmp/tmp2007/shp688_20071231b.shp;C:/Users/owner/Dropbox/Wzone/tmp/tmp2007/shp689_20071231b.shp;C:/Users/owner/Dropbox/Wzone/tmp/tmp2007/shp709_20071231b.shp;C:/Users/owner/Dropbox/Wzone/tmp/tmp2007/shp711_20071231b.shp;C:/Users/owner/Dropbox/Wzone/tmp/tmp2007/shp719_20071231b.shp;C:/Users/owner/Dropbox/Wzone/tmp/tmp2007/shp726_20071231b.shp;C:/Users/owner/Dropbox/Wzone/tmp/tmp2007/shp735_20071231b.shp;C:/Users/owner/Dropbox/Wzone/tmp/tmp2007/shp754_20071231b.shp;C:/Users/owner/Dropbox/Wzone/tmp/tmp2007/shp755_20071231b.shp;C:/Users/owner/Dropbox/Wzone/tmp/tmp2007/shp768_20071231b.shp;C:/Users/owner/Dropbox/Wzone/tmp/tmp2007/shp770_20071231b.shp;C:/Users/owner/Dropbox/Wzone/tmp/tmp2007/shp771_20071231b.shp;C:/Users/owner/Dropbox/Wzone/tmp/tmp2007/shp781_20071231b.shp;C:/Users/owner/Dropbox/Wzone/tmp/tmp2007/shp792_20071231b.shp;C:/Users/owner/Dropbox/Wzone/tmp/tmp2007/shp793_20071231b.shp;C:/Users/owner/Dropbox/Wzone/tmp/tmp2007/shp802_20071231b.shp;C:/Users/owner/Dropbox/Wzone/tmp/tmp2007/shp806_20071231b.shp;C:/Users/owner/Dropbox/Wzone/tmp/tmp2007/shp830_20071231b.shp;C:/Users/owner/Dropbox/Wzone/tmp/tmp2007/shp832_20071231b.shp;C:/Users/owner/Dropbox/Wzone/tmp/tmp2007/shp857_20071231b.shp;C:/Users/owner/Dropbox/Wzone/tmp/tmp2007/shp869_20071231b.shp;C:/Users/owner/Dropbox/Wzone/tmp/tmp2007/shp878_20071231b.shp;C:/Users/owner/Dropbox/Wzone/tmp/tmp2007/shp885_20071231b.shp;C:/Users/owner/Dropbox/Wzone/tmp/tmp2007/shp888_20071231b.shp;C:/Users/owner/Dropbox/Wzone/tmp/tmp2007/shp894_20071231b.shp;C:/Users/owner/Dropbox/Wzone/tmp/tmp2007/shp897_20071231b.shp;C:/Users/owner/Dropbox/Wzone/tmp/tmp2007/shp901_20071231b.shp;C:/Users/owner/Dropbox/Wzone/tmp/tmp2007/shp908_20071231b.shp;C:/Users/owner/Dropbox/Wzone/tmp/tmp2007/shp913_20071231b.shp;C:/Users/owner/Dropbox/Wzone/tmp/tmp2007/shp914_20071231b.shp;C:/Users/owner/Dropbox/Wzone/tmp/tmp2007/shp915_20071231b.shp;C:/Users/owner/Dropbox/Wzone/tmp/tmp2007/shp924_20071231b.shp;C:/Users/owner/Dropbox/Wzone/tmp/tmp2007/shp930_20071231b.shp;C:/Users/owner/Dropbox/Wzone/tmp/tmp2007/shp931_20071231b.shp;C:/Users/owner/Dropbox/Wzone/tmp/tmp2007/shp934_20071231b.shp;C:/Users/owner/Dropbox/Wzone/tmp/tmp2007/shp935_20071231b.shp;C:/Users/owner/Dropbox/Wzone/tmp/tmp2007/shp936_20071231b.shp;C:/Users/owner/Dropbox/Wzone/tmp/tmp2007/shp941_20071231b.shp;C:/Users/owner/Dropbox/Wzone/tmp/tmp2007/shp942_20071231b.shp;C:/Users/owner/Dropbox/Wzone/tmp/tmp2007/shp943_20071231b.shp;C:/Users/owner/Dropbox/Wzone/tmp/tmp2007/shp947_20071231b.shp;C:/Users/owner/Dropbox/Wzone/tmp/tmp2007/shp948_20071231b.shp;C:/Users/owner/Dropbox/Wzone/tmp/tmp2007/shp949_20071231b.shp;C:/Users/owner/Dropbox/Wzone/tmp/tmp2007/shp950_20071231b.shp;C:/Users/owner/Dropbox/Wzone/tmp/tmp2007/shp951_20071231b.shp;C:/Users/owner/Dropbox/Wzone/tmp/tmp2007/shp954_20071231b.shp;C:/Users/owner/Dropbox/Wzone/tmp/tmp2007/shp955_20071231b.shp;C:/Users/owner/Dropbox/Wzone/tmp/tmp2007/shp956_20071231b.shp;C:/Users/owner/Dropbox/Wzone/tmp/tmp2007/shp957_20071231b.shp;C:/Users/owner/Dropbox/Wzone/tmp/tmp2007/shp962_20071231b.shp;C:/Users/owner/Dropbox/Wzone/tmp/tmp2007/shp963_20071231b.shp;C:/Users/owner/Dropbox/Wzone/tmp/tmp2007/shp966_20071231b.shp;C:/Users/owner/Dropbox/Wzone/tmp/tmp2007/shp967_20071231b.shp;C:/Users/owner/Dropbox/Wzone/tmp/tmp2007/shp970_20071231b.shp;C:/Users/owner/Dropbox/Wzone/tmp/tmp2007/shp973_20071231b.shp;C:/Users/owner/Dropbox/Wzone/tmp/tmp2007/shp976_20071231b.shp;C:/Users/owner/Dropbox/Wzone/tmp/tmp2007/shp977_20071231b.shp;C:/Users/owner/Dropbox/Wzone/tmp/tmp2007/shp980_20071231b.shp;C:/Users/owner/Dropbox/Wzone/tmp/tmp2007/shp981_20071231b.shp;C:/Users/owner/Dropbox/Wzone/tmp/tmp2007/shp984_20071231b.shp;C:/Users/owner/Dropbox/Wzone/tmp/tmp2007/shp987_20071231b.shp;C:/Users/owner/Dropbox/Wzone/tmp/tmp2007/shp988_20071231b.shp;C:/Users/owner/Dropbox/Wzone/tmp/tmp2007/shp989_20071231b.shp;C:/Users/owner/Dropbox/Wzone/tmp/tmp2007/shp990_20071231b.shp;C:/Users/owner/Dropbox/Wzone/tmp/tmp2007/shp997_20071231b.shp;C:/Users/owner/Dropbox/Wzone/tmp/tmp2007/shp998_20071231b.shp;C:/Users/owner/Dropbox/Wzone/tmp/tmp2007/shp999_20071231b.shp;C:/Users/owner/Dropbox/Wzone/tmp/tmp2007/shp1007_20071231b.shp;C:/Users/owner/Dropbox/Wzone/tmp/tmp2007/shp1023_20071231b.shp;C:/Users/owner/Dropbox/Wzone/tmp/tmp2007/shp1026_20071231b.shp;C:/Users/owner/Dropbox/Wzone/tmp/tmp2007/shp1036_20071231b.shp;C:/Users/owner/Dropbox/Wzone/tmp/tmp2007/shp1040_20071231b.shp;C:/Users/owner/Dropbox/Wzone/tmp/tmp2007/shp1053_20071231b.shp;C:/Users/owner/Dropbox/Wzone/tmp/tmp2007/shp1068_20071231b.shp;C:/Users/owner/Dropbox/Wzone/tmp/tmp2007/shp1072_20071231b.shp;C:/Users/owner/Dropbox/Wzone/tmp/tmp2007/shp1073_20071231b.shp;C:/Users/owner/Dropbox/Wzone/tmp/tmp2007/shp1091_20071231b.shp;C:/Users/owner/Dropbox/Wzone/tmp/tmp2007/shp1108_20071231b.shp;C:/Users/owner/Dropbox/Wzone/tmp/tmp2007/shp1167_20071231b.shp;C:/Users/owner/Dropbox/Wzone/tmp/tmp2007/shp1176_20071231b.shp;C:/Users/owner/Dropbox/Wzone/tmp/tmp2007/shp1204_20071231b.shp;C:/Users/owner/Dropbox/Wzone/tmp/tmp2007/shp1704_20071231b.shp;C:/Users/owner/Dropbox/Wzone/tmp/tmp2007/shp4203_20071231b.shp;C:/Users/owner/Dropbox/Wzone/tmp/tmp2007/shp5189_20071231b.shp;C:/Users/owner/Dropbox/Wzone/tmp/tmp2007/shp5201_20071231b.shp;C:/Users/owner/Dropbox/Wzone/tmp/tmp2007/shp5222_20071231b.shp;C:/Users/owner/Dropbox/Wzone/tmp/tmp2007/shp5243_20071231b.shp;C:/Users/owner/Dropbox/Wzone/tmp/tmp2007/shp5262_20071231b.shp;C:/Users/owner/Dropbox/Wzone/tmp/tmp2007/shp5266_20071231b.shp;C:/Users/owner/Dropbox/Wzone/tmp/tmp2007/shp5278_20071231b.shp;C:/Users/owner/Dropbox/Wzone/tmp/tmp2007/shp5282_20071231b.shp;C:/Users/owner/Dropbox/Wzone/tmp/tmp2007/shp5289_20071231b.shp;C:/Users/owner/Dropbox/Wzone/tmp/tmp2007/shp5293_20071231b.shp;C:/Users/owner/Dropbox/Wzone/tmp/tmp2007/shp5305_20071231b.shp;C:/Users/owner/Dropbox/Wzone/tmp/tmp2007/shp5306_20071231b.shp;C:/Users/owner/Dropbox/Wzone/tmp/tmp2007/shp5314_20071231b.shp;C:/Users/owner/Dropbox/Wzone/tmp/tmp2007/shp5349_20071231b.shp;C:/Users/owner/Dropbox/Wzone/tmp/tmp2007/shp5460_20071231b.shp;C:/Users/owner/Dropbox/Wzone/tmp/tmp2007/shp5505_20071231b.shp;C:/Users/owner/Dropbox/Wzone/tmp/tmp2007/shp5512_20071231b.shp;C:/Users/owner/Dropbox/Wzone/tmp/tmp2007/shp5534_20071231b.shp;C:/Users/owner/Dropbox/Wzone/tmp/tmp2007/shp5570_20071231b.shp;C:/Users/owner/Dropbox/Wzone/tmp/tmp2007/shp10264_20071231b.shp;C:/Users/owner/Dropbox/Wzone/tmp/tmp2007/shp10985_20071231b.shp;C:/Users/owner/Dropbox/Wzone/tmp/tmp2007/shp11123_20071231b.shp;C:/Users/owner/Dropbox/Wzone/tmp/tmp2007/shp11433_20071231b.shp;C:/Users/owner/Dropbox/Wzone/tmp/tmp2007/shp11932_20071231b.shp;C:/Users/owner/Dropbox/Wzone/tmp/tmp2007/shp11991_20071231b.shp;C:/Users/owner/Dropbox/Wzone/tmp/tmp2007/shp12102_20071231b.shp;C:/Users/owner/Dropbox/Wzone/tmp/tmp2007/shp14273_20071231b.shp;C:/Users/owner/Dropbox/Wzone/tmp/tmp2007/shp14353_20071231b.shp C:\Users\owner\Dropbox\Wzone\out\wzone_shp\2007\2007_12_31.shp "dyad_id "dyad_id" true true false 5 Long 0 5,First,#,C:/Users/owner/Dropbox/Wzone/tmp/tmp2007/shp411_20071231b.shp,dyad_id,-1,-1,C:/Users/owner/Dropbox/Wzone/tmp/tmp2007/shp422_20071231b.shp,dyad_id,-1,-1,C:/Users/owner/Dropbox/Wzone/tmp/tmp2007/shp428_20071231b.shp,dyad_id,-1,-1,C:/Users/owner/Dropbox/Wzone/tmp/tmp2007/shp453_20071231b.shp,dyad_id,-1,-1,C:/Users/owner/Dropbox/Wzone/tmp/tmp2007/shp461_20071231b.shp,dyad_id,-1,-1,C:/Users/owner/Dropbox/Wzone/tmp/tmp2007/shp474_20071231b.shp,dyad_id,-1,-1,C:/Users/owner/Dropbox/Wzone/tmp/tmp2007/shp478_20071231b.shp,dyad_id,-1,-1,C:/Users/owner/Dropbox/Wzone/tmp/tmp2007/shp508_20071231b.shp,dyad_id,-1,-1,C:/Users/owner/Dropbox/Wzone/tmp/tmp2007/shp550_20071231b.shp,dyad_id,-1,-1,C:/Users/owner/Dropbox/Wzone/tmp/tmp2007/shp623_20071231b.shp,dyad_id,-1,-1,C:/Users/owner/Dropbox/Wzone/tmp/tmp2007/shp624_20071231b.shp,dyad_id,-1,-1,C:/Users/owner/Dropbox/Wzone/tmp/tmp2007/shp657_20071231b.shp,dyad_id,-1,-1,C:/Users/owner/Dropbox/Wzone/tmp/tmp2007/shp658_20071231b.shp,dyad_id,-1,-1,C:/Users/owner/Dropbox/Wzone/tmp/tmp2007/shp665_20071231b.shp,dyad_id,-1,-1,C:/Users/owner/Dropbox/Wzone/tmp/tmp2007/shp666_20071231b.shp,dyad_id,-1,-1,C:/Users/owner/Dropbox/Wzone/tmp/tmp2007/shp669_20071231b.shp,dyad_id,-1,-1,C:/Users/owner/Dropbox/Wzone/tmp/tmp2007/shp688_20071231b.shp,dyad_id,-1,-1,C:/Users/owner/Dropbox/Wzone/tmp/tmp2007/shp689_20071231b.shp,dyad_id,-1,-1,C:/Users/owner/Dropbox/Wzone/tmp/tmp2007/shp709_20071231b.shp,dyad_id,-1,-1,C:/Users/owner/Dropbox/Wzone/tmp/tmp2007/shp711_20071231b.shp,dyad_id,-1,-1,C:/Users/owner/Dropbox/Wzone/tmp/tmp2007/shp719_20071231b.shp,dyad_id,-1,-1,C:/Users/owner/Dropbox/Wzone/tmp/tmp2007/shp726_20071231b.shp,dyad_id,-1,-1,C:/Users/owner/Dropbox/Wzone/tmp/tmp2007/shp735_20071231b.shp,dyad_id,-1,-1,C:/Users/owner/Dropbox/Wzone/tmp/tmp2007/shp754_20071231b.shp,dyad_id,-1,-1,C:/Users/owner/Dropbox/Wzone/tmp/tmp2007/shp755_20071231b.shp,dyad_id,-1,-1,C:/Users/owner/Dropbox/Wzone/tmp/tmp2007/shp768_20071231b.shp,dyad_id,-1,-1,C:/Users/owner/Dropbox/Wzone/tmp/tmp2007/shp770_20071231b.shp,dyad_id,-1,-1,C:/Users/owner/Dropbox/Wzone/tmp/tmp2007/shp771_20071231b.shp,dyad_id,-1,-1,C:/Users/owner/Dropbox/Wzone/tmp/tmp2007/shp781_20071231b.shp,dyad_id,-1,-1,C:/Users/owner/Dropbox/Wzone/tmp/tmp2007/shp792_20071231b.shp,dyad_id,-1,-1,C:/Users/owner/Dropbox/Wzone/tmp/tmp2007/shp793_20071231b.shp,dyad_id,-1,-1,C:/Users/owner/Dropbox/Wzone/tmp/tmp2007/shp802_20071231b.shp,dyad_id,-1,-1,C:/Users/owner/Dropbox/Wzone/tmp/tmp2007/shp806_20071231b.shp,dyad_id,-1,-1,C:/Users/owner/Dropbox/Wzone/tmp/tmp2007/shp830_20071231b.shp,dyad_id,-1,-1,C:/Users/owner/Dropbox/Wzone/tmp/tmp2007/shp832_20071231b.shp,dyad_id,-1,-1,C:/Users/owner/Dropbox/Wzone/tmp/tmp2007/shp857_20071231b.shp,dyad_id,-1,-1,C:/Users/owner/Dropbox/Wzone/tmp/tmp2007/shp869_20071231b.shp,dyad_id,-1,-1,C:/Users/owner/Dropbox/Wzone/tmp/tmp2007/shp878_20071231b.shp,dyad_id,-1,-1,C:/Users/owner/Dropbox/Wzone/tmp/tmp2007/shp885_20071231b.shp,dyad_id,-1,-1,C:/Users/owner/Dropbox/Wzone/tmp/tmp2007/shp888_20071231b.shp,dyad_id,-1,-1,C:/Users/owner/Dropbox/Wzone/tmp/tmp2007/shp894_20071231b.shp,dyad_id,-1,-1,C:/Users/owner/Dropbox/Wzone/tmp/tmp2007/shp897_20071231b.shp,dyad_id,-1,-1,C:/Users/owner/Dropbox/Wzone/tmp/tmp2007/shp901_20071231b.shp,dyad_id,-1,-1,C:/Users/owner/Dropbox/Wzone/tmp/tmp2007/shp908_20071231b.shp,dyad_id,-1,-1,C:/Users/owner/Dropbox/Wzone/tmp/tmp2007/shp913_20071231b.shp,dyad_id,-1,-1,C:/Users/owner/Dropbox/Wzone/tmp/tmp2007/shp914_20071231b.shp,dyad_id,-1,-1,C:/Users/owner/Dropbox/Wzone/tmp/tmp2007/shp915_20071231b.shp,dyad_id,-1,-1,C:/Users/owner/Dropbox/Wzone/tmp/tmp2007/shp924_20071231b.shp,dyad_id,-1,-1,C:/Users/owner/Dropbox/Wzone/tmp/tmp2007/shp930_20071231b.shp,dyad_id,-1,-1,C:/Users/owner/Dropbox/Wzone/tmp/tmp2007/shp931_20071231b.shp,dyad_id,-1,-1,C:/Users/owner/Dropbox/Wzone/tmp/tmp2007/shp934_20071231b.shp,dyad_id,-1,-1,C:/Users/owner/Dropbox/Wzone/tmp/tmp2007/shp935_20071231b.shp,dyad_id,-1,-1,C:/Users/owner/Dropbox/Wzone/tmp/tmp2007/shp936_20071231b.shp,dyad_id,-1,-1,C:/Users/owner/Dropbox/Wzone/tmp/tmp2007/shp941_20071231b.shp,dyad_id,-1,-1,C:/Users/owner/Dropbox/Wzone/tmp/tmp2007/shp942_20071231b.shp,dyad_id,-1,-1,C:/Users/owner/Dropbox/Wzone/tmp/tmp2007/shp943_20071231b.shp,dyad_id,-1,-1,C:/Users/owner/Dropbox/Wzone/tmp/tmp2007/shp947_20071231b.shp,dyad_id,-1,-1,C:/Users/owner/Dropbox/Wzone/tmp/tmp2007/shp948_20071231b.shp,dyad_id,-1,-1,C:/Users/owner/Dropbox/Wzone/tmp/tmp2007/shp949_20071231b.shp,dyad_id,-1,-1,C:/Users/owner/Dropbox/Wzone/tmp/tmp2007/shp950_20071231b.shp,dyad_id,-1,-1,C:/Users/owner/Dropbox/Wzone/tmp/tmp2007/shp951_20071231b.shp,dyad_id,-1,-1,C:/Users/owner/Dropbox/Wzone/tmp/tmp2007/shp954_20071231b.shp,dyad_id,-1,-1,C:/Users/owner/Dropbox/Wzone/tmp/tmp2007/shp955_20071231b.shp,dyad_id,-1,-1,C:/Users/owner/Dropbox/Wzone/tmp/tmp2007/shp956_20071231b.shp,dyad_id,-1,-1,C:/Users/owner/Dropbox/Wzone/tmp/tmp2007/shp957_20071231b.shp,dyad_id,-1,-1,C:/Users/owner/Dropbox/Wzone/tmp/tmp2007/shp962_20071231b.shp,dyad_id,-1,-1,C:/Users/owner/Dropbox/Wzone/tmp/tmp2007/shp963_20071231b.shp,dyad_id,-1,-1,C:/Users/owner/Dropbox/Wzone/tmp/tmp2007/shp966_20071231b.shp,dyad_id,-1,-1,C:/Users/owner/Dropbox/Wzone/tmp/tmp2007/shp967_20071231b.shp,dyad_id,-1,-1,C:/Users/owner/Dropbox/Wzone/tmp/tmp2007/shp970_20071231b.shp,dyad_id,-1,-1,C:/Users/owner/Dropbox/Wzone/tmp/tmp2007/shp973_20071231b.shp,dyad_id,-1,-1,C:/Users/owner/Dropbox/Wzone/tmp/tmp2007/shp976_20071231b.shp,dyad_id,-1,-1,C:/Users/owner/Dropbox/Wzone/tmp/tmp2007/shp977_20071231b.shp,dyad_id,-1,-1,C:/Users/owner/Dropbox/Wzone/tmp/tmp2007/shp980_20071231b.shp,dyad_id,-1,-1,C:/Users/owner/Dropbox/Wzone/tmp/tmp2007/shp981_20071231b.shp,dyad_id,-1,-1,C:/Users/owner/Dropbox/Wzone/tmp/tmp2007/shp984_20071231b.shp,dyad_id,-1,-1,C:/Users/owner/Dropbox/Wzone/tmp/tmp2007/shp987_20071231b.shp,dyad_id,-1,-1,C:/Users/owner/Dropbox/Wzone/tmp/tmp2007/shp988_20071231b.shp,dyad_id,-1,-1,C:/Users/owner/Dropbox/Wzone/tmp/tmp2007/shp989_20071231b.shp,dyad_id,-1,-1,C:/Users/owner/Dropbox/Wzone/tmp/tmp2007/shp990_20071231b.shp,dyad_id,-1,-1,C:/Users/owner/Dropbox/Wzone/tmp/tmp2007/shp997_20071231b.shp,dyad_id,-1,-1,C:/Users/owner/Dropbox/Wzone/tmp/tmp2007/shp998_20071231b.shp,dyad_id,-1,-1,C:/Users/owner/Dropbox/Wzone/tmp/tmp2007/shp999_20071231b.shp,dyad_id,-1,-1,C:/Users/owner/Dropbox/Wzone/tmp/tmp2007/shp1007_20071231b.shp,dyad_id,-1,-1,C:/Users/owner/Dropbox/Wzone/tmp/tmp2007/shp1023_20071231b.shp,dyad_id,-1,-1,C:/Users/owner/Dropbox/Wzone/tmp/tmp2007/shp1026_20071231b.shp,dyad_id,-1,-1,C:/Users/owner/Dropbox/Wzone/tmp/tmp2007/shp1036_20071231b.shp,dyad_id,-1,-1,C:/Users/owner/Dropbox/Wzone/tmp/tmp2007/shp1040_20071231b.shp,dyad_id,-1,-1,C:/Users/owner/Dropbox/Wzone/tmp/tmp2007/shp1053_20071231b.shp,dyad_id,-1,-1,C:/Users/owner/Dropbox/Wzone/tmp/tmp2007/shp1068_20071231b.shp,dyad_id,-1,-1,C:/Users/owner/Dropbox/Wzone/tmp/tmp2007/shp1072_20071231b.shp,dyad_id,-1,-1,C:/Users/owner/Dropbox/Wzone/tmp/tmp2007/shp1073_20071231b.shp,dyad_id,-1,-1,C:/Users/owner/Dropbox/Wzone/tmp/tmp2007/shp1091_20071231b.shp,dyad_id,-1,-1,C:/Users/owner/Dropbox/Wzone/tmp/tmp2007/shp1108_20071231b.shp,dyad_id,-1,-1,C:/Users/owner/Dropbox/Wzone/tmp/tmp2007/shp1167_20071231b.shp,dyad_id,-1,-1,C:/Users/owner/Dropbox/Wzone/tmp/tmp2007/shp1176_20071231b.shp,dyad_id,-1,-1,C:/Users/owner/Dropbox/Wzone/tmp/tmp2007/shp1204_20071231b.shp,dyad_id,-1,-1,C:/Users/owner/Dropbox/Wzone/tmp/tmp2007/shp1704_20071231b.shp,dyad_id,-1,-1,C:/Users/owner/Dropbox/Wzone/tmp/tmp2007/shp4203_20071231b.shp,dyad_id,-1,-1,C:/Users/owner/Dropbox/Wzone/tmp/tmp2007/shp5189_20071231b.shp,dyad_id,-1,-1,C:/Users/owner/Dropbox/Wzone/tmp/tmp2007/shp5201_20071231b.shp,dyad_id,-1,-1,C:/Users/owner/Dropbox/Wzone/tmp/tmp2007/shp5222_20071231b.shp,dyad_id,-1,-1,C:/Users/owner/Dropbox/Wzone/tmp/tmp2007/shp5243_20071231b.shp,dyad_id,-1,-1,C:/Users/owner/Dropbox/Wzone/tmp/tmp2007/shp5262_20071231b.shp,dyad_id,-1,-1,C:/Users/owner/Dropbox/Wzone/tmp/tmp2007/shp5266_20071231b.shp,dyad_id,-1,-1,C:/Users/owner/Dropbox/Wzone/tmp/tmp2007/shp5278_20071231b.shp,dyad_id,-1,-1,C:/Users/owner/Dropbox/Wzone/tmp/tmp2007/shp5282_20071231b.shp,dyad_id,-1,-1,C:/Users/owner/Dropbox/Wzone/tmp/tmp2007/shp5289_20071231b.shp,dyad_id,-1,-1,C:/Users/owner/Dropbox/Wzone/tmp/tmp2007/shp5293_20071231b.shp,dyad_id,-1,-1,C:/Users/owner/Dropbox/Wzone/tmp/tmp2007/shp5305_20071231b.shp,dyad_id,-1,-1,C:/Users/owner/Dropbox/Wzone/tmp/tmp2007/shp5306_20071231b.shp,dyad_id,-1,-1,C:/Users/owner/Dropbox/Wzone/tmp/tmp2007/shp5314_20071231b.shp,dyad_id,-1,-1,C:/Users/owner/Dropbox/Wzone/tmp/tmp2007/shp5349_20071231b.shp,dyad_id,-1,-1,C:/Users/owner/Dropbox/Wzone/tmp/tmp2007/shp5460_20071231b.shp,dyad_id,-1,-1,C:/Users/owner/Dropbox/Wzone/tmp/tmp2007/shp5505_20071231b.shp,dyad_id,-1,-1,C:/Users/owner/Dropbox/Wzone/tmp/tmp2007/shp5512_20071231b.shp,dyad_id,-1,-1,C:/Users/owner/Dropbox/Wzone/tmp/tmp2007/shp5534_20071231b.shp,dyad_id,-1,-1,C:/Users/owner/Dropbox/Wzone/tmp/tmp2007/shp5570_20071231b.shp,dyad_id,-1,-1,C:/Users/owner/Dropbox/Wzone/tmp/tmp2007/shp10264_20071231b.shp,dyad_id,-1,-1,C:/Users/owner/Dropbox/Wzone/tmp/tmp2007/shp10985_20071231b.shp,dyad_id,-1,-1,C:/Users/owner/Dropbox/Wzone/tmp/tmp2007/shp11123_20071231b.shp,dyad_id,-1,-1,C:/Users/owner/Dropbox/Wzone/tmp/tmp2007/shp11433_20071231b.shp,dyad_id,-1,-1,C:/Users/owner/Dropbox/Wzone/tmp/tmp2007/shp11932_20071231b.shp,dyad_id,-1,-1,C:/Users/owner/Dropbox/Wzone/tmp/tmp2007/shp11991_20071231b.shp,dyad_id,-1,-1,C:/Users/owner/Dropbox/Wzone/tmp/tmp2007/shp12102_20071231b.shp,dyad_id,-1,-1,C:/Users/owner/Dropbox/Wzone/tmp/tmp2007/shp14273_20071231b.shp,dyad_id,-1,-1,C:/Users/owner/Dropbox/Wzone/tmp/tmp2007/shp14353_20071231b.shp,dyad_id,-1,-1;conf_id "conf_id" true true false 5 Long 0 5,First,#,C:/Users/owner/Dropbox/Wzone/tmp/tmp2007/shp411_20071231b.shp,conf_id,-1,-1,C:/Users/owner/Dropbox/Wzone/tmp/tmp2007/shp422_20071231b.shp,conf_id,-1,-1,C:/Users/owner/Dropbox/Wzone/tmp/tmp2007/shp428_20071231b.shp,conf_id,-1,-1,C:/Users/owner/Dropbox/Wzone/tmp/tmp2007/shp453_20071231b.shp,conf_id,-1,-1,C:/Users/owner/Dropbox/Wzone/tmp/tmp2007/shp461_20071231b.shp,conf_id,-1,-1,C:/Users/owner/Dropbox/Wzone/tmp/tmp2007/shp474_20071231b.shp,conf_id,-1,-1,C:/Users/owner/Dropbox/Wzone/tmp/tmp2007/shp478_20071231b.shp,conf_id,-1,-1,C:/Users/owner/Dropbox/Wzone/tmp/tmp2007/shp508_20071231b.shp,conf_id,-1,-1,C:/Users/owner/Dropbox/Wzone/tmp/tmp2007/shp550_20071231b.shp,conf_id,-1,-1,C:/Users/owner/Dropbox/Wzone/tmp/tmp2007/shp623_20071231b.shp,conf_id,-1,-1,C:/Users/owner/Dropbox/Wzone/tmp/tmp2007/shp624_20071231b.shp,conf_id,-1,-1,C:/Users/owner/Dropbox/Wzone/tmp/tmp2007/shp657_20071231b.shp,conf_id,-1,-1,C:/Users/owner/Dropbox/Wzone/tmp/tmp2007/shp658_20071231b.shp,conf_id,-1,-1,C:/Users/owner/Dropbox/Wzone/tmp/tmp2007/shp665_20071231b.shp,conf_id,-1,-1,C:/Users/owner/Dropbox/Wzone/tmp/tmp2007/shp666_20071231b.shp,conf_id,-1,-1,C:/Users/owner/Dropbox/Wzone/tmp/tmp2007/shp669_20071231b.shp,conf_id,-1,-1,C:/Users/owner/Dropbox/Wzone/tmp/tmp2007/shp688_20071231b.shp,conf_id,-1,-1,C:/Users/owner/Dropbox/Wzone/tmp/tmp2007/shp689_20071231b.shp,conf_id,-1,-1,C:/Users/owner/Dropbox/Wzone/tmp/tmp2007/shp709_20071231b.shp,conf_id,-1,-1,C:/Users/owner/Dropbox/Wzone/tmp/tmp2007/shp711_20071231b.shp,conf_id,-1,-1,C:/Users/owner/Dropbox/Wzone/tmp/tmp2007/shp719_20071231b.shp,conf_id,-1,-1,C:/Users/owner/Dropbox/Wzone/tmp/tmp2007/shp726_20071231b.shp,conf_id,-1,-1,C:/Users/owner/Dropbox/Wzone/tmp/tmp2007/shp735_20071231b.shp,conf_id,-1,-1,C:/Users/owner/Dropbox/Wzone/tmp/tmp2007/shp754_20071231b.shp,conf_id,-1,-1,C:/Users/owner/Dropbox/Wzone/tmp/tmp2007/shp755_20071231b.shp,conf_id,-1,-1,C:/Users/owner/Dropbox/Wzone/tmp/tmp2007/shp768_20071231b.shp,conf_id,-1,-1,C:/Users/owner/Dropbox/Wzone/tmp/tmp2007/shp770_20071231b.shp,conf_id,-1,-1,C:/Users/owner/Dropbox/Wzone/tmp/tmp2007/shp771_20071231b.shp,conf_id,-1,-1,C:/Users/owner/Dropbox/Wzone/tmp/tmp2007/shp781_20071231b.shp,conf_id,-1,-1,C:/Users/owner/Dropbox/Wzone/tmp/tmp2007/shp792_20071231b.shp,conf_id,-1,-1,C:/Users/owner/Dropbox/Wzone/tmp/tmp2007/shp793_20071231b.shp,conf_id,-1,-1,C:/Users/owner/Dropbox/Wzone/tmp/tmp2007/shp802_20071231b.shp,conf_id,-1,-1,C:/Users/owner/Dropbox/Wzone/tmp/tmp2007/shp806_20071231b.shp,conf_id,-1,-1,C:/Users/owner/Dropbox/Wzone/tmp/tmp2007/shp830_20071231b.shp,conf_id,-1,-1,C:/Users/owner/Dropbox/Wzone/tmp/tmp2007/shp832_20071231b.shp,conf_id,-1,-1,C:/Users/owner/Dropbox/Wzone/tmp/tmp2007/shp857_20071231b.shp,conf_id,-1,-1,C:/Users/owner/Dropbox/Wzone/tmp/tmp2007/shp869_20071231b.shp,conf_id,-1,-1,C:/Users/owner/Dropbox/Wzone/tmp/tmp2007/shp878_20071231b.shp,conf_id,-1,-1,C:/Users/owner/Dropbox/Wzone/tmp/tmp2007/shp885_20071231b.shp,conf_id,-1,-1,C:/Users/owner/Dropbox/Wzone/tmp/tmp2007/shp888_20071231b.shp,conf_id,-1,-1,C:/Users/owner/Dropbox/Wzone/tmp/tmp2007/shp894_20071231b.shp,conf_id,-1,-1,C:/Users/owner/Dropbox/Wzone/tmp/tmp2007/shp897_20071231b.shp,conf_id,-1,-1,C:/Users/owner/Dropbox/Wzone/tmp/tmp2007/shp901_20071231b.shp,conf_id,-1,-1,C:/Users/owner/Dropbox/Wzone/tmp/tmp2007/shp908_20071231b.shp,conf_id,-1,-1,C:/Users/owner/Dropbox/Wzone/tmp/tmp2007/shp913_20071231b.shp,conf_id,-1,-1,C:/Users/owner/Dropbox/Wzone/tmp/tmp2007/shp914_20071231b.shp,conf_id,-1,-1,C:/Users/owner/Dropbox/Wzone/tmp/tmp2007/shp915_20071231b.shp,conf_id,-1,-1,C:/Users/owner/Dropbox/Wzone/tmp/tmp2007/shp924_20071231b.shp,conf_id,-1,-1,C:/Users/owner/Dropbox/Wzone/tmp/tmp2007/shp930_20071231b.shp,conf_id,-1,-1,C:/Users/owner/Dropbox/Wzone/tmp/tmp2007/shp931_20071231b.shp,conf_id,-1,-1,C:/Users/owner/Dropbox/Wzone/tmp/tmp2007/shp934_20071231b.shp,conf_id,-1,-1,C:/Users/owner/Dropbox/Wzone/tmp/tmp2007/shp935_20071231b.shp,conf_id,-1,-1,C:/Users/owner/Dropbox/Wzone/tmp/tmp2007/shp936_20071231b.shp,conf_id,-1,-1,C:/Users/owner/Dropbox/Wzone/tmp/tmp2007/shp941_20071231b.shp,conf_id,-1,-1,C:/Users/owner/Dropbox/Wzone/tmp/tmp2007/shp942_20071231b.shp,conf_id,-1,-1,C:/Users/owner/Dropbox/Wzone/tmp/tmp2007/shp943_20071231b.shp,conf_id,-1,-1,C:/Users/owner/Dropbox/Wzone/tmp/tmp2007/shp947_20071231b.shp,conf_id,-1,-1,C:/Users/owner/Dropbox/Wzone/tmp/tmp2007/shp948_20071231b.shp,conf_id,-1,-1,C:/Users/owner/Dropbox/Wzone/tmp/tmp2007/shp949_20071231b.shp,conf_id,-1,-1,C:/Users/owner/Dropbox/Wzone/tmp/tmp2007/shp950_20071231b.shp,conf_id,-1,-1,C:/Users/owner/Dropbox/Wzone/tmp/tmp2007/shp951_20071231b.shp,conf_id,-1,-1,C:/Users/owner/Dropbox/Wzone/tmp/tmp2007/shp954_20071231b.shp,conf_id,-1,-1,C:/Users/owner/Dropbox/Wzone/tmp/tmp2007/shp955_20071231b.shp,conf_id,-1,-1,C:/Users/owner/Dropbox/Wzone/tmp/tmp2007/shp956_20071231b.shp,conf_id,-1,-1,C:/Users/owner/Dropbox/Wzone/tmp/tmp2007/shp957_20071231b.shp,conf_id,-1,-1,C:/Users/owner/Dropbox/Wzone/tmp/tmp2007/shp962_20071231b.shp,conf_id,-1,-1,C:/Users/owner/Dropbox/Wzone/tmp/tmp2007/shp963_20071231b.shp,conf_id,-1,-1,C:/Users/owner/Dropbox/Wzone/tmp/tmp2007/shp966_20071231b.shp,conf_id,-1,-1,C:/Users/owner/Dropbox/Wzone/tmp/tmp2007/shp967_20071231b.shp,conf_id,-1,-1,C:/Users/owner/Dropbox/Wzone/tmp/tmp2007/shp970_20071231b.shp,conf_id,-1,-1,C:/Users/owner/Dropbox/Wzone/tmp/tmp2007/shp973_20071231b.shp,conf_id,-1,-1,C:/Users/owner/Dropbox/Wzone/tmp/tmp2007/shp976_20071231b.shp,conf_id,-1,-1,C:/Users/owner/Dropbox/Wzone/tmp/tmp2007/shp977_20071231b.shp,conf_id,-1,-1,C:/Users/owner/Dropbox/Wzone/tmp/tmp2007/shp980_20071231b.shp,conf_id,-1,-1,C:/Users/owner/Dropbox/Wzone/tmp/tmp2007/shp981_20071231b.shp,conf_id,-1,-1,C:/Users/owner/Dropbox/Wzone/tmp/tmp2007/shp984_20071231b.shp,conf_id,-1,-1,C:/Users/owner/Dropbox/Wzone/tmp/tmp2007/shp987_20071231b.shp,conf_id,-1,-1,C:/Users/owner/Dropbox/Wzone/tmp/tmp2007/shp988_20071231b.shp,conf_id,-1,-1,C:/Users/owner/Dropbox/Wzone/tmp/tmp2007/shp989_20071231b.shp,conf_id,-1,-1,C:/Users/owner/Dropbox/Wzone/tmp/tmp2007/shp990_20071231b.shp,conf_id,-1,-1,C:/Users/owner/Dropbox/Wzone/tmp/tmp2007/shp997_20071231b.shp,conf_id,-1,-1,C:/Users/owner/Dropbox/Wzone/tmp/tmp2007/shp998_20071231b.shp,conf_id,-1,-1,C:/Users/owner/Dropbox/Wzone/tmp/tmp2007/shp999_20071231b.shp,conf_id,-1,-1,C:/Users/owner/Dropbox/Wzone/tmp/tmp2007/shp1007_20071231b.shp,conf_id,-1,-1,C:/Users/owner/Dropbox/Wzone/tmp/tmp2007/shp1023_20071231b.shp,conf_id,-1,-1,C:/Users/owner/Dropbox/Wzone/tmp/tmp2007/shp1026_20071231b.shp,conf_id,-1,-1,C:/Users/owner/Dropbox/Wzone/tmp/tmp2007/shp1036_20071231b.shp,conf_id,-1,-1,C:/Users/owner/Dropbox/Wzone/tmp/tmp2007/shp1040_20071231b.shp,conf_id,-1,-1,C:/Users/owner/Dropbox/Wzone/tmp/tmp2007/shp1053_20071231b.shp,conf_id,-1,-1,C:/Users/owner/Dropbox/Wzone/tmp/tmp2007/shp1068_20071231b.shp,conf_id,-1,-1,C:/Users/owner/Dropbox/Wzone/tmp/tmp2007/shp1072_20071231b.shp,conf_id,-1,-1,C:/Users/owner/Dropbox/Wzone/tmp/tmp2007/shp1073_20071231b.shp,conf_id,-1,-1,C:/Users/owner/Dropbox/Wzone/tmp/tmp2007/shp1091_20071231b.shp,conf_id,-1,-1,C:/Users/owner/Dropbox/Wzone/tmp/tmp2007/shp1108_20071231b.shp,conf_id,-1,-1,C:/Users/owner/Dropbox/Wzone/tmp/tmp2007/shp1167_20071231b.shp,conf_id,-1,-1,C:/Users/owner/Dropbox/Wzone/tmp/tmp2007/shp1176_20071231b.shp,conf_id,-1,-1,C:/Users/owner/Dropbox/Wzone/tmp/tmp2007/shp1204_20071231b.shp,conf_id,-1,-1,C:/Users/owner/Dropbox/Wzone/tmp/tmp2007/shp1704_20071231b.shp,conf_id,-1,-1,C:/Users/owner/Dropbox/Wzone/tmp/tmp2007/shp4203_20071231b.shp,conf_id,-1,-1,C:/Users/owner/Dropbox/Wzone/tmp/tmp2007/shp5189_20071231b.shp,conf_id,-1,-1,C:/Users/owner/Dropbox/Wzone/tmp/tmp2007/shp5201_20071231b.shp,conf_id,-1,-1,C:/Users/owner/Dropbox/Wzone/tmp/tmp2007/shp5222_20071231b.shp,conf_id,-1,-1,C:/Users/owner/Dropbox/Wzone/tmp/tmp2007/shp5243_20071231b.shp,conf_id,-1,-1,C:/Users/owner/Dropbox/Wzone/tmp/tmp2007/shp5262_20071231b.shp,conf_id,-1,-1,C:/Users/owner/Dropbox/Wzone/tmp/tmp2007/shp5266_20071231b.shp,conf_id,-1,-1,C:/Users/owner/Dropbox/Wzone/tmp/tmp2007/shp5278_20071231b.shp,conf_id,-1,-1,C:/Users/owner/Dropbox/Wzone/tmp/tmp2007/shp5282_20071231b.shp,conf_id,-1,-1,C:/Users/owner/Dropbox/Wzone/tmp/tmp2007/shp5289_20071231b.shp,conf_id,-1,-1,C:/Users/owner/Dropbox/Wzone/tmp/tmp2007/shp5293_20071231b.shp,conf_id,-1,-1,C:/Users/owner/Dropbox/Wzone/tmp/tmp2007/shp5305_20071231b.shp,conf_id,-1,-1,C:/Users/owner/Dropbox/Wzone/tmp/tmp2007/shp5306_20071231b.shp,conf_id,-1,-1,C:/Users/owner/Dropbox/Wzone/tmp/tmp2007/shp5314_20071231b.shp,conf_id,-1,-1,C:/Users/owner/Dropbox/Wzone/tmp/tmp2007/shp5349_20071231b.shp,conf_id,-1,-1,C:/Users/owner/Dropbox/Wzone/tmp/tmp2007/shp5460_20071231b.shp,conf_id,-1,-1,C:/Users/owner/Dropbox/Wzone/tmp/tmp2007/shp5505_20071231b.shp,conf_id,-1,-1,C:/Users/owner/Dropbox/Wzone/tmp/tmp2007/shp5512_20071231b.shp,conf_id,-1,-1,C:/Users/owner/Dropbox/Wzone/tmp/tmp2007/shp5534_20071231b.shp,conf_id,-1,-1,C:/Users/owner/Dropbox/Wzone/tmp/tmp2007/shp5570_20071231b.shp,conf_id,-1,-1,C:/Users/owner/Dropbox/Wzone/tmp/tmp2007/shp10264_20071231b.shp,conf_id,-1,-1,C:/Users/owner/Dropbox/Wzone/tmp/tmp2007/shp10985_20071231b.shp,conf_id,-1,-1,C:/Users/owner/Dropbox/Wzone/tmp/tmp2007/shp11123_20071231b.shp,conf_id,-1,-1,C:/Users/owner/Dropbox/Wzone/tmp/tmp2007/shp11433_20071231b.shp,conf_id,-1,-1,C:/Users/owner/Dropbox/Wzone/tmp/tmp2007/shp11932_20071231b.shp,conf_id,-1,-1,C:/Users/owner/Dropbox/Wzone/tmp/tmp2007/shp11991_20071231b.shp,conf_id,-1,-1,C:/Users/owner/Dropbox/Wzone/tmp/tmp2007/shp12102_20071231b.shp,conf_id,-1,-1,C:/Users/owner/Dropbox/Wzone/tmp/tmp2007/shp14273_20071231b.shp,conf_id,-1,-1,C:/Users/owner/Dropbox/Wzone/tmp/tmp2007/shp14353_20071231b.shp,conf_id,-1,-1;date "date" true true false 254 Text 0 0,First,#,C:/Users/owner/Dropbox/Wzone/tmp/tmp2007/shp411_20071231b.shp,date,0,253,C:/Users/owner/Dropbox/Wzone/tmp/tmp2007/shp422_20071231b.shp,date,0,253,C:/Users/owner/Dropbox/Wzone/tmp/tmp2007/shp428_20071231b.shp,date,0,253,C:/Users/owner/Dropbox/Wzone/tmp/tmp2007/shp453_20071231b.shp,date,0,253,C:/Users/owner/Dropbox/Wzone/tmp/tmp2007/shp461_20071231b.shp,date,0,253,C:/Users/owner/Dropbox/Wzone/tmp/tmp2007/shp474_20071231b.shp,date,0,253,C:/Users/owner/Dropbox/Wzone/tmp/tmp2007/shp478_20071231b.shp,date,0,253,C:/Users/owner/Dropbox/Wzone/tmp/tmp2007/shp508_20071231b.shp,date,0,253,C:/Users/owner/Dropbox/Wzone/tmp/tmp2007/shp550_20071231b.shp,date,0,253,C:/Users/owner/Dropbox/Wzone/tmp/tmp2007/shp623_20071231b.shp,date,0,253,C:/Users/owner/Dropbox/Wzone/tmp/tmp2007/shp624_20071231b.shp,date,0,253,C:/Users/owner/Dropbox/Wzone/tmp/tmp2007/shp657_20071231b.shp,date,0,253,C:/Users/owner/Dropbox/Wzone/tmp/tmp2007/shp658_20071231b.shp,date,0,253,C:/Users/owner/Dropbox/Wzone/tmp/tmp2007/shp665_20071231b.shp,date,0,253,C:/Users/owner/Dropbox/Wzone/tmp/tmp2007/shp666_20071231b.shp,date,0,253,C:/Users/owner/Dropbox/Wzone/tmp/tmp2007/shp669_20071231b.shp,date,0,253,C:/Users/owner/Dropbox/Wzone/tmp/tmp2007/shp688_20071231b.shp,date,0,253,C:/Users/owner/Dropbox/Wzone/tmp/tmp2007/shp689_20071231b.shp,date,0,253,C:/Users/owner/Dropbox/Wzone/tmp/tmp2007/shp709_20071231b.shp,date,0,253,C:/Users/owner/Dropbox/Wzone/tmp/tmp2007/shp711_20071231b.shp,date,0,253,C:/Users/owner/Dropbox/Wzone/tmp/tmp2007/shp719_20071231b.shp,date,0,253,C:/Users/owner/Dropbox/Wzone/tmp/tmp2007/shp726_20071231b.shp,date,0,253,C:/Users/owner/Dropbox/Wzone/tmp/tmp2007/shp735_20071231b.shp,date,0,253,C:/Users/owner/Dropbox/Wzone/tmp/tmp2007/shp754_20071231b.shp,date,0,253,C:/Users/owner/Dropbox/Wzone/tmp/tmp2007/shp755_20071231b.shp,date,0,253,C:/Users/owner/Dropbox/Wzone/tmp/tmp2007/shp768_20071231b.shp,date,0,253,C:/Users/owner/Dropbox/Wzone/tmp/tmp2007/shp770_20071231b.shp,date,0,253,C:/Users/owner/Dropbox/Wzone/tmp/tmp2007/shp771_20071231b.shp,date,0,253,C:/Users/owner/Dropbox/Wzone/tmp/tmp2007/shp781_20071231b.shp,date,0,253,C:/Users/owner/Dropbox/Wzone/tmp/tmp2007/shp792_20071231b.shp,date,0,253,C:/Users/owner/Dropbox/Wzone/tmp/tmp2007/shp793_20071231b.shp,date,0,253,C:/Users/owner/Dropbox/Wzone/tmp/tmp2007/shp802_20071231b.shp,date,0,253,C:/Users/owner/Dropbox/Wzone/tmp/tmp2007/shp806_20071231b.shp,date,0,253,C:/Users/owner/Dropbox/Wzone/tmp/tmp2007/shp830_20071231b.shp,date,0,253,C:/Users/owner/Dropbox/Wzone/tmp/tmp2007/shp832_20071231b.shp,date,0,253,C:/Users/owner/Dropbox/Wzone/tmp/tmp2007/shp857_20071231b.shp,date,0,253,C:/Users/owner/Dropbox/Wzone/tmp/tmp2007/shp869_20071231b.shp,date,0,253,C:/Users/owner/Dropbox/Wzone/tmp/tmp2007/shp878_20071231b.shp,date,0,253,C:/Users/owner/Dropbox/Wzone/tmp/tmp2007/shp885_20071231b.shp,date,0,253,C:/Users/owner/Dropbox/Wzone/tmp/tmp2007/shp888_20071231b.shp,date,0,253,C:/Users/owner/Dropbox/Wzone/tmp/tmp2007/shp894_20071231b.shp,date,0,253,C:/Users/owner/Dropbox/Wzone/tmp/tmp2007/shp897_20071231b.shp,date,0,253,C:/Users/owner/Dropbox/Wzone/tmp/tmp2007/shp901_20071231b.shp,date,0,253,C:/Users/owner/Dropbox/Wzone/tmp/tmp2007/shp908_20071231b.shp,date,0,253,C:/Users/owner/Dropbox/Wzone/tmp/tmp2007/shp913_20071231b.shp,date,0,253,C:/Users/owner/Dropbox/Wzone/tmp/tmp2007/shp914_20071231b.shp,date,0,253,C:/Users/owner/Dropbox/Wzone/tmp/tmp2007/shp915_20071231b.shp,date,0,253,C:/Users/owner/Dropbox/Wzone/tmp/tmp2007/shp924_20071231b.shp,date,0,253,C:/Users/owner/Dropbox/Wzone/tmp/tmp2007/shp930_20071231b.shp,date,0,253,C:/Users/owner/Dropbox/Wzone/tmp/tmp2007/shp931_20071231b.shp,date,0,253,C:/Users/owner/Dropbox/Wzone/tmp/tmp2007/shp934_20071231b.shp,date,0,253,C:/Users/owner/Dropbox/Wzone/tmp/tmp2007/shp935_20071231b.shp,date,0,253,C:/Users/owner/Dropbox/Wzone/tmp/tmp2007/shp936_20071231b.shp,date,0,253,C:/Users/owner/Dropbox/Wzone/tmp/tmp2007/shp941_20071231b.shp,date,0,253,C:/Users/owner/Dropbox/Wzone/tmp/tmp2007/shp942_20071231b.shp,date,0,253,C:/Users/owner/Dropbox/Wzone/tmp/tmp2007/shp943_20071231b.shp,date,0,253,C:/Users/owner/Dropbox/Wzone/tmp/tmp2007/shp947_20071231b.shp,date,0,253,C:/Users/owner/Dropbox/Wzone/tmp/tmp2007/shp948_20071231b.shp,date,0,253,C:/Users/owner/Dropbox/Wzone/tmp/tmp2007/shp949_20071231b.shp,date,0,253,C:/Users/owner/Dropbox/Wzone/tmp/tmp2007/shp950_20071231b.shp,date,0,253,C:/Users/owner/Dropbox/Wzone/tmp/tmp2007/shp951_20071231b.shp,date,0,253,C:/Users/owner/Dropbox/Wzone/tmp/tmp2007/shp954_20071231b.shp,date,0,253,C:/Users/owner/Dropbox/Wzone/tmp/tmp2007/shp955_20071231b.shp,date,0,253,C:/Users/owner/Dropbox/Wzone/tmp/tmp2007/shp956_20071231b.shp,date,0,253,C:/Users/owner/Dropbox/Wzone/tmp/tmp2007/shp957_20071231b.shp,date,0,253,C:/Users/owner/Dropbox/Wzone/tmp/tmp2007/shp962_20071231b.shp,date,0,253,C:/Users/owner/Dropbox/Wzone/tmp/tmp2007/shp963_20071231b.shp,date,0,253,C:/Users/owner/Dropbox/Wzone/tmp/tmp2007/shp966_20071231b.shp,date,0,253,C:/Users/owner/Dropbox/Wzone/tmp/tmp2007/shp967_20071231b.shp,date,0,253,C:/Users/owner/Dropbox/Wzone/tmp/tmp2007/shp970_20071231b.shp,date,0,253,C:/Users/owner/Dropbox/Wzone/tmp/tmp2007/shp973_20071231b.shp,date,0,253,C:/Users/owner/Dropbox/Wzone/tmp/tmp2007/shp976_20071231b.shp,date,0,253,C:/Users/owner/Dropbox/Wzone/tmp/tmp2007/shp977_20071231b.shp,date,0,253,C:/Users/owner/Dropbox/Wzone/tmp/tmp2007/shp980_20071231b.shp,date,0,253,C:/Users/owner/Dropbox/Wzone/tmp/tmp2007/shp981_20071231b.shp,date,0,253,C:/Users/owner/Dropbox/Wzone/tmp/tmp2007/shp984_20071231b.shp,date,0,253,C:/Users/owner/Dropbox/Wzone/tmp/tmp2007/shp987_20071231b.shp,date,0,253,C:/Users/owner/Dropbox/Wzone/tmp/tmp2007/shp988_20071231b.shp,date,0,253,C:/Users/owner/Dropbox/Wzone/tmp/tmp2007/shp989_20071231b.shp,date,0,253,C:/Users/owner/Dropbox/Wzone/tmp/tmp2007/shp990_20071231b.shp,date,0,253,C:/Users/owner/Dropbox/Wzone/tmp/tmp2007/shp997_20071231b.shp,date,0,253,C:/Users/owner/Dropbox/Wzone/tmp/tmp2007/shp998_20071231b.shp,date,0,253,C:/Users/owner/Dropbox/Wzone/tmp/tmp2007/shp999_20071231b.shp,date,0,253,C:/Users/owner/Dropbox/Wzone/tmp/tmp2007/shp1007_20071231b.shp,date,0,253,C:/Users/owner/Dropbox/Wzone/tmp/tmp2007/shp1023_20071231b.shp,date,0,253,C:/Users/owner/Dropbox/Wzone/tmp/tmp2007/shp1026_20071231b.shp,date,0,253,C:/Users/owner/Dropbox/Wzone/tmp/tmp2007/shp1036_20071231b.shp,date,0,253,C:/Users/owner/Dropbox/Wzone/tmp/tmp2007/shp1040_20071231b.shp,date,0,253,C:/Users/owner/Dropbox/Wzone/tmp/tmp2007/shp1053_20071231b.shp,date,0,253,C:/Users/owner/Dropbox/Wzone/tmp/tmp2007/shp1068_20071231b.shp,date,0,253,C:/Users/owner/Dropbox/Wzone/tmp/tmp2007/shp1072_20071231b.shp,date,0,253,C:/Users/owner/Dropbox/Wzone/tmp/tmp2007/shp1073_20071231b.shp,date,0,253,C:/Users/owner/Dropbox/Wzone/tmp/tmp2007/shp1091_20071231b.shp,date,0,253,C:/Users/owner/Dropbox/Wzone/tmp/tmp2007/shp1108_20071231b.shp,date,0,253,C:/Users/owner/Dropbox/Wzone/tmp/tmp2007/shp1167_20071231b.shp,date,0,253,C:/Users/owner/Dropbox/Wzone/tmp/tmp2007/shp1176_20071231b.shp,date,0,253,C:/Users/owner/Dropbox/Wzone/tmp/tmp2007/shp1204_20071231b.shp,date,0,253,C:/Users/owner/Dropbox/Wzone/tmp/tmp2007/shp1704_20071231b.shp,date,0,253,C:/Users/owner/Dropbox/Wzone/tmp/tmp2007/shp4203_20071231b.shp,date,0,253,C:/Users/owner/Dropbox/Wzone/tmp/tmp2007/shp5189_20071231b.shp,date,0,253,C:/Users/owner/Dropbox/Wzone/tmp/tmp2007/shp5201_20071231b.shp,date,0,253,C:/Users/owner/Dropbox/Wzone/tmp/tmp2007/shp5222_20071231b.shp,date,0,253,C:/Users/owner/Dropbox/Wzone/tmp/tmp2007/shp5243_20071231b.shp,date,0,253,C:/Users/owner/Dropbox/Wzone/tmp/tmp2007/shp5262_20071231b.shp,date,0,253,C:/Users/owner/Dropbox/Wzone/tmp/tmp2007/shp5266_20071231b.shp,date,0,253,C:/Users/owner/Dropbox/Wzone/tmp/tmp2007/shp5278_20071231b.shp,date,0,253,C:/Users/owner/Dropbox/Wzone/tmp/tmp2007/shp5282_20071231b.shp,date,0,253,C:/Users/owner/Dropbox/Wzone/tmp/tmp2007/shp5289_20071231b.shp,date,0,253,C:/Users/owner/Dropbox/Wzone/tmp/tmp2007/shp5293_20071231b.shp,date,0,253,C:/Users/owner/Dropbox/Wzone/tmp/tmp2007/shp5305_20071231b.shp,date,0,253,C:/Users/owner/Dropbox/Wzone/tmp/tmp2007/shp5306_20071231b.shp,date,0,253,C:/Users/owner/Dropbox/Wzone/tmp/tmp2007/shp5314_20071231b.shp,date,0,253,C:/Users/owner/Dropbox/Wzone/tmp/tmp2007/shp5349_20071231b.shp,date,0,253,C:/Users/owner/Dropbox/Wzone/tmp/tmp2007/shp5460_20071231b.shp,date,0,253,C:/Users/owner/Dropbox/Wzone/tmp/tmp2007/shp5505_20071231b.shp,date,0,253,C:/Users/owner/Dropbox/Wzone/tmp/tmp2007/shp5512_20071231b.shp,date,0,253,C:/Users/owner/Dropbox/Wzone/tmp/tmp2007/shp5534_20071231b.shp,date,0,253,C:/Users/owner/Dropbox/Wzone/tmp/tmp2007/shp5570_20071231b.shp,date,0,253,C:/Users/owner/Dropbox/Wzone/tmp/tmp2007/shp10264_20071231b.shp,date,0,253,C:/Users/owner/Dropbox/Wzone/tmp/tmp2007/shp10985_20071231b.shp,date,0,253,C:/Users/owner/Dropbox/Wzone/tmp/tmp2007/shp11123_20071231b.shp,date,0,253,C:/Users/owner/Dropbox/Wzone/tmp/tmp2007/shp11433_20071231b.shp,date,0,253,C:/Users/owner/Dropbox/Wzone/tmp/tmp2007/shp11932_20071231b.shp,date,0,253,C:/Users/owner/Dropbox/Wzone/tmp/tmp2007/shp11991_20071231b.shp,date,0,253,C:/Users/owner/Dropbox/Wzone/tmp/tmp2007/shp12102_20071231b.shp,date,0,253,C:/Users/owner/Dropbox/Wzone/tmp/tmp2007/shp14273_20071231b.shp,date,0,253,C:/Users/owner/Dropbox/Wzone/tmp/tmp2007/shp14353_20071231b.shp,date,0,253" NO_SOURCE_INFO</Process><Process ToolSource="c:\program files\arcgis\pro\Resources\ArcToolbox\toolboxes\Data Management Tools.tbx\DefineProjection" Date="20240715" Time="144244">DefineProjection C:/Users/owner/Dropbox/Wzone/out/wzone_shp/2007/2007_12_31.shp GEOGCS["GCS_WGS_1984",DATUM["D_WGS_1984",SPHEROID["WGS_1984",6378137.0,298.257223563]],PRIMEM["Greenwich",0.0],UNIT["Degree",0.0174532925199433]]</Process></lineage></DataProperties><SyncDate>20240715</SyncDate><SyncTime>14424200</SyncTime><ModDate>20240715</ModDate><ModTime>14424200</ModTime></Esri><dataIdInfo><envirDesc Sync="TRUE">Microsoft Windows 10 Version 10.0 (Build 19045) ; Esri ArcGIS 13.2.2.49743</envirDesc><dataLang><languageCode value="eng" Sync="TRUE"></languageCode><countryCode value="USA" Sync="TRUE"></countryCode></dataLang><idCitation><resTitle Sync="TRUE">2007_12_31</resTitle><presForm><PresFormCd value="005" Sync="TRUE"></PresFormCd></presForm></idCitation><spatRpType><SpatRepTypCd value="001" Sync="TRUE"></SpatRepTypCd></spatRpType></dataIdInfo><mdLang><languageCode value="eng" Sync="TRUE"></languageCode><countryCode value="USA" Sync="TRUE"></countryCode></mdLang><mdChar><CharSetCd value="004" Sync="TRUE"></CharSetCd></mdChar><distInfo><distFormat><formatName Sync="TRUE">Shapefile</formatName></distFormat><distTranOps><transSize Sync="TRUE">0.000</transSize></distTranOps></distInfo><mdHrLv><ScopeCd value="005" Sync="TRUE"></ScopeCd></mdHrLv><mdHrLvName Sync="TRUE">dataset</mdHrLvName><spatRepInfo><VectSpatRep><geometObjs Name="2007_12_31"><geoObjTyp><GeoObjTypCd value="002" Sync="TRUE"></GeoObjTypCd></geoObjTyp><geoObjCnt Sync="TRUE">0</geoObjCnt></geometObjs><topLvl><TopoLevCd value="001" Sync="TRUE"></TopoLevCd></topLvl></VectSpatRep></spatRepInfo><spdoinfo><ptvctinf><esriterm Name="2007_12_31"><efeatyp Sync="TRUE">Simple</efeatyp><efeageom code="4" Sync="TRUE"></efeageom><esritopo Sync="TRUE">FALSE</esritopo><efeacnt Sync="TRUE">0</efeacnt><spindex Sync="TRUE">FALSE</spindex><linrefer Sync="TRUE">FALSE</linrefer></esriterm></ptvctinf></spdoinfo><eainfo><detailed Name="2007_12_31"><enttyp><enttypl Sync="TRUE">2007_12_31</enttypl><enttypt Sync="TRUE">Feature Class</enttypt><enttypc Sync="TRUE">0</enttypc></enttyp><attr><attrlabl Sync="TRUE">FID</attrlabl><attalias Sync="TRUE">FID</attalias><attrtype Sync="TRUE">OID</attrtype><attwidth Sync="TRUE">4</attwidth><atprecis Sync="TRUE">0</atprecis><attscale Sync="TRUE">0</attscale><attrdef Sync="TRUE">Internal feature number.</attrdef><attrdefs Sync="TRUE">Esri</attrdefs><attrdomv><udom Sync="TRUE">Sequential unique whole numbers that are automatically generated.</udom></attrdomv></attr><attr><attrlabl Sync="TRUE">Shape</attrlabl><attalias Sync="TRUE">Shape</attalias><attrtype Sync="TRUE">Geometry</attrtype><attwidth Sync="TRUE">0</attwidth><atprecis Sync="TRUE">0</atprecis><attscale Sync="TRUE">0</attscale><attrdef Sync="TRUE">Feature geometry.</attrdef><attrdefs Sync="TRUE">Esri</attrdefs><attrdomv><udom Sync="TRUE">Coordinates defining the features.</udom></attrdomv></attr><attr><attrlabl Sync="TRUE">dyad_id</attrlabl><attalias Sync="TRUE">dyad_id</attalias><attrtype Sync="TRUE">Integer</attrtype><attwidth Sync="TRUE">5</attwidth><atprecis Sync="TRUE">5</atprecis><attscale Sync="TRUE">0</attscale></attr><attr><attrlabl Sync="TRUE">conf_id</attrlabl><attalias Sync="TRUE">conf_id</attalias><attrtype Sync="TRUE">Integer</attrtype><attwidth Sync="TRUE">5</attwidth><atprecis Sync="TRUE">5</atprecis><attscale Sync="TRUE">0</attscale></attr><attr><attrlabl Sync="TRUE">date</attrlabl><attalias Sync="TRUE">date</attalias><attrtype Sync="TRUE">String</attrtype><attwidth Sync="TRUE">254</attwidth><atprecis Sync="TRUE">0</atprecis><attscale Sync="TRUE">0</attscale></attr></detailed></eainfo><mdDateSt Sync="TRUE">20240715</mdDateSt></metadata>
