<?xml version="1.0" encoding="UTF-8"?>
<metadata xml:lang="en"><Esri><CreaDate>20240715</CreaDate><CreaTime>19584300</CreaTime><ArcGISFormat>1.0</ArcGISFormat><SyncOnce>FALSE</SyncOnce><DataProperties><itemProps><itemName Sync="TRUE">2008_12_31</itemName><imsContentType Sync="TRUE">002</imsContentType><itemSize Sync="TRUE">0.000</itemSize><itemLocation><linkage Sync="TRUE">file://\\DESKTOP-48J08HF\C$\Users\owner\Dropbox\Wzone\out\wzone_shp\2008\2008_12_31.shp</linkage><protocol Sync="TRUE">Local Area Network</protocol></itemLocation></itemProps><lineage><Process ToolSource="c:\program files\arcgis\pro\Resources\ArcToolbox\toolboxes\Analysis Tools.tbx\Select" Date="20240715" Time="195843">Select in_memory/shp2008411_20081231a C:\Users\owner\Dropbox\Wzone\tmp\tmp2008\shp411_20081231b.shp ""gridcode" &gt; 0"</Process><Process ToolSource="c:\program files\arcgis\pro\Resources\ArcToolbox\toolboxes\Data Management Tools.tbx\AddField" Date="20240715" Time="195843">AddField C:/Users/owner/Dropbox/Wzone/tmp/tmp2008/shp411_20081231b.shp dyad_id "Short (16-bit integer)" # # # # NULLABLE NON_REQUIRED #</Process><Process ToolSource="c:\program files\arcgis\pro\Resources\ArcToolbox\toolboxes\Data Management Tools.tbx\AddField" Date="20240715" Time="195843">AddField C:/Users/owner/Dropbox/Wzone/tmp/tmp2008/shp411_20081231b.shp conf_id "Short (16-bit integer)" # # # # NULLABLE NON_REQUIRED #</Process><Process ToolSource="c:\program files\arcgis\pro\Resources\ArcToolbox\toolboxes\Data Management Tools.tbx\AddField" Date="20240715" Time="195843">AddField C:/Users/owner/Dropbox/Wzone/tmp/tmp2008/shp411_20081231b.shp date Text # # # # NULLABLE NON_REQUIRED #</Process><Process ToolSource="c:\program files\arcgis\pro\Resources\ArcToolbox\toolboxes\Data Management Tools.tbx\DeleteField" Date="20240715" Time="195843">DeleteField C:/Users/owner/Dropbox/Wzone/tmp/tmp2008/shp411_20081231b.shp Id "Delete Fields"</Process><Process ToolSource="c:\program files\arcgis\pro\Resources\ArcToolbox\toolboxes\Data Management Tools.tbx\DeleteField" Date="20240715" Time="195843">DeleteField C:/Users/owner/Dropbox/Wzone/tmp/tmp2008/shp411_20081231b.shp gridcode "Delete Fields"</Process><Process ToolSource="c:\program files\arcgis\pro\Resources\ArcToolbox\toolboxes\Data Management Tools.tbx\Merge" Date="20240715" Time="200144">Merge C:/Users/owner/Dropbox/Wzone/tmp/tmp2008/shp411_20081231b.shp;C:/Users/owner/Dropbox/Wzone/tmp/tmp2008/shp422_20081231b.shp;C:/Users/owner/Dropbox/Wzone/tmp/tmp2008/shp428_20081231b.shp;C:/Users/owner/Dropbox/Wzone/tmp/tmp2008/shp453_20081231b.shp;C:/Users/owner/Dropbox/Wzone/tmp/tmp2008/shp461_20081231b.shp;C:/Users/owner/Dropbox/Wzone/tmp/tmp2008/shp474_20081231b.shp;C:/Users/owner/Dropbox/Wzone/tmp/tmp2008/shp478_20081231b.shp;C:/Users/owner/Dropbox/Wzone/tmp/tmp2008/shp508_20081231b.shp;C:/Users/owner/Dropbox/Wzone/tmp/tmp2008/shp550_20081231b.shp;C:/Users/owner/Dropbox/Wzone/tmp/tmp2008/shp623_20081231b.shp;C:/Users/owner/Dropbox/Wzone/tmp/tmp2008/shp624_20081231b.shp;C:/Users/owner/Dropbox/Wzone/tmp/tmp2008/shp657_20081231b.shp;C:/Users/owner/Dropbox/Wzone/tmp/tmp2008/shp658_20081231b.shp;C:/Users/owner/Dropbox/Wzone/tmp/tmp2008/shp665_20081231b.shp;C:/Users/owner/Dropbox/Wzone/tmp/tmp2008/shp666_20081231b.shp;C:/Users/owner/Dropbox/Wzone/tmp/tmp2008/shp669_20081231b.shp;C:/Users/owner/Dropbox/Wzone/tmp/tmp2008/shp688_20081231b.shp;C:/Users/owner/Dropbox/Wzone/tmp/tmp2008/shp689_20081231b.shp;C:/Users/owner/Dropbox/Wzone/tmp/tmp2008/shp709_20081231b.shp;C:/Users/owner/Dropbox/Wzone/tmp/tmp2008/shp711_20081231b.shp;C:/Users/owner/Dropbox/Wzone/tmp/tmp2008/shp719_20081231b.shp;C:/Users/owner/Dropbox/Wzone/tmp/tmp2008/shp726_20081231b.shp;C:/Users/owner/Dropbox/Wzone/tmp/tmp2008/shp735_20081231b.shp;C:/Users/owner/Dropbox/Wzone/tmp/tmp2008/shp750_20081231b.shp;C:/Users/owner/Dropbox/Wzone/tmp/tmp2008/shp754_20081231b.shp;C:/Users/owner/Dropbox/Wzone/tmp/tmp2008/shp755_20081231b.shp;C:/Users/owner/Dropbox/Wzone/tmp/tmp2008/shp768_20081231b.shp;C:/Users/owner/Dropbox/Wzone/tmp/tmp2008/shp770_20081231b.shp;C:/Users/owner/Dropbox/Wzone/tmp/tmp2008/shp771_20081231b.shp;C:/Users/owner/Dropbox/Wzone/tmp/tmp2008/shp781_20081231b.shp;C:/Users/owner/Dropbox/Wzone/tmp/tmp2008/shp792_20081231b.shp;C:/Users/owner/Dropbox/Wzone/tmp/tmp2008/shp793_20081231b.shp;C:/Users/owner/Dropbox/Wzone/tmp/tmp2008/shp802_20081231b.shp;C:/Users/owner/Dropbox/Wzone/tmp/tmp2008/shp806_20081231b.shp;C:/Users/owner/Dropbox/Wzone/tmp/tmp2008/shp830_20081231b.shp;C:/Users/owner/Dropbox/Wzone/tmp/tmp2008/shp832_20081231b.shp;C:/Users/owner/Dropbox/Wzone/tmp/tmp2008/shp857_20081231b.shp;C:/Users/owner/Dropbox/Wzone/tmp/tmp2008/shp869_20081231b.shp;C:/Users/owner/Dropbox/Wzone/tmp/tmp2008/shp878_20081231b.shp;C:/Users/owner/Dropbox/Wzone/tmp/tmp2008/shp885_20081231b.shp;C:/Users/owner/Dropbox/Wzone/tmp/tmp2008/shp888_20081231b.shp;C:/Users/owner/Dropbox/Wzone/tmp/tmp2008/shp894_20081231b.shp;C:/Users/owner/Dropbox/Wzone/tmp/tmp2008/shp899_20081231b.shp;C:/Users/owner/Dropbox/Wzone/tmp/tmp2008/shp901_20081231b.shp;C:/Users/owner/Dropbox/Wzone/tmp/tmp2008/shp908_20081231b.shp;C:/Users/owner/Dropbox/Wzone/tmp/tmp2008/shp909_20081231b.shp;C:/Users/owner/Dropbox/Wzone/tmp/tmp2008/shp913_20081231b.shp;C:/Users/owner/Dropbox/Wzone/tmp/tmp2008/shp914_20081231b.shp;C:/Users/owner/Dropbox/Wzone/tmp/tmp2008/shp915_20081231b.shp;C:/Users/owner/Dropbox/Wzone/tmp/tmp2008/shp924_20081231b.shp;C:/Users/owner/Dropbox/Wzone/tmp/tmp2008/shp930_20081231b.shp;C:/Users/owner/Dropbox/Wzone/tmp/tmp2008/shp931_20081231b.shp;C:/Users/owner/Dropbox/Wzone/tmp/tmp2008/shp934_20081231b.shp;C:/Users/owner/Dropbox/Wzone/tmp/tmp2008/shp935_20081231b.shp;C:/Users/owner/Dropbox/Wzone/tmp/tmp2008/shp936_20081231b.shp;C:/Users/owner/Dropbox/Wzone/tmp/tmp2008/shp941_20081231b.shp;C:/Users/owner/Dropbox/Wzone/tmp/tmp2008/shp942_20081231b.shp;C:/Users/owner/Dropbox/Wzone/tmp/tmp2008/shp943_20081231b.shp;C:/Users/owner/Dropbox/Wzone/tmp/tmp2008/shp947_20081231b.shp;C:/Users/owner/Dropbox/Wzone/tmp/tmp2008/shp948_20081231b.shp;C:/Users/owner/Dropbox/Wzone/tmp/tmp2008/shp949_20081231b.shp;C:/Users/owner/Dropbox/Wzone/tmp/tmp2008/shp950_20081231b.shp;C:/Users/owner/Dropbox/Wzone/tmp/tmp2008/shp951_20081231b.shp;C:/Users/owner/Dropbox/Wzone/tmp/tmp2008/shp954_20081231b.shp;C:/Users/owner/Dropbox/Wzone/tmp/tmp2008/shp955_20081231b.shp;C:/Users/owner/Dropbox/Wzone/tmp/tmp2008/shp956_20081231b.shp;C:/Users/owner/Dropbox/Wzone/tmp/tmp2008/shp957_20081231b.shp;C:/Users/owner/Dropbox/Wzone/tmp/tmp2008/shp962_20081231b.shp;C:/Users/owner/Dropbox/Wzone/tmp/tmp2008/shp966_20081231b.shp;C:/Users/owner/Dropbox/Wzone/tmp/tmp2008/shp967_20081231b.shp;C:/Users/owner/Dropbox/Wzone/tmp/tmp2008/shp973_20081231b.shp;C:/Users/owner/Dropbox/Wzone/tmp/tmp2008/shp976_20081231b.shp;C:/Users/owner/Dropbox/Wzone/tmp/tmp2008/shp977_20081231b.shp;C:/Users/owner/Dropbox/Wzone/tmp/tmp2008/shp980_20081231b.shp;C:/Users/owner/Dropbox/Wzone/tmp/tmp2008/shp981_20081231b.shp;C:/Users/owner/Dropbox/Wzone/tmp/tmp2008/shp984_20081231b.shp;C:/Users/owner/Dropbox/Wzone/tmp/tmp2008/shp987_20081231b.shp;C:/Users/owner/Dropbox/Wzone/tmp/tmp2008/shp988_20081231b.shp;C:/Users/owner/Dropbox/Wzone/tmp/tmp2008/shp989_20081231b.shp;C:/Users/owner/Dropbox/Wzone/tmp/tmp2008/shp990_20081231b.shp;C:/Users/owner/Dropbox/Wzone/tmp/tmp2008/shp997_20081231b.shp;C:/Users/owner/Dropbox/Wzone/tmp/tmp2008/shp998_20081231b.shp;C:/Users/owner/Dropbox/Wzone/tmp/tmp2008/shp999_20081231b.shp;C:/Users/owner/Dropbox/Wzone/tmp/tmp2008/shp1000_20081231b.shp;C:/Users/owner/Dropbox/Wzone/tmp/tmp2008/shp1007_20081231b.shp;C:/Users/owner/Dropbox/Wzone/tmp/tmp2008/shp1023_20081231b.shp;C:/Users/owner/Dropbox/Wzone/tmp/tmp2008/shp1026_20081231b.shp;C:/Users/owner/Dropbox/Wzone/tmp/tmp2008/shp1036_20081231b.shp;C:/Users/owner/Dropbox/Wzone/tmp/tmp2008/shp1040_20081231b.shp;C:/Users/owner/Dropbox/Wzone/tmp/tmp2008/shp1053_20081231b.shp;C:/Users/owner/Dropbox/Wzone/tmp/tmp2008/shp1072_20081231b.shp;C:/Users/owner/Dropbox/Wzone/tmp/tmp2008/shp1073_20081231b.shp;C:/Users/owner/Dropbox/Wzone/tmp/tmp2008/shp1091_20081231b.shp;C:/Users/owner/Dropbox/Wzone/tmp/tmp2008/shp1108_20081231b.shp;C:/Users/owner/Dropbox/Wzone/tmp/tmp2008/shp1167_20081231b.shp;C:/Users/owner/Dropbox/Wzone/tmp/tmp2008/shp1176_20081231b.shp;C:/Users/owner/Dropbox/Wzone/tmp/tmp2008/shp1204_20081231b.shp;C:/Users/owner/Dropbox/Wzone/tmp/tmp2008/shp1704_20081231b.shp;C:/Users/owner/Dropbox/Wzone/tmp/tmp2008/shp5177_20081231b.shp;C:/Users/owner/Dropbox/Wzone/tmp/tmp2008/shp5183_20081231b.shp;C:/Users/owner/Dropbox/Wzone/tmp/tmp2008/shp5189_20081231b.shp;C:/Users/owner/Dropbox/Wzone/tmp/tmp2008/shp5201_20081231b.shp;C:/Users/owner/Dropbox/Wzone/tmp/tmp2008/shp5243_20081231b.shp;C:/Users/owner/Dropbox/Wzone/tmp/tmp2008/shp5262_20081231b.shp;C:/Users/owner/Dropbox/Wzone/tmp/tmp2008/shp5266_20081231b.shp;C:/Users/owner/Dropbox/Wzone/tmp/tmp2008/shp5282_20081231b.shp;C:/Users/owner/Dropbox/Wzone/tmp/tmp2008/shp5289_20081231b.shp;C:/Users/owner/Dropbox/Wzone/tmp/tmp2008/shp5290_20081231b.shp;C:/Users/owner/Dropbox/Wzone/tmp/tmp2008/shp5293_20081231b.shp;C:/Users/owner/Dropbox/Wzone/tmp/tmp2008/shp5305_20081231b.shp;C:/Users/owner/Dropbox/Wzone/tmp/tmp2008/shp5306_20081231b.shp;C:/Users/owner/Dropbox/Wzone/tmp/tmp2008/shp5313_20081231b.shp;C:/Users/owner/Dropbox/Wzone/tmp/tmp2008/shp5314_20081231b.shp;C:/Users/owner/Dropbox/Wzone/tmp/tmp2008/shp5349_20081231b.shp;C:/Users/owner/Dropbox/Wzone/tmp/tmp2008/shp5460_20081231b.shp;C:/Users/owner/Dropbox/Wzone/tmp/tmp2008/shp5505_20081231b.shp;C:/Users/owner/Dropbox/Wzone/tmp/tmp2008/shp5512_20081231b.shp;C:/Users/owner/Dropbox/Wzone/tmp/tmp2008/shp5534_20081231b.shp;C:/Users/owner/Dropbox/Wzone/tmp/tmp2008/shp5570_20081231b.shp;C:/Users/owner/Dropbox/Wzone/tmp/tmp2008/shp5583_20081231b.shp;C:/Users/owner/Dropbox/Wzone/tmp/tmp2008/shp10264_20081231b.shp;C:/Users/owner/Dropbox/Wzone/tmp/tmp2008/shp10985_20081231b.shp;C:/Users/owner/Dropbox/Wzone/tmp/tmp2008/shp11123_20081231b.shp;C:/Users/owner/Dropbox/Wzone/tmp/tmp2008/shp11433_20081231b.shp;C:/Users/owner/Dropbox/Wzone/tmp/tmp2008/shp11663_20081231b.shp;C:/Users/owner/Dropbox/Wzone/tmp/tmp2008/shp12102_20081231b.shp;C:/Users/owner/Dropbox/Wzone/tmp/tmp2008/shp14273_20081231b.shp;C:/Users/owner/Dropbox/Wzone/tmp/tmp2008/shp14353_20081231b.shp C:\Users\owner\Dropbox\Wzone\out\wzone_shp\2008\2008_12_31.shp "dyad_id "dyad_id" true true false 5 Long 0 5,First,#,C:/Users/owner/Dropbox/Wzone/tmp/tmp2008/shp411_20081231b.shp,dyad_id,-1,-1,C:/Users/owner/Dropbox/Wzone/tmp/tmp2008/shp422_20081231b.shp,dyad_id,-1,-1,C:/Users/owner/Dropbox/Wzone/tmp/tmp2008/shp428_20081231b.shp,dyad_id,-1,-1,C:/Users/owner/Dropbox/Wzone/tmp/tmp2008/shp453_20081231b.shp,dyad_id,-1,-1,C:/Users/owner/Dropbox/Wzone/tmp/tmp2008/shp461_20081231b.shp,dyad_id,-1,-1,C:/Users/owner/Dropbox/Wzone/tmp/tmp2008/shp474_20081231b.shp,dyad_id,-1,-1,C:/Users/owner/Dropbox/Wzone/tmp/tmp2008/shp478_20081231b.shp,dyad_id,-1,-1,C:/Users/owner/Dropbox/Wzone/tmp/tmp2008/shp508_20081231b.shp,dyad_id,-1,-1,C:/Users/owner/Dropbox/Wzone/tmp/tmp2008/shp550_20081231b.shp,dyad_id,-1,-1,C:/Users/owner/Dropbox/Wzone/tmp/tmp2008/shp623_20081231b.shp,dyad_id,-1,-1,C:/Users/owner/Dropbox/Wzone/tmp/tmp2008/shp624_20081231b.shp,dyad_id,-1,-1,C:/Users/owner/Dropbox/Wzone/tmp/tmp2008/shp657_20081231b.shp,dyad_id,-1,-1,C:/Users/owner/Dropbox/Wzone/tmp/tmp2008/shp658_20081231b.shp,dyad_id,-1,-1,C:/Users/owner/Dropbox/Wzone/tmp/tmp2008/shp665_20081231b.shp,dyad_id,-1,-1,C:/Users/owner/Dropbox/Wzone/tmp/tmp2008/shp666_20081231b.shp,dyad_id,-1,-1,C:/Users/owner/Dropbox/Wzone/tmp/tmp2008/shp669_20081231b.shp,dyad_id,-1,-1,C:/Users/owner/Dropbox/Wzone/tmp/tmp2008/shp688_20081231b.shp,dyad_id,-1,-1,C:/Users/owner/Dropbox/Wzone/tmp/tmp2008/shp689_20081231b.shp,dyad_id,-1,-1,C:/Users/owner/Dropbox/Wzone/tmp/tmp2008/shp709_20081231b.shp,dyad_id,-1,-1,C:/Users/owner/Dropbox/Wzone/tmp/tmp2008/shp711_20081231b.shp,dyad_id,-1,-1,C:/Users/owner/Dropbox/Wzone/tmp/tmp2008/shp719_20081231b.shp,dyad_id,-1,-1,C:/Users/owner/Dropbox/Wzone/tmp/tmp2008/shp726_20081231b.shp,dyad_id,-1,-1,C:/Users/owner/Dropbox/Wzone/tmp/tmp2008/shp735_20081231b.shp,dyad_id,-1,-1,C:/Users/owner/Dropbox/Wzone/tmp/tmp2008/shp750_20081231b.shp,dyad_id,-1,-1,C:/Users/owner/Dropbox/Wzone/tmp/tmp2008/shp754_20081231b.shp,dyad_id,-1,-1,C:/Users/owner/Dropbox/Wzone/tmp/tmp2008/shp755_20081231b.shp,dyad_id,-1,-1,C:/Users/owner/Dropbox/Wzone/tmp/tmp2008/shp768_20081231b.shp,dyad_id,-1,-1,C:/Users/owner/Dropbox/Wzone/tmp/tmp2008/shp770_20081231b.shp,dyad_id,-1,-1,C:/Users/owner/Dropbox/Wzone/tmp/tmp2008/shp771_20081231b.shp,dyad_id,-1,-1,C:/Users/owner/Dropbox/Wzone/tmp/tmp2008/shp781_20081231b.shp,dyad_id,-1,-1,C:/Users/owner/Dropbox/Wzone/tmp/tmp2008/shp792_20081231b.shp,dyad_id,-1,-1,C:/Users/owner/Dropbox/Wzone/tmp/tmp2008/shp793_20081231b.shp,dyad_id,-1,-1,C:/Users/owner/Dropbox/Wzone/tmp/tmp2008/shp802_20081231b.shp,dyad_id,-1,-1,C:/Users/owner/Dropbox/Wzone/tmp/tmp2008/shp806_20081231b.shp,dyad_id,-1,-1,C:/Users/owner/Dropbox/Wzone/tmp/tmp2008/shp830_20081231b.shp,dyad_id,-1,-1,C:/Users/owner/Dropbox/Wzone/tmp/tmp2008/shp832_20081231b.shp,dyad_id,-1,-1,C:/Users/owner/Dropbox/Wzone/tmp/tmp2008/shp857_20081231b.shp,dyad_id,-1,-1,C:/Users/owner/Dropbox/Wzone/tmp/tmp2008/shp869_20081231b.shp,dyad_id,-1,-1,C:/Users/owner/Dropbox/Wzone/tmp/tmp2008/shp878_20081231b.shp,dyad_id,-1,-1,C:/Users/owner/Dropbox/Wzone/tmp/tmp2008/shp885_20081231b.shp,dyad_id,-1,-1,C:/Users/owner/Dropbox/Wzone/tmp/tmp2008/shp888_20081231b.shp,dyad_id,-1,-1,C:/Users/owner/Dropbox/Wzone/tmp/tmp2008/shp894_20081231b.shp,dyad_id,-1,-1,C:/Users/owner/Dropbox/Wzone/tmp/tmp2008/shp899_20081231b.shp,dyad_id,-1,-1,C:/Users/owner/Dropbox/Wzone/tmp/tmp2008/shp901_20081231b.shp,dyad_id,-1,-1,C:/Users/owner/Dropbox/Wzone/tmp/tmp2008/shp908_20081231b.shp,dyad_id,-1,-1,C:/Users/owner/Dropbox/Wzone/tmp/tmp2008/shp909_20081231b.shp,dyad_id,-1,-1,C:/Users/owner/Dropbox/Wzone/tmp/tmp2008/shp913_20081231b.shp,dyad_id,-1,-1,C:/Users/owner/Dropbox/Wzone/tmp/tmp2008/shp914_20081231b.shp,dyad_id,-1,-1,C:/Users/owner/Dropbox/Wzone/tmp/tmp2008/shp915_20081231b.shp,dyad_id,-1,-1,C:/Users/owner/Dropbox/Wzone/tmp/tmp2008/shp924_20081231b.shp,dyad_id,-1,-1,C:/Users/owner/Dropbox/Wzone/tmp/tmp2008/shp930_20081231b.shp,dyad_id,-1,-1,C:/Users/owner/Dropbox/Wzone/tmp/tmp2008/shp931_20081231b.shp,dyad_id,-1,-1,C:/Users/owner/Dropbox/Wzone/tmp/tmp2008/shp934_20081231b.shp,dyad_id,-1,-1,C:/Users/owner/Dropbox/Wzone/tmp/tmp2008/shp935_20081231b.shp,dyad_id,-1,-1,C:/Users/owner/Dropbox/Wzone/tmp/tmp2008/shp936_20081231b.shp,dyad_id,-1,-1,C:/Users/owner/Dropbox/Wzone/tmp/tmp2008/shp941_20081231b.shp,dyad_id,-1,-1,C:/Users/owner/Dropbox/Wzone/tmp/tmp2008/shp942_20081231b.shp,dyad_id,-1,-1,C:/Users/owner/Dropbox/Wzone/tmp/tmp2008/shp943_20081231b.shp,dyad_id,-1,-1,C:/Users/owner/Dropbox/Wzone/tmp/tmp2008/shp947_20081231b.shp,dyad_id,-1,-1,C:/Users/owner/Dropbox/Wzone/tmp/tmp2008/shp948_20081231b.shp,dyad_id,-1,-1,C:/Users/owner/Dropbox/Wzone/tmp/tmp2008/shp949_20081231b.shp,dyad_id,-1,-1,C:/Users/owner/Dropbox/Wzone/tmp/tmp2008/shp950_20081231b.shp,dyad_id,-1,-1,C:/Users/owner/Dropbox/Wzone/tmp/tmp2008/shp951_20081231b.shp,dyad_id,-1,-1,C:/Users/owner/Dropbox/Wzone/tmp/tmp2008/shp954_20081231b.shp,dyad_id,-1,-1,C:/Users/owner/Dropbox/Wzone/tmp/tmp2008/shp955_20081231b.shp,dyad_id,-1,-1,C:/Users/owner/Dropbox/Wzone/tmp/tmp2008/shp956_20081231b.shp,dyad_id,-1,-1,C:/Users/owner/Dropbox/Wzone/tmp/tmp2008/shp957_20081231b.shp,dyad_id,-1,-1,C:/Users/owner/Dropbox/Wzone/tmp/tmp2008/shp962_20081231b.shp,dyad_id,-1,-1,C:/Users/owner/Dropbox/Wzone/tmp/tmp2008/shp966_20081231b.shp,dyad_id,-1,-1,C:/Users/owner/Dropbox/Wzone/tmp/tmp2008/shp967_20081231b.shp,dyad_id,-1,-1,C:/Users/owner/Dropbox/Wzone/tmp/tmp2008/shp973_20081231b.shp,dyad_id,-1,-1,C:/Users/owner/Dropbox/Wzone/tmp/tmp2008/shp976_20081231b.shp,dyad_id,-1,-1,C:/Users/owner/Dropbox/Wzone/tmp/tmp2008/shp977_20081231b.shp,dyad_id,-1,-1,C:/Users/owner/Dropbox/Wzone/tmp/tmp2008/shp980_20081231b.shp,dyad_id,-1,-1,C:/Users/owner/Dropbox/Wzone/tmp/tmp2008/shp981_20081231b.shp,dyad_id,-1,-1,C:/Users/owner/Dropbox/Wzone/tmp/tmp2008/shp984_20081231b.shp,dyad_id,-1,-1,C:/Users/owner/Dropbox/Wzone/tmp/tmp2008/shp987_20081231b.shp,dyad_id,-1,-1,C:/Users/owner/Dropbox/Wzone/tmp/tmp2008/shp988_20081231b.shp,dyad_id,-1,-1,C:/Users/owner/Dropbox/Wzone/tmp/tmp2008/shp989_20081231b.shp,dyad_id,-1,-1,C:/Users/owner/Dropbox/Wzone/tmp/tmp2008/shp990_20081231b.shp,dyad_id,-1,-1,C:/Users/owner/Dropbox/Wzone/tmp/tmp2008/shp997_20081231b.shp,dyad_id,-1,-1,C:/Users/owner/Dropbox/Wzone/tmp/tmp2008/shp998_20081231b.shp,dyad_id,-1,-1,C:/Users/owner/Dropbox/Wzone/tmp/tmp2008/shp999_20081231b.shp,dyad_id,-1,-1,C:/Users/owner/Dropbox/Wzone/tmp/tmp2008/shp1000_20081231b.shp,dyad_id,-1,-1,C:/Users/owner/Dropbox/Wzone/tmp/tmp2008/shp1007_20081231b.shp,dyad_id,-1,-1,C:/Users/owner/Dropbox/Wzone/tmp/tmp2008/shp1023_20081231b.shp,dyad_id,-1,-1,C:/Users/owner/Dropbox/Wzone/tmp/tmp2008/shp1026_20081231b.shp,dyad_id,-1,-1,C:/Users/owner/Dropbox/Wzone/tmp/tmp2008/shp1036_20081231b.shp,dyad_id,-1,-1,C:/Users/owner/Dropbox/Wzone/tmp/tmp2008/shp1040_20081231b.shp,dyad_id,-1,-1,C:/Users/owner/Dropbox/Wzone/tmp/tmp2008/shp1053_20081231b.shp,dyad_id,-1,-1,C:/Users/owner/Dropbox/Wzone/tmp/tmp2008/shp1072_20081231b.shp,dyad_id,-1,-1,C:/Users/owner/Dropbox/Wzone/tmp/tmp2008/shp1073_20081231b.shp,dyad_id,-1,-1,C:/Users/owner/Dropbox/Wzone/tmp/tmp2008/shp1091_20081231b.shp,dyad_id,-1,-1,C:/Users/owner/Dropbox/Wzone/tmp/tmp2008/shp1108_20081231b.shp,dyad_id,-1,-1,C:/Users/owner/Dropbox/Wzone/tmp/tmp2008/shp1167_20081231b.shp,dyad_id,-1,-1,C:/Users/owner/Dropbox/Wzone/tmp/tmp2008/shp1176_20081231b.shp,dyad_id,-1,-1,C:/Users/owner/Dropbox/Wzone/tmp/tmp2008/shp1204_20081231b.shp,dyad_id,-1,-1,C:/Users/owner/Dropbox/Wzone/tmp/tmp2008/shp1704_20081231b.shp,dyad_id,-1,-1,C:/Users/owner/Dropbox/Wzone/tmp/tmp2008/shp5177_20081231b.shp,dyad_id,-1,-1,C:/Users/owner/Dropbox/Wzone/tmp/tmp2008/shp5183_20081231b.shp,dyad_id,-1,-1,C:/Users/owner/Dropbox/Wzone/tmp/tmp2008/shp5189_20081231b.shp,dyad_id,-1,-1,C:/Users/owner/Dropbox/Wzone/tmp/tmp2008/shp5201_20081231b.shp,dyad_id,-1,-1,C:/Users/owner/Dropbox/Wzone/tmp/tmp2008/shp5243_20081231b.shp,dyad_id,-1,-1,C:/Users/owner/Dropbox/Wzone/tmp/tmp2008/shp5262_20081231b.shp,dyad_id,-1,-1,C:/Users/owner/Dropbox/Wzone/tmp/tmp2008/shp5266_20081231b.shp,dyad_id,-1,-1,C:/Users/owner/Dropbox/Wzone/tmp/tmp2008/shp5282_20081231b.shp,dyad_id,-1,-1,C:/Users/owner/Dropbox/Wzone/tmp/tmp2008/shp5289_20081231b.shp,dyad_id,-1,-1,C:/Users/owner/Dropbox/Wzone/tmp/tmp2008/shp5290_20081231b.shp,dyad_id,-1,-1,C:/Users/owner/Dropbox/Wzone/tmp/tmp2008/shp5293_20081231b.shp,dyad_id,-1,-1,C:/Users/owner/Dropbox/Wzone/tmp/tmp2008/shp5305_20081231b.shp,dyad_id,-1,-1,C:/Users/owner/Dropbox/Wzone/tmp/tmp2008/shp5306_20081231b.shp,dyad_id,-1,-1,C:/Users/owner/Dropbox/Wzone/tmp/tmp2008/shp5313_20081231b.shp,dyad_id,-1,-1,C:/Users/owner/Dropbox/Wzone/tmp/tmp2008/shp5314_20081231b.shp,dyad_id,-1,-1,C:/Users/owner/Dropbox/Wzone/tmp/tmp2008/shp5349_20081231b.shp,dyad_id,-1,-1,C:/Users/owner/Dropbox/Wzone/tmp/tmp2008/shp5460_20081231b.shp,dyad_id,-1,-1,C:/Users/owner/Dropbox/Wzone/tmp/tmp2008/shp5505_20081231b.shp,dyad_id,-1,-1,C:/Users/owner/Dropbox/Wzone/tmp/tmp2008/shp5512_20081231b.shp,dyad_id,-1,-1,C:/Users/owner/Dropbox/Wzone/tmp/tmp2008/shp5534_20081231b.shp,dyad_id,-1,-1,C:/Users/owner/Dropbox/Wzone/tmp/tmp2008/shp5570_20081231b.shp,dyad_id,-1,-1,C:/Users/owner/Dropbox/Wzone/tmp/tmp2008/shp5583_20081231b.shp,dyad_id,-1,-1,C:/Users/owner/Dropbox/Wzone/tmp/tmp2008/shp10264_20081231b.shp,dyad_id,-1,-1,C:/Users/owner/Dropbox/Wzone/tmp/tmp2008/shp10985_20081231b.shp,dyad_id,-1,-1,C:/Users/owner/Dropbox/Wzone/tmp/tmp2008/shp11123_20081231b.shp,dyad_id,-1,-1,C:/Users/owner/Dropbox/Wzone/tmp/tmp2008/shp11433_20081231b.shp,dyad_id,-1,-1,C:/Users/owner/Dropbox/Wzone/tmp/tmp2008/shp11663_20081231b.shp,dyad_id,-1,-1,C:/Users/owner/Dropbox/Wzone/tmp/tmp2008/shp12102_20081231b.shp,dyad_id,-1,-1,C:/Users/owner/Dropbox/Wzone/tmp/tmp2008/shp14273_20081231b.shp,dyad_id,-1,-1,C:/Users/owner/Dropbox/Wzone/tmp/tmp2008/shp14353_20081231b.shp,dyad_id,-1,-1;conf_id "conf_id" true true false 5 Long 0 5,First,#,C:/Users/owner/Dropbox/Wzone/tmp/tmp2008/shp411_20081231b.shp,conf_id,-1,-1,C:/Users/owner/Dropbox/Wzone/tmp/tmp2008/shp422_20081231b.shp,conf_id,-1,-1,C:/Users/owner/Dropbox/Wzone/tmp/tmp2008/shp428_20081231b.shp,conf_id,-1,-1,C:/Users/owner/Dropbox/Wzone/tmp/tmp2008/shp453_20081231b.shp,conf_id,-1,-1,C:/Users/owner/Dropbox/Wzone/tmp/tmp2008/shp461_20081231b.shp,conf_id,-1,-1,C:/Users/owner/Dropbox/Wzone/tmp/tmp2008/shp474_20081231b.shp,conf_id,-1,-1,C:/Users/owner/Dropbox/Wzone/tmp/tmp2008/shp478_20081231b.shp,conf_id,-1,-1,C:/Users/owner/Dropbox/Wzone/tmp/tmp2008/shp508_20081231b.shp,conf_id,-1,-1,C:/Users/owner/Dropbox/Wzone/tmp/tmp2008/shp550_20081231b.shp,conf_id,-1,-1,C:/Users/owner/Dropbox/Wzone/tmp/tmp2008/shp623_20081231b.shp,conf_id,-1,-1,C:/Users/owner/Dropbox/Wzone/tmp/tmp2008/shp624_20081231b.shp,conf_id,-1,-1,C:/Users/owner/Dropbox/Wzone/tmp/tmp2008/shp657_20081231b.shp,conf_id,-1,-1,C:/Users/owner/Dropbox/Wzone/tmp/tmp2008/shp658_20081231b.shp,conf_id,-1,-1,C:/Users/owner/Dropbox/Wzone/tmp/tmp2008/shp665_20081231b.shp,conf_id,-1,-1,C:/Users/owner/Dropbox/Wzone/tmp/tmp2008/shp666_20081231b.shp,conf_id,-1,-1,C:/Users/owner/Dropbox/Wzone/tmp/tmp2008/shp669_20081231b.shp,conf_id,-1,-1,C:/Users/owner/Dropbox/Wzone/tmp/tmp2008/shp688_20081231b.shp,conf_id,-1,-1,C:/Users/owner/Dropbox/Wzone/tmp/tmp2008/shp689_20081231b.shp,conf_id,-1,-1,C:/Users/owner/Dropbox/Wzone/tmp/tmp2008/shp709_20081231b.shp,conf_id,-1,-1,C:/Users/owner/Dropbox/Wzone/tmp/tmp2008/shp711_20081231b.shp,conf_id,-1,-1,C:/Users/owner/Dropbox/Wzone/tmp/tmp2008/shp719_20081231b.shp,conf_id,-1,-1,C:/Users/owner/Dropbox/Wzone/tmp/tmp2008/shp726_20081231b.shp,conf_id,-1,-1,C:/Users/owner/Dropbox/Wzone/tmp/tmp2008/shp735_20081231b.shp,conf_id,-1,-1,C:/Users/owner/Dropbox/Wzone/tmp/tmp2008/shp750_20081231b.shp,conf_id,-1,-1,C:/Users/owner/Dropbox/Wzone/tmp/tmp2008/shp754_20081231b.shp,conf_id,-1,-1,C:/Users/owner/Dropbox/Wzone/tmp/tmp2008/shp755_20081231b.shp,conf_id,-1,-1,C:/Users/owner/Dropbox/Wzone/tmp/tmp2008/shp768_20081231b.shp,conf_id,-1,-1,C:/Users/owner/Dropbox/Wzone/tmp/tmp2008/shp770_20081231b.shp,conf_id,-1,-1,C:/Users/owner/Dropbox/Wzone/tmp/tmp2008/shp771_20081231b.shp,conf_id,-1,-1,C:/Users/owner/Dropbox/Wzone/tmp/tmp2008/shp781_20081231b.shp,conf_id,-1,-1,C:/Users/owner/Dropbox/Wzone/tmp/tmp2008/shp792_20081231b.shp,conf_id,-1,-1,C:/Users/owner/Dropbox/Wzone/tmp/tmp2008/shp793_20081231b.shp,conf_id,-1,-1,C:/Users/owner/Dropbox/Wzone/tmp/tmp2008/shp802_20081231b.shp,conf_id,-1,-1,C:/Users/owner/Dropbox/Wzone/tmp/tmp2008/shp806_20081231b.shp,conf_id,-1,-1,C:/Users/owner/Dropbox/Wzone/tmp/tmp2008/shp830_20081231b.shp,conf_id,-1,-1,C:/Users/owner/Dropbox/Wzone/tmp/tmp2008/shp832_20081231b.shp,conf_id,-1,-1,C:/Users/owner/Dropbox/Wzone/tmp/tmp2008/shp857_20081231b.shp,conf_id,-1,-1,C:/Users/owner/Dropbox/Wzone/tmp/tmp2008/shp869_20081231b.shp,conf_id,-1,-1,C:/Users/owner/Dropbox/Wzone/tmp/tmp2008/shp878_20081231b.shp,conf_id,-1,-1,C:/Users/owner/Dropbox/Wzone/tmp/tmp2008/shp885_20081231b.shp,conf_id,-1,-1,C:/Users/owner/Dropbox/Wzone/tmp/tmp2008/shp888_20081231b.shp,conf_id,-1,-1,C:/Users/owner/Dropbox/Wzone/tmp/tmp2008/shp894_20081231b.shp,conf_id,-1,-1,C:/Users/owner/Dropbox/Wzone/tmp/tmp2008/shp899_20081231b.shp,conf_id,-1,-1,C:/Users/owner/Dropbox/Wzone/tmp/tmp2008/shp901_20081231b.shp,conf_id,-1,-1,C:/Users/owner/Dropbox/Wzone/tmp/tmp2008/shp908_20081231b.shp,conf_id,-1,-1,C:/Users/owner/Dropbox/Wzone/tmp/tmp2008/shp909_20081231b.shp,conf_id,-1,-1,C:/Users/owner/Dropbox/Wzone/tmp/tmp2008/shp913_20081231b.shp,conf_id,-1,-1,C:/Users/owner/Dropbox/Wzone/tmp/tmp2008/shp914_20081231b.shp,conf_id,-1,-1,C:/Users/owner/Dropbox/Wzone/tmp/tmp2008/shp915_20081231b.shp,conf_id,-1,-1,C:/Users/owner/Dropbox/Wzone/tmp/tmp2008/shp924_20081231b.shp,conf_id,-1,-1,C:/Users/owner/Dropbox/Wzone/tmp/tmp2008/shp930_20081231b.shp,conf_id,-1,-1,C:/Users/owner/Dropbox/Wzone/tmp/tmp2008/shp931_20081231b.shp,conf_id,-1,-1,C:/Users/owner/Dropbox/Wzone/tmp/tmp2008/shp934_20081231b.shp,conf_id,-1,-1,C:/Users/owner/Dropbox/Wzone/tmp/tmp2008/shp935_20081231b.shp,conf_id,-1,-1,C:/Users/owner/Dropbox/Wzone/tmp/tmp2008/shp936_20081231b.shp,conf_id,-1,-1,C:/Users/owner/Dropbox/Wzone/tmp/tmp2008/shp941_20081231b.shp,conf_id,-1,-1,C:/Users/owner/Dropbox/Wzone/tmp/tmp2008/shp942_20081231b.shp,conf_id,-1,-1,C:/Users/owner/Dropbox/Wzone/tmp/tmp2008/shp943_20081231b.shp,conf_id,-1,-1,C:/Users/owner/Dropbox/Wzone/tmp/tmp2008/shp947_20081231b.shp,conf_id,-1,-1,C:/Users/owner/Dropbox/Wzone/tmp/tmp2008/shp948_20081231b.shp,conf_id,-1,-1,C:/Users/owner/Dropbox/Wzone/tmp/tmp2008/shp949_20081231b.shp,conf_id,-1,-1,C:/Users/owner/Dropbox/Wzone/tmp/tmp2008/shp950_20081231b.shp,conf_id,-1,-1,C:/Users/owner/Dropbox/Wzone/tmp/tmp2008/shp951_20081231b.shp,conf_id,-1,-1,C:/Users/owner/Dropbox/Wzone/tmp/tmp2008/shp954_20081231b.shp,conf_id,-1,-1,C:/Users/owner/Dropbox/Wzone/tmp/tmp2008/shp955_20081231b.shp,conf_id,-1,-1,C:/Users/owner/Dropbox/Wzone/tmp/tmp2008/shp956_20081231b.shp,conf_id,-1,-1,C:/Users/owner/Dropbox/Wzone/tmp/tmp2008/shp957_20081231b.shp,conf_id,-1,-1,C:/Users/owner/Dropbox/Wzone/tmp/tmp2008/shp962_20081231b.shp,conf_id,-1,-1,C:/Users/owner/Dropbox/Wzone/tmp/tmp2008/shp966_20081231b.shp,conf_id,-1,-1,C:/Users/owner/Dropbox/Wzone/tmp/tmp2008/shp967_20081231b.shp,conf_id,-1,-1,C:/Users/owner/Dropbox/Wzone/tmp/tmp2008/shp973_20081231b.shp,conf_id,-1,-1,C:/Users/owner/Dropbox/Wzone/tmp/tmp2008/shp976_20081231b.shp,conf_id,-1,-1,C:/Users/owner/Dropbox/Wzone/tmp/tmp2008/shp977_20081231b.shp,conf_id,-1,-1,C:/Users/owner/Dropbox/Wzone/tmp/tmp2008/shp980_20081231b.shp,conf_id,-1,-1,C:/Users/owner/Dropbox/Wzone/tmp/tmp2008/shp981_20081231b.shp,conf_id,-1,-1,C:/Users/owner/Dropbox/Wzone/tmp/tmp2008/shp984_20081231b.shp,conf_id,-1,-1,C:/Users/owner/Dropbox/Wzone/tmp/tmp2008/shp987_20081231b.shp,conf_id,-1,-1,C:/Users/owner/Dropbox/Wzone/tmp/tmp2008/shp988_20081231b.shp,conf_id,-1,-1,C:/Users/owner/Dropbox/Wzone/tmp/tmp2008/shp989_20081231b.shp,conf_id,-1,-1,C:/Users/owner/Dropbox/Wzone/tmp/tmp2008/shp990_20081231b.shp,conf_id,-1,-1,C:/Users/owner/Dropbox/Wzone/tmp/tmp2008/shp997_20081231b.shp,conf_id,-1,-1,C:/Users/owner/Dropbox/Wzone/tmp/tmp2008/shp998_20081231b.shp,conf_id,-1,-1,C:/Users/owner/Dropbox/Wzone/tmp/tmp2008/shp999_20081231b.shp,conf_id,-1,-1,C:/Users/owner/Dropbox/Wzone/tmp/tmp2008/shp1000_20081231b.shp,conf_id,-1,-1,C:/Users/owner/Dropbox/Wzone/tmp/tmp2008/shp1007_20081231b.shp,conf_id,-1,-1,C:/Users/owner/Dropbox/Wzone/tmp/tmp2008/shp1023_20081231b.shp,conf_id,-1,-1,C:/Users/owner/Dropbox/Wzone/tmp/tmp2008/shp1026_20081231b.shp,conf_id,-1,-1,C:/Users/owner/Dropbox/Wzone/tmp/tmp2008/shp1036_20081231b.shp,conf_id,-1,-1,C:/Users/owner/Dropbox/Wzone/tmp/tmp2008/shp1040_20081231b.shp,conf_id,-1,-1,C:/Users/owner/Dropbox/Wzone/tmp/tmp2008/shp1053_20081231b.shp,conf_id,-1,-1,C:/Users/owner/Dropbox/Wzone/tmp/tmp2008/shp1072_20081231b.shp,conf_id,-1,-1,C:/Users/owner/Dropbox/Wzone/tmp/tmp2008/shp1073_20081231b.shp,conf_id,-1,-1,C:/Users/owner/Dropbox/Wzone/tmp/tmp2008/shp1091_20081231b.shp,conf_id,-1,-1,C:/Users/owner/Dropbox/Wzone/tmp/tmp2008/shp1108_20081231b.shp,conf_id,-1,-1,C:/Users/owner/Dropbox/Wzone/tmp/tmp2008/shp1167_20081231b.shp,conf_id,-1,-1,C:/Users/owner/Dropbox/Wzone/tmp/tmp2008/shp1176_20081231b.shp,conf_id,-1,-1,C:/Users/owner/Dropbox/Wzone/tmp/tmp2008/shp1204_20081231b.shp,conf_id,-1,-1,C:/Users/owner/Dropbox/Wzone/tmp/tmp2008/shp1704_20081231b.shp,conf_id,-1,-1,C:/Users/owner/Dropbox/Wzone/tmp/tmp2008/shp5177_20081231b.shp,conf_id,-1,-1,C:/Users/owner/Dropbox/Wzone/tmp/tmp2008/shp5183_20081231b.shp,conf_id,-1,-1,C:/Users/owner/Dropbox/Wzone/tmp/tmp2008/shp5189_20081231b.shp,conf_id,-1,-1,C:/Users/owner/Dropbox/Wzone/tmp/tmp2008/shp5201_20081231b.shp,conf_id,-1,-1,C:/Users/owner/Dropbox/Wzone/tmp/tmp2008/shp5243_20081231b.shp,conf_id,-1,-1,C:/Users/owner/Dropbox/Wzone/tmp/tmp2008/shp5262_20081231b.shp,conf_id,-1,-1,C:/Users/owner/Dropbox/Wzone/tmp/tmp2008/shp5266_20081231b.shp,conf_id,-1,-1,C:/Users/owner/Dropbox/Wzone/tmp/tmp2008/shp5282_20081231b.shp,conf_id,-1,-1,C:/Users/owner/Dropbox/Wzone/tmp/tmp2008/shp5289_20081231b.shp,conf_id,-1,-1,C:/Users/owner/Dropbox/Wzone/tmp/tmp2008/shp5290_20081231b.shp,conf_id,-1,-1,C:/Users/owner/Dropbox/Wzone/tmp/tmp2008/shp5293_20081231b.shp,conf_id,-1,-1,C:/Users/owner/Dropbox/Wzone/tmp/tmp2008/shp5305_20081231b.shp,conf_id,-1,-1,C:/Users/owner/Dropbox/Wzone/tmp/tmp2008/shp5306_20081231b.shp,conf_id,-1,-1,C:/Users/owner/Dropbox/Wzone/tmp/tmp2008/shp5313_20081231b.shp,conf_id,-1,-1,C:/Users/owner/Dropbox/Wzone/tmp/tmp2008/shp5314_20081231b.shp,conf_id,-1,-1,C:/Users/owner/Dropbox/Wzone/tmp/tmp2008/shp5349_20081231b.shp,conf_id,-1,-1,C:/Users/owner/Dropbox/Wzone/tmp/tmp2008/shp5460_20081231b.shp,conf_id,-1,-1,C:/Users/owner/Dropbox/Wzone/tmp/tmp2008/shp5505_20081231b.shp,conf_id,-1,-1,C:/Users/owner/Dropbox/Wzone/tmp/tmp2008/shp5512_20081231b.shp,conf_id,-1,-1,C:/Users/owner/Dropbox/Wzone/tmp/tmp2008/shp5534_20081231b.shp,conf_id,-1,-1,C:/Users/owner/Dropbox/Wzone/tmp/tmp2008/shp5570_20081231b.shp,conf_id,-1,-1,C:/Users/owner/Dropbox/Wzone/tmp/tmp2008/shp5583_20081231b.shp,conf_id,-1,-1,C:/Users/owner/Dropbox/Wzone/tmp/tmp2008/shp10264_20081231b.shp,conf_id,-1,-1,C:/Users/owner/Dropbox/Wzone/tmp/tmp2008/shp10985_20081231b.shp,conf_id,-1,-1,C:/Users/owner/Dropbox/Wzone/tmp/tmp2008/shp11123_20081231b.shp,conf_id,-1,-1,C:/Users/owner/Dropbox/Wzone/tmp/tmp2008/shp11433_20081231b.shp,conf_id,-1,-1,C:/Users/owner/Dropbox/Wzone/tmp/tmp2008/shp11663_20081231b.shp,conf_id,-1,-1,C:/Users/owner/Dropbox/Wzone/tmp/tmp2008/shp12102_20081231b.shp,conf_id,-1,-1,C:/Users/owner/Dropbox/Wzone/tmp/tmp2008/shp14273_20081231b.shp,conf_id,-1,-1,C:/Users/owner/Dropbox/Wzone/tmp/tmp2008/shp14353_20081231b.shp,conf_id,-1,-1;date "date" true true false 254 Text 0 0,First,#,C:/Users/owner/Dropbox/Wzone/tmp/tmp2008/shp411_20081231b.shp,date,0,253,C:/Users/owner/Dropbox/Wzone/tmp/tmp2008/shp422_20081231b.shp,date,0,253,C:/Users/owner/Dropbox/Wzone/tmp/tmp2008/shp428_20081231b.shp,date,0,253,C:/Users/owner/Dropbox/Wzone/tmp/tmp2008/shp453_20081231b.shp,date,0,253,C:/Users/owner/Dropbox/Wzone/tmp/tmp2008/shp461_20081231b.shp,date,0,253,C:/Users/owner/Dropbox/Wzone/tmp/tmp2008/shp474_20081231b.shp,date,0,253,C:/Users/owner/Dropbox/Wzone/tmp/tmp2008/shp478_20081231b.shp,date,0,253,C:/Users/owner/Dropbox/Wzone/tmp/tmp2008/shp508_20081231b.shp,date,0,253,C:/Users/owner/Dropbox/Wzone/tmp/tmp2008/shp550_20081231b.shp,date,0,253,C:/Users/owner/Dropbox/Wzone/tmp/tmp2008/shp623_20081231b.shp,date,0,253,C:/Users/owner/Dropbox/Wzone/tmp/tmp2008/shp624_20081231b.shp,date,0,253,C:/Users/owner/Dropbox/Wzone/tmp/tmp2008/shp657_20081231b.shp,date,0,253,C:/Users/owner/Dropbox/Wzone/tmp/tmp2008/shp658_20081231b.shp,date,0,253,C:/Users/owner/Dropbox/Wzone/tmp/tmp2008/shp665_20081231b.shp,date,0,253,C:/Users/owner/Dropbox/Wzone/tmp/tmp2008/shp666_20081231b.shp,date,0,253,C:/Users/owner/Dropbox/Wzone/tmp/tmp2008/shp669_20081231b.shp,date,0,253,C:/Users/owner/Dropbox/Wzone/tmp/tmp2008/shp688_20081231b.shp,date,0,253,C:/Users/owner/Dropbox/Wzone/tmp/tmp2008/shp689_20081231b.shp,date,0,253,C:/Users/owner/Dropbox/Wzone/tmp/tmp2008/shp709_20081231b.shp,date,0,253,C:/Users/owner/Dropbox/Wzone/tmp/tmp2008/shp711_20081231b.shp,date,0,253,C:/Users/owner/Dropbox/Wzone/tmp/tmp2008/shp719_20081231b.shp,date,0,253,C:/Users/owner/Dropbox/Wzone/tmp/tmp2008/shp726_20081231b.shp,date,0,253,C:/Users/owner/Dropbox/Wzone/tmp/tmp2008/shp735_20081231b.shp,date,0,253,C:/Users/owner/Dropbox/Wzone/tmp/tmp2008/shp750_20081231b.shp,date,0,253,C:/Users/owner/Dropbox/Wzone/tmp/tmp2008/shp754_20081231b.shp,date,0,253,C:/Users/owner/Dropbox/Wzone/tmp/tmp2008/shp755_20081231b.shp,date,0,253,C:/Users/owner/Dropbox/Wzone/tmp/tmp2008/shp768_20081231b.shp,date,0,253,C:/Users/owner/Dropbox/Wzone/tmp/tmp2008/shp770_20081231b.shp,date,0,253,C:/Users/owner/Dropbox/Wzone/tmp/tmp2008/shp771_20081231b.shp,date,0,253,C:/Users/owner/Dropbox/Wzone/tmp/tmp2008/shp781_20081231b.shp,date,0,253,C:/Users/owner/Dropbox/Wzone/tmp/tmp2008/shp792_20081231b.shp,date,0,253,C:/Users/owner/Dropbox/Wzone/tmp/tmp2008/shp793_20081231b.shp,date,0,253,C:/Users/owner/Dropbox/Wzone/tmp/tmp2008/shp802_20081231b.shp,date,0,253,C:/Users/owner/Dropbox/Wzone/tmp/tmp2008/shp806_20081231b.shp,date,0,253,C:/Users/owner/Dropbox/Wzone/tmp/tmp2008/shp830_20081231b.shp,date,0,253,C:/Users/owner/Dropbox/Wzone/tmp/tmp2008/shp832_20081231b.shp,date,0,253,C:/Users/owner/Dropbox/Wzone/tmp/tmp2008/shp857_20081231b.shp,date,0,253,C:/Users/owner/Dropbox/Wzone/tmp/tmp2008/shp869_20081231b.shp,date,0,253,C:/Users/owner/Dropbox/Wzone/tmp/tmp2008/shp878_20081231b.shp,date,0,253,C:/Users/owner/Dropbox/Wzone/tmp/tmp2008/shp885_20081231b.shp,date,0,253,C:/Users/owner/Dropbox/Wzone/tmp/tmp2008/shp888_20081231b.shp,date,0,253,C:/Users/owner/Dropbox/Wzone/tmp/tmp2008/shp894_20081231b.shp,date,0,253,C:/Users/owner/Dropbox/Wzone/tmp/tmp2008/shp899_20081231b.shp,date,0,253,C:/Users/owner/Dropbox/Wzone/tmp/tmp2008/shp901_20081231b.shp,date,0,253,C:/Users/owner/Dropbox/Wzone/tmp/tmp2008/shp908_20081231b.shp,date,0,253,C:/Users/owner/Dropbox/Wzone/tmp/tmp2008/shp909_20081231b.shp,date,0,253,C:/Users/owner/Dropbox/Wzone/tmp/tmp2008/shp913_20081231b.shp,date,0,253,C:/Users/owner/Dropbox/Wzone/tmp/tmp2008/shp914_20081231b.shp,date,0,253,C:/Users/owner/Dropbox/Wzone/tmp/tmp2008/shp915_20081231b.shp,date,0,253,C:/Users/owner/Dropbox/Wzone/tmp/tmp2008/shp924_20081231b.shp,date,0,253,C:/Users/owner/Dropbox/Wzone/tmp/tmp2008/shp930_20081231b.shp,date,0,253,C:/Users/owner/Dropbox/Wzone/tmp/tmp2008/shp931_20081231b.shp,date,0,253,C:/Users/owner/Dropbox/Wzone/tmp/tmp2008/shp934_20081231b.shp,date,0,253,C:/Users/owner/Dropbox/Wzone/tmp/tmp2008/shp935_20081231b.shp,date,0,253,C:/Users/owner/Dropbox/Wzone/tmp/tmp2008/shp936_20081231b.shp,date,0,253,C:/Users/owner/Dropbox/Wzone/tmp/tmp2008/shp941_20081231b.shp,date,0,253,C:/Users/owner/Dropbox/Wzone/tmp/tmp2008/shp942_20081231b.shp,date,0,253,C:/Users/owner/Dropbox/Wzone/tmp/tmp2008/shp943_20081231b.shp,date,0,253,C:/Users/owner/Dropbox/Wzone/tmp/tmp2008/shp947_20081231b.shp,date,0,253,C:/Users/owner/Dropbox/Wzone/tmp/tmp2008/shp948_20081231b.shp,date,0,253,C:/Users/owner/Dropbox/Wzone/tmp/tmp2008/shp949_20081231b.shp,date,0,253,C:/Users/owner/Dropbox/Wzone/tmp/tmp2008/shp950_20081231b.shp,date,0,253,C:/Users/owner/Dropbox/Wzone/tmp/tmp2008/shp951_20081231b.shp,date,0,253,C:/Users/owner/Dropbox/Wzone/tmp/tmp2008/shp954_20081231b.shp,date,0,253,C:/Users/owner/Dropbox/Wzone/tmp/tmp2008/shp955_20081231b.shp,date,0,253,C:/Users/owner/Dropbox/Wzone/tmp/tmp2008/shp956_20081231b.shp,date,0,253,C:/Users/owner/Dropbox/Wzone/tmp/tmp2008/shp957_20081231b.shp,date,0,253,C:/Users/owner/Dropbox/Wzone/tmp/tmp2008/shp962_20081231b.shp,date,0,253,C:/Users/owner/Dropbox/Wzone/tmp/tmp2008/shp966_20081231b.shp,date,0,253,C:/Users/owner/Dropbox/Wzone/tmp/tmp2008/shp967_20081231b.shp,date,0,253,C:/Users/owner/Dropbox/Wzone/tmp/tmp2008/shp973_20081231b.shp,date,0,253,C:/Users/owner/Dropbox/Wzone/tmp/tmp2008/shp976_20081231b.shp,date,0,253,C:/Users/owner/Dropbox/Wzone/tmp/tmp2008/shp977_20081231b.shp,date,0,253,C:/Users/owner/Dropbox/Wzone/tmp/tmp2008/shp980_20081231b.shp,date,0,253,C:/Users/owner/Dropbox/Wzone/tmp/tmp2008/shp981_20081231b.shp,date,0,253,C:/Users/owner/Dropbox/Wzone/tmp/tmp2008/shp984_20081231b.shp,date,0,253,C:/Users/owner/Dropbox/Wzone/tmp/tmp2008/shp987_20081231b.shp,date,0,253,C:/Users/owner/Dropbox/Wzone/tmp/tmp2008/shp988_20081231b.shp,date,0,253,C:/Users/owner/Dropbox/Wzone/tmp/tmp2008/shp989_20081231b.shp,date,0,253,C:/Users/owner/Dropbox/Wzone/tmp/tmp2008/shp990_20081231b.shp,date,0,253,C:/Users/owner/Dropbox/Wzone/tmp/tmp2008/shp997_20081231b.shp,date,0,253,C:/Users/owner/Dropbox/Wzone/tmp/tmp2008/shp998_20081231b.shp,date,0,253,C:/Users/owner/Dropbox/Wzone/tmp/tmp2008/shp999_20081231b.shp,date,0,253,C:/Users/owner/Dropbox/Wzone/tmp/tmp2008/shp1000_20081231b.shp,date,0,253,C:/Users/owner/Dropbox/Wzone/tmp/tmp2008/shp1007_20081231b.shp,date,0,253,C:/Users/owner/Dropbox/Wzone/tmp/tmp2008/shp1023_20081231b.shp,date,0,253,C:/Users/owner/Dropbox/Wzone/tmp/tmp2008/shp1026_20081231b.shp,date,0,253,C:/Users/owner/Dropbox/Wzone/tmp/tmp2008/shp1036_20081231b.shp,date,0,253,C:/Users/owner/Dropbox/Wzone/tmp/tmp2008/shp1040_20081231b.shp,date,0,253,C:/Users/owner/Dropbox/Wzone/tmp/tmp2008/shp1053_20081231b.shp,date,0,253,C:/Users/owner/Dropbox/Wzone/tmp/tmp2008/shp1072_20081231b.shp,date,0,253,C:/Users/owner/Dropbox/Wzone/tmp/tmp2008/shp1073_20081231b.shp,date,0,253,C:/Users/owner/Dropbox/Wzone/tmp/tmp2008/shp1091_20081231b.shp,date,0,253,C:/Users/owner/Dropbox/Wzone/tmp/tmp2008/shp1108_20081231b.shp,date,0,253,C:/Users/owner/Dropbox/Wzone/tmp/tmp2008/shp1167_20081231b.shp,date,0,253,C:/Users/owner/Dropbox/Wzone/tmp/tmp2008/shp1176_20081231b.shp,date,0,253,C:/Users/owner/Dropbox/Wzone/tmp/tmp2008/shp1204_20081231b.shp,date,0,253,C:/Users/owner/Dropbox/Wzone/tmp/tmp2008/shp1704_20081231b.shp,date,0,253,C:/Users/owner/Dropbox/Wzone/tmp/tmp2008/shp5177_20081231b.shp,date,0,253,C:/Users/owner/Dropbox/Wzone/tmp/tmp2008/shp5183_20081231b.shp,date,0,253,C:/Users/owner/Dropbox/Wzone/tmp/tmp2008/shp5189_20081231b.shp,date,0,253,C:/Users/owner/Dropbox/Wzone/tmp/tmp2008/shp5201_20081231b.shp,date,0,253,C:/Users/owner/Dropbox/Wzone/tmp/tmp2008/shp5243_20081231b.shp,date,0,253,C:/Users/owner/Dropbox/Wzone/tmp/tmp2008/shp5262_20081231b.shp,date,0,253,C:/Users/owner/Dropbox/Wzone/tmp/tmp2008/shp5266_20081231b.shp,date,0,253,C:/Users/owner/Dropbox/Wzone/tmp/tmp2008/shp5282_20081231b.shp,date,0,253,C:/Users/owner/Dropbox/Wzone/tmp/tmp2008/shp5289_20081231b.shp,date,0,253,C:/Users/owner/Dropbox/Wzone/tmp/tmp2008/shp5290_20081231b.shp,date,0,253,C:/Users/owner/Dropbox/Wzone/tmp/tmp2008/shp5293_20081231b.shp,date,0,253,C:/Users/owner/Dropbox/Wzone/tmp/tmp2008/shp5305_20081231b.shp,date,0,253,C:/Users/owner/Dropbox/Wzone/tmp/tmp2008/shp5306_20081231b.shp,date,0,253,C:/Users/owner/Dropbox/Wzone/tmp/tmp2008/shp5313_20081231b.shp,date,0,253,C:/Users/owner/Dropbox/Wzone/tmp/tmp2008/shp5314_20081231b.shp,date,0,253,C:/Users/owner/Dropbox/Wzone/tmp/tmp2008/shp5349_20081231b.shp,date,0,253,C:/Users/owner/Dropbox/Wzone/tmp/tmp2008/shp5460_20081231b.shp,date,0,253,C:/Users/owner/Dropbox/Wzone/tmp/tmp2008/shp5505_20081231b.shp,date,0,253,C:/Users/owner/Dropbox/Wzone/tmp/tmp2008/shp5512_20081231b.shp,date,0,253,C:/Users/owner/Dropbox/Wzone/tmp/tmp2008/shp5534_20081231b.shp,date,0,253,C:/Users/owner/Dropbox/Wzone/tmp/tmp2008/shp5570_20081231b.shp,date,0,253,C:/Users/owner/Dropbox/Wzone/tmp/tmp2008/shp5583_20081231b.shp,date,0,253,C:/Users/owner/Dropbox/Wzone/tmp/tmp2008/shp10264_20081231b.shp,date,0,253,C:/Users/owner/Dropbox/Wzone/tmp/tmp2008/shp10985_20081231b.shp,date,0,253,C:/Users/owner/Dropbox/Wzone/tmp/tmp2008/shp11123_20081231b.shp,date,0,253,C:/Users/owner/Dropbox/Wzone/tmp/tmp2008/shp11433_20081231b.shp,date,0,253,C:/Users/owner/Dropbox/Wzone/tmp/tmp2008/shp11663_20081231b.shp,date,0,253,C:/Users/owner/Dropbox/Wzone/tmp/tmp2008/shp12102_20081231b.shp,date,0,253,C:/Users/owner/Dropbox/Wzone/tmp/tmp2008/shp14273_20081231b.shp,date,0,253,C:/Users/owner/Dropbox/Wzone/tmp/tmp2008/shp14353_20081231b.shp,date,0,253" NO_SOURCE_INFO</Process><Process ToolSource="c:\program files\arcgis\pro\Resources\ArcToolbox\toolboxes\Data Management Tools.tbx\DefineProjection" Date="20240715" Time="200144">DefineProjection C:/Users/owner/Dropbox/Wzone/out/wzone_shp/2008/2008_12_31.shp GEOGCS["GCS_WGS_1984",DATUM["D_WGS_1984",SPHEROID["WGS_1984",6378137.0,298.257223563]],PRIMEM["Greenwich",0.0],UNIT["Degree",0.0174532925199433]]</Process></lineage></DataProperties><SyncDate>20240715</SyncDate><SyncTime>20014200</SyncTime><ModDate>20240715</ModDate><ModTime>20014200</ModTime></Esri><dataIdInfo><envirDesc Sync="TRUE">Microsoft Windows 10 Version 10.0 (Build 19045) ; Esri ArcGIS 13.2.2.49743</envirDesc><dataLang><languageCode value="eng" Sync="TRUE"></languageCode><countryCode value="USA" Sync="TRUE"></countryCode></dataLang><idCitation><resTitle Sync="TRUE">2008_12_31</resTitle><presForm><PresFormCd value="005" Sync="TRUE"></PresFormCd></presForm></idCitation><spatRpType><SpatRepTypCd value="001" Sync="TRUE"></SpatRepTypCd></spatRpType></dataIdInfo><mdLang><languageCode value="eng" Sync="TRUE"></languageCode><countryCode value="USA" Sync="TRUE"></countryCode></mdLang><mdChar><CharSetCd value="004" Sync="TRUE"></CharSetCd></mdChar><distInfo><distFormat><formatName Sync="TRUE">Shapefile</formatName></distFormat><distTranOps><transSize Sync="TRUE">0.000</transSize></distTranOps></distInfo><mdHrLv><ScopeCd value="005" Sync="TRUE"></ScopeCd></mdHrLv><mdHrLvName Sync="TRUE">dataset</mdHrLvName><spatRepInfo><VectSpatRep><geometObjs Name="2008_12_31"><geoObjTyp><GeoObjTypCd value="002" Sync="TRUE"></GeoObjTypCd></geoObjTyp><geoObjCnt Sync="TRUE">0</geoObjCnt></geometObjs><topLvl><TopoLevCd value="001" Sync="TRUE"></TopoLevCd></topLvl></VectSpatRep></spatRepInfo><spdoinfo><ptvctinf><esriterm Name="2008_12_31"><efeatyp Sync="TRUE">Simple</efeatyp><efeageom code="4" Sync="TRUE"></efeageom><esritopo Sync="TRUE">FALSE</esritopo><efeacnt Sync="TRUE">0</efeacnt><spindex Sync="TRUE">FALSE</spindex><linrefer Sync="TRUE">FALSE</linrefer></esriterm></ptvctinf></spdoinfo><eainfo><detailed Name="2008_12_31"><enttyp><enttypl Sync="TRUE">2008_12_31</enttypl><enttypt Sync="TRUE">Feature Class</enttypt><enttypc Sync="TRUE">0</enttypc></enttyp><attr><attrlabl Sync="TRUE">FID</attrlabl><attalias Sync="TRUE">FID</attalias><attrtype Sync="TRUE">OID</attrtype><attwidth Sync="TRUE">4</attwidth><atprecis Sync="TRUE">0</atprecis><attscale Sync="TRUE">0</attscale><attrdef Sync="TRUE">Internal feature number.</attrdef><attrdefs Sync="TRUE">Esri</attrdefs><attrdomv><udom Sync="TRUE">Sequential unique whole numbers that are automatically generated.</udom></attrdomv></attr><attr><attrlabl Sync="TRUE">Shape</attrlabl><attalias Sync="TRUE">Shape</attalias><attrtype Sync="TRUE">Geometry</attrtype><attwidth Sync="TRUE">0</attwidth><atprecis Sync="TRUE">0</atprecis><attscale Sync="TRUE">0</attscale><attrdef Sync="TRUE">Feature geometry.</attrdef><attrdefs Sync="TRUE">Esri</attrdefs><attrdomv><udom Sync="TRUE">Coordinates defining the features.</udom></attrdomv></attr><attr><attrlabl Sync="TRUE">dyad_id</attrlabl><attalias Sync="TRUE">dyad_id</attalias><attrtype Sync="TRUE">Integer</attrtype><attwidth Sync="TRUE">5</attwidth><atprecis Sync="TRUE">5</atprecis><attscale Sync="TRUE">0</attscale></attr><attr><attrlabl Sync="TRUE">conf_id</attrlabl><attalias Sync="TRUE">conf_id</attalias><attrtype Sync="TRUE">Integer</attrtype><attwidth Sync="TRUE">5</attwidth><atprecis Sync="TRUE">5</atprecis><attscale Sync="TRUE">0</attscale></attr><attr><attrlabl Sync="TRUE">date</attrlabl><attalias Sync="TRUE">date</attalias><attrtype Sync="TRUE">String</attrtype><attwidth Sync="TRUE">254</attwidth><atprecis Sync="TRUE">0</atprecis><attscale Sync="TRUE">0</attscale></attr></detailed></eainfo><mdDateSt Sync="TRUE">20240715</mdDateSt></metadata>
