<?xml version="1.0" encoding="UTF-8"?>
<metadata xml:lang="en"><Esri><CreaDate>20240715</CreaDate><CreaTime>19391000</CreaTime><ArcGISFormat>1.0</ArcGISFormat><SyncOnce>FALSE</SyncOnce><DataProperties><itemProps><itemName Sync="TRUE">2009_12_31</itemName><imsContentType Sync="TRUE">002</imsContentType><itemSize Sync="TRUE">0.000</itemSize><itemLocation><linkage Sync="TRUE">file://\\DESKTOP-48J08HF\C$\Users\owner\Dropbox\Wzone\out\wzone_shp\2009\2009_12_31.shp</linkage><protocol Sync="TRUE">Local Area Network</protocol></itemLocation></itemProps><lineage><Process ToolSource="c:\program files\arcgis\pro\Resources\ArcToolbox\toolboxes\Analysis Tools.tbx\Select" Date="20240715" Time="193910">Select in_memory/shp2009411_20091231a C:\Users\owner\Dropbox\Wzone\tmp\tmp2009\shp411_20091231b.shp ""gridcode" &gt; 0"</Process><Process ToolSource="c:\program files\arcgis\pro\Resources\ArcToolbox\toolboxes\Data Management Tools.tbx\AddField" Date="20240715" Time="193910">AddField C:/Users/owner/Dropbox/Wzone/tmp/tmp2009/shp411_20091231b.shp dyad_id "Short (16-bit integer)" # # # # NULLABLE NON_REQUIRED #</Process><Process ToolSource="c:\program files\arcgis\pro\Resources\ArcToolbox\toolboxes\Data Management Tools.tbx\AddField" Date="20240715" Time="193910">AddField C:/Users/owner/Dropbox/Wzone/tmp/tmp2009/shp411_20091231b.shp conf_id "Short (16-bit integer)" # # # # NULLABLE NON_REQUIRED #</Process><Process ToolSource="c:\program files\arcgis\pro\Resources\ArcToolbox\toolboxes\Data Management Tools.tbx\AddField" Date="20240715" Time="193910">AddField C:/Users/owner/Dropbox/Wzone/tmp/tmp2009/shp411_20091231b.shp date Text # # # # NULLABLE NON_REQUIRED #</Process><Process ToolSource="c:\program files\arcgis\pro\Resources\ArcToolbox\toolboxes\Data Management Tools.tbx\DeleteField" Date="20240715" Time="193911">DeleteField C:/Users/owner/Dropbox/Wzone/tmp/tmp2009/shp411_20091231b.shp Id "Delete Fields"</Process><Process ToolSource="c:\program files\arcgis\pro\Resources\ArcToolbox\toolboxes\Data Management Tools.tbx\DeleteField" Date="20240715" Time="193911">DeleteField C:/Users/owner/Dropbox/Wzone/tmp/tmp2009/shp411_20091231b.shp gridcode "Delete Fields"</Process><Process ToolSource="c:\program files\arcgis\pro\Resources\ArcToolbox\toolboxes\Data Management Tools.tbx\Merge" Date="20240715" Time="194201">Merge C:/Users/owner/Dropbox/Wzone/tmp/tmp2009/shp411_20091231b.shp;C:/Users/owner/Dropbox/Wzone/tmp/tmp2009/shp422_20091231b.shp;C:/Users/owner/Dropbox/Wzone/tmp/tmp2009/shp428_20091231b.shp;C:/Users/owner/Dropbox/Wzone/tmp/tmp2009/shp453_20091231b.shp;C:/Users/owner/Dropbox/Wzone/tmp/tmp2009/shp459_20091231b.shp;C:/Users/owner/Dropbox/Wzone/tmp/tmp2009/shp461_20091231b.shp;C:/Users/owner/Dropbox/Wzone/tmp/tmp2009/shp474_20091231b.shp;C:/Users/owner/Dropbox/Wzone/tmp/tmp2009/shp476_20091231b.shp;C:/Users/owner/Dropbox/Wzone/tmp/tmp2009/shp478_20091231b.shp;C:/Users/owner/Dropbox/Wzone/tmp/tmp2009/shp550_20091231b.shp;C:/Users/owner/Dropbox/Wzone/tmp/tmp2009/shp623_20091231b.shp;C:/Users/owner/Dropbox/Wzone/tmp/tmp2009/shp624_20091231b.shp;C:/Users/owner/Dropbox/Wzone/tmp/tmp2009/shp640_20091231b.shp;C:/Users/owner/Dropbox/Wzone/tmp/tmp2009/shp657_20091231b.shp;C:/Users/owner/Dropbox/Wzone/tmp/tmp2009/shp658_20091231b.shp;C:/Users/owner/Dropbox/Wzone/tmp/tmp2009/shp665_20091231b.shp;C:/Users/owner/Dropbox/Wzone/tmp/tmp2009/shp666_20091231b.shp;C:/Users/owner/Dropbox/Wzone/tmp/tmp2009/shp688_20091231b.shp;C:/Users/owner/Dropbox/Wzone/tmp/tmp2009/shp689_20091231b.shp;C:/Users/owner/Dropbox/Wzone/tmp/tmp2009/shp709_20091231b.shp;C:/Users/owner/Dropbox/Wzone/tmp/tmp2009/shp711_20091231b.shp;C:/Users/owner/Dropbox/Wzone/tmp/tmp2009/shp719_20091231b.shp;C:/Users/owner/Dropbox/Wzone/tmp/tmp2009/shp735_20091231b.shp;C:/Users/owner/Dropbox/Wzone/tmp/tmp2009/shp750_20091231b.shp;C:/Users/owner/Dropbox/Wzone/tmp/tmp2009/shp754_20091231b.shp;C:/Users/owner/Dropbox/Wzone/tmp/tmp2009/shp755_20091231b.shp;C:/Users/owner/Dropbox/Wzone/tmp/tmp2009/shp768_20091231b.shp;C:/Users/owner/Dropbox/Wzone/tmp/tmp2009/shp770_20091231b.shp;C:/Users/owner/Dropbox/Wzone/tmp/tmp2009/shp781_20091231b.shp;C:/Users/owner/Dropbox/Wzone/tmp/tmp2009/shp792_20091231b.shp;C:/Users/owner/Dropbox/Wzone/tmp/tmp2009/shp793_20091231b.shp;C:/Users/owner/Dropbox/Wzone/tmp/tmp2009/shp806_20091231b.shp;C:/Users/owner/Dropbox/Wzone/tmp/tmp2009/shp830_20091231b.shp;C:/Users/owner/Dropbox/Wzone/tmp/tmp2009/shp832_20091231b.shp;C:/Users/owner/Dropbox/Wzone/tmp/tmp2009/shp857_20091231b.shp;C:/Users/owner/Dropbox/Wzone/tmp/tmp2009/shp869_20091231b.shp;C:/Users/owner/Dropbox/Wzone/tmp/tmp2009/shp878_20091231b.shp;C:/Users/owner/Dropbox/Wzone/tmp/tmp2009/shp885_20091231b.shp;C:/Users/owner/Dropbox/Wzone/tmp/tmp2009/shp886_20091231b.shp;C:/Users/owner/Dropbox/Wzone/tmp/tmp2009/shp888_20091231b.shp;C:/Users/owner/Dropbox/Wzone/tmp/tmp2009/shp899_20091231b.shp;C:/Users/owner/Dropbox/Wzone/tmp/tmp2009/shp906_20091231b.shp;C:/Users/owner/Dropbox/Wzone/tmp/tmp2009/shp908_20091231b.shp;C:/Users/owner/Dropbox/Wzone/tmp/tmp2009/shp909_20091231b.shp;C:/Users/owner/Dropbox/Wzone/tmp/tmp2009/shp913_20091231b.shp;C:/Users/owner/Dropbox/Wzone/tmp/tmp2009/shp914_20091231b.shp;C:/Users/owner/Dropbox/Wzone/tmp/tmp2009/shp915_20091231b.shp;C:/Users/owner/Dropbox/Wzone/tmp/tmp2009/shp924_20091231b.shp;C:/Users/owner/Dropbox/Wzone/tmp/tmp2009/shp930_20091231b.shp;C:/Users/owner/Dropbox/Wzone/tmp/tmp2009/shp931_20091231b.shp;C:/Users/owner/Dropbox/Wzone/tmp/tmp2009/shp934_20091231b.shp;C:/Users/owner/Dropbox/Wzone/tmp/tmp2009/shp935_20091231b.shp;C:/Users/owner/Dropbox/Wzone/tmp/tmp2009/shp936_20091231b.shp;C:/Users/owner/Dropbox/Wzone/tmp/tmp2009/shp940_20091231b.shp;C:/Users/owner/Dropbox/Wzone/tmp/tmp2009/shp941_20091231b.shp;C:/Users/owner/Dropbox/Wzone/tmp/tmp2009/shp942_20091231b.shp;C:/Users/owner/Dropbox/Wzone/tmp/tmp2009/shp943_20091231b.shp;C:/Users/owner/Dropbox/Wzone/tmp/tmp2009/shp947_20091231b.shp;C:/Users/owner/Dropbox/Wzone/tmp/tmp2009/shp948_20091231b.shp;C:/Users/owner/Dropbox/Wzone/tmp/tmp2009/shp949_20091231b.shp;C:/Users/owner/Dropbox/Wzone/tmp/tmp2009/shp950_20091231b.shp;C:/Users/owner/Dropbox/Wzone/tmp/tmp2009/shp951_20091231b.shp;C:/Users/owner/Dropbox/Wzone/tmp/tmp2009/shp954_20091231b.shp;C:/Users/owner/Dropbox/Wzone/tmp/tmp2009/shp955_20091231b.shp;C:/Users/owner/Dropbox/Wzone/tmp/tmp2009/shp956_20091231b.shp;C:/Users/owner/Dropbox/Wzone/tmp/tmp2009/shp962_20091231b.shp;C:/Users/owner/Dropbox/Wzone/tmp/tmp2009/shp966_20091231b.shp;C:/Users/owner/Dropbox/Wzone/tmp/tmp2009/shp967_20091231b.shp;C:/Users/owner/Dropbox/Wzone/tmp/tmp2009/shp973_20091231b.shp;C:/Users/owner/Dropbox/Wzone/tmp/tmp2009/shp977_20091231b.shp;C:/Users/owner/Dropbox/Wzone/tmp/tmp2009/shp980_20091231b.shp;C:/Users/owner/Dropbox/Wzone/tmp/tmp2009/shp981_20091231b.shp;C:/Users/owner/Dropbox/Wzone/tmp/tmp2009/shp988_20091231b.shp;C:/Users/owner/Dropbox/Wzone/tmp/tmp2009/shp989_20091231b.shp;C:/Users/owner/Dropbox/Wzone/tmp/tmp2009/shp997_20091231b.shp;C:/Users/owner/Dropbox/Wzone/tmp/tmp2009/shp999_20091231b.shp;C:/Users/owner/Dropbox/Wzone/tmp/tmp2009/shp1000_20091231b.shp;C:/Users/owner/Dropbox/Wzone/tmp/tmp2009/shp1007_20091231b.shp;C:/Users/owner/Dropbox/Wzone/tmp/tmp2009/shp1026_20091231b.shp;C:/Users/owner/Dropbox/Wzone/tmp/tmp2009/shp1027_20091231b.shp;C:/Users/owner/Dropbox/Wzone/tmp/tmp2009/shp1036_20091231b.shp;C:/Users/owner/Dropbox/Wzone/tmp/tmp2009/shp1040_20091231b.shp;C:/Users/owner/Dropbox/Wzone/tmp/tmp2009/shp1053_20091231b.shp;C:/Users/owner/Dropbox/Wzone/tmp/tmp2009/shp1071_20091231b.shp;C:/Users/owner/Dropbox/Wzone/tmp/tmp2009/shp1072_20091231b.shp;C:/Users/owner/Dropbox/Wzone/tmp/tmp2009/shp1073_20091231b.shp;C:/Users/owner/Dropbox/Wzone/tmp/tmp2009/shp1091_20091231b.shp;C:/Users/owner/Dropbox/Wzone/tmp/tmp2009/shp1108_20091231b.shp;C:/Users/owner/Dropbox/Wzone/tmp/tmp2009/shp1167_20091231b.shp;C:/Users/owner/Dropbox/Wzone/tmp/tmp2009/shp1176_20091231b.shp;C:/Users/owner/Dropbox/Wzone/tmp/tmp2009/shp1204_20091231b.shp;C:/Users/owner/Dropbox/Wzone/tmp/tmp2009/shp1704_20091231b.shp;C:/Users/owner/Dropbox/Wzone/tmp/tmp2009/shp4313_20091231b.shp;C:/Users/owner/Dropbox/Wzone/tmp/tmp2009/shp5177_20091231b.shp;C:/Users/owner/Dropbox/Wzone/tmp/tmp2009/shp5183_20091231b.shp;C:/Users/owner/Dropbox/Wzone/tmp/tmp2009/shp5189_20091231b.shp;C:/Users/owner/Dropbox/Wzone/tmp/tmp2009/shp5201_20091231b.shp;C:/Users/owner/Dropbox/Wzone/tmp/tmp2009/shp5262_20091231b.shp;C:/Users/owner/Dropbox/Wzone/tmp/tmp2009/shp5282_20091231b.shp;C:/Users/owner/Dropbox/Wzone/tmp/tmp2009/shp5289_20091231b.shp;C:/Users/owner/Dropbox/Wzone/tmp/tmp2009/shp5293_20091231b.shp;C:/Users/owner/Dropbox/Wzone/tmp/tmp2009/shp5305_20091231b.shp;C:/Users/owner/Dropbox/Wzone/tmp/tmp2009/shp5306_20091231b.shp;C:/Users/owner/Dropbox/Wzone/tmp/tmp2009/shp5313_20091231b.shp;C:/Users/owner/Dropbox/Wzone/tmp/tmp2009/shp5314_20091231b.shp;C:/Users/owner/Dropbox/Wzone/tmp/tmp2009/shp5349_20091231b.shp;C:/Users/owner/Dropbox/Wzone/tmp/tmp2009/shp5460_20091231b.shp;C:/Users/owner/Dropbox/Wzone/tmp/tmp2009/shp5488_20091231b.shp;C:/Users/owner/Dropbox/Wzone/tmp/tmp2009/shp5505_20091231b.shp;C:/Users/owner/Dropbox/Wzone/tmp/tmp2009/shp5512_20091231b.shp;C:/Users/owner/Dropbox/Wzone/tmp/tmp2009/shp5534_20091231b.shp;C:/Users/owner/Dropbox/Wzone/tmp/tmp2009/shp5570_20091231b.shp;C:/Users/owner/Dropbox/Wzone/tmp/tmp2009/shp5583_20091231b.shp;C:/Users/owner/Dropbox/Wzone/tmp/tmp2009/shp5598_20091231b.shp;C:/Users/owner/Dropbox/Wzone/tmp/tmp2009/shp10264_20091231b.shp;C:/Users/owner/Dropbox/Wzone/tmp/tmp2009/shp10985_20091231b.shp;C:/Users/owner/Dropbox/Wzone/tmp/tmp2009/shp11123_20091231b.shp;C:/Users/owner/Dropbox/Wzone/tmp/tmp2009/shp11336_20091231b.shp;C:/Users/owner/Dropbox/Wzone/tmp/tmp2009/shp11433_20091231b.shp;C:/Users/owner/Dropbox/Wzone/tmp/tmp2009/shp11663_20091231b.shp;C:/Users/owner/Dropbox/Wzone/tmp/tmp2009/shp12102_20091231b.shp;C:/Users/owner/Dropbox/Wzone/tmp/tmp2009/shp12575_20091231b.shp;C:/Users/owner/Dropbox/Wzone/tmp/tmp2009/shp14273_20091231b.shp;C:/Users/owner/Dropbox/Wzone/tmp/tmp2009/shp14353_20091231b.shp C:\Users\owner\Dropbox\Wzone\out\wzone_shp\2009\2009_12_31.shp "dyad_id "dyad_id" true true false 5 Long 0 5,First,#,C:/Users/owner/Dropbox/Wzone/tmp/tmp2009/shp411_20091231b.shp,dyad_id,-1,-1,C:/Users/owner/Dropbox/Wzone/tmp/tmp2009/shp422_20091231b.shp,dyad_id,-1,-1,C:/Users/owner/Dropbox/Wzone/tmp/tmp2009/shp428_20091231b.shp,dyad_id,-1,-1,C:/Users/owner/Dropbox/Wzone/tmp/tmp2009/shp453_20091231b.shp,dyad_id,-1,-1,C:/Users/owner/Dropbox/Wzone/tmp/tmp2009/shp459_20091231b.shp,dyad_id,-1,-1,C:/Users/owner/Dropbox/Wzone/tmp/tmp2009/shp461_20091231b.shp,dyad_id,-1,-1,C:/Users/owner/Dropbox/Wzone/tmp/tmp2009/shp474_20091231b.shp,dyad_id,-1,-1,C:/Users/owner/Dropbox/Wzone/tmp/tmp2009/shp476_20091231b.shp,dyad_id,-1,-1,C:/Users/owner/Dropbox/Wzone/tmp/tmp2009/shp478_20091231b.shp,dyad_id,-1,-1,C:/Users/owner/Dropbox/Wzone/tmp/tmp2009/shp550_20091231b.shp,dyad_id,-1,-1,C:/Users/owner/Dropbox/Wzone/tmp/tmp2009/shp623_20091231b.shp,dyad_id,-1,-1,C:/Users/owner/Dropbox/Wzone/tmp/tmp2009/shp624_20091231b.shp,dyad_id,-1,-1,C:/Users/owner/Dropbox/Wzone/tmp/tmp2009/shp640_20091231b.shp,dyad_id,-1,-1,C:/Users/owner/Dropbox/Wzone/tmp/tmp2009/shp657_20091231b.shp,dyad_id,-1,-1,C:/Users/owner/Dropbox/Wzone/tmp/tmp2009/shp658_20091231b.shp,dyad_id,-1,-1,C:/Users/owner/Dropbox/Wzone/tmp/tmp2009/shp665_20091231b.shp,dyad_id,-1,-1,C:/Users/owner/Dropbox/Wzone/tmp/tmp2009/shp666_20091231b.shp,dyad_id,-1,-1,C:/Users/owner/Dropbox/Wzone/tmp/tmp2009/shp688_20091231b.shp,dyad_id,-1,-1,C:/Users/owner/Dropbox/Wzone/tmp/tmp2009/shp689_20091231b.shp,dyad_id,-1,-1,C:/Users/owner/Dropbox/Wzone/tmp/tmp2009/shp709_20091231b.shp,dyad_id,-1,-1,C:/Users/owner/Dropbox/Wzone/tmp/tmp2009/shp711_20091231b.shp,dyad_id,-1,-1,C:/Users/owner/Dropbox/Wzone/tmp/tmp2009/shp719_20091231b.shp,dyad_id,-1,-1,C:/Users/owner/Dropbox/Wzone/tmp/tmp2009/shp735_20091231b.shp,dyad_id,-1,-1,C:/Users/owner/Dropbox/Wzone/tmp/tmp2009/shp750_20091231b.shp,dyad_id,-1,-1,C:/Users/owner/Dropbox/Wzone/tmp/tmp2009/shp754_20091231b.shp,dyad_id,-1,-1,C:/Users/owner/Dropbox/Wzone/tmp/tmp2009/shp755_20091231b.shp,dyad_id,-1,-1,C:/Users/owner/Dropbox/Wzone/tmp/tmp2009/shp768_20091231b.shp,dyad_id,-1,-1,C:/Users/owner/Dropbox/Wzone/tmp/tmp2009/shp770_20091231b.shp,dyad_id,-1,-1,C:/Users/owner/Dropbox/Wzone/tmp/tmp2009/shp781_20091231b.shp,dyad_id,-1,-1,C:/Users/owner/Dropbox/Wzone/tmp/tmp2009/shp792_20091231b.shp,dyad_id,-1,-1,C:/Users/owner/Dropbox/Wzone/tmp/tmp2009/shp793_20091231b.shp,dyad_id,-1,-1,C:/Users/owner/Dropbox/Wzone/tmp/tmp2009/shp806_20091231b.shp,dyad_id,-1,-1,C:/Users/owner/Dropbox/Wzone/tmp/tmp2009/shp830_20091231b.shp,dyad_id,-1,-1,C:/Users/owner/Dropbox/Wzone/tmp/tmp2009/shp832_20091231b.shp,dyad_id,-1,-1,C:/Users/owner/Dropbox/Wzone/tmp/tmp2009/shp857_20091231b.shp,dyad_id,-1,-1,C:/Users/owner/Dropbox/Wzone/tmp/tmp2009/shp869_20091231b.shp,dyad_id,-1,-1,C:/Users/owner/Dropbox/Wzone/tmp/tmp2009/shp878_20091231b.shp,dyad_id,-1,-1,C:/Users/owner/Dropbox/Wzone/tmp/tmp2009/shp885_20091231b.shp,dyad_id,-1,-1,C:/Users/owner/Dropbox/Wzone/tmp/tmp2009/shp886_20091231b.shp,dyad_id,-1,-1,C:/Users/owner/Dropbox/Wzone/tmp/tmp2009/shp888_20091231b.shp,dyad_id,-1,-1,C:/Users/owner/Dropbox/Wzone/tmp/tmp2009/shp899_20091231b.shp,dyad_id,-1,-1,C:/Users/owner/Dropbox/Wzone/tmp/tmp2009/shp906_20091231b.shp,dyad_id,-1,-1,C:/Users/owner/Dropbox/Wzone/tmp/tmp2009/shp908_20091231b.shp,dyad_id,-1,-1,C:/Users/owner/Dropbox/Wzone/tmp/tmp2009/shp909_20091231b.shp,dyad_id,-1,-1,C:/Users/owner/Dropbox/Wzone/tmp/tmp2009/shp913_20091231b.shp,dyad_id,-1,-1,C:/Users/owner/Dropbox/Wzone/tmp/tmp2009/shp914_20091231b.shp,dyad_id,-1,-1,C:/Users/owner/Dropbox/Wzone/tmp/tmp2009/shp915_20091231b.shp,dyad_id,-1,-1,C:/Users/owner/Dropbox/Wzone/tmp/tmp2009/shp924_20091231b.shp,dyad_id,-1,-1,C:/Users/owner/Dropbox/Wzone/tmp/tmp2009/shp930_20091231b.shp,dyad_id,-1,-1,C:/Users/owner/Dropbox/Wzone/tmp/tmp2009/shp931_20091231b.shp,dyad_id,-1,-1,C:/Users/owner/Dropbox/Wzone/tmp/tmp2009/shp934_20091231b.shp,dyad_id,-1,-1,C:/Users/owner/Dropbox/Wzone/tmp/tmp2009/shp935_20091231b.shp,dyad_id,-1,-1,C:/Users/owner/Dropbox/Wzone/tmp/tmp2009/shp936_20091231b.shp,dyad_id,-1,-1,C:/Users/owner/Dropbox/Wzone/tmp/tmp2009/shp940_20091231b.shp,dyad_id,-1,-1,C:/Users/owner/Dropbox/Wzone/tmp/tmp2009/shp941_20091231b.shp,dyad_id,-1,-1,C:/Users/owner/Dropbox/Wzone/tmp/tmp2009/shp942_20091231b.shp,dyad_id,-1,-1,C:/Users/owner/Dropbox/Wzone/tmp/tmp2009/shp943_20091231b.shp,dyad_id,-1,-1,C:/Users/owner/Dropbox/Wzone/tmp/tmp2009/shp947_20091231b.shp,dyad_id,-1,-1,C:/Users/owner/Dropbox/Wzone/tmp/tmp2009/shp948_20091231b.shp,dyad_id,-1,-1,C:/Users/owner/Dropbox/Wzone/tmp/tmp2009/shp949_20091231b.shp,dyad_id,-1,-1,C:/Users/owner/Dropbox/Wzone/tmp/tmp2009/shp950_20091231b.shp,dyad_id,-1,-1,C:/Users/owner/Dropbox/Wzone/tmp/tmp2009/shp951_20091231b.shp,dyad_id,-1,-1,C:/Users/owner/Dropbox/Wzone/tmp/tmp2009/shp954_20091231b.shp,dyad_id,-1,-1,C:/Users/owner/Dropbox/Wzone/tmp/tmp2009/shp955_20091231b.shp,dyad_id,-1,-1,C:/Users/owner/Dropbox/Wzone/tmp/tmp2009/shp956_20091231b.shp,dyad_id,-1,-1,C:/Users/owner/Dropbox/Wzone/tmp/tmp2009/shp962_20091231b.shp,dyad_id,-1,-1,C:/Users/owner/Dropbox/Wzone/tmp/tmp2009/shp966_20091231b.shp,dyad_id,-1,-1,C:/Users/owner/Dropbox/Wzone/tmp/tmp2009/shp967_20091231b.shp,dyad_id,-1,-1,C:/Users/owner/Dropbox/Wzone/tmp/tmp2009/shp973_20091231b.shp,dyad_id,-1,-1,C:/Users/owner/Dropbox/Wzone/tmp/tmp2009/shp977_20091231b.shp,dyad_id,-1,-1,C:/Users/owner/Dropbox/Wzone/tmp/tmp2009/shp980_20091231b.shp,dyad_id,-1,-1,C:/Users/owner/Dropbox/Wzone/tmp/tmp2009/shp981_20091231b.shp,dyad_id,-1,-1,C:/Users/owner/Dropbox/Wzone/tmp/tmp2009/shp988_20091231b.shp,dyad_id,-1,-1,C:/Users/owner/Dropbox/Wzone/tmp/tmp2009/shp989_20091231b.shp,dyad_id,-1,-1,C:/Users/owner/Dropbox/Wzone/tmp/tmp2009/shp997_20091231b.shp,dyad_id,-1,-1,C:/Users/owner/Dropbox/Wzone/tmp/tmp2009/shp999_20091231b.shp,dyad_id,-1,-1,C:/Users/owner/Dropbox/Wzone/tmp/tmp2009/shp1000_20091231b.shp,dyad_id,-1,-1,C:/Users/owner/Dropbox/Wzone/tmp/tmp2009/shp1007_20091231b.shp,dyad_id,-1,-1,C:/Users/owner/Dropbox/Wzone/tmp/tmp2009/shp1026_20091231b.shp,dyad_id,-1,-1,C:/Users/owner/Dropbox/Wzone/tmp/tmp2009/shp1027_20091231b.shp,dyad_id,-1,-1,C:/Users/owner/Dropbox/Wzone/tmp/tmp2009/shp1036_20091231b.shp,dyad_id,-1,-1,C:/Users/owner/Dropbox/Wzone/tmp/tmp2009/shp1040_20091231b.shp,dyad_id,-1,-1,C:/Users/owner/Dropbox/Wzone/tmp/tmp2009/shp1053_20091231b.shp,dyad_id,-1,-1,C:/Users/owner/Dropbox/Wzone/tmp/tmp2009/shp1071_20091231b.shp,dyad_id,-1,-1,C:/Users/owner/Dropbox/Wzone/tmp/tmp2009/shp1072_20091231b.shp,dyad_id,-1,-1,C:/Users/owner/Dropbox/Wzone/tmp/tmp2009/shp1073_20091231b.shp,dyad_id,-1,-1,C:/Users/owner/Dropbox/Wzone/tmp/tmp2009/shp1091_20091231b.shp,dyad_id,-1,-1,C:/Users/owner/Dropbox/Wzone/tmp/tmp2009/shp1108_20091231b.shp,dyad_id,-1,-1,C:/Users/owner/Dropbox/Wzone/tmp/tmp2009/shp1167_20091231b.shp,dyad_id,-1,-1,C:/Users/owner/Dropbox/Wzone/tmp/tmp2009/shp1176_20091231b.shp,dyad_id,-1,-1,C:/Users/owner/Dropbox/Wzone/tmp/tmp2009/shp1204_20091231b.shp,dyad_id,-1,-1,C:/Users/owner/Dropbox/Wzone/tmp/tmp2009/shp1704_20091231b.shp,dyad_id,-1,-1,C:/Users/owner/Dropbox/Wzone/tmp/tmp2009/shp4313_20091231b.shp,dyad_id,-1,-1,C:/Users/owner/Dropbox/Wzone/tmp/tmp2009/shp5177_20091231b.shp,dyad_id,-1,-1,C:/Users/owner/Dropbox/Wzone/tmp/tmp2009/shp5183_20091231b.shp,dyad_id,-1,-1,C:/Users/owner/Dropbox/Wzone/tmp/tmp2009/shp5189_20091231b.shp,dyad_id,-1,-1,C:/Users/owner/Dropbox/Wzone/tmp/tmp2009/shp5201_20091231b.shp,dyad_id,-1,-1,C:/Users/owner/Dropbox/Wzone/tmp/tmp2009/shp5262_20091231b.shp,dyad_id,-1,-1,C:/Users/owner/Dropbox/Wzone/tmp/tmp2009/shp5282_20091231b.shp,dyad_id,-1,-1,C:/Users/owner/Dropbox/Wzone/tmp/tmp2009/shp5289_20091231b.shp,dyad_id,-1,-1,C:/Users/owner/Dropbox/Wzone/tmp/tmp2009/shp5293_20091231b.shp,dyad_id,-1,-1,C:/Users/owner/Dropbox/Wzone/tmp/tmp2009/shp5305_20091231b.shp,dyad_id,-1,-1,C:/Users/owner/Dropbox/Wzone/tmp/tmp2009/shp5306_20091231b.shp,dyad_id,-1,-1,C:/Users/owner/Dropbox/Wzone/tmp/tmp2009/shp5313_20091231b.shp,dyad_id,-1,-1,C:/Users/owner/Dropbox/Wzone/tmp/tmp2009/shp5314_20091231b.shp,dyad_id,-1,-1,C:/Users/owner/Dropbox/Wzone/tmp/tmp2009/shp5349_20091231b.shp,dyad_id,-1,-1,C:/Users/owner/Dropbox/Wzone/tmp/tmp2009/shp5460_20091231b.shp,dyad_id,-1,-1,C:/Users/owner/Dropbox/Wzone/tmp/tmp2009/shp5488_20091231b.shp,dyad_id,-1,-1,C:/Users/owner/Dropbox/Wzone/tmp/tmp2009/shp5505_20091231b.shp,dyad_id,-1,-1,C:/Users/owner/Dropbox/Wzone/tmp/tmp2009/shp5512_20091231b.shp,dyad_id,-1,-1,C:/Users/owner/Dropbox/Wzone/tmp/tmp2009/shp5534_20091231b.shp,dyad_id,-1,-1,C:/Users/owner/Dropbox/Wzone/tmp/tmp2009/shp5570_20091231b.shp,dyad_id,-1,-1,C:/Users/owner/Dropbox/Wzone/tmp/tmp2009/shp5583_20091231b.shp,dyad_id,-1,-1,C:/Users/owner/Dropbox/Wzone/tmp/tmp2009/shp5598_20091231b.shp,dyad_id,-1,-1,C:/Users/owner/Dropbox/Wzone/tmp/tmp2009/shp10264_20091231b.shp,dyad_id,-1,-1,C:/Users/owner/Dropbox/Wzone/tmp/tmp2009/shp10985_20091231b.shp,dyad_id,-1,-1,C:/Users/owner/Dropbox/Wzone/tmp/tmp2009/shp11123_20091231b.shp,dyad_id,-1,-1,C:/Users/owner/Dropbox/Wzone/tmp/tmp2009/shp11336_20091231b.shp,dyad_id,-1,-1,C:/Users/owner/Dropbox/Wzone/tmp/tmp2009/shp11433_20091231b.shp,dyad_id,-1,-1,C:/Users/owner/Dropbox/Wzone/tmp/tmp2009/shp11663_20091231b.shp,dyad_id,-1,-1,C:/Users/owner/Dropbox/Wzone/tmp/tmp2009/shp12102_20091231b.shp,dyad_id,-1,-1,C:/Users/owner/Dropbox/Wzone/tmp/tmp2009/shp12575_20091231b.shp,dyad_id,-1,-1,C:/Users/owner/Dropbox/Wzone/tmp/tmp2009/shp14273_20091231b.shp,dyad_id,-1,-1,C:/Users/owner/Dropbox/Wzone/tmp/tmp2009/shp14353_20091231b.shp,dyad_id,-1,-1;conf_id "conf_id" true true false 5 Long 0 5,First,#,C:/Users/owner/Dropbox/Wzone/tmp/tmp2009/shp411_20091231b.shp,conf_id,-1,-1,C:/Users/owner/Dropbox/Wzone/tmp/tmp2009/shp422_20091231b.shp,conf_id,-1,-1,C:/Users/owner/Dropbox/Wzone/tmp/tmp2009/shp428_20091231b.shp,conf_id,-1,-1,C:/Users/owner/Dropbox/Wzone/tmp/tmp2009/shp453_20091231b.shp,conf_id,-1,-1,C:/Users/owner/Dropbox/Wzone/tmp/tmp2009/shp459_20091231b.shp,conf_id,-1,-1,C:/Users/owner/Dropbox/Wzone/tmp/tmp2009/shp461_20091231b.shp,conf_id,-1,-1,C:/Users/owner/Dropbox/Wzone/tmp/tmp2009/shp474_20091231b.shp,conf_id,-1,-1,C:/Users/owner/Dropbox/Wzone/tmp/tmp2009/shp476_20091231b.shp,conf_id,-1,-1,C:/Users/owner/Dropbox/Wzone/tmp/tmp2009/shp478_20091231b.shp,conf_id,-1,-1,C:/Users/owner/Dropbox/Wzone/tmp/tmp2009/shp550_20091231b.shp,conf_id,-1,-1,C:/Users/owner/Dropbox/Wzone/tmp/tmp2009/shp623_20091231b.shp,conf_id,-1,-1,C:/Users/owner/Dropbox/Wzone/tmp/tmp2009/shp624_20091231b.shp,conf_id,-1,-1,C:/Users/owner/Dropbox/Wzone/tmp/tmp2009/shp640_20091231b.shp,conf_id,-1,-1,C:/Users/owner/Dropbox/Wzone/tmp/tmp2009/shp657_20091231b.shp,conf_id,-1,-1,C:/Users/owner/Dropbox/Wzone/tmp/tmp2009/shp658_20091231b.shp,conf_id,-1,-1,C:/Users/owner/Dropbox/Wzone/tmp/tmp2009/shp665_20091231b.shp,conf_id,-1,-1,C:/Users/owner/Dropbox/Wzone/tmp/tmp2009/shp666_20091231b.shp,conf_id,-1,-1,C:/Users/owner/Dropbox/Wzone/tmp/tmp2009/shp688_20091231b.shp,conf_id,-1,-1,C:/Users/owner/Dropbox/Wzone/tmp/tmp2009/shp689_20091231b.shp,conf_id,-1,-1,C:/Users/owner/Dropbox/Wzone/tmp/tmp2009/shp709_20091231b.shp,conf_id,-1,-1,C:/Users/owner/Dropbox/Wzone/tmp/tmp2009/shp711_20091231b.shp,conf_id,-1,-1,C:/Users/owner/Dropbox/Wzone/tmp/tmp2009/shp719_20091231b.shp,conf_id,-1,-1,C:/Users/owner/Dropbox/Wzone/tmp/tmp2009/shp735_20091231b.shp,conf_id,-1,-1,C:/Users/owner/Dropbox/Wzone/tmp/tmp2009/shp750_20091231b.shp,conf_id,-1,-1,C:/Users/owner/Dropbox/Wzone/tmp/tmp2009/shp754_20091231b.shp,conf_id,-1,-1,C:/Users/owner/Dropbox/Wzone/tmp/tmp2009/shp755_20091231b.shp,conf_id,-1,-1,C:/Users/owner/Dropbox/Wzone/tmp/tmp2009/shp768_20091231b.shp,conf_id,-1,-1,C:/Users/owner/Dropbox/Wzone/tmp/tmp2009/shp770_20091231b.shp,conf_id,-1,-1,C:/Users/owner/Dropbox/Wzone/tmp/tmp2009/shp781_20091231b.shp,conf_id,-1,-1,C:/Users/owner/Dropbox/Wzone/tmp/tmp2009/shp792_20091231b.shp,conf_id,-1,-1,C:/Users/owner/Dropbox/Wzone/tmp/tmp2009/shp793_20091231b.shp,conf_id,-1,-1,C:/Users/owner/Dropbox/Wzone/tmp/tmp2009/shp806_20091231b.shp,conf_id,-1,-1,C:/Users/owner/Dropbox/Wzone/tmp/tmp2009/shp830_20091231b.shp,conf_id,-1,-1,C:/Users/owner/Dropbox/Wzone/tmp/tmp2009/shp832_20091231b.shp,conf_id,-1,-1,C:/Users/owner/Dropbox/Wzone/tmp/tmp2009/shp857_20091231b.shp,conf_id,-1,-1,C:/Users/owner/Dropbox/Wzone/tmp/tmp2009/shp869_20091231b.shp,conf_id,-1,-1,C:/Users/owner/Dropbox/Wzone/tmp/tmp2009/shp878_20091231b.shp,conf_id,-1,-1,C:/Users/owner/Dropbox/Wzone/tmp/tmp2009/shp885_20091231b.shp,conf_id,-1,-1,C:/Users/owner/Dropbox/Wzone/tmp/tmp2009/shp886_20091231b.shp,conf_id,-1,-1,C:/Users/owner/Dropbox/Wzone/tmp/tmp2009/shp888_20091231b.shp,conf_id,-1,-1,C:/Users/owner/Dropbox/Wzone/tmp/tmp2009/shp899_20091231b.shp,conf_id,-1,-1,C:/Users/owner/Dropbox/Wzone/tmp/tmp2009/shp906_20091231b.shp,conf_id,-1,-1,C:/Users/owner/Dropbox/Wzone/tmp/tmp2009/shp908_20091231b.shp,conf_id,-1,-1,C:/Users/owner/Dropbox/Wzone/tmp/tmp2009/shp909_20091231b.shp,conf_id,-1,-1,C:/Users/owner/Dropbox/Wzone/tmp/tmp2009/shp913_20091231b.shp,conf_id,-1,-1,C:/Users/owner/Dropbox/Wzone/tmp/tmp2009/shp914_20091231b.shp,conf_id,-1,-1,C:/Users/owner/Dropbox/Wzone/tmp/tmp2009/shp915_20091231b.shp,conf_id,-1,-1,C:/Users/owner/Dropbox/Wzone/tmp/tmp2009/shp924_20091231b.shp,conf_id,-1,-1,C:/Users/owner/Dropbox/Wzone/tmp/tmp2009/shp930_20091231b.shp,conf_id,-1,-1,C:/Users/owner/Dropbox/Wzone/tmp/tmp2009/shp931_20091231b.shp,conf_id,-1,-1,C:/Users/owner/Dropbox/Wzone/tmp/tmp2009/shp934_20091231b.shp,conf_id,-1,-1,C:/Users/owner/Dropbox/Wzone/tmp/tmp2009/shp935_20091231b.shp,conf_id,-1,-1,C:/Users/owner/Dropbox/Wzone/tmp/tmp2009/shp936_20091231b.shp,conf_id,-1,-1,C:/Users/owner/Dropbox/Wzone/tmp/tmp2009/shp940_20091231b.shp,conf_id,-1,-1,C:/Users/owner/Dropbox/Wzone/tmp/tmp2009/shp941_20091231b.shp,conf_id,-1,-1,C:/Users/owner/Dropbox/Wzone/tmp/tmp2009/shp942_20091231b.shp,conf_id,-1,-1,C:/Users/owner/Dropbox/Wzone/tmp/tmp2009/shp943_20091231b.shp,conf_id,-1,-1,C:/Users/owner/Dropbox/Wzone/tmp/tmp2009/shp947_20091231b.shp,conf_id,-1,-1,C:/Users/owner/Dropbox/Wzone/tmp/tmp2009/shp948_20091231b.shp,conf_id,-1,-1,C:/Users/owner/Dropbox/Wzone/tmp/tmp2009/shp949_20091231b.shp,conf_id,-1,-1,C:/Users/owner/Dropbox/Wzone/tmp/tmp2009/shp950_20091231b.shp,conf_id,-1,-1,C:/Users/owner/Dropbox/Wzone/tmp/tmp2009/shp951_20091231b.shp,conf_id,-1,-1,C:/Users/owner/Dropbox/Wzone/tmp/tmp2009/shp954_20091231b.shp,conf_id,-1,-1,C:/Users/owner/Dropbox/Wzone/tmp/tmp2009/shp955_20091231b.shp,conf_id,-1,-1,C:/Users/owner/Dropbox/Wzone/tmp/tmp2009/shp956_20091231b.shp,conf_id,-1,-1,C:/Users/owner/Dropbox/Wzone/tmp/tmp2009/shp962_20091231b.shp,conf_id,-1,-1,C:/Users/owner/Dropbox/Wzone/tmp/tmp2009/shp966_20091231b.shp,conf_id,-1,-1,C:/Users/owner/Dropbox/Wzone/tmp/tmp2009/shp967_20091231b.shp,conf_id,-1,-1,C:/Users/owner/Dropbox/Wzone/tmp/tmp2009/shp973_20091231b.shp,conf_id,-1,-1,C:/Users/owner/Dropbox/Wzone/tmp/tmp2009/shp977_20091231b.shp,conf_id,-1,-1,C:/Users/owner/Dropbox/Wzone/tmp/tmp2009/shp980_20091231b.shp,conf_id,-1,-1,C:/Users/owner/Dropbox/Wzone/tmp/tmp2009/shp981_20091231b.shp,conf_id,-1,-1,C:/Users/owner/Dropbox/Wzone/tmp/tmp2009/shp988_20091231b.shp,conf_id,-1,-1,C:/Users/owner/Dropbox/Wzone/tmp/tmp2009/shp989_20091231b.shp,conf_id,-1,-1,C:/Users/owner/Dropbox/Wzone/tmp/tmp2009/shp997_20091231b.shp,conf_id,-1,-1,C:/Users/owner/Dropbox/Wzone/tmp/tmp2009/shp999_20091231b.shp,conf_id,-1,-1,C:/Users/owner/Dropbox/Wzone/tmp/tmp2009/shp1000_20091231b.shp,conf_id,-1,-1,C:/Users/owner/Dropbox/Wzone/tmp/tmp2009/shp1007_20091231b.shp,conf_id,-1,-1,C:/Users/owner/Dropbox/Wzone/tmp/tmp2009/shp1026_20091231b.shp,conf_id,-1,-1,C:/Users/owner/Dropbox/Wzone/tmp/tmp2009/shp1027_20091231b.shp,conf_id,-1,-1,C:/Users/owner/Dropbox/Wzone/tmp/tmp2009/shp1036_20091231b.shp,conf_id,-1,-1,C:/Users/owner/Dropbox/Wzone/tmp/tmp2009/shp1040_20091231b.shp,conf_id,-1,-1,C:/Users/owner/Dropbox/Wzone/tmp/tmp2009/shp1053_20091231b.shp,conf_id,-1,-1,C:/Users/owner/Dropbox/Wzone/tmp/tmp2009/shp1071_20091231b.shp,conf_id,-1,-1,C:/Users/owner/Dropbox/Wzone/tmp/tmp2009/shp1072_20091231b.shp,conf_id,-1,-1,C:/Users/owner/Dropbox/Wzone/tmp/tmp2009/shp1073_20091231b.shp,conf_id,-1,-1,C:/Users/owner/Dropbox/Wzone/tmp/tmp2009/shp1091_20091231b.shp,conf_id,-1,-1,C:/Users/owner/Dropbox/Wzone/tmp/tmp2009/shp1108_20091231b.shp,conf_id,-1,-1,C:/Users/owner/Dropbox/Wzone/tmp/tmp2009/shp1167_20091231b.shp,conf_id,-1,-1,C:/Users/owner/Dropbox/Wzone/tmp/tmp2009/shp1176_20091231b.shp,conf_id,-1,-1,C:/Users/owner/Dropbox/Wzone/tmp/tmp2009/shp1204_20091231b.shp,conf_id,-1,-1,C:/Users/owner/Dropbox/Wzone/tmp/tmp2009/shp1704_20091231b.shp,conf_id,-1,-1,C:/Users/owner/Dropbox/Wzone/tmp/tmp2009/shp4313_20091231b.shp,conf_id,-1,-1,C:/Users/owner/Dropbox/Wzone/tmp/tmp2009/shp5177_20091231b.shp,conf_id,-1,-1,C:/Users/owner/Dropbox/Wzone/tmp/tmp2009/shp5183_20091231b.shp,conf_id,-1,-1,C:/Users/owner/Dropbox/Wzone/tmp/tmp2009/shp5189_20091231b.shp,conf_id,-1,-1,C:/Users/owner/Dropbox/Wzone/tmp/tmp2009/shp5201_20091231b.shp,conf_id,-1,-1,C:/Users/owner/Dropbox/Wzone/tmp/tmp2009/shp5262_20091231b.shp,conf_id,-1,-1,C:/Users/owner/Dropbox/Wzone/tmp/tmp2009/shp5282_20091231b.shp,conf_id,-1,-1,C:/Users/owner/Dropbox/Wzone/tmp/tmp2009/shp5289_20091231b.shp,conf_id,-1,-1,C:/Users/owner/Dropbox/Wzone/tmp/tmp2009/shp5293_20091231b.shp,conf_id,-1,-1,C:/Users/owner/Dropbox/Wzone/tmp/tmp2009/shp5305_20091231b.shp,conf_id,-1,-1,C:/Users/owner/Dropbox/Wzone/tmp/tmp2009/shp5306_20091231b.shp,conf_id,-1,-1,C:/Users/owner/Dropbox/Wzone/tmp/tmp2009/shp5313_20091231b.shp,conf_id,-1,-1,C:/Users/owner/Dropbox/Wzone/tmp/tmp2009/shp5314_20091231b.shp,conf_id,-1,-1,C:/Users/owner/Dropbox/Wzone/tmp/tmp2009/shp5349_20091231b.shp,conf_id,-1,-1,C:/Users/owner/Dropbox/Wzone/tmp/tmp2009/shp5460_20091231b.shp,conf_id,-1,-1,C:/Users/owner/Dropbox/Wzone/tmp/tmp2009/shp5488_20091231b.shp,conf_id,-1,-1,C:/Users/owner/Dropbox/Wzone/tmp/tmp2009/shp5505_20091231b.shp,conf_id,-1,-1,C:/Users/owner/Dropbox/Wzone/tmp/tmp2009/shp5512_20091231b.shp,conf_id,-1,-1,C:/Users/owner/Dropbox/Wzone/tmp/tmp2009/shp5534_20091231b.shp,conf_id,-1,-1,C:/Users/owner/Dropbox/Wzone/tmp/tmp2009/shp5570_20091231b.shp,conf_id,-1,-1,C:/Users/owner/Dropbox/Wzone/tmp/tmp2009/shp5583_20091231b.shp,conf_id,-1,-1,C:/Users/owner/Dropbox/Wzone/tmp/tmp2009/shp5598_20091231b.shp,conf_id,-1,-1,C:/Users/owner/Dropbox/Wzone/tmp/tmp2009/shp10264_20091231b.shp,conf_id,-1,-1,C:/Users/owner/Dropbox/Wzone/tmp/tmp2009/shp10985_20091231b.shp,conf_id,-1,-1,C:/Users/owner/Dropbox/Wzone/tmp/tmp2009/shp11123_20091231b.shp,conf_id,-1,-1,C:/Users/owner/Dropbox/Wzone/tmp/tmp2009/shp11336_20091231b.shp,conf_id,-1,-1,C:/Users/owner/Dropbox/Wzone/tmp/tmp2009/shp11433_20091231b.shp,conf_id,-1,-1,C:/Users/owner/Dropbox/Wzone/tmp/tmp2009/shp11663_20091231b.shp,conf_id,-1,-1,C:/Users/owner/Dropbox/Wzone/tmp/tmp2009/shp12102_20091231b.shp,conf_id,-1,-1,C:/Users/owner/Dropbox/Wzone/tmp/tmp2009/shp12575_20091231b.shp,conf_id,-1,-1,C:/Users/owner/Dropbox/Wzone/tmp/tmp2009/shp14273_20091231b.shp,conf_id,-1,-1,C:/Users/owner/Dropbox/Wzone/tmp/tmp2009/shp14353_20091231b.shp,conf_id,-1,-1;date "date" true true false 254 Text 0 0,First,#,C:/Users/owner/Dropbox/Wzone/tmp/tmp2009/shp411_20091231b.shp,date,0,253,C:/Users/owner/Dropbox/Wzone/tmp/tmp2009/shp422_20091231b.shp,date,0,253,C:/Users/owner/Dropbox/Wzone/tmp/tmp2009/shp428_20091231b.shp,date,0,253,C:/Users/owner/Dropbox/Wzone/tmp/tmp2009/shp453_20091231b.shp,date,0,253,C:/Users/owner/Dropbox/Wzone/tmp/tmp2009/shp459_20091231b.shp,date,0,253,C:/Users/owner/Dropbox/Wzone/tmp/tmp2009/shp461_20091231b.shp,date,0,253,C:/Users/owner/Dropbox/Wzone/tmp/tmp2009/shp474_20091231b.shp,date,0,253,C:/Users/owner/Dropbox/Wzone/tmp/tmp2009/shp476_20091231b.shp,date,0,253,C:/Users/owner/Dropbox/Wzone/tmp/tmp2009/shp478_20091231b.shp,date,0,253,C:/Users/owner/Dropbox/Wzone/tmp/tmp2009/shp550_20091231b.shp,date,0,253,C:/Users/owner/Dropbox/Wzone/tmp/tmp2009/shp623_20091231b.shp,date,0,253,C:/Users/owner/Dropbox/Wzone/tmp/tmp2009/shp624_20091231b.shp,date,0,253,C:/Users/owner/Dropbox/Wzone/tmp/tmp2009/shp640_20091231b.shp,date,0,253,C:/Users/owner/Dropbox/Wzone/tmp/tmp2009/shp657_20091231b.shp,date,0,253,C:/Users/owner/Dropbox/Wzone/tmp/tmp2009/shp658_20091231b.shp,date,0,253,C:/Users/owner/Dropbox/Wzone/tmp/tmp2009/shp665_20091231b.shp,date,0,253,C:/Users/owner/Dropbox/Wzone/tmp/tmp2009/shp666_20091231b.shp,date,0,253,C:/Users/owner/Dropbox/Wzone/tmp/tmp2009/shp688_20091231b.shp,date,0,253,C:/Users/owner/Dropbox/Wzone/tmp/tmp2009/shp689_20091231b.shp,date,0,253,C:/Users/owner/Dropbox/Wzone/tmp/tmp2009/shp709_20091231b.shp,date,0,253,C:/Users/owner/Dropbox/Wzone/tmp/tmp2009/shp711_20091231b.shp,date,0,253,C:/Users/owner/Dropbox/Wzone/tmp/tmp2009/shp719_20091231b.shp,date,0,253,C:/Users/owner/Dropbox/Wzone/tmp/tmp2009/shp735_20091231b.shp,date,0,253,C:/Users/owner/Dropbox/Wzone/tmp/tmp2009/shp750_20091231b.shp,date,0,253,C:/Users/owner/Dropbox/Wzone/tmp/tmp2009/shp754_20091231b.shp,date,0,253,C:/Users/owner/Dropbox/Wzone/tmp/tmp2009/shp755_20091231b.shp,date,0,253,C:/Users/owner/Dropbox/Wzone/tmp/tmp2009/shp768_20091231b.shp,date,0,253,C:/Users/owner/Dropbox/Wzone/tmp/tmp2009/shp770_20091231b.shp,date,0,253,C:/Users/owner/Dropbox/Wzone/tmp/tmp2009/shp781_20091231b.shp,date,0,253,C:/Users/owner/Dropbox/Wzone/tmp/tmp2009/shp792_20091231b.shp,date,0,253,C:/Users/owner/Dropbox/Wzone/tmp/tmp2009/shp793_20091231b.shp,date,0,253,C:/Users/owner/Dropbox/Wzone/tmp/tmp2009/shp806_20091231b.shp,date,0,253,C:/Users/owner/Dropbox/Wzone/tmp/tmp2009/shp830_20091231b.shp,date,0,253,C:/Users/owner/Dropbox/Wzone/tmp/tmp2009/shp832_20091231b.shp,date,0,253,C:/Users/owner/Dropbox/Wzone/tmp/tmp2009/shp857_20091231b.shp,date,0,253,C:/Users/owner/Dropbox/Wzone/tmp/tmp2009/shp869_20091231b.shp,date,0,253,C:/Users/owner/Dropbox/Wzone/tmp/tmp2009/shp878_20091231b.shp,date,0,253,C:/Users/owner/Dropbox/Wzone/tmp/tmp2009/shp885_20091231b.shp,date,0,253,C:/Users/owner/Dropbox/Wzone/tmp/tmp2009/shp886_20091231b.shp,date,0,253,C:/Users/owner/Dropbox/Wzone/tmp/tmp2009/shp888_20091231b.shp,date,0,253,C:/Users/owner/Dropbox/Wzone/tmp/tmp2009/shp899_20091231b.shp,date,0,253,C:/Users/owner/Dropbox/Wzone/tmp/tmp2009/shp906_20091231b.shp,date,0,253,C:/Users/owner/Dropbox/Wzone/tmp/tmp2009/shp908_20091231b.shp,date,0,253,C:/Users/owner/Dropbox/Wzone/tmp/tmp2009/shp909_20091231b.shp,date,0,253,C:/Users/owner/Dropbox/Wzone/tmp/tmp2009/shp913_20091231b.shp,date,0,253,C:/Users/owner/Dropbox/Wzone/tmp/tmp2009/shp914_20091231b.shp,date,0,253,C:/Users/owner/Dropbox/Wzone/tmp/tmp2009/shp915_20091231b.shp,date,0,253,C:/Users/owner/Dropbox/Wzone/tmp/tmp2009/shp924_20091231b.shp,date,0,253,C:/Users/owner/Dropbox/Wzone/tmp/tmp2009/shp930_20091231b.shp,date,0,253,C:/Users/owner/Dropbox/Wzone/tmp/tmp2009/shp931_20091231b.shp,date,0,253,C:/Users/owner/Dropbox/Wzone/tmp/tmp2009/shp934_20091231b.shp,date,0,253,C:/Users/owner/Dropbox/Wzone/tmp/tmp2009/shp935_20091231b.shp,date,0,253,C:/Users/owner/Dropbox/Wzone/tmp/tmp2009/shp936_20091231b.shp,date,0,253,C:/Users/owner/Dropbox/Wzone/tmp/tmp2009/shp940_20091231b.shp,date,0,253,C:/Users/owner/Dropbox/Wzone/tmp/tmp2009/shp941_20091231b.shp,date,0,253,C:/Users/owner/Dropbox/Wzone/tmp/tmp2009/shp942_20091231b.shp,date,0,253,C:/Users/owner/Dropbox/Wzone/tmp/tmp2009/shp943_20091231b.shp,date,0,253,C:/Users/owner/Dropbox/Wzone/tmp/tmp2009/shp947_20091231b.shp,date,0,253,C:/Users/owner/Dropbox/Wzone/tmp/tmp2009/shp948_20091231b.shp,date,0,253,C:/Users/owner/Dropbox/Wzone/tmp/tmp2009/shp949_20091231b.shp,date,0,253,C:/Users/owner/Dropbox/Wzone/tmp/tmp2009/shp950_20091231b.shp,date,0,253,C:/Users/owner/Dropbox/Wzone/tmp/tmp2009/shp951_20091231b.shp,date,0,253,C:/Users/owner/Dropbox/Wzone/tmp/tmp2009/shp954_20091231b.shp,date,0,253,C:/Users/owner/Dropbox/Wzone/tmp/tmp2009/shp955_20091231b.shp,date,0,253,C:/Users/owner/Dropbox/Wzone/tmp/tmp2009/shp956_20091231b.shp,date,0,253,C:/Users/owner/Dropbox/Wzone/tmp/tmp2009/shp962_20091231b.shp,date,0,253,C:/Users/owner/Dropbox/Wzone/tmp/tmp2009/shp966_20091231b.shp,date,0,253,C:/Users/owner/Dropbox/Wzone/tmp/tmp2009/shp967_20091231b.shp,date,0,253,C:/Users/owner/Dropbox/Wzone/tmp/tmp2009/shp973_20091231b.shp,date,0,253,C:/Users/owner/Dropbox/Wzone/tmp/tmp2009/shp977_20091231b.shp,date,0,253,C:/Users/owner/Dropbox/Wzone/tmp/tmp2009/shp980_20091231b.shp,date,0,253,C:/Users/owner/Dropbox/Wzone/tmp/tmp2009/shp981_20091231b.shp,date,0,253,C:/Users/owner/Dropbox/Wzone/tmp/tmp2009/shp988_20091231b.shp,date,0,253,C:/Users/owner/Dropbox/Wzone/tmp/tmp2009/shp989_20091231b.shp,date,0,253,C:/Users/owner/Dropbox/Wzone/tmp/tmp2009/shp997_20091231b.shp,date,0,253,C:/Users/owner/Dropbox/Wzone/tmp/tmp2009/shp999_20091231b.shp,date,0,253,C:/Users/owner/Dropbox/Wzone/tmp/tmp2009/shp1000_20091231b.shp,date,0,253,C:/Users/owner/Dropbox/Wzone/tmp/tmp2009/shp1007_20091231b.shp,date,0,253,C:/Users/owner/Dropbox/Wzone/tmp/tmp2009/shp1026_20091231b.shp,date,0,253,C:/Users/owner/Dropbox/Wzone/tmp/tmp2009/shp1027_20091231b.shp,date,0,253,C:/Users/owner/Dropbox/Wzone/tmp/tmp2009/shp1036_20091231b.shp,date,0,253,C:/Users/owner/Dropbox/Wzone/tmp/tmp2009/shp1040_20091231b.shp,date,0,253,C:/Users/owner/Dropbox/Wzone/tmp/tmp2009/shp1053_20091231b.shp,date,0,253,C:/Users/owner/Dropbox/Wzone/tmp/tmp2009/shp1071_20091231b.shp,date,0,253,C:/Users/owner/Dropbox/Wzone/tmp/tmp2009/shp1072_20091231b.shp,date,0,253,C:/Users/owner/Dropbox/Wzone/tmp/tmp2009/shp1073_20091231b.shp,date,0,253,C:/Users/owner/Dropbox/Wzone/tmp/tmp2009/shp1091_20091231b.shp,date,0,253,C:/Users/owner/Dropbox/Wzone/tmp/tmp2009/shp1108_20091231b.shp,date,0,253,C:/Users/owner/Dropbox/Wzone/tmp/tmp2009/shp1167_20091231b.shp,date,0,253,C:/Users/owner/Dropbox/Wzone/tmp/tmp2009/shp1176_20091231b.shp,date,0,253,C:/Users/owner/Dropbox/Wzone/tmp/tmp2009/shp1204_20091231b.shp,date,0,253,C:/Users/owner/Dropbox/Wzone/tmp/tmp2009/shp1704_20091231b.shp,date,0,253,C:/Users/owner/Dropbox/Wzone/tmp/tmp2009/shp4313_20091231b.shp,date,0,253,C:/Users/owner/Dropbox/Wzone/tmp/tmp2009/shp5177_20091231b.shp,date,0,253,C:/Users/owner/Dropbox/Wzone/tmp/tmp2009/shp5183_20091231b.shp,date,0,253,C:/Users/owner/Dropbox/Wzone/tmp/tmp2009/shp5189_20091231b.shp,date,0,253,C:/Users/owner/Dropbox/Wzone/tmp/tmp2009/shp5201_20091231b.shp,date,0,253,C:/Users/owner/Dropbox/Wzone/tmp/tmp2009/shp5262_20091231b.shp,date,0,253,C:/Users/owner/Dropbox/Wzone/tmp/tmp2009/shp5282_20091231b.shp,date,0,253,C:/Users/owner/Dropbox/Wzone/tmp/tmp2009/shp5289_20091231b.shp,date,0,253,C:/Users/owner/Dropbox/Wzone/tmp/tmp2009/shp5293_20091231b.shp,date,0,253,C:/Users/owner/Dropbox/Wzone/tmp/tmp2009/shp5305_20091231b.shp,date,0,253,C:/Users/owner/Dropbox/Wzone/tmp/tmp2009/shp5306_20091231b.shp,date,0,253,C:/Users/owner/Dropbox/Wzone/tmp/tmp2009/shp5313_20091231b.shp,date,0,253,C:/Users/owner/Dropbox/Wzone/tmp/tmp2009/shp5314_20091231b.shp,date,0,253,C:/Users/owner/Dropbox/Wzone/tmp/tmp2009/shp5349_20091231b.shp,date,0,253,C:/Users/owner/Dropbox/Wzone/tmp/tmp2009/shp5460_20091231b.shp,date,0,253,C:/Users/owner/Dropbox/Wzone/tmp/tmp2009/shp5488_20091231b.shp,date,0,253,C:/Users/owner/Dropbox/Wzone/tmp/tmp2009/shp5505_20091231b.shp,date,0,253,C:/Users/owner/Dropbox/Wzone/tmp/tmp2009/shp5512_20091231b.shp,date,0,253,C:/Users/owner/Dropbox/Wzone/tmp/tmp2009/shp5534_20091231b.shp,date,0,253,C:/Users/owner/Dropbox/Wzone/tmp/tmp2009/shp5570_20091231b.shp,date,0,253,C:/Users/owner/Dropbox/Wzone/tmp/tmp2009/shp5583_20091231b.shp,date,0,253,C:/Users/owner/Dropbox/Wzone/tmp/tmp2009/shp5598_20091231b.shp,date,0,253,C:/Users/owner/Dropbox/Wzone/tmp/tmp2009/shp10264_20091231b.shp,date,0,253,C:/Users/owner/Dropbox/Wzone/tmp/tmp2009/shp10985_20091231b.shp,date,0,253,C:/Users/owner/Dropbox/Wzone/tmp/tmp2009/shp11123_20091231b.shp,date,0,253,C:/Users/owner/Dropbox/Wzone/tmp/tmp2009/shp11336_20091231b.shp,date,0,253,C:/Users/owner/Dropbox/Wzone/tmp/tmp2009/shp11433_20091231b.shp,date,0,253,C:/Users/owner/Dropbox/Wzone/tmp/tmp2009/shp11663_20091231b.shp,date,0,253,C:/Users/owner/Dropbox/Wzone/tmp/tmp2009/shp12102_20091231b.shp,date,0,253,C:/Users/owner/Dropbox/Wzone/tmp/tmp2009/shp12575_20091231b.shp,date,0,253,C:/Users/owner/Dropbox/Wzone/tmp/tmp2009/shp14273_20091231b.shp,date,0,253,C:/Users/owner/Dropbox/Wzone/tmp/tmp2009/shp14353_20091231b.shp,date,0,253" NO_SOURCE_INFO</Process><Process ToolSource="c:\program files\arcgis\pro\Resources\ArcToolbox\toolboxes\Data Management Tools.tbx\DefineProjection" Date="20240715" Time="194201">DefineProjection C:/Users/owner/Dropbox/Wzone/out/wzone_shp/2009/2009_12_31.shp GEOGCS["GCS_WGS_1984",DATUM["D_WGS_1984",SPHEROID["WGS_1984",6378137.0,298.257223563]],PRIMEM["Greenwich",0.0],UNIT["Degree",0.0174532925199433]]</Process></lineage></DataProperties><SyncDate>20240715</SyncDate><SyncTime>19420000</SyncTime><ModDate>20240715</ModDate><ModTime>19420000</ModTime></Esri><dataIdInfo><envirDesc Sync="TRUE">Microsoft Windows 10 Version 10.0 (Build 19045) ; Esri ArcGIS 13.2.2.49743</envirDesc><dataLang><languageCode value="eng" Sync="TRUE"></languageCode><countryCode value="USA" Sync="TRUE"></countryCode></dataLang><idCitation><resTitle Sync="TRUE">2009_12_31</resTitle><presForm><PresFormCd value="005" Sync="TRUE"></PresFormCd></presForm></idCitation><spatRpType><SpatRepTypCd value="001" Sync="TRUE"></SpatRepTypCd></spatRpType></dataIdInfo><mdLang><languageCode value="eng" Sync="TRUE"></languageCode><countryCode value="USA" Sync="TRUE"></countryCode></mdLang><mdChar><CharSetCd value="004" Sync="TRUE"></CharSetCd></mdChar><distInfo><distFormat><formatName Sync="TRUE">Shapefile</formatName></distFormat><distTranOps><transSize Sync="TRUE">0.000</transSize></distTranOps></distInfo><mdHrLv><ScopeCd value="005" Sync="TRUE"></ScopeCd></mdHrLv><mdHrLvName Sync="TRUE">dataset</mdHrLvName><spatRepInfo><VectSpatRep><geometObjs Name="2009_12_31"><geoObjTyp><GeoObjTypCd value="002" Sync="TRUE"></GeoObjTypCd></geoObjTyp><geoObjCnt Sync="TRUE">0</geoObjCnt></geometObjs><topLvl><TopoLevCd value="001" Sync="TRUE"></TopoLevCd></topLvl></VectSpatRep></spatRepInfo><spdoinfo><ptvctinf><esriterm Name="2009_12_31"><efeatyp Sync="TRUE">Simple</efeatyp><efeageom code="4" Sync="TRUE"></efeageom><esritopo Sync="TRUE">FALSE</esritopo><efeacnt Sync="TRUE">0</efeacnt><spindex Sync="TRUE">FALSE</spindex><linrefer Sync="TRUE">FALSE</linrefer></esriterm></ptvctinf></spdoinfo><eainfo><detailed Name="2009_12_31"><enttyp><enttypl Sync="TRUE">2009_12_31</enttypl><enttypt Sync="TRUE">Feature Class</enttypt><enttypc Sync="TRUE">0</enttypc></enttyp><attr><attrlabl Sync="TRUE">FID</attrlabl><attalias Sync="TRUE">FID</attalias><attrtype Sync="TRUE">OID</attrtype><attwidth Sync="TRUE">4</attwidth><atprecis Sync="TRUE">0</atprecis><attscale Sync="TRUE">0</attscale><attrdef Sync="TRUE">Internal feature number.</attrdef><attrdefs Sync="TRUE">Esri</attrdefs><attrdomv><udom Sync="TRUE">Sequential unique whole numbers that are automatically generated.</udom></attrdomv></attr><attr><attrlabl Sync="TRUE">Shape</attrlabl><attalias Sync="TRUE">Shape</attalias><attrtype Sync="TRUE">Geometry</attrtype><attwidth Sync="TRUE">0</attwidth><atprecis Sync="TRUE">0</atprecis><attscale Sync="TRUE">0</attscale><attrdef Sync="TRUE">Feature geometry.</attrdef><attrdefs Sync="TRUE">Esri</attrdefs><attrdomv><udom Sync="TRUE">Coordinates defining the features.</udom></attrdomv></attr><attr><attrlabl Sync="TRUE">dyad_id</attrlabl><attalias Sync="TRUE">dyad_id</attalias><attrtype Sync="TRUE">Integer</attrtype><attwidth Sync="TRUE">5</attwidth><atprecis Sync="TRUE">5</atprecis><attscale Sync="TRUE">0</attscale></attr><attr><attrlabl Sync="TRUE">conf_id</attrlabl><attalias Sync="TRUE">conf_id</attalias><attrtype Sync="TRUE">Integer</attrtype><attwidth Sync="TRUE">5</attwidth><atprecis Sync="TRUE">5</atprecis><attscale Sync="TRUE">0</attscale></attr><attr><attrlabl Sync="TRUE">date</attrlabl><attalias Sync="TRUE">date</attalias><attrtype Sync="TRUE">String</attrtype><attwidth Sync="TRUE">254</attwidth><atprecis Sync="TRUE">0</atprecis><attscale Sync="TRUE">0</attscale></attr></detailed></eainfo><mdDateSt Sync="TRUE">20240715</mdDateSt></metadata>
