<?xml version="1.0" encoding="UTF-8"?>
<metadata xml:lang="en"><Esri><CreaDate>20240715</CreaDate><CreaTime>22020200</CreaTime><ArcGISFormat>1.0</ArcGISFormat><SyncOnce>FALSE</SyncOnce><DataProperties><itemProps><itemName Sync="TRUE">2010_12_31</itemName><imsContentType Sync="TRUE">002</imsContentType><itemSize Sync="TRUE">0.000</itemSize><itemLocation><linkage Sync="TRUE">file://\\DESKTOP-48J08HF\C$\Users\owner\Dropbox\Wzone\out\wzone_shp\2010\2010_12_31.shp</linkage><protocol Sync="TRUE">Local Area Network</protocol></itemLocation></itemProps><lineage><Process ToolSource="c:\program files\arcgis\pro\Resources\ArcToolbox\toolboxes\Analysis Tools.tbx\Select" Date="20240715" Time="220203">Select in_memory/shp2010411_20101231a C:\Users\owner\Dropbox\Wzone\tmp\tmp2010\shp411_20101231b.shp ""gridcode" &gt; 0"</Process><Process ToolSource="c:\program files\arcgis\pro\Resources\ArcToolbox\toolboxes\Data Management Tools.tbx\AddField" Date="20240715" Time="220203">AddField C:/Users/owner/Dropbox/Wzone/tmp/tmp2010/shp411_20101231b.shp dyad_id "Short (16-bit integer)" # # # # NULLABLE NON_REQUIRED #</Process><Process ToolSource="c:\program files\arcgis\pro\Resources\ArcToolbox\toolboxes\Data Management Tools.tbx\AddField" Date="20240715" Time="220203">AddField C:/Users/owner/Dropbox/Wzone/tmp/tmp2010/shp411_20101231b.shp conf_id "Short (16-bit integer)" # # # # NULLABLE NON_REQUIRED #</Process><Process ToolSource="c:\program files\arcgis\pro\Resources\ArcToolbox\toolboxes\Data Management Tools.tbx\AddField" Date="20240715" Time="220203">AddField C:/Users/owner/Dropbox/Wzone/tmp/tmp2010/shp411_20101231b.shp date Text # # # # NULLABLE NON_REQUIRED #</Process><Process ToolSource="c:\program files\arcgis\pro\Resources\ArcToolbox\toolboxes\Data Management Tools.tbx\DeleteField" Date="20240715" Time="220203">DeleteField C:/Users/owner/Dropbox/Wzone/tmp/tmp2010/shp411_20101231b.shp Id "Delete Fields"</Process><Process ToolSource="c:\program files\arcgis\pro\Resources\ArcToolbox\toolboxes\Data Management Tools.tbx\DeleteField" Date="20240715" Time="220203">DeleteField C:/Users/owner/Dropbox/Wzone/tmp/tmp2010/shp411_20101231b.shp gridcode "Delete Fields"</Process><Process ToolSource="c:\program files\arcgis\pro\Resources\ArcToolbox\toolboxes\Data Management Tools.tbx\Merge" Date="20240715" Time="220440">Merge C:/Users/owner/Dropbox/Wzone/tmp/tmp2010/shp411_20101231b.shp;C:/Users/owner/Dropbox/Wzone/tmp/tmp2010/shp422_20101231b.shp;C:/Users/owner/Dropbox/Wzone/tmp/tmp2010/shp428_20101231b.shp;C:/Users/owner/Dropbox/Wzone/tmp/tmp2010/shp430_20101231b.shp;C:/Users/owner/Dropbox/Wzone/tmp/tmp2010/shp453_20101231b.shp;C:/Users/owner/Dropbox/Wzone/tmp/tmp2010/shp459_20101231b.shp;C:/Users/owner/Dropbox/Wzone/tmp/tmp2010/shp461_20101231b.shp;C:/Users/owner/Dropbox/Wzone/tmp/tmp2010/shp474_20101231b.shp;C:/Users/owner/Dropbox/Wzone/tmp/tmp2010/shp476_20101231b.shp;C:/Users/owner/Dropbox/Wzone/tmp/tmp2010/shp478_20101231b.shp;C:/Users/owner/Dropbox/Wzone/tmp/tmp2010/shp508_20101231b.shp;C:/Users/owner/Dropbox/Wzone/tmp/tmp2010/shp550_20101231b.shp;C:/Users/owner/Dropbox/Wzone/tmp/tmp2010/shp623_20101231b.shp;C:/Users/owner/Dropbox/Wzone/tmp/tmp2010/shp624_20101231b.shp;C:/Users/owner/Dropbox/Wzone/tmp/tmp2010/shp640_20101231b.shp;C:/Users/owner/Dropbox/Wzone/tmp/tmp2010/shp657_20101231b.shp;C:/Users/owner/Dropbox/Wzone/tmp/tmp2010/shp658_20101231b.shp;C:/Users/owner/Dropbox/Wzone/tmp/tmp2010/shp665_20101231b.shp;C:/Users/owner/Dropbox/Wzone/tmp/tmp2010/shp666_20101231b.shp;C:/Users/owner/Dropbox/Wzone/tmp/tmp2010/shp689_20101231b.shp;C:/Users/owner/Dropbox/Wzone/tmp/tmp2010/shp709_20101231b.shp;C:/Users/owner/Dropbox/Wzone/tmp/tmp2010/shp711_20101231b.shp;C:/Users/owner/Dropbox/Wzone/tmp/tmp2010/shp719_20101231b.shp;C:/Users/owner/Dropbox/Wzone/tmp/tmp2010/shp735_20101231b.shp;C:/Users/owner/Dropbox/Wzone/tmp/tmp2010/shp750_20101231b.shp;C:/Users/owner/Dropbox/Wzone/tmp/tmp2010/shp754_20101231b.shp;C:/Users/owner/Dropbox/Wzone/tmp/tmp2010/shp768_20101231b.shp;C:/Users/owner/Dropbox/Wzone/tmp/tmp2010/shp770_20101231b.shp;C:/Users/owner/Dropbox/Wzone/tmp/tmp2010/shp781_20101231b.shp;C:/Users/owner/Dropbox/Wzone/tmp/tmp2010/shp792_20101231b.shp;C:/Users/owner/Dropbox/Wzone/tmp/tmp2010/shp793_20101231b.shp;C:/Users/owner/Dropbox/Wzone/tmp/tmp2010/shp806_20101231b.shp;C:/Users/owner/Dropbox/Wzone/tmp/tmp2010/shp830_20101231b.shp;C:/Users/owner/Dropbox/Wzone/tmp/tmp2010/shp833_20101231b.shp;C:/Users/owner/Dropbox/Wzone/tmp/tmp2010/shp857_20101231b.shp;C:/Users/owner/Dropbox/Wzone/tmp/tmp2010/shp869_20101231b.shp;C:/Users/owner/Dropbox/Wzone/tmp/tmp2010/shp878_20101231b.shp;C:/Users/owner/Dropbox/Wzone/tmp/tmp2010/shp882_20101231b.shp;C:/Users/owner/Dropbox/Wzone/tmp/tmp2010/shp885_20101231b.shp;C:/Users/owner/Dropbox/Wzone/tmp/tmp2010/shp886_20101231b.shp;C:/Users/owner/Dropbox/Wzone/tmp/tmp2010/shp888_20101231b.shp;C:/Users/owner/Dropbox/Wzone/tmp/tmp2010/shp899_20101231b.shp;C:/Users/owner/Dropbox/Wzone/tmp/tmp2010/shp906_20101231b.shp;C:/Users/owner/Dropbox/Wzone/tmp/tmp2010/shp908_20101231b.shp;C:/Users/owner/Dropbox/Wzone/tmp/tmp2010/shp909_20101231b.shp;C:/Users/owner/Dropbox/Wzone/tmp/tmp2010/shp913_20101231b.shp;C:/Users/owner/Dropbox/Wzone/tmp/tmp2010/shp914_20101231b.shp;C:/Users/owner/Dropbox/Wzone/tmp/tmp2010/shp915_20101231b.shp;C:/Users/owner/Dropbox/Wzone/tmp/tmp2010/shp930_20101231b.shp;C:/Users/owner/Dropbox/Wzone/tmp/tmp2010/shp931_20101231b.shp;C:/Users/owner/Dropbox/Wzone/tmp/tmp2010/shp934_20101231b.shp;C:/Users/owner/Dropbox/Wzone/tmp/tmp2010/shp935_20101231b.shp;C:/Users/owner/Dropbox/Wzone/tmp/tmp2010/shp936_20101231b.shp;C:/Users/owner/Dropbox/Wzone/tmp/tmp2010/shp940_20101231b.shp;C:/Users/owner/Dropbox/Wzone/tmp/tmp2010/shp941_20101231b.shp;C:/Users/owner/Dropbox/Wzone/tmp/tmp2010/shp942_20101231b.shp;C:/Users/owner/Dropbox/Wzone/tmp/tmp2010/shp943_20101231b.shp;C:/Users/owner/Dropbox/Wzone/tmp/tmp2010/shp947_20101231b.shp;C:/Users/owner/Dropbox/Wzone/tmp/tmp2010/shp948_20101231b.shp;C:/Users/owner/Dropbox/Wzone/tmp/tmp2010/shp950_20101231b.shp;C:/Users/owner/Dropbox/Wzone/tmp/tmp2010/shp951_20101231b.shp;C:/Users/owner/Dropbox/Wzone/tmp/tmp2010/shp954_20101231b.shp;C:/Users/owner/Dropbox/Wzone/tmp/tmp2010/shp955_20101231b.shp;C:/Users/owner/Dropbox/Wzone/tmp/tmp2010/shp956_20101231b.shp;C:/Users/owner/Dropbox/Wzone/tmp/tmp2010/shp962_20101231b.shp;C:/Users/owner/Dropbox/Wzone/tmp/tmp2010/shp966_20101231b.shp;C:/Users/owner/Dropbox/Wzone/tmp/tmp2010/shp967_20101231b.shp;C:/Users/owner/Dropbox/Wzone/tmp/tmp2010/shp973_20101231b.shp;C:/Users/owner/Dropbox/Wzone/tmp/tmp2010/shp977_20101231b.shp;C:/Users/owner/Dropbox/Wzone/tmp/tmp2010/shp980_20101231b.shp;C:/Users/owner/Dropbox/Wzone/tmp/tmp2010/shp981_20101231b.shp;C:/Users/owner/Dropbox/Wzone/tmp/tmp2010/shp988_20101231b.shp;C:/Users/owner/Dropbox/Wzone/tmp/tmp2010/shp989_20101231b.shp;C:/Users/owner/Dropbox/Wzone/tmp/tmp2010/shp997_20101231b.shp;C:/Users/owner/Dropbox/Wzone/tmp/tmp2010/shp999_20101231b.shp;C:/Users/owner/Dropbox/Wzone/tmp/tmp2010/shp1000_20101231b.shp;C:/Users/owner/Dropbox/Wzone/tmp/tmp2010/shp1007_20101231b.shp;C:/Users/owner/Dropbox/Wzone/tmp/tmp2010/shp1026_20101231b.shp;C:/Users/owner/Dropbox/Wzone/tmp/tmp2010/shp1027_20101231b.shp;C:/Users/owner/Dropbox/Wzone/tmp/tmp2010/shp1036_20101231b.shp;C:/Users/owner/Dropbox/Wzone/tmp/tmp2010/shp1040_20101231b.shp;C:/Users/owner/Dropbox/Wzone/tmp/tmp2010/shp1071_20101231b.shp;C:/Users/owner/Dropbox/Wzone/tmp/tmp2010/shp1072_20101231b.shp;C:/Users/owner/Dropbox/Wzone/tmp/tmp2010/shp1073_20101231b.shp;C:/Users/owner/Dropbox/Wzone/tmp/tmp2010/shp1091_20101231b.shp;C:/Users/owner/Dropbox/Wzone/tmp/tmp2010/shp1096_20101231b.shp;C:/Users/owner/Dropbox/Wzone/tmp/tmp2010/shp1108_20101231b.shp;C:/Users/owner/Dropbox/Wzone/tmp/tmp2010/shp1167_20101231b.shp;C:/Users/owner/Dropbox/Wzone/tmp/tmp2010/shp1176_20101231b.shp;C:/Users/owner/Dropbox/Wzone/tmp/tmp2010/shp1178_20101231b.shp;C:/Users/owner/Dropbox/Wzone/tmp/tmp2010/shp1204_20101231b.shp;C:/Users/owner/Dropbox/Wzone/tmp/tmp2010/shp1704_20101231b.shp;C:/Users/owner/Dropbox/Wzone/tmp/tmp2010/shp2461_20101231b.shp;C:/Users/owner/Dropbox/Wzone/tmp/tmp2010/shp4313_20101231b.shp;C:/Users/owner/Dropbox/Wzone/tmp/tmp2010/shp5177_20101231b.shp;C:/Users/owner/Dropbox/Wzone/tmp/tmp2010/shp5183_20101231b.shp;C:/Users/owner/Dropbox/Wzone/tmp/tmp2010/shp5189_20101231b.shp;C:/Users/owner/Dropbox/Wzone/tmp/tmp2010/shp5201_20101231b.shp;C:/Users/owner/Dropbox/Wzone/tmp/tmp2010/shp5204_20101231b.shp;C:/Users/owner/Dropbox/Wzone/tmp/tmp2010/shp5262_20101231b.shp;C:/Users/owner/Dropbox/Wzone/tmp/tmp2010/shp5270_20101231b.shp;C:/Users/owner/Dropbox/Wzone/tmp/tmp2010/shp5293_20101231b.shp;C:/Users/owner/Dropbox/Wzone/tmp/tmp2010/shp5305_20101231b.shp;C:/Users/owner/Dropbox/Wzone/tmp/tmp2010/shp5313_20101231b.shp;C:/Users/owner/Dropbox/Wzone/tmp/tmp2010/shp5314_20101231b.shp;C:/Users/owner/Dropbox/Wzone/tmp/tmp2010/shp5349_20101231b.shp;C:/Users/owner/Dropbox/Wzone/tmp/tmp2010/shp5460_20101231b.shp;C:/Users/owner/Dropbox/Wzone/tmp/tmp2010/shp5512_20101231b.shp;C:/Users/owner/Dropbox/Wzone/tmp/tmp2010/shp5534_20101231b.shp;C:/Users/owner/Dropbox/Wzone/tmp/tmp2010/shp5543_20101231b.shp;C:/Users/owner/Dropbox/Wzone/tmp/tmp2010/shp5546_20101231b.shp;C:/Users/owner/Dropbox/Wzone/tmp/tmp2010/shp5570_20101231b.shp;C:/Users/owner/Dropbox/Wzone/tmp/tmp2010/shp5583_20101231b.shp;C:/Users/owner/Dropbox/Wzone/tmp/tmp2010/shp5598_20101231b.shp;C:/Users/owner/Dropbox/Wzone/tmp/tmp2010/shp10264_20101231b.shp;C:/Users/owner/Dropbox/Wzone/tmp/tmp2010/shp10985_20101231b.shp;C:/Users/owner/Dropbox/Wzone/tmp/tmp2010/shp11123_20101231b.shp;C:/Users/owner/Dropbox/Wzone/tmp/tmp2010/shp11336_20101231b.shp;C:/Users/owner/Dropbox/Wzone/tmp/tmp2010/shp11377_20101231b.shp;C:/Users/owner/Dropbox/Wzone/tmp/tmp2010/shp11433_20101231b.shp;C:/Users/owner/Dropbox/Wzone/tmp/tmp2010/shp11663_20101231b.shp;C:/Users/owner/Dropbox/Wzone/tmp/tmp2010/shp11972_20101231b.shp;C:/Users/owner/Dropbox/Wzone/tmp/tmp2010/shp12102_20101231b.shp;C:/Users/owner/Dropbox/Wzone/tmp/tmp2010/shp12575_20101231b.shp;C:/Users/owner/Dropbox/Wzone/tmp/tmp2010/shp14273_20101231b.shp;C:/Users/owner/Dropbox/Wzone/tmp/tmp2010/shp15973_20101231b.shp;C:/Users/owner/Dropbox/Wzone/tmp/tmp2010/shp16972_20101231b.shp C:\Users\owner\Dropbox\Wzone\out\wzone_shp\2010\2010_12_31.shp "dyad_id "dyad_id" true true false 5 Long 0 5,First,#,C:/Users/owner/Dropbox/Wzone/tmp/tmp2010/shp411_20101231b.shp,dyad_id,-1,-1,C:/Users/owner/Dropbox/Wzone/tmp/tmp2010/shp422_20101231b.shp,dyad_id,-1,-1,C:/Users/owner/Dropbox/Wzone/tmp/tmp2010/shp428_20101231b.shp,dyad_id,-1,-1,C:/Users/owner/Dropbox/Wzone/tmp/tmp2010/shp430_20101231b.shp,dyad_id,-1,-1,C:/Users/owner/Dropbox/Wzone/tmp/tmp2010/shp453_20101231b.shp,dyad_id,-1,-1,C:/Users/owner/Dropbox/Wzone/tmp/tmp2010/shp459_20101231b.shp,dyad_id,-1,-1,C:/Users/owner/Dropbox/Wzone/tmp/tmp2010/shp461_20101231b.shp,dyad_id,-1,-1,C:/Users/owner/Dropbox/Wzone/tmp/tmp2010/shp474_20101231b.shp,dyad_id,-1,-1,C:/Users/owner/Dropbox/Wzone/tmp/tmp2010/shp476_20101231b.shp,dyad_id,-1,-1,C:/Users/owner/Dropbox/Wzone/tmp/tmp2010/shp478_20101231b.shp,dyad_id,-1,-1,C:/Users/owner/Dropbox/Wzone/tmp/tmp2010/shp508_20101231b.shp,dyad_id,-1,-1,C:/Users/owner/Dropbox/Wzone/tmp/tmp2010/shp550_20101231b.shp,dyad_id,-1,-1,C:/Users/owner/Dropbox/Wzone/tmp/tmp2010/shp623_20101231b.shp,dyad_id,-1,-1,C:/Users/owner/Dropbox/Wzone/tmp/tmp2010/shp624_20101231b.shp,dyad_id,-1,-1,C:/Users/owner/Dropbox/Wzone/tmp/tmp2010/shp640_20101231b.shp,dyad_id,-1,-1,C:/Users/owner/Dropbox/Wzone/tmp/tmp2010/shp657_20101231b.shp,dyad_id,-1,-1,C:/Users/owner/Dropbox/Wzone/tmp/tmp2010/shp658_20101231b.shp,dyad_id,-1,-1,C:/Users/owner/Dropbox/Wzone/tmp/tmp2010/shp665_20101231b.shp,dyad_id,-1,-1,C:/Users/owner/Dropbox/Wzone/tmp/tmp2010/shp666_20101231b.shp,dyad_id,-1,-1,C:/Users/owner/Dropbox/Wzone/tmp/tmp2010/shp689_20101231b.shp,dyad_id,-1,-1,C:/Users/owner/Dropbox/Wzone/tmp/tmp2010/shp709_20101231b.shp,dyad_id,-1,-1,C:/Users/owner/Dropbox/Wzone/tmp/tmp2010/shp711_20101231b.shp,dyad_id,-1,-1,C:/Users/owner/Dropbox/Wzone/tmp/tmp2010/shp719_20101231b.shp,dyad_id,-1,-1,C:/Users/owner/Dropbox/Wzone/tmp/tmp2010/shp735_20101231b.shp,dyad_id,-1,-1,C:/Users/owner/Dropbox/Wzone/tmp/tmp2010/shp750_20101231b.shp,dyad_id,-1,-1,C:/Users/owner/Dropbox/Wzone/tmp/tmp2010/shp754_20101231b.shp,dyad_id,-1,-1,C:/Users/owner/Dropbox/Wzone/tmp/tmp2010/shp768_20101231b.shp,dyad_id,-1,-1,C:/Users/owner/Dropbox/Wzone/tmp/tmp2010/shp770_20101231b.shp,dyad_id,-1,-1,C:/Users/owner/Dropbox/Wzone/tmp/tmp2010/shp781_20101231b.shp,dyad_id,-1,-1,C:/Users/owner/Dropbox/Wzone/tmp/tmp2010/shp792_20101231b.shp,dyad_id,-1,-1,C:/Users/owner/Dropbox/Wzone/tmp/tmp2010/shp793_20101231b.shp,dyad_id,-1,-1,C:/Users/owner/Dropbox/Wzone/tmp/tmp2010/shp806_20101231b.shp,dyad_id,-1,-1,C:/Users/owner/Dropbox/Wzone/tmp/tmp2010/shp830_20101231b.shp,dyad_id,-1,-1,C:/Users/owner/Dropbox/Wzone/tmp/tmp2010/shp833_20101231b.shp,dyad_id,-1,-1,C:/Users/owner/Dropbox/Wzone/tmp/tmp2010/shp857_20101231b.shp,dyad_id,-1,-1,C:/Users/owner/Dropbox/Wzone/tmp/tmp2010/shp869_20101231b.shp,dyad_id,-1,-1,C:/Users/owner/Dropbox/Wzone/tmp/tmp2010/shp878_20101231b.shp,dyad_id,-1,-1,C:/Users/owner/Dropbox/Wzone/tmp/tmp2010/shp882_20101231b.shp,dyad_id,-1,-1,C:/Users/owner/Dropbox/Wzone/tmp/tmp2010/shp885_20101231b.shp,dyad_id,-1,-1,C:/Users/owner/Dropbox/Wzone/tmp/tmp2010/shp886_20101231b.shp,dyad_id,-1,-1,C:/Users/owner/Dropbox/Wzone/tmp/tmp2010/shp888_20101231b.shp,dyad_id,-1,-1,C:/Users/owner/Dropbox/Wzone/tmp/tmp2010/shp899_20101231b.shp,dyad_id,-1,-1,C:/Users/owner/Dropbox/Wzone/tmp/tmp2010/shp906_20101231b.shp,dyad_id,-1,-1,C:/Users/owner/Dropbox/Wzone/tmp/tmp2010/shp908_20101231b.shp,dyad_id,-1,-1,C:/Users/owner/Dropbox/Wzone/tmp/tmp2010/shp909_20101231b.shp,dyad_id,-1,-1,C:/Users/owner/Dropbox/Wzone/tmp/tmp2010/shp913_20101231b.shp,dyad_id,-1,-1,C:/Users/owner/Dropbox/Wzone/tmp/tmp2010/shp914_20101231b.shp,dyad_id,-1,-1,C:/Users/owner/Dropbox/Wzone/tmp/tmp2010/shp915_20101231b.shp,dyad_id,-1,-1,C:/Users/owner/Dropbox/Wzone/tmp/tmp2010/shp930_20101231b.shp,dyad_id,-1,-1,C:/Users/owner/Dropbox/Wzone/tmp/tmp2010/shp931_20101231b.shp,dyad_id,-1,-1,C:/Users/owner/Dropbox/Wzone/tmp/tmp2010/shp934_20101231b.shp,dyad_id,-1,-1,C:/Users/owner/Dropbox/Wzone/tmp/tmp2010/shp935_20101231b.shp,dyad_id,-1,-1,C:/Users/owner/Dropbox/Wzone/tmp/tmp2010/shp936_20101231b.shp,dyad_id,-1,-1,C:/Users/owner/Dropbox/Wzone/tmp/tmp2010/shp940_20101231b.shp,dyad_id,-1,-1,C:/Users/owner/Dropbox/Wzone/tmp/tmp2010/shp941_20101231b.shp,dyad_id,-1,-1,C:/Users/owner/Dropbox/Wzone/tmp/tmp2010/shp942_20101231b.shp,dyad_id,-1,-1,C:/Users/owner/Dropbox/Wzone/tmp/tmp2010/shp943_20101231b.shp,dyad_id,-1,-1,C:/Users/owner/Dropbox/Wzone/tmp/tmp2010/shp947_20101231b.shp,dyad_id,-1,-1,C:/Users/owner/Dropbox/Wzone/tmp/tmp2010/shp948_20101231b.shp,dyad_id,-1,-1,C:/Users/owner/Dropbox/Wzone/tmp/tmp2010/shp950_20101231b.shp,dyad_id,-1,-1,C:/Users/owner/Dropbox/Wzone/tmp/tmp2010/shp951_20101231b.shp,dyad_id,-1,-1,C:/Users/owner/Dropbox/Wzone/tmp/tmp2010/shp954_20101231b.shp,dyad_id,-1,-1,C:/Users/owner/Dropbox/Wzone/tmp/tmp2010/shp955_20101231b.shp,dyad_id,-1,-1,C:/Users/owner/Dropbox/Wzone/tmp/tmp2010/shp956_20101231b.shp,dyad_id,-1,-1,C:/Users/owner/Dropbox/Wzone/tmp/tmp2010/shp962_20101231b.shp,dyad_id,-1,-1,C:/Users/owner/Dropbox/Wzone/tmp/tmp2010/shp966_20101231b.shp,dyad_id,-1,-1,C:/Users/owner/Dropbox/Wzone/tmp/tmp2010/shp967_20101231b.shp,dyad_id,-1,-1,C:/Users/owner/Dropbox/Wzone/tmp/tmp2010/shp973_20101231b.shp,dyad_id,-1,-1,C:/Users/owner/Dropbox/Wzone/tmp/tmp2010/shp977_20101231b.shp,dyad_id,-1,-1,C:/Users/owner/Dropbox/Wzone/tmp/tmp2010/shp980_20101231b.shp,dyad_id,-1,-1,C:/Users/owner/Dropbox/Wzone/tmp/tmp2010/shp981_20101231b.shp,dyad_id,-1,-1,C:/Users/owner/Dropbox/Wzone/tmp/tmp2010/shp988_20101231b.shp,dyad_id,-1,-1,C:/Users/owner/Dropbox/Wzone/tmp/tmp2010/shp989_20101231b.shp,dyad_id,-1,-1,C:/Users/owner/Dropbox/Wzone/tmp/tmp2010/shp997_20101231b.shp,dyad_id,-1,-1,C:/Users/owner/Dropbox/Wzone/tmp/tmp2010/shp999_20101231b.shp,dyad_id,-1,-1,C:/Users/owner/Dropbox/Wzone/tmp/tmp2010/shp1000_20101231b.shp,dyad_id,-1,-1,C:/Users/owner/Dropbox/Wzone/tmp/tmp2010/shp1007_20101231b.shp,dyad_id,-1,-1,C:/Users/owner/Dropbox/Wzone/tmp/tmp2010/shp1026_20101231b.shp,dyad_id,-1,-1,C:/Users/owner/Dropbox/Wzone/tmp/tmp2010/shp1027_20101231b.shp,dyad_id,-1,-1,C:/Users/owner/Dropbox/Wzone/tmp/tmp2010/shp1036_20101231b.shp,dyad_id,-1,-1,C:/Users/owner/Dropbox/Wzone/tmp/tmp2010/shp1040_20101231b.shp,dyad_id,-1,-1,C:/Users/owner/Dropbox/Wzone/tmp/tmp2010/shp1071_20101231b.shp,dyad_id,-1,-1,C:/Users/owner/Dropbox/Wzone/tmp/tmp2010/shp1072_20101231b.shp,dyad_id,-1,-1,C:/Users/owner/Dropbox/Wzone/tmp/tmp2010/shp1073_20101231b.shp,dyad_id,-1,-1,C:/Users/owner/Dropbox/Wzone/tmp/tmp2010/shp1091_20101231b.shp,dyad_id,-1,-1,C:/Users/owner/Dropbox/Wzone/tmp/tmp2010/shp1096_20101231b.shp,dyad_id,-1,-1,C:/Users/owner/Dropbox/Wzone/tmp/tmp2010/shp1108_20101231b.shp,dyad_id,-1,-1,C:/Users/owner/Dropbox/Wzone/tmp/tmp2010/shp1167_20101231b.shp,dyad_id,-1,-1,C:/Users/owner/Dropbox/Wzone/tmp/tmp2010/shp1176_20101231b.shp,dyad_id,-1,-1,C:/Users/owner/Dropbox/Wzone/tmp/tmp2010/shp1178_20101231b.shp,dyad_id,-1,-1,C:/Users/owner/Dropbox/Wzone/tmp/tmp2010/shp1204_20101231b.shp,dyad_id,-1,-1,C:/Users/owner/Dropbox/Wzone/tmp/tmp2010/shp1704_20101231b.shp,dyad_id,-1,-1,C:/Users/owner/Dropbox/Wzone/tmp/tmp2010/shp2461_20101231b.shp,dyad_id,-1,-1,C:/Users/owner/Dropbox/Wzone/tmp/tmp2010/shp4313_20101231b.shp,dyad_id,-1,-1,C:/Users/owner/Dropbox/Wzone/tmp/tmp2010/shp5177_20101231b.shp,dyad_id,-1,-1,C:/Users/owner/Dropbox/Wzone/tmp/tmp2010/shp5183_20101231b.shp,dyad_id,-1,-1,C:/Users/owner/Dropbox/Wzone/tmp/tmp2010/shp5189_20101231b.shp,dyad_id,-1,-1,C:/Users/owner/Dropbox/Wzone/tmp/tmp2010/shp5201_20101231b.shp,dyad_id,-1,-1,C:/Users/owner/Dropbox/Wzone/tmp/tmp2010/shp5204_20101231b.shp,dyad_id,-1,-1,C:/Users/owner/Dropbox/Wzone/tmp/tmp2010/shp5262_20101231b.shp,dyad_id,-1,-1,C:/Users/owner/Dropbox/Wzone/tmp/tmp2010/shp5270_20101231b.shp,dyad_id,-1,-1,C:/Users/owner/Dropbox/Wzone/tmp/tmp2010/shp5293_20101231b.shp,dyad_id,-1,-1,C:/Users/owner/Dropbox/Wzone/tmp/tmp2010/shp5305_20101231b.shp,dyad_id,-1,-1,C:/Users/owner/Dropbox/Wzone/tmp/tmp2010/shp5313_20101231b.shp,dyad_id,-1,-1,C:/Users/owner/Dropbox/Wzone/tmp/tmp2010/shp5314_20101231b.shp,dyad_id,-1,-1,C:/Users/owner/Dropbox/Wzone/tmp/tmp2010/shp5349_20101231b.shp,dyad_id,-1,-1,C:/Users/owner/Dropbox/Wzone/tmp/tmp2010/shp5460_20101231b.shp,dyad_id,-1,-1,C:/Users/owner/Dropbox/Wzone/tmp/tmp2010/shp5512_20101231b.shp,dyad_id,-1,-1,C:/Users/owner/Dropbox/Wzone/tmp/tmp2010/shp5534_20101231b.shp,dyad_id,-1,-1,C:/Users/owner/Dropbox/Wzone/tmp/tmp2010/shp5543_20101231b.shp,dyad_id,-1,-1,C:/Users/owner/Dropbox/Wzone/tmp/tmp2010/shp5546_20101231b.shp,dyad_id,-1,-1,C:/Users/owner/Dropbox/Wzone/tmp/tmp2010/shp5570_20101231b.shp,dyad_id,-1,-1,C:/Users/owner/Dropbox/Wzone/tmp/tmp2010/shp5583_20101231b.shp,dyad_id,-1,-1,C:/Users/owner/Dropbox/Wzone/tmp/tmp2010/shp5598_20101231b.shp,dyad_id,-1,-1,C:/Users/owner/Dropbox/Wzone/tmp/tmp2010/shp10264_20101231b.shp,dyad_id,-1,-1,C:/Users/owner/Dropbox/Wzone/tmp/tmp2010/shp10985_20101231b.shp,dyad_id,-1,-1,C:/Users/owner/Dropbox/Wzone/tmp/tmp2010/shp11123_20101231b.shp,dyad_id,-1,-1,C:/Users/owner/Dropbox/Wzone/tmp/tmp2010/shp11336_20101231b.shp,dyad_id,-1,-1,C:/Users/owner/Dropbox/Wzone/tmp/tmp2010/shp11377_20101231b.shp,dyad_id,-1,-1,C:/Users/owner/Dropbox/Wzone/tmp/tmp2010/shp11433_20101231b.shp,dyad_id,-1,-1,C:/Users/owner/Dropbox/Wzone/tmp/tmp2010/shp11663_20101231b.shp,dyad_id,-1,-1,C:/Users/owner/Dropbox/Wzone/tmp/tmp2010/shp11972_20101231b.shp,dyad_id,-1,-1,C:/Users/owner/Dropbox/Wzone/tmp/tmp2010/shp12102_20101231b.shp,dyad_id,-1,-1,C:/Users/owner/Dropbox/Wzone/tmp/tmp2010/shp12575_20101231b.shp,dyad_id,-1,-1,C:/Users/owner/Dropbox/Wzone/tmp/tmp2010/shp14273_20101231b.shp,dyad_id,-1,-1,C:/Users/owner/Dropbox/Wzone/tmp/tmp2010/shp15973_20101231b.shp,dyad_id,-1,-1,C:/Users/owner/Dropbox/Wzone/tmp/tmp2010/shp16972_20101231b.shp,dyad_id,-1,-1;conf_id "conf_id" true true false 5 Long 0 5,First,#,C:/Users/owner/Dropbox/Wzone/tmp/tmp2010/shp411_20101231b.shp,conf_id,-1,-1,C:/Users/owner/Dropbox/Wzone/tmp/tmp2010/shp422_20101231b.shp,conf_id,-1,-1,C:/Users/owner/Dropbox/Wzone/tmp/tmp2010/shp428_20101231b.shp,conf_id,-1,-1,C:/Users/owner/Dropbox/Wzone/tmp/tmp2010/shp430_20101231b.shp,conf_id,-1,-1,C:/Users/owner/Dropbox/Wzone/tmp/tmp2010/shp453_20101231b.shp,conf_id,-1,-1,C:/Users/owner/Dropbox/Wzone/tmp/tmp2010/shp459_20101231b.shp,conf_id,-1,-1,C:/Users/owner/Dropbox/Wzone/tmp/tmp2010/shp461_20101231b.shp,conf_id,-1,-1,C:/Users/owner/Dropbox/Wzone/tmp/tmp2010/shp474_20101231b.shp,conf_id,-1,-1,C:/Users/owner/Dropbox/Wzone/tmp/tmp2010/shp476_20101231b.shp,conf_id,-1,-1,C:/Users/owner/Dropbox/Wzone/tmp/tmp2010/shp478_20101231b.shp,conf_id,-1,-1,C:/Users/owner/Dropbox/Wzone/tmp/tmp2010/shp508_20101231b.shp,conf_id,-1,-1,C:/Users/owner/Dropbox/Wzone/tmp/tmp2010/shp550_20101231b.shp,conf_id,-1,-1,C:/Users/owner/Dropbox/Wzone/tmp/tmp2010/shp623_20101231b.shp,conf_id,-1,-1,C:/Users/owner/Dropbox/Wzone/tmp/tmp2010/shp624_20101231b.shp,conf_id,-1,-1,C:/Users/owner/Dropbox/Wzone/tmp/tmp2010/shp640_20101231b.shp,conf_id,-1,-1,C:/Users/owner/Dropbox/Wzone/tmp/tmp2010/shp657_20101231b.shp,conf_id,-1,-1,C:/Users/owner/Dropbox/Wzone/tmp/tmp2010/shp658_20101231b.shp,conf_id,-1,-1,C:/Users/owner/Dropbox/Wzone/tmp/tmp2010/shp665_20101231b.shp,conf_id,-1,-1,C:/Users/owner/Dropbox/Wzone/tmp/tmp2010/shp666_20101231b.shp,conf_id,-1,-1,C:/Users/owner/Dropbox/Wzone/tmp/tmp2010/shp689_20101231b.shp,conf_id,-1,-1,C:/Users/owner/Dropbox/Wzone/tmp/tmp2010/shp709_20101231b.shp,conf_id,-1,-1,C:/Users/owner/Dropbox/Wzone/tmp/tmp2010/shp711_20101231b.shp,conf_id,-1,-1,C:/Users/owner/Dropbox/Wzone/tmp/tmp2010/shp719_20101231b.shp,conf_id,-1,-1,C:/Users/owner/Dropbox/Wzone/tmp/tmp2010/shp735_20101231b.shp,conf_id,-1,-1,C:/Users/owner/Dropbox/Wzone/tmp/tmp2010/shp750_20101231b.shp,conf_id,-1,-1,C:/Users/owner/Dropbox/Wzone/tmp/tmp2010/shp754_20101231b.shp,conf_id,-1,-1,C:/Users/owner/Dropbox/Wzone/tmp/tmp2010/shp768_20101231b.shp,conf_id,-1,-1,C:/Users/owner/Dropbox/Wzone/tmp/tmp2010/shp770_20101231b.shp,conf_id,-1,-1,C:/Users/owner/Dropbox/Wzone/tmp/tmp2010/shp781_20101231b.shp,conf_id,-1,-1,C:/Users/owner/Dropbox/Wzone/tmp/tmp2010/shp792_20101231b.shp,conf_id,-1,-1,C:/Users/owner/Dropbox/Wzone/tmp/tmp2010/shp793_20101231b.shp,conf_id,-1,-1,C:/Users/owner/Dropbox/Wzone/tmp/tmp2010/shp806_20101231b.shp,conf_id,-1,-1,C:/Users/owner/Dropbox/Wzone/tmp/tmp2010/shp830_20101231b.shp,conf_id,-1,-1,C:/Users/owner/Dropbox/Wzone/tmp/tmp2010/shp833_20101231b.shp,conf_id,-1,-1,C:/Users/owner/Dropbox/Wzone/tmp/tmp2010/shp857_20101231b.shp,conf_id,-1,-1,C:/Users/owner/Dropbox/Wzone/tmp/tmp2010/shp869_20101231b.shp,conf_id,-1,-1,C:/Users/owner/Dropbox/Wzone/tmp/tmp2010/shp878_20101231b.shp,conf_id,-1,-1,C:/Users/owner/Dropbox/Wzone/tmp/tmp2010/shp882_20101231b.shp,conf_id,-1,-1,C:/Users/owner/Dropbox/Wzone/tmp/tmp2010/shp885_20101231b.shp,conf_id,-1,-1,C:/Users/owner/Dropbox/Wzone/tmp/tmp2010/shp886_20101231b.shp,conf_id,-1,-1,C:/Users/owner/Dropbox/Wzone/tmp/tmp2010/shp888_20101231b.shp,conf_id,-1,-1,C:/Users/owner/Dropbox/Wzone/tmp/tmp2010/shp899_20101231b.shp,conf_id,-1,-1,C:/Users/owner/Dropbox/Wzone/tmp/tmp2010/shp906_20101231b.shp,conf_id,-1,-1,C:/Users/owner/Dropbox/Wzone/tmp/tmp2010/shp908_20101231b.shp,conf_id,-1,-1,C:/Users/owner/Dropbox/Wzone/tmp/tmp2010/shp909_20101231b.shp,conf_id,-1,-1,C:/Users/owner/Dropbox/Wzone/tmp/tmp2010/shp913_20101231b.shp,conf_id,-1,-1,C:/Users/owner/Dropbox/Wzone/tmp/tmp2010/shp914_20101231b.shp,conf_id,-1,-1,C:/Users/owner/Dropbox/Wzone/tmp/tmp2010/shp915_20101231b.shp,conf_id,-1,-1,C:/Users/owner/Dropbox/Wzone/tmp/tmp2010/shp930_20101231b.shp,conf_id,-1,-1,C:/Users/owner/Dropbox/Wzone/tmp/tmp2010/shp931_20101231b.shp,conf_id,-1,-1,C:/Users/owner/Dropbox/Wzone/tmp/tmp2010/shp934_20101231b.shp,conf_id,-1,-1,C:/Users/owner/Dropbox/Wzone/tmp/tmp2010/shp935_20101231b.shp,conf_id,-1,-1,C:/Users/owner/Dropbox/Wzone/tmp/tmp2010/shp936_20101231b.shp,conf_id,-1,-1,C:/Users/owner/Dropbox/Wzone/tmp/tmp2010/shp940_20101231b.shp,conf_id,-1,-1,C:/Users/owner/Dropbox/Wzone/tmp/tmp2010/shp941_20101231b.shp,conf_id,-1,-1,C:/Users/owner/Dropbox/Wzone/tmp/tmp2010/shp942_20101231b.shp,conf_id,-1,-1,C:/Users/owner/Dropbox/Wzone/tmp/tmp2010/shp943_20101231b.shp,conf_id,-1,-1,C:/Users/owner/Dropbox/Wzone/tmp/tmp2010/shp947_20101231b.shp,conf_id,-1,-1,C:/Users/owner/Dropbox/Wzone/tmp/tmp2010/shp948_20101231b.shp,conf_id,-1,-1,C:/Users/owner/Dropbox/Wzone/tmp/tmp2010/shp950_20101231b.shp,conf_id,-1,-1,C:/Users/owner/Dropbox/Wzone/tmp/tmp2010/shp951_20101231b.shp,conf_id,-1,-1,C:/Users/owner/Dropbox/Wzone/tmp/tmp2010/shp954_20101231b.shp,conf_id,-1,-1,C:/Users/owner/Dropbox/Wzone/tmp/tmp2010/shp955_20101231b.shp,conf_id,-1,-1,C:/Users/owner/Dropbox/Wzone/tmp/tmp2010/shp956_20101231b.shp,conf_id,-1,-1,C:/Users/owner/Dropbox/Wzone/tmp/tmp2010/shp962_20101231b.shp,conf_id,-1,-1,C:/Users/owner/Dropbox/Wzone/tmp/tmp2010/shp966_20101231b.shp,conf_id,-1,-1,C:/Users/owner/Dropbox/Wzone/tmp/tmp2010/shp967_20101231b.shp,conf_id,-1,-1,C:/Users/owner/Dropbox/Wzone/tmp/tmp2010/shp973_20101231b.shp,conf_id,-1,-1,C:/Users/owner/Dropbox/Wzone/tmp/tmp2010/shp977_20101231b.shp,conf_id,-1,-1,C:/Users/owner/Dropbox/Wzone/tmp/tmp2010/shp980_20101231b.shp,conf_id,-1,-1,C:/Users/owner/Dropbox/Wzone/tmp/tmp2010/shp981_20101231b.shp,conf_id,-1,-1,C:/Users/owner/Dropbox/Wzone/tmp/tmp2010/shp988_20101231b.shp,conf_id,-1,-1,C:/Users/owner/Dropbox/Wzone/tmp/tmp2010/shp989_20101231b.shp,conf_id,-1,-1,C:/Users/owner/Dropbox/Wzone/tmp/tmp2010/shp997_20101231b.shp,conf_id,-1,-1,C:/Users/owner/Dropbox/Wzone/tmp/tmp2010/shp999_20101231b.shp,conf_id,-1,-1,C:/Users/owner/Dropbox/Wzone/tmp/tmp2010/shp1000_20101231b.shp,conf_id,-1,-1,C:/Users/owner/Dropbox/Wzone/tmp/tmp2010/shp1007_20101231b.shp,conf_id,-1,-1,C:/Users/owner/Dropbox/Wzone/tmp/tmp2010/shp1026_20101231b.shp,conf_id,-1,-1,C:/Users/owner/Dropbox/Wzone/tmp/tmp2010/shp1027_20101231b.shp,conf_id,-1,-1,C:/Users/owner/Dropbox/Wzone/tmp/tmp2010/shp1036_20101231b.shp,conf_id,-1,-1,C:/Users/owner/Dropbox/Wzone/tmp/tmp2010/shp1040_20101231b.shp,conf_id,-1,-1,C:/Users/owner/Dropbox/Wzone/tmp/tmp2010/shp1071_20101231b.shp,conf_id,-1,-1,C:/Users/owner/Dropbox/Wzone/tmp/tmp2010/shp1072_20101231b.shp,conf_id,-1,-1,C:/Users/owner/Dropbox/Wzone/tmp/tmp2010/shp1073_20101231b.shp,conf_id,-1,-1,C:/Users/owner/Dropbox/Wzone/tmp/tmp2010/shp1091_20101231b.shp,conf_id,-1,-1,C:/Users/owner/Dropbox/Wzone/tmp/tmp2010/shp1096_20101231b.shp,conf_id,-1,-1,C:/Users/owner/Dropbox/Wzone/tmp/tmp2010/shp1108_20101231b.shp,conf_id,-1,-1,C:/Users/owner/Dropbox/Wzone/tmp/tmp2010/shp1167_20101231b.shp,conf_id,-1,-1,C:/Users/owner/Dropbox/Wzone/tmp/tmp2010/shp1176_20101231b.shp,conf_id,-1,-1,C:/Users/owner/Dropbox/Wzone/tmp/tmp2010/shp1178_20101231b.shp,conf_id,-1,-1,C:/Users/owner/Dropbox/Wzone/tmp/tmp2010/shp1204_20101231b.shp,conf_id,-1,-1,C:/Users/owner/Dropbox/Wzone/tmp/tmp2010/shp1704_20101231b.shp,conf_id,-1,-1,C:/Users/owner/Dropbox/Wzone/tmp/tmp2010/shp2461_20101231b.shp,conf_id,-1,-1,C:/Users/owner/Dropbox/Wzone/tmp/tmp2010/shp4313_20101231b.shp,conf_id,-1,-1,C:/Users/owner/Dropbox/Wzone/tmp/tmp2010/shp5177_20101231b.shp,conf_id,-1,-1,C:/Users/owner/Dropbox/Wzone/tmp/tmp2010/shp5183_20101231b.shp,conf_id,-1,-1,C:/Users/owner/Dropbox/Wzone/tmp/tmp2010/shp5189_20101231b.shp,conf_id,-1,-1,C:/Users/owner/Dropbox/Wzone/tmp/tmp2010/shp5201_20101231b.shp,conf_id,-1,-1,C:/Users/owner/Dropbox/Wzone/tmp/tmp2010/shp5204_20101231b.shp,conf_id,-1,-1,C:/Users/owner/Dropbox/Wzone/tmp/tmp2010/shp5262_20101231b.shp,conf_id,-1,-1,C:/Users/owner/Dropbox/Wzone/tmp/tmp2010/shp5270_20101231b.shp,conf_id,-1,-1,C:/Users/owner/Dropbox/Wzone/tmp/tmp2010/shp5293_20101231b.shp,conf_id,-1,-1,C:/Users/owner/Dropbox/Wzone/tmp/tmp2010/shp5305_20101231b.shp,conf_id,-1,-1,C:/Users/owner/Dropbox/Wzone/tmp/tmp2010/shp5313_20101231b.shp,conf_id,-1,-1,C:/Users/owner/Dropbox/Wzone/tmp/tmp2010/shp5314_20101231b.shp,conf_id,-1,-1,C:/Users/owner/Dropbox/Wzone/tmp/tmp2010/shp5349_20101231b.shp,conf_id,-1,-1,C:/Users/owner/Dropbox/Wzone/tmp/tmp2010/shp5460_20101231b.shp,conf_id,-1,-1,C:/Users/owner/Dropbox/Wzone/tmp/tmp2010/shp5512_20101231b.shp,conf_id,-1,-1,C:/Users/owner/Dropbox/Wzone/tmp/tmp2010/shp5534_20101231b.shp,conf_id,-1,-1,C:/Users/owner/Dropbox/Wzone/tmp/tmp2010/shp5543_20101231b.shp,conf_id,-1,-1,C:/Users/owner/Dropbox/Wzone/tmp/tmp2010/shp5546_20101231b.shp,conf_id,-1,-1,C:/Users/owner/Dropbox/Wzone/tmp/tmp2010/shp5570_20101231b.shp,conf_id,-1,-1,C:/Users/owner/Dropbox/Wzone/tmp/tmp2010/shp5583_20101231b.shp,conf_id,-1,-1,C:/Users/owner/Dropbox/Wzone/tmp/tmp2010/shp5598_20101231b.shp,conf_id,-1,-1,C:/Users/owner/Dropbox/Wzone/tmp/tmp2010/shp10264_20101231b.shp,conf_id,-1,-1,C:/Users/owner/Dropbox/Wzone/tmp/tmp2010/shp10985_20101231b.shp,conf_id,-1,-1,C:/Users/owner/Dropbox/Wzone/tmp/tmp2010/shp11123_20101231b.shp,conf_id,-1,-1,C:/Users/owner/Dropbox/Wzone/tmp/tmp2010/shp11336_20101231b.shp,conf_id,-1,-1,C:/Users/owner/Dropbox/Wzone/tmp/tmp2010/shp11377_20101231b.shp,conf_id,-1,-1,C:/Users/owner/Dropbox/Wzone/tmp/tmp2010/shp11433_20101231b.shp,conf_id,-1,-1,C:/Users/owner/Dropbox/Wzone/tmp/tmp2010/shp11663_20101231b.shp,conf_id,-1,-1,C:/Users/owner/Dropbox/Wzone/tmp/tmp2010/shp11972_20101231b.shp,conf_id,-1,-1,C:/Users/owner/Dropbox/Wzone/tmp/tmp2010/shp12102_20101231b.shp,conf_id,-1,-1,C:/Users/owner/Dropbox/Wzone/tmp/tmp2010/shp12575_20101231b.shp,conf_id,-1,-1,C:/Users/owner/Dropbox/Wzone/tmp/tmp2010/shp14273_20101231b.shp,conf_id,-1,-1,C:/Users/owner/Dropbox/Wzone/tmp/tmp2010/shp15973_20101231b.shp,conf_id,-1,-1,C:/Users/owner/Dropbox/Wzone/tmp/tmp2010/shp16972_20101231b.shp,conf_id,-1,-1;date "date" true true false 254 Text 0 0,First,#,C:/Users/owner/Dropbox/Wzone/tmp/tmp2010/shp411_20101231b.shp,date,0,253,C:/Users/owner/Dropbox/Wzone/tmp/tmp2010/shp422_20101231b.shp,date,0,253,C:/Users/owner/Dropbox/Wzone/tmp/tmp2010/shp428_20101231b.shp,date,0,253,C:/Users/owner/Dropbox/Wzone/tmp/tmp2010/shp430_20101231b.shp,date,0,253,C:/Users/owner/Dropbox/Wzone/tmp/tmp2010/shp453_20101231b.shp,date,0,253,C:/Users/owner/Dropbox/Wzone/tmp/tmp2010/shp459_20101231b.shp,date,0,253,C:/Users/owner/Dropbox/Wzone/tmp/tmp2010/shp461_20101231b.shp,date,0,253,C:/Users/owner/Dropbox/Wzone/tmp/tmp2010/shp474_20101231b.shp,date,0,253,C:/Users/owner/Dropbox/Wzone/tmp/tmp2010/shp476_20101231b.shp,date,0,253,C:/Users/owner/Dropbox/Wzone/tmp/tmp2010/shp478_20101231b.shp,date,0,253,C:/Users/owner/Dropbox/Wzone/tmp/tmp2010/shp508_20101231b.shp,date,0,253,C:/Users/owner/Dropbox/Wzone/tmp/tmp2010/shp550_20101231b.shp,date,0,253,C:/Users/owner/Dropbox/Wzone/tmp/tmp2010/shp623_20101231b.shp,date,0,253,C:/Users/owner/Dropbox/Wzone/tmp/tmp2010/shp624_20101231b.shp,date,0,253,C:/Users/owner/Dropbox/Wzone/tmp/tmp2010/shp640_20101231b.shp,date,0,253,C:/Users/owner/Dropbox/Wzone/tmp/tmp2010/shp657_20101231b.shp,date,0,253,C:/Users/owner/Dropbox/Wzone/tmp/tmp2010/shp658_20101231b.shp,date,0,253,C:/Users/owner/Dropbox/Wzone/tmp/tmp2010/shp665_20101231b.shp,date,0,253,C:/Users/owner/Dropbox/Wzone/tmp/tmp2010/shp666_20101231b.shp,date,0,253,C:/Users/owner/Dropbox/Wzone/tmp/tmp2010/shp689_20101231b.shp,date,0,253,C:/Users/owner/Dropbox/Wzone/tmp/tmp2010/shp709_20101231b.shp,date,0,253,C:/Users/owner/Dropbox/Wzone/tmp/tmp2010/shp711_20101231b.shp,date,0,253,C:/Users/owner/Dropbox/Wzone/tmp/tmp2010/shp719_20101231b.shp,date,0,253,C:/Users/owner/Dropbox/Wzone/tmp/tmp2010/shp735_20101231b.shp,date,0,253,C:/Users/owner/Dropbox/Wzone/tmp/tmp2010/shp750_20101231b.shp,date,0,253,C:/Users/owner/Dropbox/Wzone/tmp/tmp2010/shp754_20101231b.shp,date,0,253,C:/Users/owner/Dropbox/Wzone/tmp/tmp2010/shp768_20101231b.shp,date,0,253,C:/Users/owner/Dropbox/Wzone/tmp/tmp2010/shp770_20101231b.shp,date,0,253,C:/Users/owner/Dropbox/Wzone/tmp/tmp2010/shp781_20101231b.shp,date,0,253,C:/Users/owner/Dropbox/Wzone/tmp/tmp2010/shp792_20101231b.shp,date,0,253,C:/Users/owner/Dropbox/Wzone/tmp/tmp2010/shp793_20101231b.shp,date,0,253,C:/Users/owner/Dropbox/Wzone/tmp/tmp2010/shp806_20101231b.shp,date,0,253,C:/Users/owner/Dropbox/Wzone/tmp/tmp2010/shp830_20101231b.shp,date,0,253,C:/Users/owner/Dropbox/Wzone/tmp/tmp2010/shp833_20101231b.shp,date,0,253,C:/Users/owner/Dropbox/Wzone/tmp/tmp2010/shp857_20101231b.shp,date,0,253,C:/Users/owner/Dropbox/Wzone/tmp/tmp2010/shp869_20101231b.shp,date,0,253,C:/Users/owner/Dropbox/Wzone/tmp/tmp2010/shp878_20101231b.shp,date,0,253,C:/Users/owner/Dropbox/Wzone/tmp/tmp2010/shp882_20101231b.shp,date,0,253,C:/Users/owner/Dropbox/Wzone/tmp/tmp2010/shp885_20101231b.shp,date,0,253,C:/Users/owner/Dropbox/Wzone/tmp/tmp2010/shp886_20101231b.shp,date,0,253,C:/Users/owner/Dropbox/Wzone/tmp/tmp2010/shp888_20101231b.shp,date,0,253,C:/Users/owner/Dropbox/Wzone/tmp/tmp2010/shp899_20101231b.shp,date,0,253,C:/Users/owner/Dropbox/Wzone/tmp/tmp2010/shp906_20101231b.shp,date,0,253,C:/Users/owner/Dropbox/Wzone/tmp/tmp2010/shp908_20101231b.shp,date,0,253,C:/Users/owner/Dropbox/Wzone/tmp/tmp2010/shp909_20101231b.shp,date,0,253,C:/Users/owner/Dropbox/Wzone/tmp/tmp2010/shp913_20101231b.shp,date,0,253,C:/Users/owner/Dropbox/Wzone/tmp/tmp2010/shp914_20101231b.shp,date,0,253,C:/Users/owner/Dropbox/Wzone/tmp/tmp2010/shp915_20101231b.shp,date,0,253,C:/Users/owner/Dropbox/Wzone/tmp/tmp2010/shp930_20101231b.shp,date,0,253,C:/Users/owner/Dropbox/Wzone/tmp/tmp2010/shp931_20101231b.shp,date,0,253,C:/Users/owner/Dropbox/Wzone/tmp/tmp2010/shp934_20101231b.shp,date,0,253,C:/Users/owner/Dropbox/Wzone/tmp/tmp2010/shp935_20101231b.shp,date,0,253,C:/Users/owner/Dropbox/Wzone/tmp/tmp2010/shp936_20101231b.shp,date,0,253,C:/Users/owner/Dropbox/Wzone/tmp/tmp2010/shp940_20101231b.shp,date,0,253,C:/Users/owner/Dropbox/Wzone/tmp/tmp2010/shp941_20101231b.shp,date,0,253,C:/Users/owner/Dropbox/Wzone/tmp/tmp2010/shp942_20101231b.shp,date,0,253,C:/Users/owner/Dropbox/Wzone/tmp/tmp2010/shp943_20101231b.shp,date,0,253,C:/Users/owner/Dropbox/Wzone/tmp/tmp2010/shp947_20101231b.shp,date,0,253,C:/Users/owner/Dropbox/Wzone/tmp/tmp2010/shp948_20101231b.shp,date,0,253,C:/Users/owner/Dropbox/Wzone/tmp/tmp2010/shp950_20101231b.shp,date,0,253,C:/Users/owner/Dropbox/Wzone/tmp/tmp2010/shp951_20101231b.shp,date,0,253,C:/Users/owner/Dropbox/Wzone/tmp/tmp2010/shp954_20101231b.shp,date,0,253,C:/Users/owner/Dropbox/Wzone/tmp/tmp2010/shp955_20101231b.shp,date,0,253,C:/Users/owner/Dropbox/Wzone/tmp/tmp2010/shp956_20101231b.shp,date,0,253,C:/Users/owner/Dropbox/Wzone/tmp/tmp2010/shp962_20101231b.shp,date,0,253,C:/Users/owner/Dropbox/Wzone/tmp/tmp2010/shp966_20101231b.shp,date,0,253,C:/Users/owner/Dropbox/Wzone/tmp/tmp2010/shp967_20101231b.shp,date,0,253,C:/Users/owner/Dropbox/Wzone/tmp/tmp2010/shp973_20101231b.shp,date,0,253,C:/Users/owner/Dropbox/Wzone/tmp/tmp2010/shp977_20101231b.shp,date,0,253,C:/Users/owner/Dropbox/Wzone/tmp/tmp2010/shp980_20101231b.shp,date,0,253,C:/Users/owner/Dropbox/Wzone/tmp/tmp2010/shp981_20101231b.shp,date,0,253,C:/Users/owner/Dropbox/Wzone/tmp/tmp2010/shp988_20101231b.shp,date,0,253,C:/Users/owner/Dropbox/Wzone/tmp/tmp2010/shp989_20101231b.shp,date,0,253,C:/Users/owner/Dropbox/Wzone/tmp/tmp2010/shp997_20101231b.shp,date,0,253,C:/Users/owner/Dropbox/Wzone/tmp/tmp2010/shp999_20101231b.shp,date,0,253,C:/Users/owner/Dropbox/Wzone/tmp/tmp2010/shp1000_20101231b.shp,date,0,253,C:/Users/owner/Dropbox/Wzone/tmp/tmp2010/shp1007_20101231b.shp,date,0,253,C:/Users/owner/Dropbox/Wzone/tmp/tmp2010/shp1026_20101231b.shp,date,0,253,C:/Users/owner/Dropbox/Wzone/tmp/tmp2010/shp1027_20101231b.shp,date,0,253,C:/Users/owner/Dropbox/Wzone/tmp/tmp2010/shp1036_20101231b.shp,date,0,253,C:/Users/owner/Dropbox/Wzone/tmp/tmp2010/shp1040_20101231b.shp,date,0,253,C:/Users/owner/Dropbox/Wzone/tmp/tmp2010/shp1071_20101231b.shp,date,0,253,C:/Users/owner/Dropbox/Wzone/tmp/tmp2010/shp1072_20101231b.shp,date,0,253,C:/Users/owner/Dropbox/Wzone/tmp/tmp2010/shp1073_20101231b.shp,date,0,253,C:/Users/owner/Dropbox/Wzone/tmp/tmp2010/shp1091_20101231b.shp,date,0,253,C:/Users/owner/Dropbox/Wzone/tmp/tmp2010/shp1096_20101231b.shp,date,0,253,C:/Users/owner/Dropbox/Wzone/tmp/tmp2010/shp1108_20101231b.shp,date,0,253,C:/Users/owner/Dropbox/Wzone/tmp/tmp2010/shp1167_20101231b.shp,date,0,253,C:/Users/owner/Dropbox/Wzone/tmp/tmp2010/shp1176_20101231b.shp,date,0,253,C:/Users/owner/Dropbox/Wzone/tmp/tmp2010/shp1178_20101231b.shp,date,0,253,C:/Users/owner/Dropbox/Wzone/tmp/tmp2010/shp1204_20101231b.shp,date,0,253,C:/Users/owner/Dropbox/Wzone/tmp/tmp2010/shp1704_20101231b.shp,date,0,253,C:/Users/owner/Dropbox/Wzone/tmp/tmp2010/shp2461_20101231b.shp,date,0,253,C:/Users/owner/Dropbox/Wzone/tmp/tmp2010/shp4313_20101231b.shp,date,0,253,C:/Users/owner/Dropbox/Wzone/tmp/tmp2010/shp5177_20101231b.shp,date,0,253,C:/Users/owner/Dropbox/Wzone/tmp/tmp2010/shp5183_20101231b.shp,date,0,253,C:/Users/owner/Dropbox/Wzone/tmp/tmp2010/shp5189_20101231b.shp,date,0,253,C:/Users/owner/Dropbox/Wzone/tmp/tmp2010/shp5201_20101231b.shp,date,0,253,C:/Users/owner/Dropbox/Wzone/tmp/tmp2010/shp5204_20101231b.shp,date,0,253,C:/Users/owner/Dropbox/Wzone/tmp/tmp2010/shp5262_20101231b.shp,date,0,253,C:/Users/owner/Dropbox/Wzone/tmp/tmp2010/shp5270_20101231b.shp,date,0,253,C:/Users/owner/Dropbox/Wzone/tmp/tmp2010/shp5293_20101231b.shp,date,0,253,C:/Users/owner/Dropbox/Wzone/tmp/tmp2010/shp5305_20101231b.shp,date,0,253,C:/Users/owner/Dropbox/Wzone/tmp/tmp2010/shp5313_20101231b.shp,date,0,253,C:/Users/owner/Dropbox/Wzone/tmp/tmp2010/shp5314_20101231b.shp,date,0,253,C:/Users/owner/Dropbox/Wzone/tmp/tmp2010/shp5349_20101231b.shp,date,0,253,C:/Users/owner/Dropbox/Wzone/tmp/tmp2010/shp5460_20101231b.shp,date,0,253,C:/Users/owner/Dropbox/Wzone/tmp/tmp2010/shp5512_20101231b.shp,date,0,253,C:/Users/owner/Dropbox/Wzone/tmp/tmp2010/shp5534_20101231b.shp,date,0,253,C:/Users/owner/Dropbox/Wzone/tmp/tmp2010/shp5543_20101231b.shp,date,0,253,C:/Users/owner/Dropbox/Wzone/tmp/tmp2010/shp5546_20101231b.shp,date,0,253,C:/Users/owner/Dropbox/Wzone/tmp/tmp2010/shp5570_20101231b.shp,date,0,253,C:/Users/owner/Dropbox/Wzone/tmp/tmp2010/shp5583_20101231b.shp,date,0,253,C:/Users/owner/Dropbox/Wzone/tmp/tmp2010/shp5598_20101231b.shp,date,0,253,C:/Users/owner/Dropbox/Wzone/tmp/tmp2010/shp10264_20101231b.shp,date,0,253,C:/Users/owner/Dropbox/Wzone/tmp/tmp2010/shp10985_20101231b.shp,date,0,253,C:/Users/owner/Dropbox/Wzone/tmp/tmp2010/shp11123_20101231b.shp,date,0,253,C:/Users/owner/Dropbox/Wzone/tmp/tmp2010/shp11336_20101231b.shp,date,0,253,C:/Users/owner/Dropbox/Wzone/tmp/tmp2010/shp11377_20101231b.shp,date,0,253,C:/Users/owner/Dropbox/Wzone/tmp/tmp2010/shp11433_20101231b.shp,date,0,253,C:/Users/owner/Dropbox/Wzone/tmp/tmp2010/shp11663_20101231b.shp,date,0,253,C:/Users/owner/Dropbox/Wzone/tmp/tmp2010/shp11972_20101231b.shp,date,0,253,C:/Users/owner/Dropbox/Wzone/tmp/tmp2010/shp12102_20101231b.shp,date,0,253,C:/Users/owner/Dropbox/Wzone/tmp/tmp2010/shp12575_20101231b.shp,date,0,253,C:/Users/owner/Dropbox/Wzone/tmp/tmp2010/shp14273_20101231b.shp,date,0,253,C:/Users/owner/Dropbox/Wzone/tmp/tmp2010/shp15973_20101231b.shp,date,0,253,C:/Users/owner/Dropbox/Wzone/tmp/tmp2010/shp16972_20101231b.shp,date,0,253" NO_SOURCE_INFO</Process><Process ToolSource="c:\program files\arcgis\pro\Resources\ArcToolbox\toolboxes\Data Management Tools.tbx\DefineProjection" Date="20240715" Time="220440">DefineProjection C:/Users/owner/Dropbox/Wzone/out/wzone_shp/2010/2010_12_31.shp GEOGCS["GCS_WGS_1984",DATUM["D_WGS_1984",SPHEROID["WGS_1984",6378137.0,298.257223563]],PRIMEM["Greenwich",0.0],UNIT["Degree",0.0174532925199433]]</Process></lineage></DataProperties><SyncDate>20240715</SyncDate><SyncTime>22043800</SyncTime><ModDate>20240715</ModDate><ModTime>22043800</ModTime></Esri><dataIdInfo><envirDesc Sync="TRUE">Microsoft Windows 10 Version 10.0 (Build 19045) ; Esri ArcGIS 13.2.2.49743</envirDesc><dataLang><languageCode value="eng" Sync="TRUE"></languageCode><countryCode value="USA" Sync="TRUE"></countryCode></dataLang><idCitation><resTitle Sync="TRUE">2010_12_31</resTitle><presForm><PresFormCd value="005" Sync="TRUE"></PresFormCd></presForm></idCitation><spatRpType><SpatRepTypCd value="001" Sync="TRUE"></SpatRepTypCd></spatRpType></dataIdInfo><mdLang><languageCode value="eng" Sync="TRUE"></languageCode><countryCode value="USA" Sync="TRUE"></countryCode></mdLang><mdChar><CharSetCd value="004" Sync="TRUE"></CharSetCd></mdChar><distInfo><distFormat><formatName Sync="TRUE">Shapefile</formatName></distFormat><distTranOps><transSize Sync="TRUE">0.000</transSize></distTranOps></distInfo><mdHrLv><ScopeCd value="005" Sync="TRUE"></ScopeCd></mdHrLv><mdHrLvName Sync="TRUE">dataset</mdHrLvName><spatRepInfo><VectSpatRep><geometObjs Name="2010_12_31"><geoObjTyp><GeoObjTypCd value="002" Sync="TRUE"></GeoObjTypCd></geoObjTyp><geoObjCnt Sync="TRUE">0</geoObjCnt></geometObjs><topLvl><TopoLevCd value="001" Sync="TRUE"></TopoLevCd></topLvl></VectSpatRep></spatRepInfo><spdoinfo><ptvctinf><esriterm Name="2010_12_31"><efeatyp Sync="TRUE">Simple</efeatyp><efeageom code="4" Sync="TRUE"></efeageom><esritopo Sync="TRUE">FALSE</esritopo><efeacnt Sync="TRUE">0</efeacnt><spindex Sync="TRUE">FALSE</spindex><linrefer Sync="TRUE">FALSE</linrefer></esriterm></ptvctinf></spdoinfo><eainfo><detailed Name="2010_12_31"><enttyp><enttypl Sync="TRUE">2010_12_31</enttypl><enttypt Sync="TRUE">Feature Class</enttypt><enttypc Sync="TRUE">0</enttypc></enttyp><attr><attrlabl Sync="TRUE">FID</attrlabl><attalias Sync="TRUE">FID</attalias><attrtype Sync="TRUE">OID</attrtype><attwidth Sync="TRUE">4</attwidth><atprecis Sync="TRUE">0</atprecis><attscale Sync="TRUE">0</attscale><attrdef Sync="TRUE">Internal feature number.</attrdef><attrdefs Sync="TRUE">Esri</attrdefs><attrdomv><udom Sync="TRUE">Sequential unique whole numbers that are automatically generated.</udom></attrdomv></attr><attr><attrlabl Sync="TRUE">Shape</attrlabl><attalias Sync="TRUE">Shape</attalias><attrtype Sync="TRUE">Geometry</attrtype><attwidth Sync="TRUE">0</attwidth><atprecis Sync="TRUE">0</atprecis><attscale Sync="TRUE">0</attscale><attrdef Sync="TRUE">Feature geometry.</attrdef><attrdefs Sync="TRUE">Esri</attrdefs><attrdomv><udom Sync="TRUE">Coordinates defining the features.</udom></attrdomv></attr><attr><attrlabl Sync="TRUE">dyad_id</attrlabl><attalias Sync="TRUE">dyad_id</attalias><attrtype Sync="TRUE">Integer</attrtype><attwidth Sync="TRUE">5</attwidth><atprecis Sync="TRUE">5</atprecis><attscale Sync="TRUE">0</attscale></attr><attr><attrlabl Sync="TRUE">conf_id</attrlabl><attalias Sync="TRUE">conf_id</attalias><attrtype Sync="TRUE">Integer</attrtype><attwidth Sync="TRUE">5</attwidth><atprecis Sync="TRUE">5</atprecis><attscale Sync="TRUE">0</attscale></attr><attr><attrlabl Sync="TRUE">date</attrlabl><attalias Sync="TRUE">date</attalias><attrtype Sync="TRUE">String</attrtype><attwidth Sync="TRUE">254</attwidth><atprecis Sync="TRUE">0</atprecis><attscale Sync="TRUE">0</attscale></attr></detailed></eainfo><mdDateSt Sync="TRUE">20240715</mdDateSt></metadata>
