<?xml version="1.0" encoding="UTF-8"?>
<metadata xml:lang="en"><Esri><CreaDate>20240716</CreaDate><CreaTime>04561500</CreaTime><ArcGISFormat>1.0</ArcGISFormat><SyncOnce>FALSE</SyncOnce><DataProperties><itemProps><itemName Sync="TRUE">2011_12_31</itemName><imsContentType Sync="TRUE">002</imsContentType><itemSize Sync="TRUE">0.000</itemSize><itemLocation><linkage Sync="TRUE">file://\\DESKTOP-48J08HF\C$\Users\owner\Dropbox\Wzone\out\wzone_shp\2011\2011_12_31.shp</linkage><protocol Sync="TRUE">Local Area Network</protocol></itemLocation></itemProps><lineage><Process ToolSource="c:\program files\arcgis\pro\Resources\ArcToolbox\toolboxes\Analysis Tools.tbx\Select" Date="20240716" Time="045615">Select in_memory/shp2011411_20111231a C:\Users\owner\Dropbox\Wzone\tmp\tmp2011\shp411_20111231b.shp ""gridcode" &gt; 0"</Process><Process ToolSource="c:\program files\arcgis\pro\Resources\ArcToolbox\toolboxes\Data Management Tools.tbx\AddField" Date="20240716" Time="045615">AddField C:/Users/owner/Dropbox/Wzone/tmp/tmp2011/shp411_20111231b.shp dyad_id "Short (16-bit integer)" # # # # NULLABLE NON_REQUIRED #</Process><Process ToolSource="c:\program files\arcgis\pro\Resources\ArcToolbox\toolboxes\Data Management Tools.tbx\AddField" Date="20240716" Time="045615">AddField C:/Users/owner/Dropbox/Wzone/tmp/tmp2011/shp411_20111231b.shp conf_id "Short (16-bit integer)" # # # # NULLABLE NON_REQUIRED #</Process><Process ToolSource="c:\program files\arcgis\pro\Resources\ArcToolbox\toolboxes\Data Management Tools.tbx\AddField" Date="20240716" Time="045615">AddField C:/Users/owner/Dropbox/Wzone/tmp/tmp2011/shp411_20111231b.shp date Text # # # # NULLABLE NON_REQUIRED #</Process><Process ToolSource="c:\program files\arcgis\pro\Resources\ArcToolbox\toolboxes\Data Management Tools.tbx\DeleteField" Date="20240716" Time="045615">DeleteField C:/Users/owner/Dropbox/Wzone/tmp/tmp2011/shp411_20111231b.shp Id "Delete Fields"</Process><Process ToolSource="c:\program files\arcgis\pro\Resources\ArcToolbox\toolboxes\Data Management Tools.tbx\DeleteField" Date="20240716" Time="045615">DeleteField C:/Users/owner/Dropbox/Wzone/tmp/tmp2011/shp411_20111231b.shp gridcode "Delete Fields"</Process><Process ToolSource="c:\program files\arcgis\pro\Resources\ArcToolbox\toolboxes\Data Management Tools.tbx\Merge" Date="20240716" Time="045844">Merge C:/Users/owner/Dropbox/Wzone/tmp/tmp2011/shp411_20111231b.shp;C:/Users/owner/Dropbox/Wzone/tmp/tmp2011/shp422_20111231b.shp;C:/Users/owner/Dropbox/Wzone/tmp/tmp2011/shp428_20111231b.shp;C:/Users/owner/Dropbox/Wzone/tmp/tmp2011/shp430_20111231b.shp;C:/Users/owner/Dropbox/Wzone/tmp/tmp2011/shp453_20111231b.shp;C:/Users/owner/Dropbox/Wzone/tmp/tmp2011/shp459_20111231b.shp;C:/Users/owner/Dropbox/Wzone/tmp/tmp2011/shp461_20111231b.shp;C:/Users/owner/Dropbox/Wzone/tmp/tmp2011/shp474_20111231b.shp;C:/Users/owner/Dropbox/Wzone/tmp/tmp2011/shp476_20111231b.shp;C:/Users/owner/Dropbox/Wzone/tmp/tmp2011/shp478_20111231b.shp;C:/Users/owner/Dropbox/Wzone/tmp/tmp2011/shp508_20111231b.shp;C:/Users/owner/Dropbox/Wzone/tmp/tmp2011/shp550_20111231b.shp;C:/Users/owner/Dropbox/Wzone/tmp/tmp2011/shp623_20111231b.shp;C:/Users/owner/Dropbox/Wzone/tmp/tmp2011/shp624_20111231b.shp;C:/Users/owner/Dropbox/Wzone/tmp/tmp2011/shp640_20111231b.shp;C:/Users/owner/Dropbox/Wzone/tmp/tmp2011/shp657_20111231b.shp;C:/Users/owner/Dropbox/Wzone/tmp/tmp2011/shp658_20111231b.shp;C:/Users/owner/Dropbox/Wzone/tmp/tmp2011/shp689_20111231b.shp;C:/Users/owner/Dropbox/Wzone/tmp/tmp2011/shp709_20111231b.shp;C:/Users/owner/Dropbox/Wzone/tmp/tmp2011/shp711_20111231b.shp;C:/Users/owner/Dropbox/Wzone/tmp/tmp2011/shp719_20111231b.shp;C:/Users/owner/Dropbox/Wzone/tmp/tmp2011/shp722_20111231b.shp;C:/Users/owner/Dropbox/Wzone/tmp/tmp2011/shp735_20111231b.shp;C:/Users/owner/Dropbox/Wzone/tmp/tmp2011/shp750_20111231b.shp;C:/Users/owner/Dropbox/Wzone/tmp/tmp2011/shp754_20111231b.shp;C:/Users/owner/Dropbox/Wzone/tmp/tmp2011/shp768_20111231b.shp;C:/Users/owner/Dropbox/Wzone/tmp/tmp2011/shp781_20111231b.shp;C:/Users/owner/Dropbox/Wzone/tmp/tmp2011/shp792_20111231b.shp;C:/Users/owner/Dropbox/Wzone/tmp/tmp2011/shp806_20111231b.shp;C:/Users/owner/Dropbox/Wzone/tmp/tmp2011/shp830_20111231b.shp;C:/Users/owner/Dropbox/Wzone/tmp/tmp2011/shp833_20111231b.shp;C:/Users/owner/Dropbox/Wzone/tmp/tmp2011/shp857_20111231b.shp;C:/Users/owner/Dropbox/Wzone/tmp/tmp2011/shp869_20111231b.shp;C:/Users/owner/Dropbox/Wzone/tmp/tmp2011/shp875_20111231b.shp;C:/Users/owner/Dropbox/Wzone/tmp/tmp2011/shp878_20111231b.shp;C:/Users/owner/Dropbox/Wzone/tmp/tmp2011/shp885_20111231b.shp;C:/Users/owner/Dropbox/Wzone/tmp/tmp2011/shp886_20111231b.shp;C:/Users/owner/Dropbox/Wzone/tmp/tmp2011/shp899_20111231b.shp;C:/Users/owner/Dropbox/Wzone/tmp/tmp2011/shp906_20111231b.shp;C:/Users/owner/Dropbox/Wzone/tmp/tmp2011/shp909_20111231b.shp;C:/Users/owner/Dropbox/Wzone/tmp/tmp2011/shp913_20111231b.shp;C:/Users/owner/Dropbox/Wzone/tmp/tmp2011/shp914_20111231b.shp;C:/Users/owner/Dropbox/Wzone/tmp/tmp2011/shp915_20111231b.shp;C:/Users/owner/Dropbox/Wzone/tmp/tmp2011/shp930_20111231b.shp;C:/Users/owner/Dropbox/Wzone/tmp/tmp2011/shp931_20111231b.shp;C:/Users/owner/Dropbox/Wzone/tmp/tmp2011/shp934_20111231b.shp;C:/Users/owner/Dropbox/Wzone/tmp/tmp2011/shp935_20111231b.shp;C:/Users/owner/Dropbox/Wzone/tmp/tmp2011/shp936_20111231b.shp;C:/Users/owner/Dropbox/Wzone/tmp/tmp2011/shp940_20111231b.shp;C:/Users/owner/Dropbox/Wzone/tmp/tmp2011/shp941_20111231b.shp;C:/Users/owner/Dropbox/Wzone/tmp/tmp2011/shp942_20111231b.shp;C:/Users/owner/Dropbox/Wzone/tmp/tmp2011/shp947_20111231b.shp;C:/Users/owner/Dropbox/Wzone/tmp/tmp2011/shp948_20111231b.shp;C:/Users/owner/Dropbox/Wzone/tmp/tmp2011/shp950_20111231b.shp;C:/Users/owner/Dropbox/Wzone/tmp/tmp2011/shp951_20111231b.shp;C:/Users/owner/Dropbox/Wzone/tmp/tmp2011/shp955_20111231b.shp;C:/Users/owner/Dropbox/Wzone/tmp/tmp2011/shp956_20111231b.shp;C:/Users/owner/Dropbox/Wzone/tmp/tmp2011/shp962_20111231b.shp;C:/Users/owner/Dropbox/Wzone/tmp/tmp2011/shp966_20111231b.shp;C:/Users/owner/Dropbox/Wzone/tmp/tmp2011/shp967_20111231b.shp;C:/Users/owner/Dropbox/Wzone/tmp/tmp2011/shp973_20111231b.shp;C:/Users/owner/Dropbox/Wzone/tmp/tmp2011/shp977_20111231b.shp;C:/Users/owner/Dropbox/Wzone/tmp/tmp2011/shp980_20111231b.shp;C:/Users/owner/Dropbox/Wzone/tmp/tmp2011/shp981_20111231b.shp;C:/Users/owner/Dropbox/Wzone/tmp/tmp2011/shp988_20111231b.shp;C:/Users/owner/Dropbox/Wzone/tmp/tmp2011/shp989_20111231b.shp;C:/Users/owner/Dropbox/Wzone/tmp/tmp2011/shp997_20111231b.shp;C:/Users/owner/Dropbox/Wzone/tmp/tmp2011/shp999_20111231b.shp;C:/Users/owner/Dropbox/Wzone/tmp/tmp2011/shp1000_20111231b.shp;C:/Users/owner/Dropbox/Wzone/tmp/tmp2011/shp1007_20111231b.shp;C:/Users/owner/Dropbox/Wzone/tmp/tmp2011/shp1026_20111231b.shp;C:/Users/owner/Dropbox/Wzone/tmp/tmp2011/shp1027_20111231b.shp;C:/Users/owner/Dropbox/Wzone/tmp/tmp2011/shp1036_20111231b.shp;C:/Users/owner/Dropbox/Wzone/tmp/tmp2011/shp1040_20111231b.shp;C:/Users/owner/Dropbox/Wzone/tmp/tmp2011/shp1071_20111231b.shp;C:/Users/owner/Dropbox/Wzone/tmp/tmp2011/shp1072_20111231b.shp;C:/Users/owner/Dropbox/Wzone/tmp/tmp2011/shp1073_20111231b.shp;C:/Users/owner/Dropbox/Wzone/tmp/tmp2011/shp1091_20111231b.shp;C:/Users/owner/Dropbox/Wzone/tmp/tmp2011/shp1096_20111231b.shp;C:/Users/owner/Dropbox/Wzone/tmp/tmp2011/shp1108_20111231b.shp;C:/Users/owner/Dropbox/Wzone/tmp/tmp2011/shp1167_20111231b.shp;C:/Users/owner/Dropbox/Wzone/tmp/tmp2011/shp1176_20111231b.shp;C:/Users/owner/Dropbox/Wzone/tmp/tmp2011/shp1178_20111231b.shp;C:/Users/owner/Dropbox/Wzone/tmp/tmp2011/shp1182_20111231b.shp;C:/Users/owner/Dropbox/Wzone/tmp/tmp2011/shp1204_20111231b.shp;C:/Users/owner/Dropbox/Wzone/tmp/tmp2011/shp1704_20111231b.shp;C:/Users/owner/Dropbox/Wzone/tmp/tmp2011/shp2332_20111231b.shp;C:/Users/owner/Dropbox/Wzone/tmp/tmp2011/shp2461_20111231b.shp;C:/Users/owner/Dropbox/Wzone/tmp/tmp2011/shp4313_20111231b.shp;C:/Users/owner/Dropbox/Wzone/tmp/tmp2011/shp5177_20111231b.shp;C:/Users/owner/Dropbox/Wzone/tmp/tmp2011/shp5201_20111231b.shp;C:/Users/owner/Dropbox/Wzone/tmp/tmp2011/shp5204_20111231b.shp;C:/Users/owner/Dropbox/Wzone/tmp/tmp2011/shp5262_20111231b.shp;C:/Users/owner/Dropbox/Wzone/tmp/tmp2011/shp5270_20111231b.shp;C:/Users/owner/Dropbox/Wzone/tmp/tmp2011/shp5293_20111231b.shp;C:/Users/owner/Dropbox/Wzone/tmp/tmp2011/shp5313_20111231b.shp;C:/Users/owner/Dropbox/Wzone/tmp/tmp2011/shp5314_20111231b.shp;C:/Users/owner/Dropbox/Wzone/tmp/tmp2011/shp5349_20111231b.shp;C:/Users/owner/Dropbox/Wzone/tmp/tmp2011/shp5460_20111231b.shp;C:/Users/owner/Dropbox/Wzone/tmp/tmp2011/shp5512_20111231b.shp;C:/Users/owner/Dropbox/Wzone/tmp/tmp2011/shp5534_20111231b.shp;C:/Users/owner/Dropbox/Wzone/tmp/tmp2011/shp5536_20111231b.shp;C:/Users/owner/Dropbox/Wzone/tmp/tmp2011/shp5543_20111231b.shp;C:/Users/owner/Dropbox/Wzone/tmp/tmp2011/shp5546_20111231b.shp;C:/Users/owner/Dropbox/Wzone/tmp/tmp2011/shp5570_20111231b.shp;C:/Users/owner/Dropbox/Wzone/tmp/tmp2011/shp5577_20111231b.shp;C:/Users/owner/Dropbox/Wzone/tmp/tmp2011/shp5583_20111231b.shp;C:/Users/owner/Dropbox/Wzone/tmp/tmp2011/shp5588_20111231b.shp;C:/Users/owner/Dropbox/Wzone/tmp/tmp2011/shp5595_20111231b.shp;C:/Users/owner/Dropbox/Wzone/tmp/tmp2011/shp5598_20111231b.shp;C:/Users/owner/Dropbox/Wzone/tmp/tmp2011/shp10264_20111231b.shp;C:/Users/owner/Dropbox/Wzone/tmp/tmp2011/shp10899_20111231b.shp;C:/Users/owner/Dropbox/Wzone/tmp/tmp2011/shp10985_20111231b.shp;C:/Users/owner/Dropbox/Wzone/tmp/tmp2011/shp11123_20111231b.shp;C:/Users/owner/Dropbox/Wzone/tmp/tmp2011/shp11336_20111231b.shp;C:/Users/owner/Dropbox/Wzone/tmp/tmp2011/shp11377_20111231b.shp;C:/Users/owner/Dropbox/Wzone/tmp/tmp2011/shp11433_20111231b.shp;C:/Users/owner/Dropbox/Wzone/tmp/tmp2011/shp11663_20111231b.shp;C:/Users/owner/Dropbox/Wzone/tmp/tmp2011/shp11972_20111231b.shp;C:/Users/owner/Dropbox/Wzone/tmp/tmp2011/shp11973_20111231b.shp;C:/Users/owner/Dropbox/Wzone/tmp/tmp2011/shp11975_20111231b.shp;C:/Users/owner/Dropbox/Wzone/tmp/tmp2011/shp11988_20111231b.shp;C:/Users/owner/Dropbox/Wzone/tmp/tmp2011/shp12102_20111231b.shp;C:/Users/owner/Dropbox/Wzone/tmp/tmp2011/shp12575_20111231b.shp;C:/Users/owner/Dropbox/Wzone/tmp/tmp2011/shp14273_20111231b.shp;C:/Users/owner/Dropbox/Wzone/tmp/tmp2011/shp15973_20111231b.shp C:\Users\owner\Dropbox\Wzone\out\wzone_shp\2011\2011_12_31.shp "dyad_id "dyad_id" true true false 5 Long 0 5,First,#,C:/Users/owner/Dropbox/Wzone/tmp/tmp2011/shp411_20111231b.shp,dyad_id,-1,-1,C:/Users/owner/Dropbox/Wzone/tmp/tmp2011/shp422_20111231b.shp,dyad_id,-1,-1,C:/Users/owner/Dropbox/Wzone/tmp/tmp2011/shp428_20111231b.shp,dyad_id,-1,-1,C:/Users/owner/Dropbox/Wzone/tmp/tmp2011/shp430_20111231b.shp,dyad_id,-1,-1,C:/Users/owner/Dropbox/Wzone/tmp/tmp2011/shp453_20111231b.shp,dyad_id,-1,-1,C:/Users/owner/Dropbox/Wzone/tmp/tmp2011/shp459_20111231b.shp,dyad_id,-1,-1,C:/Users/owner/Dropbox/Wzone/tmp/tmp2011/shp461_20111231b.shp,dyad_id,-1,-1,C:/Users/owner/Dropbox/Wzone/tmp/tmp2011/shp474_20111231b.shp,dyad_id,-1,-1,C:/Users/owner/Dropbox/Wzone/tmp/tmp2011/shp476_20111231b.shp,dyad_id,-1,-1,C:/Users/owner/Dropbox/Wzone/tmp/tmp2011/shp478_20111231b.shp,dyad_id,-1,-1,C:/Users/owner/Dropbox/Wzone/tmp/tmp2011/shp508_20111231b.shp,dyad_id,-1,-1,C:/Users/owner/Dropbox/Wzone/tmp/tmp2011/shp550_20111231b.shp,dyad_id,-1,-1,C:/Users/owner/Dropbox/Wzone/tmp/tmp2011/shp623_20111231b.shp,dyad_id,-1,-1,C:/Users/owner/Dropbox/Wzone/tmp/tmp2011/shp624_20111231b.shp,dyad_id,-1,-1,C:/Users/owner/Dropbox/Wzone/tmp/tmp2011/shp640_20111231b.shp,dyad_id,-1,-1,C:/Users/owner/Dropbox/Wzone/tmp/tmp2011/shp657_20111231b.shp,dyad_id,-1,-1,C:/Users/owner/Dropbox/Wzone/tmp/tmp2011/shp658_20111231b.shp,dyad_id,-1,-1,C:/Users/owner/Dropbox/Wzone/tmp/tmp2011/shp689_20111231b.shp,dyad_id,-1,-1,C:/Users/owner/Dropbox/Wzone/tmp/tmp2011/shp709_20111231b.shp,dyad_id,-1,-1,C:/Users/owner/Dropbox/Wzone/tmp/tmp2011/shp711_20111231b.shp,dyad_id,-1,-1,C:/Users/owner/Dropbox/Wzone/tmp/tmp2011/shp719_20111231b.shp,dyad_id,-1,-1,C:/Users/owner/Dropbox/Wzone/tmp/tmp2011/shp722_20111231b.shp,dyad_id,-1,-1,C:/Users/owner/Dropbox/Wzone/tmp/tmp2011/shp735_20111231b.shp,dyad_id,-1,-1,C:/Users/owner/Dropbox/Wzone/tmp/tmp2011/shp750_20111231b.shp,dyad_id,-1,-1,C:/Users/owner/Dropbox/Wzone/tmp/tmp2011/shp754_20111231b.shp,dyad_id,-1,-1,C:/Users/owner/Dropbox/Wzone/tmp/tmp2011/shp768_20111231b.shp,dyad_id,-1,-1,C:/Users/owner/Dropbox/Wzone/tmp/tmp2011/shp781_20111231b.shp,dyad_id,-1,-1,C:/Users/owner/Dropbox/Wzone/tmp/tmp2011/shp792_20111231b.shp,dyad_id,-1,-1,C:/Users/owner/Dropbox/Wzone/tmp/tmp2011/shp806_20111231b.shp,dyad_id,-1,-1,C:/Users/owner/Dropbox/Wzone/tmp/tmp2011/shp830_20111231b.shp,dyad_id,-1,-1,C:/Users/owner/Dropbox/Wzone/tmp/tmp2011/shp833_20111231b.shp,dyad_id,-1,-1,C:/Users/owner/Dropbox/Wzone/tmp/tmp2011/shp857_20111231b.shp,dyad_id,-1,-1,C:/Users/owner/Dropbox/Wzone/tmp/tmp2011/shp869_20111231b.shp,dyad_id,-1,-1,C:/Users/owner/Dropbox/Wzone/tmp/tmp2011/shp875_20111231b.shp,dyad_id,-1,-1,C:/Users/owner/Dropbox/Wzone/tmp/tmp2011/shp878_20111231b.shp,dyad_id,-1,-1,C:/Users/owner/Dropbox/Wzone/tmp/tmp2011/shp885_20111231b.shp,dyad_id,-1,-1,C:/Users/owner/Dropbox/Wzone/tmp/tmp2011/shp886_20111231b.shp,dyad_id,-1,-1,C:/Users/owner/Dropbox/Wzone/tmp/tmp2011/shp899_20111231b.shp,dyad_id,-1,-1,C:/Users/owner/Dropbox/Wzone/tmp/tmp2011/shp906_20111231b.shp,dyad_id,-1,-1,C:/Users/owner/Dropbox/Wzone/tmp/tmp2011/shp909_20111231b.shp,dyad_id,-1,-1,C:/Users/owner/Dropbox/Wzone/tmp/tmp2011/shp913_20111231b.shp,dyad_id,-1,-1,C:/Users/owner/Dropbox/Wzone/tmp/tmp2011/shp914_20111231b.shp,dyad_id,-1,-1,C:/Users/owner/Dropbox/Wzone/tmp/tmp2011/shp915_20111231b.shp,dyad_id,-1,-1,C:/Users/owner/Dropbox/Wzone/tmp/tmp2011/shp930_20111231b.shp,dyad_id,-1,-1,C:/Users/owner/Dropbox/Wzone/tmp/tmp2011/shp931_20111231b.shp,dyad_id,-1,-1,C:/Users/owner/Dropbox/Wzone/tmp/tmp2011/shp934_20111231b.shp,dyad_id,-1,-1,C:/Users/owner/Dropbox/Wzone/tmp/tmp2011/shp935_20111231b.shp,dyad_id,-1,-1,C:/Users/owner/Dropbox/Wzone/tmp/tmp2011/shp936_20111231b.shp,dyad_id,-1,-1,C:/Users/owner/Dropbox/Wzone/tmp/tmp2011/shp940_20111231b.shp,dyad_id,-1,-1,C:/Users/owner/Dropbox/Wzone/tmp/tmp2011/shp941_20111231b.shp,dyad_id,-1,-1,C:/Users/owner/Dropbox/Wzone/tmp/tmp2011/shp942_20111231b.shp,dyad_id,-1,-1,C:/Users/owner/Dropbox/Wzone/tmp/tmp2011/shp947_20111231b.shp,dyad_id,-1,-1,C:/Users/owner/Dropbox/Wzone/tmp/tmp2011/shp948_20111231b.shp,dyad_id,-1,-1,C:/Users/owner/Dropbox/Wzone/tmp/tmp2011/shp950_20111231b.shp,dyad_id,-1,-1,C:/Users/owner/Dropbox/Wzone/tmp/tmp2011/shp951_20111231b.shp,dyad_id,-1,-1,C:/Users/owner/Dropbox/Wzone/tmp/tmp2011/shp955_20111231b.shp,dyad_id,-1,-1,C:/Users/owner/Dropbox/Wzone/tmp/tmp2011/shp956_20111231b.shp,dyad_id,-1,-1,C:/Users/owner/Dropbox/Wzone/tmp/tmp2011/shp962_20111231b.shp,dyad_id,-1,-1,C:/Users/owner/Dropbox/Wzone/tmp/tmp2011/shp966_20111231b.shp,dyad_id,-1,-1,C:/Users/owner/Dropbox/Wzone/tmp/tmp2011/shp967_20111231b.shp,dyad_id,-1,-1,C:/Users/owner/Dropbox/Wzone/tmp/tmp2011/shp973_20111231b.shp,dyad_id,-1,-1,C:/Users/owner/Dropbox/Wzone/tmp/tmp2011/shp977_20111231b.shp,dyad_id,-1,-1,C:/Users/owner/Dropbox/Wzone/tmp/tmp2011/shp980_20111231b.shp,dyad_id,-1,-1,C:/Users/owner/Dropbox/Wzone/tmp/tmp2011/shp981_20111231b.shp,dyad_id,-1,-1,C:/Users/owner/Dropbox/Wzone/tmp/tmp2011/shp988_20111231b.shp,dyad_id,-1,-1,C:/Users/owner/Dropbox/Wzone/tmp/tmp2011/shp989_20111231b.shp,dyad_id,-1,-1,C:/Users/owner/Dropbox/Wzone/tmp/tmp2011/shp997_20111231b.shp,dyad_id,-1,-1,C:/Users/owner/Dropbox/Wzone/tmp/tmp2011/shp999_20111231b.shp,dyad_id,-1,-1,C:/Users/owner/Dropbox/Wzone/tmp/tmp2011/shp1000_20111231b.shp,dyad_id,-1,-1,C:/Users/owner/Dropbox/Wzone/tmp/tmp2011/shp1007_20111231b.shp,dyad_id,-1,-1,C:/Users/owner/Dropbox/Wzone/tmp/tmp2011/shp1026_20111231b.shp,dyad_id,-1,-1,C:/Users/owner/Dropbox/Wzone/tmp/tmp2011/shp1027_20111231b.shp,dyad_id,-1,-1,C:/Users/owner/Dropbox/Wzone/tmp/tmp2011/shp1036_20111231b.shp,dyad_id,-1,-1,C:/Users/owner/Dropbox/Wzone/tmp/tmp2011/shp1040_20111231b.shp,dyad_id,-1,-1,C:/Users/owner/Dropbox/Wzone/tmp/tmp2011/shp1071_20111231b.shp,dyad_id,-1,-1,C:/Users/owner/Dropbox/Wzone/tmp/tmp2011/shp1072_20111231b.shp,dyad_id,-1,-1,C:/Users/owner/Dropbox/Wzone/tmp/tmp2011/shp1073_20111231b.shp,dyad_id,-1,-1,C:/Users/owner/Dropbox/Wzone/tmp/tmp2011/shp1091_20111231b.shp,dyad_id,-1,-1,C:/Users/owner/Dropbox/Wzone/tmp/tmp2011/shp1096_20111231b.shp,dyad_id,-1,-1,C:/Users/owner/Dropbox/Wzone/tmp/tmp2011/shp1108_20111231b.shp,dyad_id,-1,-1,C:/Users/owner/Dropbox/Wzone/tmp/tmp2011/shp1167_20111231b.shp,dyad_id,-1,-1,C:/Users/owner/Dropbox/Wzone/tmp/tmp2011/shp1176_20111231b.shp,dyad_id,-1,-1,C:/Users/owner/Dropbox/Wzone/tmp/tmp2011/shp1178_20111231b.shp,dyad_id,-1,-1,C:/Users/owner/Dropbox/Wzone/tmp/tmp2011/shp1182_20111231b.shp,dyad_id,-1,-1,C:/Users/owner/Dropbox/Wzone/tmp/tmp2011/shp1204_20111231b.shp,dyad_id,-1,-1,C:/Users/owner/Dropbox/Wzone/tmp/tmp2011/shp1704_20111231b.shp,dyad_id,-1,-1,C:/Users/owner/Dropbox/Wzone/tmp/tmp2011/shp2332_20111231b.shp,dyad_id,-1,-1,C:/Users/owner/Dropbox/Wzone/tmp/tmp2011/shp2461_20111231b.shp,dyad_id,-1,-1,C:/Users/owner/Dropbox/Wzone/tmp/tmp2011/shp4313_20111231b.shp,dyad_id,-1,-1,C:/Users/owner/Dropbox/Wzone/tmp/tmp2011/shp5177_20111231b.shp,dyad_id,-1,-1,C:/Users/owner/Dropbox/Wzone/tmp/tmp2011/shp5201_20111231b.shp,dyad_id,-1,-1,C:/Users/owner/Dropbox/Wzone/tmp/tmp2011/shp5204_20111231b.shp,dyad_id,-1,-1,C:/Users/owner/Dropbox/Wzone/tmp/tmp2011/shp5262_20111231b.shp,dyad_id,-1,-1,C:/Users/owner/Dropbox/Wzone/tmp/tmp2011/shp5270_20111231b.shp,dyad_id,-1,-1,C:/Users/owner/Dropbox/Wzone/tmp/tmp2011/shp5293_20111231b.shp,dyad_id,-1,-1,C:/Users/owner/Dropbox/Wzone/tmp/tmp2011/shp5313_20111231b.shp,dyad_id,-1,-1,C:/Users/owner/Dropbox/Wzone/tmp/tmp2011/shp5314_20111231b.shp,dyad_id,-1,-1,C:/Users/owner/Dropbox/Wzone/tmp/tmp2011/shp5349_20111231b.shp,dyad_id,-1,-1,C:/Users/owner/Dropbox/Wzone/tmp/tmp2011/shp5460_20111231b.shp,dyad_id,-1,-1,C:/Users/owner/Dropbox/Wzone/tmp/tmp2011/shp5512_20111231b.shp,dyad_id,-1,-1,C:/Users/owner/Dropbox/Wzone/tmp/tmp2011/shp5534_20111231b.shp,dyad_id,-1,-1,C:/Users/owner/Dropbox/Wzone/tmp/tmp2011/shp5536_20111231b.shp,dyad_id,-1,-1,C:/Users/owner/Dropbox/Wzone/tmp/tmp2011/shp5543_20111231b.shp,dyad_id,-1,-1,C:/Users/owner/Dropbox/Wzone/tmp/tmp2011/shp5546_20111231b.shp,dyad_id,-1,-1,C:/Users/owner/Dropbox/Wzone/tmp/tmp2011/shp5570_20111231b.shp,dyad_id,-1,-1,C:/Users/owner/Dropbox/Wzone/tmp/tmp2011/shp5577_20111231b.shp,dyad_id,-1,-1,C:/Users/owner/Dropbox/Wzone/tmp/tmp2011/shp5583_20111231b.shp,dyad_id,-1,-1,C:/Users/owner/Dropbox/Wzone/tmp/tmp2011/shp5588_20111231b.shp,dyad_id,-1,-1,C:/Users/owner/Dropbox/Wzone/tmp/tmp2011/shp5595_20111231b.shp,dyad_id,-1,-1,C:/Users/owner/Dropbox/Wzone/tmp/tmp2011/shp5598_20111231b.shp,dyad_id,-1,-1,C:/Users/owner/Dropbox/Wzone/tmp/tmp2011/shp10264_20111231b.shp,dyad_id,-1,-1,C:/Users/owner/Dropbox/Wzone/tmp/tmp2011/shp10899_20111231b.shp,dyad_id,-1,-1,C:/Users/owner/Dropbox/Wzone/tmp/tmp2011/shp10985_20111231b.shp,dyad_id,-1,-1,C:/Users/owner/Dropbox/Wzone/tmp/tmp2011/shp11123_20111231b.shp,dyad_id,-1,-1,C:/Users/owner/Dropbox/Wzone/tmp/tmp2011/shp11336_20111231b.shp,dyad_id,-1,-1,C:/Users/owner/Dropbox/Wzone/tmp/tmp2011/shp11377_20111231b.shp,dyad_id,-1,-1,C:/Users/owner/Dropbox/Wzone/tmp/tmp2011/shp11433_20111231b.shp,dyad_id,-1,-1,C:/Users/owner/Dropbox/Wzone/tmp/tmp2011/shp11663_20111231b.shp,dyad_id,-1,-1,C:/Users/owner/Dropbox/Wzone/tmp/tmp2011/shp11972_20111231b.shp,dyad_id,-1,-1,C:/Users/owner/Dropbox/Wzone/tmp/tmp2011/shp11973_20111231b.shp,dyad_id,-1,-1,C:/Users/owner/Dropbox/Wzone/tmp/tmp2011/shp11975_20111231b.shp,dyad_id,-1,-1,C:/Users/owner/Dropbox/Wzone/tmp/tmp2011/shp11988_20111231b.shp,dyad_id,-1,-1,C:/Users/owner/Dropbox/Wzone/tmp/tmp2011/shp12102_20111231b.shp,dyad_id,-1,-1,C:/Users/owner/Dropbox/Wzone/tmp/tmp2011/shp12575_20111231b.shp,dyad_id,-1,-1,C:/Users/owner/Dropbox/Wzone/tmp/tmp2011/shp14273_20111231b.shp,dyad_id,-1,-1,C:/Users/owner/Dropbox/Wzone/tmp/tmp2011/shp15973_20111231b.shp,dyad_id,-1,-1;conf_id "conf_id" true true false 5 Long 0 5,First,#,C:/Users/owner/Dropbox/Wzone/tmp/tmp2011/shp411_20111231b.shp,conf_id,-1,-1,C:/Users/owner/Dropbox/Wzone/tmp/tmp2011/shp422_20111231b.shp,conf_id,-1,-1,C:/Users/owner/Dropbox/Wzone/tmp/tmp2011/shp428_20111231b.shp,conf_id,-1,-1,C:/Users/owner/Dropbox/Wzone/tmp/tmp2011/shp430_20111231b.shp,conf_id,-1,-1,C:/Users/owner/Dropbox/Wzone/tmp/tmp2011/shp453_20111231b.shp,conf_id,-1,-1,C:/Users/owner/Dropbox/Wzone/tmp/tmp2011/shp459_20111231b.shp,conf_id,-1,-1,C:/Users/owner/Dropbox/Wzone/tmp/tmp2011/shp461_20111231b.shp,conf_id,-1,-1,C:/Users/owner/Dropbox/Wzone/tmp/tmp2011/shp474_20111231b.shp,conf_id,-1,-1,C:/Users/owner/Dropbox/Wzone/tmp/tmp2011/shp476_20111231b.shp,conf_id,-1,-1,C:/Users/owner/Dropbox/Wzone/tmp/tmp2011/shp478_20111231b.shp,conf_id,-1,-1,C:/Users/owner/Dropbox/Wzone/tmp/tmp2011/shp508_20111231b.shp,conf_id,-1,-1,C:/Users/owner/Dropbox/Wzone/tmp/tmp2011/shp550_20111231b.shp,conf_id,-1,-1,C:/Users/owner/Dropbox/Wzone/tmp/tmp2011/shp623_20111231b.shp,conf_id,-1,-1,C:/Users/owner/Dropbox/Wzone/tmp/tmp2011/shp624_20111231b.shp,conf_id,-1,-1,C:/Users/owner/Dropbox/Wzone/tmp/tmp2011/shp640_20111231b.shp,conf_id,-1,-1,C:/Users/owner/Dropbox/Wzone/tmp/tmp2011/shp657_20111231b.shp,conf_id,-1,-1,C:/Users/owner/Dropbox/Wzone/tmp/tmp2011/shp658_20111231b.shp,conf_id,-1,-1,C:/Users/owner/Dropbox/Wzone/tmp/tmp2011/shp689_20111231b.shp,conf_id,-1,-1,C:/Users/owner/Dropbox/Wzone/tmp/tmp2011/shp709_20111231b.shp,conf_id,-1,-1,C:/Users/owner/Dropbox/Wzone/tmp/tmp2011/shp711_20111231b.shp,conf_id,-1,-1,C:/Users/owner/Dropbox/Wzone/tmp/tmp2011/shp719_20111231b.shp,conf_id,-1,-1,C:/Users/owner/Dropbox/Wzone/tmp/tmp2011/shp722_20111231b.shp,conf_id,-1,-1,C:/Users/owner/Dropbox/Wzone/tmp/tmp2011/shp735_20111231b.shp,conf_id,-1,-1,C:/Users/owner/Dropbox/Wzone/tmp/tmp2011/shp750_20111231b.shp,conf_id,-1,-1,C:/Users/owner/Dropbox/Wzone/tmp/tmp2011/shp754_20111231b.shp,conf_id,-1,-1,C:/Users/owner/Dropbox/Wzone/tmp/tmp2011/shp768_20111231b.shp,conf_id,-1,-1,C:/Users/owner/Dropbox/Wzone/tmp/tmp2011/shp781_20111231b.shp,conf_id,-1,-1,C:/Users/owner/Dropbox/Wzone/tmp/tmp2011/shp792_20111231b.shp,conf_id,-1,-1,C:/Users/owner/Dropbox/Wzone/tmp/tmp2011/shp806_20111231b.shp,conf_id,-1,-1,C:/Users/owner/Dropbox/Wzone/tmp/tmp2011/shp830_20111231b.shp,conf_id,-1,-1,C:/Users/owner/Dropbox/Wzone/tmp/tmp2011/shp833_20111231b.shp,conf_id,-1,-1,C:/Users/owner/Dropbox/Wzone/tmp/tmp2011/shp857_20111231b.shp,conf_id,-1,-1,C:/Users/owner/Dropbox/Wzone/tmp/tmp2011/shp869_20111231b.shp,conf_id,-1,-1,C:/Users/owner/Dropbox/Wzone/tmp/tmp2011/shp875_20111231b.shp,conf_id,-1,-1,C:/Users/owner/Dropbox/Wzone/tmp/tmp2011/shp878_20111231b.shp,conf_id,-1,-1,C:/Users/owner/Dropbox/Wzone/tmp/tmp2011/shp885_20111231b.shp,conf_id,-1,-1,C:/Users/owner/Dropbox/Wzone/tmp/tmp2011/shp886_20111231b.shp,conf_id,-1,-1,C:/Users/owner/Dropbox/Wzone/tmp/tmp2011/shp899_20111231b.shp,conf_id,-1,-1,C:/Users/owner/Dropbox/Wzone/tmp/tmp2011/shp906_20111231b.shp,conf_id,-1,-1,C:/Users/owner/Dropbox/Wzone/tmp/tmp2011/shp909_20111231b.shp,conf_id,-1,-1,C:/Users/owner/Dropbox/Wzone/tmp/tmp2011/shp913_20111231b.shp,conf_id,-1,-1,C:/Users/owner/Dropbox/Wzone/tmp/tmp2011/shp914_20111231b.shp,conf_id,-1,-1,C:/Users/owner/Dropbox/Wzone/tmp/tmp2011/shp915_20111231b.shp,conf_id,-1,-1,C:/Users/owner/Dropbox/Wzone/tmp/tmp2011/shp930_20111231b.shp,conf_id,-1,-1,C:/Users/owner/Dropbox/Wzone/tmp/tmp2011/shp931_20111231b.shp,conf_id,-1,-1,C:/Users/owner/Dropbox/Wzone/tmp/tmp2011/shp934_20111231b.shp,conf_id,-1,-1,C:/Users/owner/Dropbox/Wzone/tmp/tmp2011/shp935_20111231b.shp,conf_id,-1,-1,C:/Users/owner/Dropbox/Wzone/tmp/tmp2011/shp936_20111231b.shp,conf_id,-1,-1,C:/Users/owner/Dropbox/Wzone/tmp/tmp2011/shp940_20111231b.shp,conf_id,-1,-1,C:/Users/owner/Dropbox/Wzone/tmp/tmp2011/shp941_20111231b.shp,conf_id,-1,-1,C:/Users/owner/Dropbox/Wzone/tmp/tmp2011/shp942_20111231b.shp,conf_id,-1,-1,C:/Users/owner/Dropbox/Wzone/tmp/tmp2011/shp947_20111231b.shp,conf_id,-1,-1,C:/Users/owner/Dropbox/Wzone/tmp/tmp2011/shp948_20111231b.shp,conf_id,-1,-1,C:/Users/owner/Dropbox/Wzone/tmp/tmp2011/shp950_20111231b.shp,conf_id,-1,-1,C:/Users/owner/Dropbox/Wzone/tmp/tmp2011/shp951_20111231b.shp,conf_id,-1,-1,C:/Users/owner/Dropbox/Wzone/tmp/tmp2011/shp955_20111231b.shp,conf_id,-1,-1,C:/Users/owner/Dropbox/Wzone/tmp/tmp2011/shp956_20111231b.shp,conf_id,-1,-1,C:/Users/owner/Dropbox/Wzone/tmp/tmp2011/shp962_20111231b.shp,conf_id,-1,-1,C:/Users/owner/Dropbox/Wzone/tmp/tmp2011/shp966_20111231b.shp,conf_id,-1,-1,C:/Users/owner/Dropbox/Wzone/tmp/tmp2011/shp967_20111231b.shp,conf_id,-1,-1,C:/Users/owner/Dropbox/Wzone/tmp/tmp2011/shp973_20111231b.shp,conf_id,-1,-1,C:/Users/owner/Dropbox/Wzone/tmp/tmp2011/shp977_20111231b.shp,conf_id,-1,-1,C:/Users/owner/Dropbox/Wzone/tmp/tmp2011/shp980_20111231b.shp,conf_id,-1,-1,C:/Users/owner/Dropbox/Wzone/tmp/tmp2011/shp981_20111231b.shp,conf_id,-1,-1,C:/Users/owner/Dropbox/Wzone/tmp/tmp2011/shp988_20111231b.shp,conf_id,-1,-1,C:/Users/owner/Dropbox/Wzone/tmp/tmp2011/shp989_20111231b.shp,conf_id,-1,-1,C:/Users/owner/Dropbox/Wzone/tmp/tmp2011/shp997_20111231b.shp,conf_id,-1,-1,C:/Users/owner/Dropbox/Wzone/tmp/tmp2011/shp999_20111231b.shp,conf_id,-1,-1,C:/Users/owner/Dropbox/Wzone/tmp/tmp2011/shp1000_20111231b.shp,conf_id,-1,-1,C:/Users/owner/Dropbox/Wzone/tmp/tmp2011/shp1007_20111231b.shp,conf_id,-1,-1,C:/Users/owner/Dropbox/Wzone/tmp/tmp2011/shp1026_20111231b.shp,conf_id,-1,-1,C:/Users/owner/Dropbox/Wzone/tmp/tmp2011/shp1027_20111231b.shp,conf_id,-1,-1,C:/Users/owner/Dropbox/Wzone/tmp/tmp2011/shp1036_20111231b.shp,conf_id,-1,-1,C:/Users/owner/Dropbox/Wzone/tmp/tmp2011/shp1040_20111231b.shp,conf_id,-1,-1,C:/Users/owner/Dropbox/Wzone/tmp/tmp2011/shp1071_20111231b.shp,conf_id,-1,-1,C:/Users/owner/Dropbox/Wzone/tmp/tmp2011/shp1072_20111231b.shp,conf_id,-1,-1,C:/Users/owner/Dropbox/Wzone/tmp/tmp2011/shp1073_20111231b.shp,conf_id,-1,-1,C:/Users/owner/Dropbox/Wzone/tmp/tmp2011/shp1091_20111231b.shp,conf_id,-1,-1,C:/Users/owner/Dropbox/Wzone/tmp/tmp2011/shp1096_20111231b.shp,conf_id,-1,-1,C:/Users/owner/Dropbox/Wzone/tmp/tmp2011/shp1108_20111231b.shp,conf_id,-1,-1,C:/Users/owner/Dropbox/Wzone/tmp/tmp2011/shp1167_20111231b.shp,conf_id,-1,-1,C:/Users/owner/Dropbox/Wzone/tmp/tmp2011/shp1176_20111231b.shp,conf_id,-1,-1,C:/Users/owner/Dropbox/Wzone/tmp/tmp2011/shp1178_20111231b.shp,conf_id,-1,-1,C:/Users/owner/Dropbox/Wzone/tmp/tmp2011/shp1182_20111231b.shp,conf_id,-1,-1,C:/Users/owner/Dropbox/Wzone/tmp/tmp2011/shp1204_20111231b.shp,conf_id,-1,-1,C:/Users/owner/Dropbox/Wzone/tmp/tmp2011/shp1704_20111231b.shp,conf_id,-1,-1,C:/Users/owner/Dropbox/Wzone/tmp/tmp2011/shp2332_20111231b.shp,conf_id,-1,-1,C:/Users/owner/Dropbox/Wzone/tmp/tmp2011/shp2461_20111231b.shp,conf_id,-1,-1,C:/Users/owner/Dropbox/Wzone/tmp/tmp2011/shp4313_20111231b.shp,conf_id,-1,-1,C:/Users/owner/Dropbox/Wzone/tmp/tmp2011/shp5177_20111231b.shp,conf_id,-1,-1,C:/Users/owner/Dropbox/Wzone/tmp/tmp2011/shp5201_20111231b.shp,conf_id,-1,-1,C:/Users/owner/Dropbox/Wzone/tmp/tmp2011/shp5204_20111231b.shp,conf_id,-1,-1,C:/Users/owner/Dropbox/Wzone/tmp/tmp2011/shp5262_20111231b.shp,conf_id,-1,-1,C:/Users/owner/Dropbox/Wzone/tmp/tmp2011/shp5270_20111231b.shp,conf_id,-1,-1,C:/Users/owner/Dropbox/Wzone/tmp/tmp2011/shp5293_20111231b.shp,conf_id,-1,-1,C:/Users/owner/Dropbox/Wzone/tmp/tmp2011/shp5313_20111231b.shp,conf_id,-1,-1,C:/Users/owner/Dropbox/Wzone/tmp/tmp2011/shp5314_20111231b.shp,conf_id,-1,-1,C:/Users/owner/Dropbox/Wzone/tmp/tmp2011/shp5349_20111231b.shp,conf_id,-1,-1,C:/Users/owner/Dropbox/Wzone/tmp/tmp2011/shp5460_20111231b.shp,conf_id,-1,-1,C:/Users/owner/Dropbox/Wzone/tmp/tmp2011/shp5512_20111231b.shp,conf_id,-1,-1,C:/Users/owner/Dropbox/Wzone/tmp/tmp2011/shp5534_20111231b.shp,conf_id,-1,-1,C:/Users/owner/Dropbox/Wzone/tmp/tmp2011/shp5536_20111231b.shp,conf_id,-1,-1,C:/Users/owner/Dropbox/Wzone/tmp/tmp2011/shp5543_20111231b.shp,conf_id,-1,-1,C:/Users/owner/Dropbox/Wzone/tmp/tmp2011/shp5546_20111231b.shp,conf_id,-1,-1,C:/Users/owner/Dropbox/Wzone/tmp/tmp2011/shp5570_20111231b.shp,conf_id,-1,-1,C:/Users/owner/Dropbox/Wzone/tmp/tmp2011/shp5577_20111231b.shp,conf_id,-1,-1,C:/Users/owner/Dropbox/Wzone/tmp/tmp2011/shp5583_20111231b.shp,conf_id,-1,-1,C:/Users/owner/Dropbox/Wzone/tmp/tmp2011/shp5588_20111231b.shp,conf_id,-1,-1,C:/Users/owner/Dropbox/Wzone/tmp/tmp2011/shp5595_20111231b.shp,conf_id,-1,-1,C:/Users/owner/Dropbox/Wzone/tmp/tmp2011/shp5598_20111231b.shp,conf_id,-1,-1,C:/Users/owner/Dropbox/Wzone/tmp/tmp2011/shp10264_20111231b.shp,conf_id,-1,-1,C:/Users/owner/Dropbox/Wzone/tmp/tmp2011/shp10899_20111231b.shp,conf_id,-1,-1,C:/Users/owner/Dropbox/Wzone/tmp/tmp2011/shp10985_20111231b.shp,conf_id,-1,-1,C:/Users/owner/Dropbox/Wzone/tmp/tmp2011/shp11123_20111231b.shp,conf_id,-1,-1,C:/Users/owner/Dropbox/Wzone/tmp/tmp2011/shp11336_20111231b.shp,conf_id,-1,-1,C:/Users/owner/Dropbox/Wzone/tmp/tmp2011/shp11377_20111231b.shp,conf_id,-1,-1,C:/Users/owner/Dropbox/Wzone/tmp/tmp2011/shp11433_20111231b.shp,conf_id,-1,-1,C:/Users/owner/Dropbox/Wzone/tmp/tmp2011/shp11663_20111231b.shp,conf_id,-1,-1,C:/Users/owner/Dropbox/Wzone/tmp/tmp2011/shp11972_20111231b.shp,conf_id,-1,-1,C:/Users/owner/Dropbox/Wzone/tmp/tmp2011/shp11973_20111231b.shp,conf_id,-1,-1,C:/Users/owner/Dropbox/Wzone/tmp/tmp2011/shp11975_20111231b.shp,conf_id,-1,-1,C:/Users/owner/Dropbox/Wzone/tmp/tmp2011/shp11988_20111231b.shp,conf_id,-1,-1,C:/Users/owner/Dropbox/Wzone/tmp/tmp2011/shp12102_20111231b.shp,conf_id,-1,-1,C:/Users/owner/Dropbox/Wzone/tmp/tmp2011/shp12575_20111231b.shp,conf_id,-1,-1,C:/Users/owner/Dropbox/Wzone/tmp/tmp2011/shp14273_20111231b.shp,conf_id,-1,-1,C:/Users/owner/Dropbox/Wzone/tmp/tmp2011/shp15973_20111231b.shp,conf_id,-1,-1;date "date" true true false 254 Text 0 0,First,#,C:/Users/owner/Dropbox/Wzone/tmp/tmp2011/shp411_20111231b.shp,date,0,253,C:/Users/owner/Dropbox/Wzone/tmp/tmp2011/shp422_20111231b.shp,date,0,253,C:/Users/owner/Dropbox/Wzone/tmp/tmp2011/shp428_20111231b.shp,date,0,253,C:/Users/owner/Dropbox/Wzone/tmp/tmp2011/shp430_20111231b.shp,date,0,253,C:/Users/owner/Dropbox/Wzone/tmp/tmp2011/shp453_20111231b.shp,date,0,253,C:/Users/owner/Dropbox/Wzone/tmp/tmp2011/shp459_20111231b.shp,date,0,253,C:/Users/owner/Dropbox/Wzone/tmp/tmp2011/shp461_20111231b.shp,date,0,253,C:/Users/owner/Dropbox/Wzone/tmp/tmp2011/shp474_20111231b.shp,date,0,253,C:/Users/owner/Dropbox/Wzone/tmp/tmp2011/shp476_20111231b.shp,date,0,253,C:/Users/owner/Dropbox/Wzone/tmp/tmp2011/shp478_20111231b.shp,date,0,253,C:/Users/owner/Dropbox/Wzone/tmp/tmp2011/shp508_20111231b.shp,date,0,253,C:/Users/owner/Dropbox/Wzone/tmp/tmp2011/shp550_20111231b.shp,date,0,253,C:/Users/owner/Dropbox/Wzone/tmp/tmp2011/shp623_20111231b.shp,date,0,253,C:/Users/owner/Dropbox/Wzone/tmp/tmp2011/shp624_20111231b.shp,date,0,253,C:/Users/owner/Dropbox/Wzone/tmp/tmp2011/shp640_20111231b.shp,date,0,253,C:/Users/owner/Dropbox/Wzone/tmp/tmp2011/shp657_20111231b.shp,date,0,253,C:/Users/owner/Dropbox/Wzone/tmp/tmp2011/shp658_20111231b.shp,date,0,253,C:/Users/owner/Dropbox/Wzone/tmp/tmp2011/shp689_20111231b.shp,date,0,253,C:/Users/owner/Dropbox/Wzone/tmp/tmp2011/shp709_20111231b.shp,date,0,253,C:/Users/owner/Dropbox/Wzone/tmp/tmp2011/shp711_20111231b.shp,date,0,253,C:/Users/owner/Dropbox/Wzone/tmp/tmp2011/shp719_20111231b.shp,date,0,253,C:/Users/owner/Dropbox/Wzone/tmp/tmp2011/shp722_20111231b.shp,date,0,253,C:/Users/owner/Dropbox/Wzone/tmp/tmp2011/shp735_20111231b.shp,date,0,253,C:/Users/owner/Dropbox/Wzone/tmp/tmp2011/shp750_20111231b.shp,date,0,253,C:/Users/owner/Dropbox/Wzone/tmp/tmp2011/shp754_20111231b.shp,date,0,253,C:/Users/owner/Dropbox/Wzone/tmp/tmp2011/shp768_20111231b.shp,date,0,253,C:/Users/owner/Dropbox/Wzone/tmp/tmp2011/shp781_20111231b.shp,date,0,253,C:/Users/owner/Dropbox/Wzone/tmp/tmp2011/shp792_20111231b.shp,date,0,253,C:/Users/owner/Dropbox/Wzone/tmp/tmp2011/shp806_20111231b.shp,date,0,253,C:/Users/owner/Dropbox/Wzone/tmp/tmp2011/shp830_20111231b.shp,date,0,253,C:/Users/owner/Dropbox/Wzone/tmp/tmp2011/shp833_20111231b.shp,date,0,253,C:/Users/owner/Dropbox/Wzone/tmp/tmp2011/shp857_20111231b.shp,date,0,253,C:/Users/owner/Dropbox/Wzone/tmp/tmp2011/shp869_20111231b.shp,date,0,253,C:/Users/owner/Dropbox/Wzone/tmp/tmp2011/shp875_20111231b.shp,date,0,253,C:/Users/owner/Dropbox/Wzone/tmp/tmp2011/shp878_20111231b.shp,date,0,253,C:/Users/owner/Dropbox/Wzone/tmp/tmp2011/shp885_20111231b.shp,date,0,253,C:/Users/owner/Dropbox/Wzone/tmp/tmp2011/shp886_20111231b.shp,date,0,253,C:/Users/owner/Dropbox/Wzone/tmp/tmp2011/shp899_20111231b.shp,date,0,253,C:/Users/owner/Dropbox/Wzone/tmp/tmp2011/shp906_20111231b.shp,date,0,253,C:/Users/owner/Dropbox/Wzone/tmp/tmp2011/shp909_20111231b.shp,date,0,253,C:/Users/owner/Dropbox/Wzone/tmp/tmp2011/shp913_20111231b.shp,date,0,253,C:/Users/owner/Dropbox/Wzone/tmp/tmp2011/shp914_20111231b.shp,date,0,253,C:/Users/owner/Dropbox/Wzone/tmp/tmp2011/shp915_20111231b.shp,date,0,253,C:/Users/owner/Dropbox/Wzone/tmp/tmp2011/shp930_20111231b.shp,date,0,253,C:/Users/owner/Dropbox/Wzone/tmp/tmp2011/shp931_20111231b.shp,date,0,253,C:/Users/owner/Dropbox/Wzone/tmp/tmp2011/shp934_20111231b.shp,date,0,253,C:/Users/owner/Dropbox/Wzone/tmp/tmp2011/shp935_20111231b.shp,date,0,253,C:/Users/owner/Dropbox/Wzone/tmp/tmp2011/shp936_20111231b.shp,date,0,253,C:/Users/owner/Dropbox/Wzone/tmp/tmp2011/shp940_20111231b.shp,date,0,253,C:/Users/owner/Dropbox/Wzone/tmp/tmp2011/shp941_20111231b.shp,date,0,253,C:/Users/owner/Dropbox/Wzone/tmp/tmp2011/shp942_20111231b.shp,date,0,253,C:/Users/owner/Dropbox/Wzone/tmp/tmp2011/shp947_20111231b.shp,date,0,253,C:/Users/owner/Dropbox/Wzone/tmp/tmp2011/shp948_20111231b.shp,date,0,253,C:/Users/owner/Dropbox/Wzone/tmp/tmp2011/shp950_20111231b.shp,date,0,253,C:/Users/owner/Dropbox/Wzone/tmp/tmp2011/shp951_20111231b.shp,date,0,253,C:/Users/owner/Dropbox/Wzone/tmp/tmp2011/shp955_20111231b.shp,date,0,253,C:/Users/owner/Dropbox/Wzone/tmp/tmp2011/shp956_20111231b.shp,date,0,253,C:/Users/owner/Dropbox/Wzone/tmp/tmp2011/shp962_20111231b.shp,date,0,253,C:/Users/owner/Dropbox/Wzone/tmp/tmp2011/shp966_20111231b.shp,date,0,253,C:/Users/owner/Dropbox/Wzone/tmp/tmp2011/shp967_20111231b.shp,date,0,253,C:/Users/owner/Dropbox/Wzone/tmp/tmp2011/shp973_20111231b.shp,date,0,253,C:/Users/owner/Dropbox/Wzone/tmp/tmp2011/shp977_20111231b.shp,date,0,253,C:/Users/owner/Dropbox/Wzone/tmp/tmp2011/shp980_20111231b.shp,date,0,253,C:/Users/owner/Dropbox/Wzone/tmp/tmp2011/shp981_20111231b.shp,date,0,253,C:/Users/owner/Dropbox/Wzone/tmp/tmp2011/shp988_20111231b.shp,date,0,253,C:/Users/owner/Dropbox/Wzone/tmp/tmp2011/shp989_20111231b.shp,date,0,253,C:/Users/owner/Dropbox/Wzone/tmp/tmp2011/shp997_20111231b.shp,date,0,253,C:/Users/owner/Dropbox/Wzone/tmp/tmp2011/shp999_20111231b.shp,date,0,253,C:/Users/owner/Dropbox/Wzone/tmp/tmp2011/shp1000_20111231b.shp,date,0,253,C:/Users/owner/Dropbox/Wzone/tmp/tmp2011/shp1007_20111231b.shp,date,0,253,C:/Users/owner/Dropbox/Wzone/tmp/tmp2011/shp1026_20111231b.shp,date,0,253,C:/Users/owner/Dropbox/Wzone/tmp/tmp2011/shp1027_20111231b.shp,date,0,253,C:/Users/owner/Dropbox/Wzone/tmp/tmp2011/shp1036_20111231b.shp,date,0,253,C:/Users/owner/Dropbox/Wzone/tmp/tmp2011/shp1040_20111231b.shp,date,0,253,C:/Users/owner/Dropbox/Wzone/tmp/tmp2011/shp1071_20111231b.shp,date,0,253,C:/Users/owner/Dropbox/Wzone/tmp/tmp2011/shp1072_20111231b.shp,date,0,253,C:/Users/owner/Dropbox/Wzone/tmp/tmp2011/shp1073_20111231b.shp,date,0,253,C:/Users/owner/Dropbox/Wzone/tmp/tmp2011/shp1091_20111231b.shp,date,0,253,C:/Users/owner/Dropbox/Wzone/tmp/tmp2011/shp1096_20111231b.shp,date,0,253,C:/Users/owner/Dropbox/Wzone/tmp/tmp2011/shp1108_20111231b.shp,date,0,253,C:/Users/owner/Dropbox/Wzone/tmp/tmp2011/shp1167_20111231b.shp,date,0,253,C:/Users/owner/Dropbox/Wzone/tmp/tmp2011/shp1176_20111231b.shp,date,0,253,C:/Users/owner/Dropbox/Wzone/tmp/tmp2011/shp1178_20111231b.shp,date,0,253,C:/Users/owner/Dropbox/Wzone/tmp/tmp2011/shp1182_20111231b.shp,date,0,253,C:/Users/owner/Dropbox/Wzone/tmp/tmp2011/shp1204_20111231b.shp,date,0,253,C:/Users/owner/Dropbox/Wzone/tmp/tmp2011/shp1704_20111231b.shp,date,0,253,C:/Users/owner/Dropbox/Wzone/tmp/tmp2011/shp2332_20111231b.shp,date,0,253,C:/Users/owner/Dropbox/Wzone/tmp/tmp2011/shp2461_20111231b.shp,date,0,253,C:/Users/owner/Dropbox/Wzone/tmp/tmp2011/shp4313_20111231b.shp,date,0,253,C:/Users/owner/Dropbox/Wzone/tmp/tmp2011/shp5177_20111231b.shp,date,0,253,C:/Users/owner/Dropbox/Wzone/tmp/tmp2011/shp5201_20111231b.shp,date,0,253,C:/Users/owner/Dropbox/Wzone/tmp/tmp2011/shp5204_20111231b.shp,date,0,253,C:/Users/owner/Dropbox/Wzone/tmp/tmp2011/shp5262_20111231b.shp,date,0,253,C:/Users/owner/Dropbox/Wzone/tmp/tmp2011/shp5270_20111231b.shp,date,0,253,C:/Users/owner/Dropbox/Wzone/tmp/tmp2011/shp5293_20111231b.shp,date,0,253,C:/Users/owner/Dropbox/Wzone/tmp/tmp2011/shp5313_20111231b.shp,date,0,253,C:/Users/owner/Dropbox/Wzone/tmp/tmp2011/shp5314_20111231b.shp,date,0,253,C:/Users/owner/Dropbox/Wzone/tmp/tmp2011/shp5349_20111231b.shp,date,0,253,C:/Users/owner/Dropbox/Wzone/tmp/tmp2011/shp5460_20111231b.shp,date,0,253,C:/Users/owner/Dropbox/Wzone/tmp/tmp2011/shp5512_20111231b.shp,date,0,253,C:/Users/owner/Dropbox/Wzone/tmp/tmp2011/shp5534_20111231b.shp,date,0,253,C:/Users/owner/Dropbox/Wzone/tmp/tmp2011/shp5536_20111231b.shp,date,0,253,C:/Users/owner/Dropbox/Wzone/tmp/tmp2011/shp5543_20111231b.shp,date,0,253,C:/Users/owner/Dropbox/Wzone/tmp/tmp2011/shp5546_20111231b.shp,date,0,253,C:/Users/owner/Dropbox/Wzone/tmp/tmp2011/shp5570_20111231b.shp,date,0,253,C:/Users/owner/Dropbox/Wzone/tmp/tmp2011/shp5577_20111231b.shp,date,0,253,C:/Users/owner/Dropbox/Wzone/tmp/tmp2011/shp5583_20111231b.shp,date,0,253,C:/Users/owner/Dropbox/Wzone/tmp/tmp2011/shp5588_20111231b.shp,date,0,253,C:/Users/owner/Dropbox/Wzone/tmp/tmp2011/shp5595_20111231b.shp,date,0,253,C:/Users/owner/Dropbox/Wzone/tmp/tmp2011/shp5598_20111231b.shp,date,0,253,C:/Users/owner/Dropbox/Wzone/tmp/tmp2011/shp10264_20111231b.shp,date,0,253,C:/Users/owner/Dropbox/Wzone/tmp/tmp2011/shp10899_20111231b.shp,date,0,253,C:/Users/owner/Dropbox/Wzone/tmp/tmp2011/shp10985_20111231b.shp,date,0,253,C:/Users/owner/Dropbox/Wzone/tmp/tmp2011/shp11123_20111231b.shp,date,0,253,C:/Users/owner/Dropbox/Wzone/tmp/tmp2011/shp11336_20111231b.shp,date,0,253,C:/Users/owner/Dropbox/Wzone/tmp/tmp2011/shp11377_20111231b.shp,date,0,253,C:/Users/owner/Dropbox/Wzone/tmp/tmp2011/shp11433_20111231b.shp,date,0,253,C:/Users/owner/Dropbox/Wzone/tmp/tmp2011/shp11663_20111231b.shp,date,0,253,C:/Users/owner/Dropbox/Wzone/tmp/tmp2011/shp11972_20111231b.shp,date,0,253,C:/Users/owner/Dropbox/Wzone/tmp/tmp2011/shp11973_20111231b.shp,date,0,253,C:/Users/owner/Dropbox/Wzone/tmp/tmp2011/shp11975_20111231b.shp,date,0,253,C:/Users/owner/Dropbox/Wzone/tmp/tmp2011/shp11988_20111231b.shp,date,0,253,C:/Users/owner/Dropbox/Wzone/tmp/tmp2011/shp12102_20111231b.shp,date,0,253,C:/Users/owner/Dropbox/Wzone/tmp/tmp2011/shp12575_20111231b.shp,date,0,253,C:/Users/owner/Dropbox/Wzone/tmp/tmp2011/shp14273_20111231b.shp,date,0,253,C:/Users/owner/Dropbox/Wzone/tmp/tmp2011/shp15973_20111231b.shp,date,0,253" NO_SOURCE_INFO</Process><Process ToolSource="c:\program files\arcgis\pro\Resources\ArcToolbox\toolboxes\Data Management Tools.tbx\DefineProjection" Date="20240716" Time="045844">DefineProjection C:/Users/owner/Dropbox/Wzone/out/wzone_shp/2011/2011_12_31.shp GEOGCS["GCS_WGS_1984",DATUM["D_WGS_1984",SPHEROID["WGS_1984",6378137.0,298.257223563]],PRIMEM["Greenwich",0.0],UNIT["Degree",0.0174532925199433]]</Process></lineage></DataProperties><SyncDate>20240716</SyncDate><SyncTime>04584300</SyncTime><ModDate>20240716</ModDate><ModTime>04584300</ModTime></Esri><dataIdInfo><envirDesc Sync="TRUE">Microsoft Windows 10 Version 10.0 (Build 19045) ; Esri ArcGIS 13.2.2.49743</envirDesc><dataLang><languageCode value="eng" Sync="TRUE"></languageCode><countryCode value="USA" Sync="TRUE"></countryCode></dataLang><idCitation><resTitle Sync="TRUE">2011_12_31</resTitle><presForm><PresFormCd value="005" Sync="TRUE"></PresFormCd></presForm></idCitation><spatRpType><SpatRepTypCd value="001" Sync="TRUE"></SpatRepTypCd></spatRpType></dataIdInfo><mdLang><languageCode value="eng" Sync="TRUE"></languageCode><countryCode value="USA" Sync="TRUE"></countryCode></mdLang><mdChar><CharSetCd value="004" Sync="TRUE"></CharSetCd></mdChar><distInfo><distFormat><formatName Sync="TRUE">Shapefile</formatName></distFormat><distTranOps><transSize Sync="TRUE">0.000</transSize></distTranOps></distInfo><mdHrLv><ScopeCd value="005" Sync="TRUE"></ScopeCd></mdHrLv><mdHrLvName Sync="TRUE">dataset</mdHrLvName><spatRepInfo><VectSpatRep><geometObjs Name="2011_12_31"><geoObjTyp><GeoObjTypCd value="002" Sync="TRUE"></GeoObjTypCd></geoObjTyp><geoObjCnt Sync="TRUE">0</geoObjCnt></geometObjs><topLvl><TopoLevCd value="001" Sync="TRUE"></TopoLevCd></topLvl></VectSpatRep></spatRepInfo><spdoinfo><ptvctinf><esriterm Name="2011_12_31"><efeatyp Sync="TRUE">Simple</efeatyp><efeageom code="4" Sync="TRUE"></efeageom><esritopo Sync="TRUE">FALSE</esritopo><efeacnt Sync="TRUE">0</efeacnt><spindex Sync="TRUE">FALSE</spindex><linrefer Sync="TRUE">FALSE</linrefer></esriterm></ptvctinf></spdoinfo><eainfo><detailed Name="2011_12_31"><enttyp><enttypl Sync="TRUE">2011_12_31</enttypl><enttypt Sync="TRUE">Feature Class</enttypt><enttypc Sync="TRUE">0</enttypc></enttyp><attr><attrlabl Sync="TRUE">FID</attrlabl><attalias Sync="TRUE">FID</attalias><attrtype Sync="TRUE">OID</attrtype><attwidth Sync="TRUE">4</attwidth><atprecis Sync="TRUE">0</atprecis><attscale Sync="TRUE">0</attscale><attrdef Sync="TRUE">Internal feature number.</attrdef><attrdefs Sync="TRUE">Esri</attrdefs><attrdomv><udom Sync="TRUE">Sequential unique whole numbers that are automatically generated.</udom></attrdomv></attr><attr><attrlabl Sync="TRUE">Shape</attrlabl><attalias Sync="TRUE">Shape</attalias><attrtype Sync="TRUE">Geometry</attrtype><attwidth Sync="TRUE">0</attwidth><atprecis Sync="TRUE">0</atprecis><attscale Sync="TRUE">0</attscale><attrdef Sync="TRUE">Feature geometry.</attrdef><attrdefs Sync="TRUE">Esri</attrdefs><attrdomv><udom Sync="TRUE">Coordinates defining the features.</udom></attrdomv></attr><attr><attrlabl Sync="TRUE">dyad_id</attrlabl><attalias Sync="TRUE">dyad_id</attalias><attrtype Sync="TRUE">Integer</attrtype><attwidth Sync="TRUE">5</attwidth><atprecis Sync="TRUE">5</atprecis><attscale Sync="TRUE">0</attscale></attr><attr><attrlabl Sync="TRUE">conf_id</attrlabl><attalias Sync="TRUE">conf_id</attalias><attrtype Sync="TRUE">Integer</attrtype><attwidth Sync="TRUE">5</attwidth><atprecis Sync="TRUE">5</atprecis><attscale Sync="TRUE">0</attscale></attr><attr><attrlabl Sync="TRUE">date</attrlabl><attalias Sync="TRUE">date</attalias><attrtype Sync="TRUE">String</attrtype><attwidth Sync="TRUE">254</attwidth><atprecis Sync="TRUE">0</atprecis><attscale Sync="TRUE">0</attscale></attr></detailed></eainfo><mdDateSt Sync="TRUE">20240716</mdDateSt></metadata>
