<?xml version="1.0" encoding="UTF-8"?>
<metadata xml:lang="en"><Esri><CreaDate>20240717</CreaDate><CreaTime>03593300</CreaTime><ArcGISFormat>1.0</ArcGISFormat><SyncOnce>FALSE</SyncOnce><DataProperties><itemProps><itemName Sync="TRUE">2012_12_31</itemName><imsContentType Sync="TRUE">002</imsContentType><itemSize Sync="TRUE">0.000</itemSize><itemLocation><linkage Sync="TRUE">file://\\DESKTOP-48J08HF\C$\Users\owner\Dropbox\Wzone\out\wzone_shp\2012\2012_12_31.shp</linkage><protocol Sync="TRUE">Local Area Network</protocol></itemLocation></itemProps><lineage><Process ToolSource="c:\program files\arcgis\pro\Resources\ArcToolbox\toolboxes\Analysis Tools.tbx\Select" Date="20240717" Time="035933">Select in_memory/shp2012411_20121231a C:\Users\owner\Dropbox\Wzone\tmp\tmp2012\shp411_20121231b.shp ""gridcode" &gt; 0"</Process><Process ToolSource="c:\program files\arcgis\pro\Resources\ArcToolbox\toolboxes\Data Management Tools.tbx\AddField" Date="20240717" Time="035933">AddField C:/Users/owner/Dropbox/Wzone/tmp/tmp2012/shp411_20121231b.shp dyad_id "Short (16-bit integer)" # # # # NULLABLE NON_REQUIRED #</Process><Process ToolSource="c:\program files\arcgis\pro\Resources\ArcToolbox\toolboxes\Data Management Tools.tbx\AddField" Date="20240717" Time="035933">AddField C:/Users/owner/Dropbox/Wzone/tmp/tmp2012/shp411_20121231b.shp conf_id "Short (16-bit integer)" # # # # NULLABLE NON_REQUIRED #</Process><Process ToolSource="c:\program files\arcgis\pro\Resources\ArcToolbox\toolboxes\Data Management Tools.tbx\AddField" Date="20240717" Time="035933">AddField C:/Users/owner/Dropbox/Wzone/tmp/tmp2012/shp411_20121231b.shp date Text # # # # NULLABLE NON_REQUIRED #</Process><Process ToolSource="c:\program files\arcgis\pro\Resources\ArcToolbox\toolboxes\Data Management Tools.tbx\DeleteField" Date="20240717" Time="035933">DeleteField C:/Users/owner/Dropbox/Wzone/tmp/tmp2012/shp411_20121231b.shp Id "Delete Fields"</Process><Process ToolSource="c:\program files\arcgis\pro\Resources\ArcToolbox\toolboxes\Data Management Tools.tbx\DeleteField" Date="20240717" Time="035933">DeleteField C:/Users/owner/Dropbox/Wzone/tmp/tmp2012/shp411_20121231b.shp gridcode "Delete Fields"</Process><Process ToolSource="c:\program files\arcgis\pro\Resources\ArcToolbox\toolboxes\Data Management Tools.tbx\Merge" Date="20240717" Time="040227">Merge C:/Users/owner/Dropbox/Wzone/tmp/tmp2012/shp411_20121231b.shp;C:/Users/owner/Dropbox/Wzone/tmp/tmp2012/shp422_20121231b.shp;C:/Users/owner/Dropbox/Wzone/tmp/tmp2012/shp428_20121231b.shp;C:/Users/owner/Dropbox/Wzone/tmp/tmp2012/shp453_20121231b.shp;C:/Users/owner/Dropbox/Wzone/tmp/tmp2012/shp459_20121231b.shp;C:/Users/owner/Dropbox/Wzone/tmp/tmp2012/shp461_20121231b.shp;C:/Users/owner/Dropbox/Wzone/tmp/tmp2012/shp474_20121231b.shp;C:/Users/owner/Dropbox/Wzone/tmp/tmp2012/shp476_20121231b.shp;C:/Users/owner/Dropbox/Wzone/tmp/tmp2012/shp478_20121231b.shp;C:/Users/owner/Dropbox/Wzone/tmp/tmp2012/shp508_20121231b.shp;C:/Users/owner/Dropbox/Wzone/tmp/tmp2012/shp550_20121231b.shp;C:/Users/owner/Dropbox/Wzone/tmp/tmp2012/shp623_20121231b.shp;C:/Users/owner/Dropbox/Wzone/tmp/tmp2012/shp624_20121231b.shp;C:/Users/owner/Dropbox/Wzone/tmp/tmp2012/shp628_20121231b.shp;C:/Users/owner/Dropbox/Wzone/tmp/tmp2012/shp640_20121231b.shp;C:/Users/owner/Dropbox/Wzone/tmp/tmp2012/shp657_20121231b.shp;C:/Users/owner/Dropbox/Wzone/tmp/tmp2012/shp658_20121231b.shp;C:/Users/owner/Dropbox/Wzone/tmp/tmp2012/shp659_20121231b.shp;C:/Users/owner/Dropbox/Wzone/tmp/tmp2012/shp689_20121231b.shp;C:/Users/owner/Dropbox/Wzone/tmp/tmp2012/shp708_20121231b.shp;C:/Users/owner/Dropbox/Wzone/tmp/tmp2012/shp709_20121231b.shp;C:/Users/owner/Dropbox/Wzone/tmp/tmp2012/shp711_20121231b.shp;C:/Users/owner/Dropbox/Wzone/tmp/tmp2012/shp719_20121231b.shp;C:/Users/owner/Dropbox/Wzone/tmp/tmp2012/shp722_20121231b.shp;C:/Users/owner/Dropbox/Wzone/tmp/tmp2012/shp735_20121231b.shp;C:/Users/owner/Dropbox/Wzone/tmp/tmp2012/shp750_20121231b.shp;C:/Users/owner/Dropbox/Wzone/tmp/tmp2012/shp754_20121231b.shp;C:/Users/owner/Dropbox/Wzone/tmp/tmp2012/shp768_20121231b.shp;C:/Users/owner/Dropbox/Wzone/tmp/tmp2012/shp781_20121231b.shp;C:/Users/owner/Dropbox/Wzone/tmp/tmp2012/shp792_20121231b.shp;C:/Users/owner/Dropbox/Wzone/tmp/tmp2012/shp830_20121231b.shp;C:/Users/owner/Dropbox/Wzone/tmp/tmp2012/shp833_20121231b.shp;C:/Users/owner/Dropbox/Wzone/tmp/tmp2012/shp857_20121231b.shp;C:/Users/owner/Dropbox/Wzone/tmp/tmp2012/shp869_20121231b.shp;C:/Users/owner/Dropbox/Wzone/tmp/tmp2012/shp875_20121231b.shp;C:/Users/owner/Dropbox/Wzone/tmp/tmp2012/shp878_20121231b.shp;C:/Users/owner/Dropbox/Wzone/tmp/tmp2012/shp885_20121231b.shp;C:/Users/owner/Dropbox/Wzone/tmp/tmp2012/shp886_20121231b.shp;C:/Users/owner/Dropbox/Wzone/tmp/tmp2012/shp899_20121231b.shp;C:/Users/owner/Dropbox/Wzone/tmp/tmp2012/shp906_20121231b.shp;C:/Users/owner/Dropbox/Wzone/tmp/tmp2012/shp909_20121231b.shp;C:/Users/owner/Dropbox/Wzone/tmp/tmp2012/shp913_20121231b.shp;C:/Users/owner/Dropbox/Wzone/tmp/tmp2012/shp914_20121231b.shp;C:/Users/owner/Dropbox/Wzone/tmp/tmp2012/shp921_20121231b.shp;C:/Users/owner/Dropbox/Wzone/tmp/tmp2012/shp930_20121231b.shp;C:/Users/owner/Dropbox/Wzone/tmp/tmp2012/shp931_20121231b.shp;C:/Users/owner/Dropbox/Wzone/tmp/tmp2012/shp934_20121231b.shp;C:/Users/owner/Dropbox/Wzone/tmp/tmp2012/shp935_20121231b.shp;C:/Users/owner/Dropbox/Wzone/tmp/tmp2012/shp936_20121231b.shp;C:/Users/owner/Dropbox/Wzone/tmp/tmp2012/shp940_20121231b.shp;C:/Users/owner/Dropbox/Wzone/tmp/tmp2012/shp941_20121231b.shp;C:/Users/owner/Dropbox/Wzone/tmp/tmp2012/shp942_20121231b.shp;C:/Users/owner/Dropbox/Wzone/tmp/tmp2012/shp947_20121231b.shp;C:/Users/owner/Dropbox/Wzone/tmp/tmp2012/shp948_20121231b.shp;C:/Users/owner/Dropbox/Wzone/tmp/tmp2012/shp950_20121231b.shp;C:/Users/owner/Dropbox/Wzone/tmp/tmp2012/shp951_20121231b.shp;C:/Users/owner/Dropbox/Wzone/tmp/tmp2012/shp955_20121231b.shp;C:/Users/owner/Dropbox/Wzone/tmp/tmp2012/shp962_20121231b.shp;C:/Users/owner/Dropbox/Wzone/tmp/tmp2012/shp966_20121231b.shp;C:/Users/owner/Dropbox/Wzone/tmp/tmp2012/shp967_20121231b.shp;C:/Users/owner/Dropbox/Wzone/tmp/tmp2012/shp973_20121231b.shp;C:/Users/owner/Dropbox/Wzone/tmp/tmp2012/shp977_20121231b.shp;C:/Users/owner/Dropbox/Wzone/tmp/tmp2012/shp980_20121231b.shp;C:/Users/owner/Dropbox/Wzone/tmp/tmp2012/shp981_20121231b.shp;C:/Users/owner/Dropbox/Wzone/tmp/tmp2012/shp988_20121231b.shp;C:/Users/owner/Dropbox/Wzone/tmp/tmp2012/shp989_20121231b.shp;C:/Users/owner/Dropbox/Wzone/tmp/tmp2012/shp997_20121231b.shp;C:/Users/owner/Dropbox/Wzone/tmp/tmp2012/shp999_20121231b.shp;C:/Users/owner/Dropbox/Wzone/tmp/tmp2012/shp1000_20121231b.shp;C:/Users/owner/Dropbox/Wzone/tmp/tmp2012/shp1007_20121231b.shp;C:/Users/owner/Dropbox/Wzone/tmp/tmp2012/shp1026_20121231b.shp;C:/Users/owner/Dropbox/Wzone/tmp/tmp2012/shp1027_20121231b.shp;C:/Users/owner/Dropbox/Wzone/tmp/tmp2012/shp1036_20121231b.shp;C:/Users/owner/Dropbox/Wzone/tmp/tmp2012/shp1071_20121231b.shp;C:/Users/owner/Dropbox/Wzone/tmp/tmp2012/shp1072_20121231b.shp;C:/Users/owner/Dropbox/Wzone/tmp/tmp2012/shp1073_20121231b.shp;C:/Users/owner/Dropbox/Wzone/tmp/tmp2012/shp1091_20121231b.shp;C:/Users/owner/Dropbox/Wzone/tmp/tmp2012/shp1096_20121231b.shp;C:/Users/owner/Dropbox/Wzone/tmp/tmp2012/shp1108_20121231b.shp;C:/Users/owner/Dropbox/Wzone/tmp/tmp2012/shp1167_20121231b.shp;C:/Users/owner/Dropbox/Wzone/tmp/tmp2012/shp1176_20121231b.shp;C:/Users/owner/Dropbox/Wzone/tmp/tmp2012/shp1178_20121231b.shp;C:/Users/owner/Dropbox/Wzone/tmp/tmp2012/shp1182_20121231b.shp;C:/Users/owner/Dropbox/Wzone/tmp/tmp2012/shp1204_20121231b.shp;C:/Users/owner/Dropbox/Wzone/tmp/tmp2012/shp1704_20121231b.shp;C:/Users/owner/Dropbox/Wzone/tmp/tmp2012/shp2332_20121231b.shp;C:/Users/owner/Dropbox/Wzone/tmp/tmp2012/shp2425_20121231b.shp;C:/Users/owner/Dropbox/Wzone/tmp/tmp2012/shp2461_20121231b.shp;C:/Users/owner/Dropbox/Wzone/tmp/tmp2012/shp2472_20121231b.shp;C:/Users/owner/Dropbox/Wzone/tmp/tmp2012/shp4313_20121231b.shp;C:/Users/owner/Dropbox/Wzone/tmp/tmp2012/shp5201_20121231b.shp;C:/Users/owner/Dropbox/Wzone/tmp/tmp2012/shp5204_20121231b.shp;C:/Users/owner/Dropbox/Wzone/tmp/tmp2012/shp5262_20121231b.shp;C:/Users/owner/Dropbox/Wzone/tmp/tmp2012/shp5270_20121231b.shp;C:/Users/owner/Dropbox/Wzone/tmp/tmp2012/shp5293_20121231b.shp;C:/Users/owner/Dropbox/Wzone/tmp/tmp2012/shp5313_20121231b.shp;C:/Users/owner/Dropbox/Wzone/tmp/tmp2012/shp5314_20121231b.shp;C:/Users/owner/Dropbox/Wzone/tmp/tmp2012/shp5349_20121231b.shp;C:/Users/owner/Dropbox/Wzone/tmp/tmp2012/shp5460_20121231b.shp;C:/Users/owner/Dropbox/Wzone/tmp/tmp2012/shp5494_20121231b.shp;C:/Users/owner/Dropbox/Wzone/tmp/tmp2012/shp5512_20121231b.shp;C:/Users/owner/Dropbox/Wzone/tmp/tmp2012/shp5534_20121231b.shp;C:/Users/owner/Dropbox/Wzone/tmp/tmp2012/shp5536_20121231b.shp;C:/Users/owner/Dropbox/Wzone/tmp/tmp2012/shp5543_20121231b.shp;C:/Users/owner/Dropbox/Wzone/tmp/tmp2012/shp5546_20121231b.shp;C:/Users/owner/Dropbox/Wzone/tmp/tmp2012/shp5563_20121231b.shp;C:/Users/owner/Dropbox/Wzone/tmp/tmp2012/shp5570_20121231b.shp;C:/Users/owner/Dropbox/Wzone/tmp/tmp2012/shp5577_20121231b.shp;C:/Users/owner/Dropbox/Wzone/tmp/tmp2012/shp5583_20121231b.shp;C:/Users/owner/Dropbox/Wzone/tmp/tmp2012/shp5595_20121231b.shp;C:/Users/owner/Dropbox/Wzone/tmp/tmp2012/shp5598_20121231b.shp;C:/Users/owner/Dropbox/Wzone/tmp/tmp2012/shp10264_20121231b.shp;C:/Users/owner/Dropbox/Wzone/tmp/tmp2012/shp10899_20121231b.shp;C:/Users/owner/Dropbox/Wzone/tmp/tmp2012/shp10985_20121231b.shp;C:/Users/owner/Dropbox/Wzone/tmp/tmp2012/shp11123_20121231b.shp;C:/Users/owner/Dropbox/Wzone/tmp/tmp2012/shp11336_20121231b.shp;C:/Users/owner/Dropbox/Wzone/tmp/tmp2012/shp11377_20121231b.shp;C:/Users/owner/Dropbox/Wzone/tmp/tmp2012/shp11383_20121231b.shp;C:/Users/owner/Dropbox/Wzone/tmp/tmp2012/shp11433_20121231b.shp;C:/Users/owner/Dropbox/Wzone/tmp/tmp2012/shp11662_20121231b.shp;C:/Users/owner/Dropbox/Wzone/tmp/tmp2012/shp11663_20121231b.shp;C:/Users/owner/Dropbox/Wzone/tmp/tmp2012/shp11801_20121231b.shp;C:/Users/owner/Dropbox/Wzone/tmp/tmp2012/shp11972_20121231b.shp;C:/Users/owner/Dropbox/Wzone/tmp/tmp2012/shp11973_20121231b.shp;C:/Users/owner/Dropbox/Wzone/tmp/tmp2012/shp11975_20121231b.shp;C:/Users/owner/Dropbox/Wzone/tmp/tmp2012/shp11985_20121231b.shp;C:/Users/owner/Dropbox/Wzone/tmp/tmp2012/shp11986_20121231b.shp;C:/Users/owner/Dropbox/Wzone/tmp/tmp2012/shp11988_20121231b.shp;C:/Users/owner/Dropbox/Wzone/tmp/tmp2012/shp12009_20121231b.shp;C:/Users/owner/Dropbox/Wzone/tmp/tmp2012/shp12102_20121231b.shp;C:/Users/owner/Dropbox/Wzone/tmp/tmp2012/shp12575_20121231b.shp;C:/Users/owner/Dropbox/Wzone/tmp/tmp2012/shp14200_20121231b.shp;C:/Users/owner/Dropbox/Wzone/tmp/tmp2012/shp14273_20121231b.shp C:\Users\owner\Dropbox\Wzone\out\wzone_shp\2012\2012_12_31.shp "dyad_id "dyad_id" true true false 5 Long 0 5,First,#,C:/Users/owner/Dropbox/Wzone/tmp/tmp2012/shp411_20121231b.shp,dyad_id,-1,-1,C:/Users/owner/Dropbox/Wzone/tmp/tmp2012/shp422_20121231b.shp,dyad_id,-1,-1,C:/Users/owner/Dropbox/Wzone/tmp/tmp2012/shp428_20121231b.shp,dyad_id,-1,-1,C:/Users/owner/Dropbox/Wzone/tmp/tmp2012/shp453_20121231b.shp,dyad_id,-1,-1,C:/Users/owner/Dropbox/Wzone/tmp/tmp2012/shp459_20121231b.shp,dyad_id,-1,-1,C:/Users/owner/Dropbox/Wzone/tmp/tmp2012/shp461_20121231b.shp,dyad_id,-1,-1,C:/Users/owner/Dropbox/Wzone/tmp/tmp2012/shp474_20121231b.shp,dyad_id,-1,-1,C:/Users/owner/Dropbox/Wzone/tmp/tmp2012/shp476_20121231b.shp,dyad_id,-1,-1,C:/Users/owner/Dropbox/Wzone/tmp/tmp2012/shp478_20121231b.shp,dyad_id,-1,-1,C:/Users/owner/Dropbox/Wzone/tmp/tmp2012/shp508_20121231b.shp,dyad_id,-1,-1,C:/Users/owner/Dropbox/Wzone/tmp/tmp2012/shp550_20121231b.shp,dyad_id,-1,-1,C:/Users/owner/Dropbox/Wzone/tmp/tmp2012/shp623_20121231b.shp,dyad_id,-1,-1,C:/Users/owner/Dropbox/Wzone/tmp/tmp2012/shp624_20121231b.shp,dyad_id,-1,-1,C:/Users/owner/Dropbox/Wzone/tmp/tmp2012/shp628_20121231b.shp,dyad_id,-1,-1,C:/Users/owner/Dropbox/Wzone/tmp/tmp2012/shp640_20121231b.shp,dyad_id,-1,-1,C:/Users/owner/Dropbox/Wzone/tmp/tmp2012/shp657_20121231b.shp,dyad_id,-1,-1,C:/Users/owner/Dropbox/Wzone/tmp/tmp2012/shp658_20121231b.shp,dyad_id,-1,-1,C:/Users/owner/Dropbox/Wzone/tmp/tmp2012/shp659_20121231b.shp,dyad_id,-1,-1,C:/Users/owner/Dropbox/Wzone/tmp/tmp2012/shp689_20121231b.shp,dyad_id,-1,-1,C:/Users/owner/Dropbox/Wzone/tmp/tmp2012/shp708_20121231b.shp,dyad_id,-1,-1,C:/Users/owner/Dropbox/Wzone/tmp/tmp2012/shp709_20121231b.shp,dyad_id,-1,-1,C:/Users/owner/Dropbox/Wzone/tmp/tmp2012/shp711_20121231b.shp,dyad_id,-1,-1,C:/Users/owner/Dropbox/Wzone/tmp/tmp2012/shp719_20121231b.shp,dyad_id,-1,-1,C:/Users/owner/Dropbox/Wzone/tmp/tmp2012/shp722_20121231b.shp,dyad_id,-1,-1,C:/Users/owner/Dropbox/Wzone/tmp/tmp2012/shp735_20121231b.shp,dyad_id,-1,-1,C:/Users/owner/Dropbox/Wzone/tmp/tmp2012/shp750_20121231b.shp,dyad_id,-1,-1,C:/Users/owner/Dropbox/Wzone/tmp/tmp2012/shp754_20121231b.shp,dyad_id,-1,-1,C:/Users/owner/Dropbox/Wzone/tmp/tmp2012/shp768_20121231b.shp,dyad_id,-1,-1,C:/Users/owner/Dropbox/Wzone/tmp/tmp2012/shp781_20121231b.shp,dyad_id,-1,-1,C:/Users/owner/Dropbox/Wzone/tmp/tmp2012/shp792_20121231b.shp,dyad_id,-1,-1,C:/Users/owner/Dropbox/Wzone/tmp/tmp2012/shp830_20121231b.shp,dyad_id,-1,-1,C:/Users/owner/Dropbox/Wzone/tmp/tmp2012/shp833_20121231b.shp,dyad_id,-1,-1,C:/Users/owner/Dropbox/Wzone/tmp/tmp2012/shp857_20121231b.shp,dyad_id,-1,-1,C:/Users/owner/Dropbox/Wzone/tmp/tmp2012/shp869_20121231b.shp,dyad_id,-1,-1,C:/Users/owner/Dropbox/Wzone/tmp/tmp2012/shp875_20121231b.shp,dyad_id,-1,-1,C:/Users/owner/Dropbox/Wzone/tmp/tmp2012/shp878_20121231b.shp,dyad_id,-1,-1,C:/Users/owner/Dropbox/Wzone/tmp/tmp2012/shp885_20121231b.shp,dyad_id,-1,-1,C:/Users/owner/Dropbox/Wzone/tmp/tmp2012/shp886_20121231b.shp,dyad_id,-1,-1,C:/Users/owner/Dropbox/Wzone/tmp/tmp2012/shp899_20121231b.shp,dyad_id,-1,-1,C:/Users/owner/Dropbox/Wzone/tmp/tmp2012/shp906_20121231b.shp,dyad_id,-1,-1,C:/Users/owner/Dropbox/Wzone/tmp/tmp2012/shp909_20121231b.shp,dyad_id,-1,-1,C:/Users/owner/Dropbox/Wzone/tmp/tmp2012/shp913_20121231b.shp,dyad_id,-1,-1,C:/Users/owner/Dropbox/Wzone/tmp/tmp2012/shp914_20121231b.shp,dyad_id,-1,-1,C:/Users/owner/Dropbox/Wzone/tmp/tmp2012/shp921_20121231b.shp,dyad_id,-1,-1,C:/Users/owner/Dropbox/Wzone/tmp/tmp2012/shp930_20121231b.shp,dyad_id,-1,-1,C:/Users/owner/Dropbox/Wzone/tmp/tmp2012/shp931_20121231b.shp,dyad_id,-1,-1,C:/Users/owner/Dropbox/Wzone/tmp/tmp2012/shp934_20121231b.shp,dyad_id,-1,-1,C:/Users/owner/Dropbox/Wzone/tmp/tmp2012/shp935_20121231b.shp,dyad_id,-1,-1,C:/Users/owner/Dropbox/Wzone/tmp/tmp2012/shp936_20121231b.shp,dyad_id,-1,-1,C:/Users/owner/Dropbox/Wzone/tmp/tmp2012/shp940_20121231b.shp,dyad_id,-1,-1,C:/Users/owner/Dropbox/Wzone/tmp/tmp2012/shp941_20121231b.shp,dyad_id,-1,-1,C:/Users/owner/Dropbox/Wzone/tmp/tmp2012/shp942_20121231b.shp,dyad_id,-1,-1,C:/Users/owner/Dropbox/Wzone/tmp/tmp2012/shp947_20121231b.shp,dyad_id,-1,-1,C:/Users/owner/Dropbox/Wzone/tmp/tmp2012/shp948_20121231b.shp,dyad_id,-1,-1,C:/Users/owner/Dropbox/Wzone/tmp/tmp2012/shp950_20121231b.shp,dyad_id,-1,-1,C:/Users/owner/Dropbox/Wzone/tmp/tmp2012/shp951_20121231b.shp,dyad_id,-1,-1,C:/Users/owner/Dropbox/Wzone/tmp/tmp2012/shp955_20121231b.shp,dyad_id,-1,-1,C:/Users/owner/Dropbox/Wzone/tmp/tmp2012/shp962_20121231b.shp,dyad_id,-1,-1,C:/Users/owner/Dropbox/Wzone/tmp/tmp2012/shp966_20121231b.shp,dyad_id,-1,-1,C:/Users/owner/Dropbox/Wzone/tmp/tmp2012/shp967_20121231b.shp,dyad_id,-1,-1,C:/Users/owner/Dropbox/Wzone/tmp/tmp2012/shp973_20121231b.shp,dyad_id,-1,-1,C:/Users/owner/Dropbox/Wzone/tmp/tmp2012/shp977_20121231b.shp,dyad_id,-1,-1,C:/Users/owner/Dropbox/Wzone/tmp/tmp2012/shp980_20121231b.shp,dyad_id,-1,-1,C:/Users/owner/Dropbox/Wzone/tmp/tmp2012/shp981_20121231b.shp,dyad_id,-1,-1,C:/Users/owner/Dropbox/Wzone/tmp/tmp2012/shp988_20121231b.shp,dyad_id,-1,-1,C:/Users/owner/Dropbox/Wzone/tmp/tmp2012/shp989_20121231b.shp,dyad_id,-1,-1,C:/Users/owner/Dropbox/Wzone/tmp/tmp2012/shp997_20121231b.shp,dyad_id,-1,-1,C:/Users/owner/Dropbox/Wzone/tmp/tmp2012/shp999_20121231b.shp,dyad_id,-1,-1,C:/Users/owner/Dropbox/Wzone/tmp/tmp2012/shp1000_20121231b.shp,dyad_id,-1,-1,C:/Users/owner/Dropbox/Wzone/tmp/tmp2012/shp1007_20121231b.shp,dyad_id,-1,-1,C:/Users/owner/Dropbox/Wzone/tmp/tmp2012/shp1026_20121231b.shp,dyad_id,-1,-1,C:/Users/owner/Dropbox/Wzone/tmp/tmp2012/shp1027_20121231b.shp,dyad_id,-1,-1,C:/Users/owner/Dropbox/Wzone/tmp/tmp2012/shp1036_20121231b.shp,dyad_id,-1,-1,C:/Users/owner/Dropbox/Wzone/tmp/tmp2012/shp1071_20121231b.shp,dyad_id,-1,-1,C:/Users/owner/Dropbox/Wzone/tmp/tmp2012/shp1072_20121231b.shp,dyad_id,-1,-1,C:/Users/owner/Dropbox/Wzone/tmp/tmp2012/shp1073_20121231b.shp,dyad_id,-1,-1,C:/Users/owner/Dropbox/Wzone/tmp/tmp2012/shp1091_20121231b.shp,dyad_id,-1,-1,C:/Users/owner/Dropbox/Wzone/tmp/tmp2012/shp1096_20121231b.shp,dyad_id,-1,-1,C:/Users/owner/Dropbox/Wzone/tmp/tmp2012/shp1108_20121231b.shp,dyad_id,-1,-1,C:/Users/owner/Dropbox/Wzone/tmp/tmp2012/shp1167_20121231b.shp,dyad_id,-1,-1,C:/Users/owner/Dropbox/Wzone/tmp/tmp2012/shp1176_20121231b.shp,dyad_id,-1,-1,C:/Users/owner/Dropbox/Wzone/tmp/tmp2012/shp1178_20121231b.shp,dyad_id,-1,-1,C:/Users/owner/Dropbox/Wzone/tmp/tmp2012/shp1182_20121231b.shp,dyad_id,-1,-1,C:/Users/owner/Dropbox/Wzone/tmp/tmp2012/shp1204_20121231b.shp,dyad_id,-1,-1,C:/Users/owner/Dropbox/Wzone/tmp/tmp2012/shp1704_20121231b.shp,dyad_id,-1,-1,C:/Users/owner/Dropbox/Wzone/tmp/tmp2012/shp2332_20121231b.shp,dyad_id,-1,-1,C:/Users/owner/Dropbox/Wzone/tmp/tmp2012/shp2425_20121231b.shp,dyad_id,-1,-1,C:/Users/owner/Dropbox/Wzone/tmp/tmp2012/shp2461_20121231b.shp,dyad_id,-1,-1,C:/Users/owner/Dropbox/Wzone/tmp/tmp2012/shp2472_20121231b.shp,dyad_id,-1,-1,C:/Users/owner/Dropbox/Wzone/tmp/tmp2012/shp4313_20121231b.shp,dyad_id,-1,-1,C:/Users/owner/Dropbox/Wzone/tmp/tmp2012/shp5201_20121231b.shp,dyad_id,-1,-1,C:/Users/owner/Dropbox/Wzone/tmp/tmp2012/shp5204_20121231b.shp,dyad_id,-1,-1,C:/Users/owner/Dropbox/Wzone/tmp/tmp2012/shp5262_20121231b.shp,dyad_id,-1,-1,C:/Users/owner/Dropbox/Wzone/tmp/tmp2012/shp5270_20121231b.shp,dyad_id,-1,-1,C:/Users/owner/Dropbox/Wzone/tmp/tmp2012/shp5293_20121231b.shp,dyad_id,-1,-1,C:/Users/owner/Dropbox/Wzone/tmp/tmp2012/shp5313_20121231b.shp,dyad_id,-1,-1,C:/Users/owner/Dropbox/Wzone/tmp/tmp2012/shp5314_20121231b.shp,dyad_id,-1,-1,C:/Users/owner/Dropbox/Wzone/tmp/tmp2012/shp5349_20121231b.shp,dyad_id,-1,-1,C:/Users/owner/Dropbox/Wzone/tmp/tmp2012/shp5460_20121231b.shp,dyad_id,-1,-1,C:/Users/owner/Dropbox/Wzone/tmp/tmp2012/shp5494_20121231b.shp,dyad_id,-1,-1,C:/Users/owner/Dropbox/Wzone/tmp/tmp2012/shp5512_20121231b.shp,dyad_id,-1,-1,C:/Users/owner/Dropbox/Wzone/tmp/tmp2012/shp5534_20121231b.shp,dyad_id,-1,-1,C:/Users/owner/Dropbox/Wzone/tmp/tmp2012/shp5536_20121231b.shp,dyad_id,-1,-1,C:/Users/owner/Dropbox/Wzone/tmp/tmp2012/shp5543_20121231b.shp,dyad_id,-1,-1,C:/Users/owner/Dropbox/Wzone/tmp/tmp2012/shp5546_20121231b.shp,dyad_id,-1,-1,C:/Users/owner/Dropbox/Wzone/tmp/tmp2012/shp5563_20121231b.shp,dyad_id,-1,-1,C:/Users/owner/Dropbox/Wzone/tmp/tmp2012/shp5570_20121231b.shp,dyad_id,-1,-1,C:/Users/owner/Dropbox/Wzone/tmp/tmp2012/shp5577_20121231b.shp,dyad_id,-1,-1,C:/Users/owner/Dropbox/Wzone/tmp/tmp2012/shp5583_20121231b.shp,dyad_id,-1,-1,C:/Users/owner/Dropbox/Wzone/tmp/tmp2012/shp5595_20121231b.shp,dyad_id,-1,-1,C:/Users/owner/Dropbox/Wzone/tmp/tmp2012/shp5598_20121231b.shp,dyad_id,-1,-1,C:/Users/owner/Dropbox/Wzone/tmp/tmp2012/shp10264_20121231b.shp,dyad_id,-1,-1,C:/Users/owner/Dropbox/Wzone/tmp/tmp2012/shp10899_20121231b.shp,dyad_id,-1,-1,C:/Users/owner/Dropbox/Wzone/tmp/tmp2012/shp10985_20121231b.shp,dyad_id,-1,-1,C:/Users/owner/Dropbox/Wzone/tmp/tmp2012/shp11123_20121231b.shp,dyad_id,-1,-1,C:/Users/owner/Dropbox/Wzone/tmp/tmp2012/shp11336_20121231b.shp,dyad_id,-1,-1,C:/Users/owner/Dropbox/Wzone/tmp/tmp2012/shp11377_20121231b.shp,dyad_id,-1,-1,C:/Users/owner/Dropbox/Wzone/tmp/tmp2012/shp11383_20121231b.shp,dyad_id,-1,-1,C:/Users/owner/Dropbox/Wzone/tmp/tmp2012/shp11433_20121231b.shp,dyad_id,-1,-1,C:/Users/owner/Dropbox/Wzone/tmp/tmp2012/shp11662_20121231b.shp,dyad_id,-1,-1,C:/Users/owner/Dropbox/Wzone/tmp/tmp2012/shp11663_20121231b.shp,dyad_id,-1,-1,C:/Users/owner/Dropbox/Wzone/tmp/tmp2012/shp11801_20121231b.shp,dyad_id,-1,-1,C:/Users/owner/Dropbox/Wzone/tmp/tmp2012/shp11972_20121231b.shp,dyad_id,-1,-1,C:/Users/owner/Dropbox/Wzone/tmp/tmp2012/shp11973_20121231b.shp,dyad_id,-1,-1,C:/Users/owner/Dropbox/Wzone/tmp/tmp2012/shp11975_20121231b.shp,dyad_id,-1,-1,C:/Users/owner/Dropbox/Wzone/tmp/tmp2012/shp11985_20121231b.shp,dyad_id,-1,-1,C:/Users/owner/Dropbox/Wzone/tmp/tmp2012/shp11986_20121231b.shp,dyad_id,-1,-1,C:/Users/owner/Dropbox/Wzone/tmp/tmp2012/shp11988_20121231b.shp,dyad_id,-1,-1,C:/Users/owner/Dropbox/Wzone/tmp/tmp2012/shp12009_20121231b.shp,dyad_id,-1,-1,C:/Users/owner/Dropbox/Wzone/tmp/tmp2012/shp12102_20121231b.shp,dyad_id,-1,-1,C:/Users/owner/Dropbox/Wzone/tmp/tmp2012/shp12575_20121231b.shp,dyad_id,-1,-1,C:/Users/owner/Dropbox/Wzone/tmp/tmp2012/shp14200_20121231b.shp,dyad_id,-1,-1,C:/Users/owner/Dropbox/Wzone/tmp/tmp2012/shp14273_20121231b.shp,dyad_id,-1,-1;conf_id "conf_id" true true false 5 Long 0 5,First,#,C:/Users/owner/Dropbox/Wzone/tmp/tmp2012/shp411_20121231b.shp,conf_id,-1,-1,C:/Users/owner/Dropbox/Wzone/tmp/tmp2012/shp422_20121231b.shp,conf_id,-1,-1,C:/Users/owner/Dropbox/Wzone/tmp/tmp2012/shp428_20121231b.shp,conf_id,-1,-1,C:/Users/owner/Dropbox/Wzone/tmp/tmp2012/shp453_20121231b.shp,conf_id,-1,-1,C:/Users/owner/Dropbox/Wzone/tmp/tmp2012/shp459_20121231b.shp,conf_id,-1,-1,C:/Users/owner/Dropbox/Wzone/tmp/tmp2012/shp461_20121231b.shp,conf_id,-1,-1,C:/Users/owner/Dropbox/Wzone/tmp/tmp2012/shp474_20121231b.shp,conf_id,-1,-1,C:/Users/owner/Dropbox/Wzone/tmp/tmp2012/shp476_20121231b.shp,conf_id,-1,-1,C:/Users/owner/Dropbox/Wzone/tmp/tmp2012/shp478_20121231b.shp,conf_id,-1,-1,C:/Users/owner/Dropbox/Wzone/tmp/tmp2012/shp508_20121231b.shp,conf_id,-1,-1,C:/Users/owner/Dropbox/Wzone/tmp/tmp2012/shp550_20121231b.shp,conf_id,-1,-1,C:/Users/owner/Dropbox/Wzone/tmp/tmp2012/shp623_20121231b.shp,conf_id,-1,-1,C:/Users/owner/Dropbox/Wzone/tmp/tmp2012/shp624_20121231b.shp,conf_id,-1,-1,C:/Users/owner/Dropbox/Wzone/tmp/tmp2012/shp628_20121231b.shp,conf_id,-1,-1,C:/Users/owner/Dropbox/Wzone/tmp/tmp2012/shp640_20121231b.shp,conf_id,-1,-1,C:/Users/owner/Dropbox/Wzone/tmp/tmp2012/shp657_20121231b.shp,conf_id,-1,-1,C:/Users/owner/Dropbox/Wzone/tmp/tmp2012/shp658_20121231b.shp,conf_id,-1,-1,C:/Users/owner/Dropbox/Wzone/tmp/tmp2012/shp659_20121231b.shp,conf_id,-1,-1,C:/Users/owner/Dropbox/Wzone/tmp/tmp2012/shp689_20121231b.shp,conf_id,-1,-1,C:/Users/owner/Dropbox/Wzone/tmp/tmp2012/shp708_20121231b.shp,conf_id,-1,-1,C:/Users/owner/Dropbox/Wzone/tmp/tmp2012/shp709_20121231b.shp,conf_id,-1,-1,C:/Users/owner/Dropbox/Wzone/tmp/tmp2012/shp711_20121231b.shp,conf_id,-1,-1,C:/Users/owner/Dropbox/Wzone/tmp/tmp2012/shp719_20121231b.shp,conf_id,-1,-1,C:/Users/owner/Dropbox/Wzone/tmp/tmp2012/shp722_20121231b.shp,conf_id,-1,-1,C:/Users/owner/Dropbox/Wzone/tmp/tmp2012/shp735_20121231b.shp,conf_id,-1,-1,C:/Users/owner/Dropbox/Wzone/tmp/tmp2012/shp750_20121231b.shp,conf_id,-1,-1,C:/Users/owner/Dropbox/Wzone/tmp/tmp2012/shp754_20121231b.shp,conf_id,-1,-1,C:/Users/owner/Dropbox/Wzone/tmp/tmp2012/shp768_20121231b.shp,conf_id,-1,-1,C:/Users/owner/Dropbox/Wzone/tmp/tmp2012/shp781_20121231b.shp,conf_id,-1,-1,C:/Users/owner/Dropbox/Wzone/tmp/tmp2012/shp792_20121231b.shp,conf_id,-1,-1,C:/Users/owner/Dropbox/Wzone/tmp/tmp2012/shp830_20121231b.shp,conf_id,-1,-1,C:/Users/owner/Dropbox/Wzone/tmp/tmp2012/shp833_20121231b.shp,conf_id,-1,-1,C:/Users/owner/Dropbox/Wzone/tmp/tmp2012/shp857_20121231b.shp,conf_id,-1,-1,C:/Users/owner/Dropbox/Wzone/tmp/tmp2012/shp869_20121231b.shp,conf_id,-1,-1,C:/Users/owner/Dropbox/Wzone/tmp/tmp2012/shp875_20121231b.shp,conf_id,-1,-1,C:/Users/owner/Dropbox/Wzone/tmp/tmp2012/shp878_20121231b.shp,conf_id,-1,-1,C:/Users/owner/Dropbox/Wzone/tmp/tmp2012/shp885_20121231b.shp,conf_id,-1,-1,C:/Users/owner/Dropbox/Wzone/tmp/tmp2012/shp886_20121231b.shp,conf_id,-1,-1,C:/Users/owner/Dropbox/Wzone/tmp/tmp2012/shp899_20121231b.shp,conf_id,-1,-1,C:/Users/owner/Dropbox/Wzone/tmp/tmp2012/shp906_20121231b.shp,conf_id,-1,-1,C:/Users/owner/Dropbox/Wzone/tmp/tmp2012/shp909_20121231b.shp,conf_id,-1,-1,C:/Users/owner/Dropbox/Wzone/tmp/tmp2012/shp913_20121231b.shp,conf_id,-1,-1,C:/Users/owner/Dropbox/Wzone/tmp/tmp2012/shp914_20121231b.shp,conf_id,-1,-1,C:/Users/owner/Dropbox/Wzone/tmp/tmp2012/shp921_20121231b.shp,conf_id,-1,-1,C:/Users/owner/Dropbox/Wzone/tmp/tmp2012/shp930_20121231b.shp,conf_id,-1,-1,C:/Users/owner/Dropbox/Wzone/tmp/tmp2012/shp931_20121231b.shp,conf_id,-1,-1,C:/Users/owner/Dropbox/Wzone/tmp/tmp2012/shp934_20121231b.shp,conf_id,-1,-1,C:/Users/owner/Dropbox/Wzone/tmp/tmp2012/shp935_20121231b.shp,conf_id,-1,-1,C:/Users/owner/Dropbox/Wzone/tmp/tmp2012/shp936_20121231b.shp,conf_id,-1,-1,C:/Users/owner/Dropbox/Wzone/tmp/tmp2012/shp940_20121231b.shp,conf_id,-1,-1,C:/Users/owner/Dropbox/Wzone/tmp/tmp2012/shp941_20121231b.shp,conf_id,-1,-1,C:/Users/owner/Dropbox/Wzone/tmp/tmp2012/shp942_20121231b.shp,conf_id,-1,-1,C:/Users/owner/Dropbox/Wzone/tmp/tmp2012/shp947_20121231b.shp,conf_id,-1,-1,C:/Users/owner/Dropbox/Wzone/tmp/tmp2012/shp948_20121231b.shp,conf_id,-1,-1,C:/Users/owner/Dropbox/Wzone/tmp/tmp2012/shp950_20121231b.shp,conf_id,-1,-1,C:/Users/owner/Dropbox/Wzone/tmp/tmp2012/shp951_20121231b.shp,conf_id,-1,-1,C:/Users/owner/Dropbox/Wzone/tmp/tmp2012/shp955_20121231b.shp,conf_id,-1,-1,C:/Users/owner/Dropbox/Wzone/tmp/tmp2012/shp962_20121231b.shp,conf_id,-1,-1,C:/Users/owner/Dropbox/Wzone/tmp/tmp2012/shp966_20121231b.shp,conf_id,-1,-1,C:/Users/owner/Dropbox/Wzone/tmp/tmp2012/shp967_20121231b.shp,conf_id,-1,-1,C:/Users/owner/Dropbox/Wzone/tmp/tmp2012/shp973_20121231b.shp,conf_id,-1,-1,C:/Users/owner/Dropbox/Wzone/tmp/tmp2012/shp977_20121231b.shp,conf_id,-1,-1,C:/Users/owner/Dropbox/Wzone/tmp/tmp2012/shp980_20121231b.shp,conf_id,-1,-1,C:/Users/owner/Dropbox/Wzone/tmp/tmp2012/shp981_20121231b.shp,conf_id,-1,-1,C:/Users/owner/Dropbox/Wzone/tmp/tmp2012/shp988_20121231b.shp,conf_id,-1,-1,C:/Users/owner/Dropbox/Wzone/tmp/tmp2012/shp989_20121231b.shp,conf_id,-1,-1,C:/Users/owner/Dropbox/Wzone/tmp/tmp2012/shp997_20121231b.shp,conf_id,-1,-1,C:/Users/owner/Dropbox/Wzone/tmp/tmp2012/shp999_20121231b.shp,conf_id,-1,-1,C:/Users/owner/Dropbox/Wzone/tmp/tmp2012/shp1000_20121231b.shp,conf_id,-1,-1,C:/Users/owner/Dropbox/Wzone/tmp/tmp2012/shp1007_20121231b.shp,conf_id,-1,-1,C:/Users/owner/Dropbox/Wzone/tmp/tmp2012/shp1026_20121231b.shp,conf_id,-1,-1,C:/Users/owner/Dropbox/Wzone/tmp/tmp2012/shp1027_20121231b.shp,conf_id,-1,-1,C:/Users/owner/Dropbox/Wzone/tmp/tmp2012/shp1036_20121231b.shp,conf_id,-1,-1,C:/Users/owner/Dropbox/Wzone/tmp/tmp2012/shp1071_20121231b.shp,conf_id,-1,-1,C:/Users/owner/Dropbox/Wzone/tmp/tmp2012/shp1072_20121231b.shp,conf_id,-1,-1,C:/Users/owner/Dropbox/Wzone/tmp/tmp2012/shp1073_20121231b.shp,conf_id,-1,-1,C:/Users/owner/Dropbox/Wzone/tmp/tmp2012/shp1091_20121231b.shp,conf_id,-1,-1,C:/Users/owner/Dropbox/Wzone/tmp/tmp2012/shp1096_20121231b.shp,conf_id,-1,-1,C:/Users/owner/Dropbox/Wzone/tmp/tmp2012/shp1108_20121231b.shp,conf_id,-1,-1,C:/Users/owner/Dropbox/Wzone/tmp/tmp2012/shp1167_20121231b.shp,conf_id,-1,-1,C:/Users/owner/Dropbox/Wzone/tmp/tmp2012/shp1176_20121231b.shp,conf_id,-1,-1,C:/Users/owner/Dropbox/Wzone/tmp/tmp2012/shp1178_20121231b.shp,conf_id,-1,-1,C:/Users/owner/Dropbox/Wzone/tmp/tmp2012/shp1182_20121231b.shp,conf_id,-1,-1,C:/Users/owner/Dropbox/Wzone/tmp/tmp2012/shp1204_20121231b.shp,conf_id,-1,-1,C:/Users/owner/Dropbox/Wzone/tmp/tmp2012/shp1704_20121231b.shp,conf_id,-1,-1,C:/Users/owner/Dropbox/Wzone/tmp/tmp2012/shp2332_20121231b.shp,conf_id,-1,-1,C:/Users/owner/Dropbox/Wzone/tmp/tmp2012/shp2425_20121231b.shp,conf_id,-1,-1,C:/Users/owner/Dropbox/Wzone/tmp/tmp2012/shp2461_20121231b.shp,conf_id,-1,-1,C:/Users/owner/Dropbox/Wzone/tmp/tmp2012/shp2472_20121231b.shp,conf_id,-1,-1,C:/Users/owner/Dropbox/Wzone/tmp/tmp2012/shp4313_20121231b.shp,conf_id,-1,-1,C:/Users/owner/Dropbox/Wzone/tmp/tmp2012/shp5201_20121231b.shp,conf_id,-1,-1,C:/Users/owner/Dropbox/Wzone/tmp/tmp2012/shp5204_20121231b.shp,conf_id,-1,-1,C:/Users/owner/Dropbox/Wzone/tmp/tmp2012/shp5262_20121231b.shp,conf_id,-1,-1,C:/Users/owner/Dropbox/Wzone/tmp/tmp2012/shp5270_20121231b.shp,conf_id,-1,-1,C:/Users/owner/Dropbox/Wzone/tmp/tmp2012/shp5293_20121231b.shp,conf_id,-1,-1,C:/Users/owner/Dropbox/Wzone/tmp/tmp2012/shp5313_20121231b.shp,conf_id,-1,-1,C:/Users/owner/Dropbox/Wzone/tmp/tmp2012/shp5314_20121231b.shp,conf_id,-1,-1,C:/Users/owner/Dropbox/Wzone/tmp/tmp2012/shp5349_20121231b.shp,conf_id,-1,-1,C:/Users/owner/Dropbox/Wzone/tmp/tmp2012/shp5460_20121231b.shp,conf_id,-1,-1,C:/Users/owner/Dropbox/Wzone/tmp/tmp2012/shp5494_20121231b.shp,conf_id,-1,-1,C:/Users/owner/Dropbox/Wzone/tmp/tmp2012/shp5512_20121231b.shp,conf_id,-1,-1,C:/Users/owner/Dropbox/Wzone/tmp/tmp2012/shp5534_20121231b.shp,conf_id,-1,-1,C:/Users/owner/Dropbox/Wzone/tmp/tmp2012/shp5536_20121231b.shp,conf_id,-1,-1,C:/Users/owner/Dropbox/Wzone/tmp/tmp2012/shp5543_20121231b.shp,conf_id,-1,-1,C:/Users/owner/Dropbox/Wzone/tmp/tmp2012/shp5546_20121231b.shp,conf_id,-1,-1,C:/Users/owner/Dropbox/Wzone/tmp/tmp2012/shp5563_20121231b.shp,conf_id,-1,-1,C:/Users/owner/Dropbox/Wzone/tmp/tmp2012/shp5570_20121231b.shp,conf_id,-1,-1,C:/Users/owner/Dropbox/Wzone/tmp/tmp2012/shp5577_20121231b.shp,conf_id,-1,-1,C:/Users/owner/Dropbox/Wzone/tmp/tmp2012/shp5583_20121231b.shp,conf_id,-1,-1,C:/Users/owner/Dropbox/Wzone/tmp/tmp2012/shp5595_20121231b.shp,conf_id,-1,-1,C:/Users/owner/Dropbox/Wzone/tmp/tmp2012/shp5598_20121231b.shp,conf_id,-1,-1,C:/Users/owner/Dropbox/Wzone/tmp/tmp2012/shp10264_20121231b.shp,conf_id,-1,-1,C:/Users/owner/Dropbox/Wzone/tmp/tmp2012/shp10899_20121231b.shp,conf_id,-1,-1,C:/Users/owner/Dropbox/Wzone/tmp/tmp2012/shp10985_20121231b.shp,conf_id,-1,-1,C:/Users/owner/Dropbox/Wzone/tmp/tmp2012/shp11123_20121231b.shp,conf_id,-1,-1,C:/Users/owner/Dropbox/Wzone/tmp/tmp2012/shp11336_20121231b.shp,conf_id,-1,-1,C:/Users/owner/Dropbox/Wzone/tmp/tmp2012/shp11377_20121231b.shp,conf_id,-1,-1,C:/Users/owner/Dropbox/Wzone/tmp/tmp2012/shp11383_20121231b.shp,conf_id,-1,-1,C:/Users/owner/Dropbox/Wzone/tmp/tmp2012/shp11433_20121231b.shp,conf_id,-1,-1,C:/Users/owner/Dropbox/Wzone/tmp/tmp2012/shp11662_20121231b.shp,conf_id,-1,-1,C:/Users/owner/Dropbox/Wzone/tmp/tmp2012/shp11663_20121231b.shp,conf_id,-1,-1,C:/Users/owner/Dropbox/Wzone/tmp/tmp2012/shp11801_20121231b.shp,conf_id,-1,-1,C:/Users/owner/Dropbox/Wzone/tmp/tmp2012/shp11972_20121231b.shp,conf_id,-1,-1,C:/Users/owner/Dropbox/Wzone/tmp/tmp2012/shp11973_20121231b.shp,conf_id,-1,-1,C:/Users/owner/Dropbox/Wzone/tmp/tmp2012/shp11975_20121231b.shp,conf_id,-1,-1,C:/Users/owner/Dropbox/Wzone/tmp/tmp2012/shp11985_20121231b.shp,conf_id,-1,-1,C:/Users/owner/Dropbox/Wzone/tmp/tmp2012/shp11986_20121231b.shp,conf_id,-1,-1,C:/Users/owner/Dropbox/Wzone/tmp/tmp2012/shp11988_20121231b.shp,conf_id,-1,-1,C:/Users/owner/Dropbox/Wzone/tmp/tmp2012/shp12009_20121231b.shp,conf_id,-1,-1,C:/Users/owner/Dropbox/Wzone/tmp/tmp2012/shp12102_20121231b.shp,conf_id,-1,-1,C:/Users/owner/Dropbox/Wzone/tmp/tmp2012/shp12575_20121231b.shp,conf_id,-1,-1,C:/Users/owner/Dropbox/Wzone/tmp/tmp2012/shp14200_20121231b.shp,conf_id,-1,-1,C:/Users/owner/Dropbox/Wzone/tmp/tmp2012/shp14273_20121231b.shp,conf_id,-1,-1;date "date" true true false 254 Text 0 0,First,#,C:/Users/owner/Dropbox/Wzone/tmp/tmp2012/shp411_20121231b.shp,date,0,253,C:/Users/owner/Dropbox/Wzone/tmp/tmp2012/shp422_20121231b.shp,date,0,253,C:/Users/owner/Dropbox/Wzone/tmp/tmp2012/shp428_20121231b.shp,date,0,253,C:/Users/owner/Dropbox/Wzone/tmp/tmp2012/shp453_20121231b.shp,date,0,253,C:/Users/owner/Dropbox/Wzone/tmp/tmp2012/shp459_20121231b.shp,date,0,253,C:/Users/owner/Dropbox/Wzone/tmp/tmp2012/shp461_20121231b.shp,date,0,253,C:/Users/owner/Dropbox/Wzone/tmp/tmp2012/shp474_20121231b.shp,date,0,253,C:/Users/owner/Dropbox/Wzone/tmp/tmp2012/shp476_20121231b.shp,date,0,253,C:/Users/owner/Dropbox/Wzone/tmp/tmp2012/shp478_20121231b.shp,date,0,253,C:/Users/owner/Dropbox/Wzone/tmp/tmp2012/shp508_20121231b.shp,date,0,253,C:/Users/owner/Dropbox/Wzone/tmp/tmp2012/shp550_20121231b.shp,date,0,253,C:/Users/owner/Dropbox/Wzone/tmp/tmp2012/shp623_20121231b.shp,date,0,253,C:/Users/owner/Dropbox/Wzone/tmp/tmp2012/shp624_20121231b.shp,date,0,253,C:/Users/owner/Dropbox/Wzone/tmp/tmp2012/shp628_20121231b.shp,date,0,253,C:/Users/owner/Dropbox/Wzone/tmp/tmp2012/shp640_20121231b.shp,date,0,253,C:/Users/owner/Dropbox/Wzone/tmp/tmp2012/shp657_20121231b.shp,date,0,253,C:/Users/owner/Dropbox/Wzone/tmp/tmp2012/shp658_20121231b.shp,date,0,253,C:/Users/owner/Dropbox/Wzone/tmp/tmp2012/shp659_20121231b.shp,date,0,253,C:/Users/owner/Dropbox/Wzone/tmp/tmp2012/shp689_20121231b.shp,date,0,253,C:/Users/owner/Dropbox/Wzone/tmp/tmp2012/shp708_20121231b.shp,date,0,253,C:/Users/owner/Dropbox/Wzone/tmp/tmp2012/shp709_20121231b.shp,date,0,253,C:/Users/owner/Dropbox/Wzone/tmp/tmp2012/shp711_20121231b.shp,date,0,253,C:/Users/owner/Dropbox/Wzone/tmp/tmp2012/shp719_20121231b.shp,date,0,253,C:/Users/owner/Dropbox/Wzone/tmp/tmp2012/shp722_20121231b.shp,date,0,253,C:/Users/owner/Dropbox/Wzone/tmp/tmp2012/shp735_20121231b.shp,date,0,253,C:/Users/owner/Dropbox/Wzone/tmp/tmp2012/shp750_20121231b.shp,date,0,253,C:/Users/owner/Dropbox/Wzone/tmp/tmp2012/shp754_20121231b.shp,date,0,253,C:/Users/owner/Dropbox/Wzone/tmp/tmp2012/shp768_20121231b.shp,date,0,253,C:/Users/owner/Dropbox/Wzone/tmp/tmp2012/shp781_20121231b.shp,date,0,253,C:/Users/owner/Dropbox/Wzone/tmp/tmp2012/shp792_20121231b.shp,date,0,253,C:/Users/owner/Dropbox/Wzone/tmp/tmp2012/shp830_20121231b.shp,date,0,253,C:/Users/owner/Dropbox/Wzone/tmp/tmp2012/shp833_20121231b.shp,date,0,253,C:/Users/owner/Dropbox/Wzone/tmp/tmp2012/shp857_20121231b.shp,date,0,253,C:/Users/owner/Dropbox/Wzone/tmp/tmp2012/shp869_20121231b.shp,date,0,253,C:/Users/owner/Dropbox/Wzone/tmp/tmp2012/shp875_20121231b.shp,date,0,253,C:/Users/owner/Dropbox/Wzone/tmp/tmp2012/shp878_20121231b.shp,date,0,253,C:/Users/owner/Dropbox/Wzone/tmp/tmp2012/shp885_20121231b.shp,date,0,253,C:/Users/owner/Dropbox/Wzone/tmp/tmp2012/shp886_20121231b.shp,date,0,253,C:/Users/owner/Dropbox/Wzone/tmp/tmp2012/shp899_20121231b.shp,date,0,253,C:/Users/owner/Dropbox/Wzone/tmp/tmp2012/shp906_20121231b.shp,date,0,253,C:/Users/owner/Dropbox/Wzone/tmp/tmp2012/shp909_20121231b.shp,date,0,253,C:/Users/owner/Dropbox/Wzone/tmp/tmp2012/shp913_20121231b.shp,date,0,253,C:/Users/owner/Dropbox/Wzone/tmp/tmp2012/shp914_20121231b.shp,date,0,253,C:/Users/owner/Dropbox/Wzone/tmp/tmp2012/shp921_20121231b.shp,date,0,253,C:/Users/owner/Dropbox/Wzone/tmp/tmp2012/shp930_20121231b.shp,date,0,253,C:/Users/owner/Dropbox/Wzone/tmp/tmp2012/shp931_20121231b.shp,date,0,253,C:/Users/owner/Dropbox/Wzone/tmp/tmp2012/shp934_20121231b.shp,date,0,253,C:/Users/owner/Dropbox/Wzone/tmp/tmp2012/shp935_20121231b.shp,date,0,253,C:/Users/owner/Dropbox/Wzone/tmp/tmp2012/shp936_20121231b.shp,date,0,253,C:/Users/owner/Dropbox/Wzone/tmp/tmp2012/shp940_20121231b.shp,date,0,253,C:/Users/owner/Dropbox/Wzone/tmp/tmp2012/shp941_20121231b.shp,date,0,253,C:/Users/owner/Dropbox/Wzone/tmp/tmp2012/shp942_20121231b.shp,date,0,253,C:/Users/owner/Dropbox/Wzone/tmp/tmp2012/shp947_20121231b.shp,date,0,253,C:/Users/owner/Dropbox/Wzone/tmp/tmp2012/shp948_20121231b.shp,date,0,253,C:/Users/owner/Dropbox/Wzone/tmp/tmp2012/shp950_20121231b.shp,date,0,253,C:/Users/owner/Dropbox/Wzone/tmp/tmp2012/shp951_20121231b.shp,date,0,253,C:/Users/owner/Dropbox/Wzone/tmp/tmp2012/shp955_20121231b.shp,date,0,253,C:/Users/owner/Dropbox/Wzone/tmp/tmp2012/shp962_20121231b.shp,date,0,253,C:/Users/owner/Dropbox/Wzone/tmp/tmp2012/shp966_20121231b.shp,date,0,253,C:/Users/owner/Dropbox/Wzone/tmp/tmp2012/shp967_20121231b.shp,date,0,253,C:/Users/owner/Dropbox/Wzone/tmp/tmp2012/shp973_20121231b.shp,date,0,253,C:/Users/owner/Dropbox/Wzone/tmp/tmp2012/shp977_20121231b.shp,date,0,253,C:/Users/owner/Dropbox/Wzone/tmp/tmp2012/shp980_20121231b.shp,date,0,253,C:/Users/owner/Dropbox/Wzone/tmp/tmp2012/shp981_20121231b.shp,date,0,253,C:/Users/owner/Dropbox/Wzone/tmp/tmp2012/shp988_20121231b.shp,date,0,253,C:/Users/owner/Dropbox/Wzone/tmp/tmp2012/shp989_20121231b.shp,date,0,253,C:/Users/owner/Dropbox/Wzone/tmp/tmp2012/shp997_20121231b.shp,date,0,253,C:/Users/owner/Dropbox/Wzone/tmp/tmp2012/shp999_20121231b.shp,date,0,253,C:/Users/owner/Dropbox/Wzone/tmp/tmp2012/shp1000_20121231b.shp,date,0,253,C:/Users/owner/Dropbox/Wzone/tmp/tmp2012/shp1007_20121231b.shp,date,0,253,C:/Users/owner/Dropbox/Wzone/tmp/tmp2012/shp1026_20121231b.shp,date,0,253,C:/Users/owner/Dropbox/Wzone/tmp/tmp2012/shp1027_20121231b.shp,date,0,253,C:/Users/owner/Dropbox/Wzone/tmp/tmp2012/shp1036_20121231b.shp,date,0,253,C:/Users/owner/Dropbox/Wzone/tmp/tmp2012/shp1071_20121231b.shp,date,0,253,C:/Users/owner/Dropbox/Wzone/tmp/tmp2012/shp1072_20121231b.shp,date,0,253,C:/Users/owner/Dropbox/Wzone/tmp/tmp2012/shp1073_20121231b.shp,date,0,253,C:/Users/owner/Dropbox/Wzone/tmp/tmp2012/shp1091_20121231b.shp,date,0,253,C:/Users/owner/Dropbox/Wzone/tmp/tmp2012/shp1096_20121231b.shp,date,0,253,C:/Users/owner/Dropbox/Wzone/tmp/tmp2012/shp1108_20121231b.shp,date,0,253,C:/Users/owner/Dropbox/Wzone/tmp/tmp2012/shp1167_20121231b.shp,date,0,253,C:/Users/owner/Dropbox/Wzone/tmp/tmp2012/shp1176_20121231b.shp,date,0,253,C:/Users/owner/Dropbox/Wzone/tmp/tmp2012/shp1178_20121231b.shp,date,0,253,C:/Users/owner/Dropbox/Wzone/tmp/tmp2012/shp1182_20121231b.shp,date,0,253,C:/Users/owner/Dropbox/Wzone/tmp/tmp2012/shp1204_20121231b.shp,date,0,253,C:/Users/owner/Dropbox/Wzone/tmp/tmp2012/shp1704_20121231b.shp,date,0,253,C:/Users/owner/Dropbox/Wzone/tmp/tmp2012/shp2332_20121231b.shp,date,0,253,C:/Users/owner/Dropbox/Wzone/tmp/tmp2012/shp2425_20121231b.shp,date,0,253,C:/Users/owner/Dropbox/Wzone/tmp/tmp2012/shp2461_20121231b.shp,date,0,253,C:/Users/owner/Dropbox/Wzone/tmp/tmp2012/shp2472_20121231b.shp,date,0,253,C:/Users/owner/Dropbox/Wzone/tmp/tmp2012/shp4313_20121231b.shp,date,0,253,C:/Users/owner/Dropbox/Wzone/tmp/tmp2012/shp5201_20121231b.shp,date,0,253,C:/Users/owner/Dropbox/Wzone/tmp/tmp2012/shp5204_20121231b.shp,date,0,253,C:/Users/owner/Dropbox/Wzone/tmp/tmp2012/shp5262_20121231b.shp,date,0,253,C:/Users/owner/Dropbox/Wzone/tmp/tmp2012/shp5270_20121231b.shp,date,0,253,C:/Users/owner/Dropbox/Wzone/tmp/tmp2012/shp5293_20121231b.shp,date,0,253,C:/Users/owner/Dropbox/Wzone/tmp/tmp2012/shp5313_20121231b.shp,date,0,253,C:/Users/owner/Dropbox/Wzone/tmp/tmp2012/shp5314_20121231b.shp,date,0,253,C:/Users/owner/Dropbox/Wzone/tmp/tmp2012/shp5349_20121231b.shp,date,0,253,C:/Users/owner/Dropbox/Wzone/tmp/tmp2012/shp5460_20121231b.shp,date,0,253,C:/Users/owner/Dropbox/Wzone/tmp/tmp2012/shp5494_20121231b.shp,date,0,253,C:/Users/owner/Dropbox/Wzone/tmp/tmp2012/shp5512_20121231b.shp,date,0,253,C:/Users/owner/Dropbox/Wzone/tmp/tmp2012/shp5534_20121231b.shp,date,0,253,C:/Users/owner/Dropbox/Wzone/tmp/tmp2012/shp5536_20121231b.shp,date,0,253,C:/Users/owner/Dropbox/Wzone/tmp/tmp2012/shp5543_20121231b.shp,date,0,253,C:/Users/owner/Dropbox/Wzone/tmp/tmp2012/shp5546_20121231b.shp,date,0,253,C:/Users/owner/Dropbox/Wzone/tmp/tmp2012/shp5563_20121231b.shp,date,0,253,C:/Users/owner/Dropbox/Wzone/tmp/tmp2012/shp5570_20121231b.shp,date,0,253,C:/Users/owner/Dropbox/Wzone/tmp/tmp2012/shp5577_20121231b.shp,date,0,253,C:/Users/owner/Dropbox/Wzone/tmp/tmp2012/shp5583_20121231b.shp,date,0,253,C:/Users/owner/Dropbox/Wzone/tmp/tmp2012/shp5595_20121231b.shp,date,0,253,C:/Users/owner/Dropbox/Wzone/tmp/tmp2012/shp5598_20121231b.shp,date,0,253,C:/Users/owner/Dropbox/Wzone/tmp/tmp2012/shp10264_20121231b.shp,date,0,253,C:/Users/owner/Dropbox/Wzone/tmp/tmp2012/shp10899_20121231b.shp,date,0,253,C:/Users/owner/Dropbox/Wzone/tmp/tmp2012/shp10985_20121231b.shp,date,0,253,C:/Users/owner/Dropbox/Wzone/tmp/tmp2012/shp11123_20121231b.shp,date,0,253,C:/Users/owner/Dropbox/Wzone/tmp/tmp2012/shp11336_20121231b.shp,date,0,253,C:/Users/owner/Dropbox/Wzone/tmp/tmp2012/shp11377_20121231b.shp,date,0,253,C:/Users/owner/Dropbox/Wzone/tmp/tmp2012/shp11383_20121231b.shp,date,0,253,C:/Users/owner/Dropbox/Wzone/tmp/tmp2012/shp11433_20121231b.shp,date,0,253,C:/Users/owner/Dropbox/Wzone/tmp/tmp2012/shp11662_20121231b.shp,date,0,253,C:/Users/owner/Dropbox/Wzone/tmp/tmp2012/shp11663_20121231b.shp,date,0,253,C:/Users/owner/Dropbox/Wzone/tmp/tmp2012/shp11801_20121231b.shp,date,0,253,C:/Users/owner/Dropbox/Wzone/tmp/tmp2012/shp11972_20121231b.shp,date,0,253,C:/Users/owner/Dropbox/Wzone/tmp/tmp2012/shp11973_20121231b.shp,date,0,253,C:/Users/owner/Dropbox/Wzone/tmp/tmp2012/shp11975_20121231b.shp,date,0,253,C:/Users/owner/Dropbox/Wzone/tmp/tmp2012/shp11985_20121231b.shp,date,0,253,C:/Users/owner/Dropbox/Wzone/tmp/tmp2012/shp11986_20121231b.shp,date,0,253,C:/Users/owner/Dropbox/Wzone/tmp/tmp2012/shp11988_20121231b.shp,date,0,253,C:/Users/owner/Dropbox/Wzone/tmp/tmp2012/shp12009_20121231b.shp,date,0,253,C:/Users/owner/Dropbox/Wzone/tmp/tmp2012/shp12102_20121231b.shp,date,0,253,C:/Users/owner/Dropbox/Wzone/tmp/tmp2012/shp12575_20121231b.shp,date,0,253,C:/Users/owner/Dropbox/Wzone/tmp/tmp2012/shp14200_20121231b.shp,date,0,253,C:/Users/owner/Dropbox/Wzone/tmp/tmp2012/shp14273_20121231b.shp,date,0,253" NO_SOURCE_INFO</Process><Process ToolSource="c:\program files\arcgis\pro\Resources\ArcToolbox\toolboxes\Data Management Tools.tbx\DefineProjection" Date="20240717" Time="040227">DefineProjection C:/Users/owner/Dropbox/Wzone/out/wzone_shp/2012/2012_12_31.shp GEOGCS["GCS_WGS_1984",DATUM["D_WGS_1984",SPHEROID["WGS_1984",6378137.0,298.257223563]],PRIMEM["Greenwich",0.0],UNIT["Degree",0.0174532925199433]]</Process></lineage></DataProperties><SyncDate>20240717</SyncDate><SyncTime>04022400</SyncTime><ModDate>20240717</ModDate><ModTime>04022400</ModTime></Esri><dataIdInfo><envirDesc Sync="TRUE">Microsoft Windows 10 Version 10.0 (Build 19045) ; Esri ArcGIS 13.2.2.49743</envirDesc><dataLang><languageCode value="eng" Sync="TRUE"></languageCode><countryCode value="USA" Sync="TRUE"></countryCode></dataLang><idCitation><resTitle Sync="TRUE">2012_12_31</resTitle><presForm><PresFormCd value="005" Sync="TRUE"></PresFormCd></presForm></idCitation><spatRpType><SpatRepTypCd value="001" Sync="TRUE"></SpatRepTypCd></spatRpType></dataIdInfo><mdLang><languageCode value="eng" Sync="TRUE"></languageCode><countryCode value="USA" Sync="TRUE"></countryCode></mdLang><mdChar><CharSetCd value="004" Sync="TRUE"></CharSetCd></mdChar><distInfo><distFormat><formatName Sync="TRUE">Shapefile</formatName></distFormat><distTranOps><transSize Sync="TRUE">0.000</transSize></distTranOps></distInfo><mdHrLv><ScopeCd value="005" Sync="TRUE"></ScopeCd></mdHrLv><mdHrLvName Sync="TRUE">dataset</mdHrLvName><spatRepInfo><VectSpatRep><geometObjs Name="2012_12_31"><geoObjTyp><GeoObjTypCd value="002" Sync="TRUE"></GeoObjTypCd></geoObjTyp><geoObjCnt Sync="TRUE">0</geoObjCnt></geometObjs><topLvl><TopoLevCd value="001" Sync="TRUE"></TopoLevCd></topLvl></VectSpatRep></spatRepInfo><spdoinfo><ptvctinf><esriterm Name="2012_12_31"><efeatyp Sync="TRUE">Simple</efeatyp><efeageom code="4" Sync="TRUE"></efeageom><esritopo Sync="TRUE">FALSE</esritopo><efeacnt Sync="TRUE">0</efeacnt><spindex Sync="TRUE">FALSE</spindex><linrefer Sync="TRUE">FALSE</linrefer></esriterm></ptvctinf></spdoinfo><eainfo><detailed Name="2012_12_31"><enttyp><enttypl Sync="TRUE">2012_12_31</enttypl><enttypt Sync="TRUE">Feature Class</enttypt><enttypc Sync="TRUE">0</enttypc></enttyp><attr><attrlabl Sync="TRUE">FID</attrlabl><attalias Sync="TRUE">FID</attalias><attrtype Sync="TRUE">OID</attrtype><attwidth Sync="TRUE">4</attwidth><atprecis Sync="TRUE">0</atprecis><attscale Sync="TRUE">0</attscale><attrdef Sync="TRUE">Internal feature number.</attrdef><attrdefs Sync="TRUE">Esri</attrdefs><attrdomv><udom Sync="TRUE">Sequential unique whole numbers that are automatically generated.</udom></attrdomv></attr><attr><attrlabl Sync="TRUE">Shape</attrlabl><attalias Sync="TRUE">Shape</attalias><attrtype Sync="TRUE">Geometry</attrtype><attwidth Sync="TRUE">0</attwidth><atprecis Sync="TRUE">0</atprecis><attscale Sync="TRUE">0</attscale><attrdef Sync="TRUE">Feature geometry.</attrdef><attrdefs Sync="TRUE">Esri</attrdefs><attrdomv><udom Sync="TRUE">Coordinates defining the features.</udom></attrdomv></attr><attr><attrlabl Sync="TRUE">dyad_id</attrlabl><attalias Sync="TRUE">dyad_id</attalias><attrtype Sync="TRUE">Integer</attrtype><attwidth Sync="TRUE">5</attwidth><atprecis Sync="TRUE">5</atprecis><attscale Sync="TRUE">0</attscale></attr><attr><attrlabl Sync="TRUE">conf_id</attrlabl><attalias Sync="TRUE">conf_id</attalias><attrtype Sync="TRUE">Integer</attrtype><attwidth Sync="TRUE">5</attwidth><atprecis Sync="TRUE">5</atprecis><attscale Sync="TRUE">0</attscale></attr><attr><attrlabl Sync="TRUE">date</attrlabl><attalias Sync="TRUE">date</attalias><attrtype Sync="TRUE">String</attrtype><attwidth Sync="TRUE">254</attwidth><atprecis Sync="TRUE">0</atprecis><attscale Sync="TRUE">0</attscale></attr></detailed></eainfo><mdDateSt Sync="TRUE">20240717</mdDateSt></metadata>
