<?xml version="1.0" encoding="UTF-8"?>
<metadata xml:lang="en"><Esri><CreaDate>20240719</CreaDate><CreaTime>04173800</CreaTime><ArcGISFormat>1.0</ArcGISFormat><SyncOnce>FALSE</SyncOnce><DataProperties><itemProps><itemName Sync="TRUE">2013_12_31</itemName><imsContentType Sync="TRUE">002</imsContentType><itemSize Sync="TRUE">0.000</itemSize><itemLocation><linkage Sync="TRUE">file://\\DESKTOP-48J08HF\C$\Users\owner\Dropbox\Wzone\out\wzone_shp\2013\2013_12_31.shp</linkage><protocol Sync="TRUE">Local Area Network</protocol></itemLocation></itemProps><lineage><Process ToolSource="c:\program files\arcgis\pro\Resources\ArcToolbox\toolboxes\Analysis Tools.tbx\Select" Date="20240719" Time="041738">Select in_memory/shp1989411_20131231a C:\Users\owner\Dropbox\Wzone\tmp\tmp1989\shp411_20131231b.shp ""gridcode" &gt; 0"</Process><Process ToolSource="c:\program files\arcgis\pro\Resources\ArcToolbox\toolboxes\Data Management Tools.tbx\AddField" Date="20240719" Time="041738">AddField C:/Users/owner/Dropbox/Wzone/tmp/tmp1989/shp411_20131231b.shp dyad_id "Short (16-bit integer)" # # # # NULLABLE NON_REQUIRED #</Process><Process ToolSource="c:\program files\arcgis\pro\Resources\ArcToolbox\toolboxes\Data Management Tools.tbx\AddField" Date="20240719" Time="041738">AddField C:/Users/owner/Dropbox/Wzone/tmp/tmp1989/shp411_20131231b.shp conf_id "Short (16-bit integer)" # # # # NULLABLE NON_REQUIRED #</Process><Process ToolSource="c:\program files\arcgis\pro\Resources\ArcToolbox\toolboxes\Data Management Tools.tbx\AddField" Date="20240719" Time="041738">AddField C:/Users/owner/Dropbox/Wzone/tmp/tmp1989/shp411_20131231b.shp date Text # # # # NULLABLE NON_REQUIRED #</Process><Process ToolSource="c:\program files\arcgis\pro\Resources\ArcToolbox\toolboxes\Data Management Tools.tbx\DeleteField" Date="20240719" Time="041738">DeleteField C:/Users/owner/Dropbox/Wzone/tmp/tmp1989/shp411_20131231b.shp Id "Delete Fields"</Process><Process ToolSource="c:\program files\arcgis\pro\Resources\ArcToolbox\toolboxes\Data Management Tools.tbx\DeleteField" Date="20240719" Time="041738">DeleteField C:/Users/owner/Dropbox/Wzone/tmp/tmp1989/shp411_20131231b.shp gridcode "Delete Fields"</Process><Process ToolSource="c:\program files\arcgis\pro\Resources\ArcToolbox\toolboxes\Data Management Tools.tbx\Merge" Date="20240719" Time="042101">Merge C:/Users/owner/Dropbox/Wzone/tmp/tmp1989/shp411_20131231b.shp;C:/Users/owner/Dropbox/Wzone/tmp/tmp1989/shp422_20131231b.shp;C:/Users/owner/Dropbox/Wzone/tmp/tmp1989/shp428_20131231b.shp;C:/Users/owner/Dropbox/Wzone/tmp/tmp1989/shp453_20131231b.shp;C:/Users/owner/Dropbox/Wzone/tmp/tmp1989/shp459_20131231b.shp;C:/Users/owner/Dropbox/Wzone/tmp/tmp1989/shp461_20131231b.shp;C:/Users/owner/Dropbox/Wzone/tmp/tmp1989/shp474_20131231b.shp;C:/Users/owner/Dropbox/Wzone/tmp/tmp1989/shp476_20131231b.shp;C:/Users/owner/Dropbox/Wzone/tmp/tmp1989/shp478_20131231b.shp;C:/Users/owner/Dropbox/Wzone/tmp/tmp1989/shp508_20131231b.shp;C:/Users/owner/Dropbox/Wzone/tmp/tmp1989/shp623_20131231b.shp;C:/Users/owner/Dropbox/Wzone/tmp/tmp1989/shp624_20131231b.shp;C:/Users/owner/Dropbox/Wzone/tmp/tmp1989/shp628_20131231b.shp;C:/Users/owner/Dropbox/Wzone/tmp/tmp1989/shp640_20131231b.shp;C:/Users/owner/Dropbox/Wzone/tmp/tmp1989/shp657_20131231b.shp;C:/Users/owner/Dropbox/Wzone/tmp/tmp1989/shp658_20131231b.shp;C:/Users/owner/Dropbox/Wzone/tmp/tmp1989/shp689_20131231b.shp;C:/Users/owner/Dropbox/Wzone/tmp/tmp1989/shp708_20131231b.shp;C:/Users/owner/Dropbox/Wzone/tmp/tmp1989/shp709_20131231b.shp;C:/Users/owner/Dropbox/Wzone/tmp/tmp1989/shp711_20131231b.shp;C:/Users/owner/Dropbox/Wzone/tmp/tmp1989/shp719_20131231b.shp;C:/Users/owner/Dropbox/Wzone/tmp/tmp1989/shp722_20131231b.shp;C:/Users/owner/Dropbox/Wzone/tmp/tmp1989/shp735_20131231b.shp;C:/Users/owner/Dropbox/Wzone/tmp/tmp1989/shp750_20131231b.shp;C:/Users/owner/Dropbox/Wzone/tmp/tmp1989/shp754_20131231b.shp;C:/Users/owner/Dropbox/Wzone/tmp/tmp1989/shp768_20131231b.shp;C:/Users/owner/Dropbox/Wzone/tmp/tmp1989/shp781_20131231b.shp;C:/Users/owner/Dropbox/Wzone/tmp/tmp1989/shp792_20131231b.shp;C:/Users/owner/Dropbox/Wzone/tmp/tmp1989/shp830_20131231b.shp;C:/Users/owner/Dropbox/Wzone/tmp/tmp1989/shp833_20131231b.shp;C:/Users/owner/Dropbox/Wzone/tmp/tmp1989/shp857_20131231b.shp;C:/Users/owner/Dropbox/Wzone/tmp/tmp1989/shp869_20131231b.shp;C:/Users/owner/Dropbox/Wzone/tmp/tmp1989/shp878_20131231b.shp;C:/Users/owner/Dropbox/Wzone/tmp/tmp1989/shp885_20131231b.shp;C:/Users/owner/Dropbox/Wzone/tmp/tmp1989/shp899_20131231b.shp;C:/Users/owner/Dropbox/Wzone/tmp/tmp1989/shp906_20131231b.shp;C:/Users/owner/Dropbox/Wzone/tmp/tmp1989/shp913_20131231b.shp;C:/Users/owner/Dropbox/Wzone/tmp/tmp1989/shp914_20131231b.shp;C:/Users/owner/Dropbox/Wzone/tmp/tmp1989/shp921_20131231b.shp;C:/Users/owner/Dropbox/Wzone/tmp/tmp1989/shp929_20131231b.shp;C:/Users/owner/Dropbox/Wzone/tmp/tmp1989/shp930_20131231b.shp;C:/Users/owner/Dropbox/Wzone/tmp/tmp1989/shp931_20131231b.shp;C:/Users/owner/Dropbox/Wzone/tmp/tmp1989/shp934_20131231b.shp;C:/Users/owner/Dropbox/Wzone/tmp/tmp1989/shp935_20131231b.shp;C:/Users/owner/Dropbox/Wzone/tmp/tmp1989/shp936_20131231b.shp;C:/Users/owner/Dropbox/Wzone/tmp/tmp1989/shp941_20131231b.shp;C:/Users/owner/Dropbox/Wzone/tmp/tmp1989/shp942_20131231b.shp;C:/Users/owner/Dropbox/Wzone/tmp/tmp1989/shp944_20131231b.shp;C:/Users/owner/Dropbox/Wzone/tmp/tmp1989/shp947_20131231b.shp;C:/Users/owner/Dropbox/Wzone/tmp/tmp1989/shp948_20131231b.shp;C:/Users/owner/Dropbox/Wzone/tmp/tmp1989/shp950_20131231b.shp;C:/Users/owner/Dropbox/Wzone/tmp/tmp1989/shp951_20131231b.shp;C:/Users/owner/Dropbox/Wzone/tmp/tmp1989/shp955_20131231b.shp;C:/Users/owner/Dropbox/Wzone/tmp/tmp1989/shp962_20131231b.shp;C:/Users/owner/Dropbox/Wzone/tmp/tmp1989/shp966_20131231b.shp;C:/Users/owner/Dropbox/Wzone/tmp/tmp1989/shp973_20131231b.shp;C:/Users/owner/Dropbox/Wzone/tmp/tmp1989/shp977_20131231b.shp;C:/Users/owner/Dropbox/Wzone/tmp/tmp1989/shp980_20131231b.shp;C:/Users/owner/Dropbox/Wzone/tmp/tmp1989/shp981_20131231b.shp;C:/Users/owner/Dropbox/Wzone/tmp/tmp1989/shp988_20131231b.shp;C:/Users/owner/Dropbox/Wzone/tmp/tmp1989/shp989_20131231b.shp;C:/Users/owner/Dropbox/Wzone/tmp/tmp1989/shp997_20131231b.shp;C:/Users/owner/Dropbox/Wzone/tmp/tmp1989/shp999_20131231b.shp;C:/Users/owner/Dropbox/Wzone/tmp/tmp1989/shp1000_20131231b.shp;C:/Users/owner/Dropbox/Wzone/tmp/tmp1989/shp1007_20131231b.shp;C:/Users/owner/Dropbox/Wzone/tmp/tmp1989/shp1026_20131231b.shp;C:/Users/owner/Dropbox/Wzone/tmp/tmp1989/shp1027_20131231b.shp;C:/Users/owner/Dropbox/Wzone/tmp/tmp1989/shp1036_20131231b.shp;C:/Users/owner/Dropbox/Wzone/tmp/tmp1989/shp1071_20131231b.shp;C:/Users/owner/Dropbox/Wzone/tmp/tmp1989/shp1073_20131231b.shp;C:/Users/owner/Dropbox/Wzone/tmp/tmp1989/shp1096_20131231b.shp;C:/Users/owner/Dropbox/Wzone/tmp/tmp1989/shp1108_20131231b.shp;C:/Users/owner/Dropbox/Wzone/tmp/tmp1989/shp1167_20131231b.shp;C:/Users/owner/Dropbox/Wzone/tmp/tmp1989/shp1175_20131231b.shp;C:/Users/owner/Dropbox/Wzone/tmp/tmp1989/shp1176_20131231b.shp;C:/Users/owner/Dropbox/Wzone/tmp/tmp1989/shp1178_20131231b.shp;C:/Users/owner/Dropbox/Wzone/tmp/tmp1989/shp1182_20131231b.shp;C:/Users/owner/Dropbox/Wzone/tmp/tmp1989/shp1204_20131231b.shp;C:/Users/owner/Dropbox/Wzone/tmp/tmp1989/shp2332_20131231b.shp;C:/Users/owner/Dropbox/Wzone/tmp/tmp1989/shp2425_20131231b.shp;C:/Users/owner/Dropbox/Wzone/tmp/tmp1989/shp2461_20131231b.shp;C:/Users/owner/Dropbox/Wzone/tmp/tmp1989/shp2472_20131231b.shp;C:/Users/owner/Dropbox/Wzone/tmp/tmp1989/shp4313_20131231b.shp;C:/Users/owner/Dropbox/Wzone/tmp/tmp1989/shp5201_20131231b.shp;C:/Users/owner/Dropbox/Wzone/tmp/tmp1989/shp5204_20131231b.shp;C:/Users/owner/Dropbox/Wzone/tmp/tmp1989/shp5247_20131231b.shp;C:/Users/owner/Dropbox/Wzone/tmp/tmp1989/shp5262_20131231b.shp;C:/Users/owner/Dropbox/Wzone/tmp/tmp1989/shp5270_20131231b.shp;C:/Users/owner/Dropbox/Wzone/tmp/tmp1989/shp5276_20131231b.shp;C:/Users/owner/Dropbox/Wzone/tmp/tmp1989/shp5293_20131231b.shp;C:/Users/owner/Dropbox/Wzone/tmp/tmp1989/shp5313_20131231b.shp;C:/Users/owner/Dropbox/Wzone/tmp/tmp1989/shp5314_20131231b.shp;C:/Users/owner/Dropbox/Wzone/tmp/tmp1989/shp5349_20131231b.shp;C:/Users/owner/Dropbox/Wzone/tmp/tmp1989/shp5460_20131231b.shp;C:/Users/owner/Dropbox/Wzone/tmp/tmp1989/shp5494_20131231b.shp;C:/Users/owner/Dropbox/Wzone/tmp/tmp1989/shp5512_20131231b.shp;C:/Users/owner/Dropbox/Wzone/tmp/tmp1989/shp5534_20131231b.shp;C:/Users/owner/Dropbox/Wzone/tmp/tmp1989/shp5536_20131231b.shp;C:/Users/owner/Dropbox/Wzone/tmp/tmp1989/shp5543_20131231b.shp;C:/Users/owner/Dropbox/Wzone/tmp/tmp1989/shp5563_20131231b.shp;C:/Users/owner/Dropbox/Wzone/tmp/tmp1989/shp5570_20131231b.shp;C:/Users/owner/Dropbox/Wzone/tmp/tmp1989/shp5577_20131231b.shp;C:/Users/owner/Dropbox/Wzone/tmp/tmp1989/shp5583_20131231b.shp;C:/Users/owner/Dropbox/Wzone/tmp/tmp1989/shp5589_20131231b.shp;C:/Users/owner/Dropbox/Wzone/tmp/tmp1989/shp5595_20131231b.shp;C:/Users/owner/Dropbox/Wzone/tmp/tmp1989/shp5598_20131231b.shp;C:/Users/owner/Dropbox/Wzone/tmp/tmp1989/shp10264_20131231b.shp;C:/Users/owner/Dropbox/Wzone/tmp/tmp1989/shp10882_20131231b.shp;C:/Users/owner/Dropbox/Wzone/tmp/tmp1989/shp10985_20131231b.shp;C:/Users/owner/Dropbox/Wzone/tmp/tmp1989/shp11123_20131231b.shp;C:/Users/owner/Dropbox/Wzone/tmp/tmp1989/shp11336_20131231b.shp;C:/Users/owner/Dropbox/Wzone/tmp/tmp1989/shp11377_20131231b.shp;C:/Users/owner/Dropbox/Wzone/tmp/tmp1989/shp11383_20131231b.shp;C:/Users/owner/Dropbox/Wzone/tmp/tmp1989/shp11433_20131231b.shp;C:/Users/owner/Dropbox/Wzone/tmp/tmp1989/shp11521_20131231b.shp;C:/Users/owner/Dropbox/Wzone/tmp/tmp1989/shp11662_20131231b.shp;C:/Users/owner/Dropbox/Wzone/tmp/tmp1989/shp11663_20131231b.shp;C:/Users/owner/Dropbox/Wzone/tmp/tmp1989/shp11682_20131231b.shp;C:/Users/owner/Dropbox/Wzone/tmp/tmp1989/shp11801_20131231b.shp;C:/Users/owner/Dropbox/Wzone/tmp/tmp1989/shp11972_20131231b.shp;C:/Users/owner/Dropbox/Wzone/tmp/tmp1989/shp11973_20131231b.shp;C:/Users/owner/Dropbox/Wzone/tmp/tmp1989/shp11975_20131231b.shp;C:/Users/owner/Dropbox/Wzone/tmp/tmp1989/shp11985_20131231b.shp;C:/Users/owner/Dropbox/Wzone/tmp/tmp1989/shp11986_20131231b.shp;C:/Users/owner/Dropbox/Wzone/tmp/tmp1989/shp11988_20131231b.shp;C:/Users/owner/Dropbox/Wzone/tmp/tmp1989/shp12009_20131231b.shp;C:/Users/owner/Dropbox/Wzone/tmp/tmp1989/shp12046_20131231b.shp;C:/Users/owner/Dropbox/Wzone/tmp/tmp1989/shp12102_20131231b.shp;C:/Users/owner/Dropbox/Wzone/tmp/tmp1989/shp12132_20131231b.shp;C:/Users/owner/Dropbox/Wzone/tmp/tmp1989/shp12378_20131231b.shp;C:/Users/owner/Dropbox/Wzone/tmp/tmp1989/shp12379_20131231b.shp;C:/Users/owner/Dropbox/Wzone/tmp/tmp1989/shp12380_20131231b.shp;C:/Users/owner/Dropbox/Wzone/tmp/tmp1989/shp12382_20131231b.shp;C:/Users/owner/Dropbox/Wzone/tmp/tmp1989/shp12400_20131231b.shp;C:/Users/owner/Dropbox/Wzone/tmp/tmp1989/shp12413_20131231b.shp;C:/Users/owner/Dropbox/Wzone/tmp/tmp1989/shp12414_20131231b.shp;C:/Users/owner/Dropbox/Wzone/tmp/tmp1989/shp12575_20131231b.shp;C:/Users/owner/Dropbox/Wzone/tmp/tmp1989/shp12582_20131231b.shp;C:/Users/owner/Dropbox/Wzone/tmp/tmp1989/shp12701_20131231b.shp;C:/Users/owner/Dropbox/Wzone/tmp/tmp1989/shp13767_20131231b.shp;C:/Users/owner/Dropbox/Wzone/tmp/tmp1989/shp13813_20131231b.shp;C:/Users/owner/Dropbox/Wzone/tmp/tmp1989/shp13821_20131231b.shp;C:/Users/owner/Dropbox/Wzone/tmp/tmp1989/shp14102_20131231b.shp;C:/Users/owner/Dropbox/Wzone/tmp/tmp1989/shp14200_20131231b.shp;C:/Users/owner/Dropbox/Wzone/tmp/tmp1989/shp14273_20131231b.shp;C:/Users/owner/Dropbox/Wzone/tmp/tmp1989/shp14341_20131231b.shp;C:/Users/owner/Dropbox/Wzone/tmp/tmp1989/shp14342_20131231b.shp;C:/Users/owner/Dropbox/Wzone/tmp/tmp1989/shp14353_20131231b.shp;C:/Users/owner/Dropbox/Wzone/tmp/tmp1989/shp14377_20131231b.shp;C:/Users/owner/Dropbox/Wzone/tmp/tmp1989/shp14620_20131231b.shp C:\Users\owner\Dropbox\Wzone\out\wzone_shp\2013\2013_12_31.shp "dyad_id "dyad_id" true true false 5 Long 0 5,First,#,C:/Users/owner/Dropbox/Wzone/tmp/tmp1989/shp411_20131231b.shp,dyad_id,-1,-1,C:/Users/owner/Dropbox/Wzone/tmp/tmp1989/shp422_20131231b.shp,dyad_id,-1,-1,C:/Users/owner/Dropbox/Wzone/tmp/tmp1989/shp428_20131231b.shp,dyad_id,-1,-1,C:/Users/owner/Dropbox/Wzone/tmp/tmp1989/shp453_20131231b.shp,dyad_id,-1,-1,C:/Users/owner/Dropbox/Wzone/tmp/tmp1989/shp459_20131231b.shp,dyad_id,-1,-1,C:/Users/owner/Dropbox/Wzone/tmp/tmp1989/shp461_20131231b.shp,dyad_id,-1,-1,C:/Users/owner/Dropbox/Wzone/tmp/tmp1989/shp474_20131231b.shp,dyad_id,-1,-1,C:/Users/owner/Dropbox/Wzone/tmp/tmp1989/shp476_20131231b.shp,dyad_id,-1,-1,C:/Users/owner/Dropbox/Wzone/tmp/tmp1989/shp478_20131231b.shp,dyad_id,-1,-1,C:/Users/owner/Dropbox/Wzone/tmp/tmp1989/shp508_20131231b.shp,dyad_id,-1,-1,C:/Users/owner/Dropbox/Wzone/tmp/tmp1989/shp623_20131231b.shp,dyad_id,-1,-1,C:/Users/owner/Dropbox/Wzone/tmp/tmp1989/shp624_20131231b.shp,dyad_id,-1,-1,C:/Users/owner/Dropbox/Wzone/tmp/tmp1989/shp628_20131231b.shp,dyad_id,-1,-1,C:/Users/owner/Dropbox/Wzone/tmp/tmp1989/shp640_20131231b.shp,dyad_id,-1,-1,C:/Users/owner/Dropbox/Wzone/tmp/tmp1989/shp657_20131231b.shp,dyad_id,-1,-1,C:/Users/owner/Dropbox/Wzone/tmp/tmp1989/shp658_20131231b.shp,dyad_id,-1,-1,C:/Users/owner/Dropbox/Wzone/tmp/tmp1989/shp689_20131231b.shp,dyad_id,-1,-1,C:/Users/owner/Dropbox/Wzone/tmp/tmp1989/shp708_20131231b.shp,dyad_id,-1,-1,C:/Users/owner/Dropbox/Wzone/tmp/tmp1989/shp709_20131231b.shp,dyad_id,-1,-1,C:/Users/owner/Dropbox/Wzone/tmp/tmp1989/shp711_20131231b.shp,dyad_id,-1,-1,C:/Users/owner/Dropbox/Wzone/tmp/tmp1989/shp719_20131231b.shp,dyad_id,-1,-1,C:/Users/owner/Dropbox/Wzone/tmp/tmp1989/shp722_20131231b.shp,dyad_id,-1,-1,C:/Users/owner/Dropbox/Wzone/tmp/tmp1989/shp735_20131231b.shp,dyad_id,-1,-1,C:/Users/owner/Dropbox/Wzone/tmp/tmp1989/shp750_20131231b.shp,dyad_id,-1,-1,C:/Users/owner/Dropbox/Wzone/tmp/tmp1989/shp754_20131231b.shp,dyad_id,-1,-1,C:/Users/owner/Dropbox/Wzone/tmp/tmp1989/shp768_20131231b.shp,dyad_id,-1,-1,C:/Users/owner/Dropbox/Wzone/tmp/tmp1989/shp781_20131231b.shp,dyad_id,-1,-1,C:/Users/owner/Dropbox/Wzone/tmp/tmp1989/shp792_20131231b.shp,dyad_id,-1,-1,C:/Users/owner/Dropbox/Wzone/tmp/tmp1989/shp830_20131231b.shp,dyad_id,-1,-1,C:/Users/owner/Dropbox/Wzone/tmp/tmp1989/shp833_20131231b.shp,dyad_id,-1,-1,C:/Users/owner/Dropbox/Wzone/tmp/tmp1989/shp857_20131231b.shp,dyad_id,-1,-1,C:/Users/owner/Dropbox/Wzone/tmp/tmp1989/shp869_20131231b.shp,dyad_id,-1,-1,C:/Users/owner/Dropbox/Wzone/tmp/tmp1989/shp878_20131231b.shp,dyad_id,-1,-1,C:/Users/owner/Dropbox/Wzone/tmp/tmp1989/shp885_20131231b.shp,dyad_id,-1,-1,C:/Users/owner/Dropbox/Wzone/tmp/tmp1989/shp899_20131231b.shp,dyad_id,-1,-1,C:/Users/owner/Dropbox/Wzone/tmp/tmp1989/shp906_20131231b.shp,dyad_id,-1,-1,C:/Users/owner/Dropbox/Wzone/tmp/tmp1989/shp913_20131231b.shp,dyad_id,-1,-1,C:/Users/owner/Dropbox/Wzone/tmp/tmp1989/shp914_20131231b.shp,dyad_id,-1,-1,C:/Users/owner/Dropbox/Wzone/tmp/tmp1989/shp921_20131231b.shp,dyad_id,-1,-1,C:/Users/owner/Dropbox/Wzone/tmp/tmp1989/shp929_20131231b.shp,dyad_id,-1,-1,C:/Users/owner/Dropbox/Wzone/tmp/tmp1989/shp930_20131231b.shp,dyad_id,-1,-1,C:/Users/owner/Dropbox/Wzone/tmp/tmp1989/shp931_20131231b.shp,dyad_id,-1,-1,C:/Users/owner/Dropbox/Wzone/tmp/tmp1989/shp934_20131231b.shp,dyad_id,-1,-1,C:/Users/owner/Dropbox/Wzone/tmp/tmp1989/shp935_20131231b.shp,dyad_id,-1,-1,C:/Users/owner/Dropbox/Wzone/tmp/tmp1989/shp936_20131231b.shp,dyad_id,-1,-1,C:/Users/owner/Dropbox/Wzone/tmp/tmp1989/shp941_20131231b.shp,dyad_id,-1,-1,C:/Users/owner/Dropbox/Wzone/tmp/tmp1989/shp942_20131231b.shp,dyad_id,-1,-1,C:/Users/owner/Dropbox/Wzone/tmp/tmp1989/shp944_20131231b.shp,dyad_id,-1,-1,C:/Users/owner/Dropbox/Wzone/tmp/tmp1989/shp947_20131231b.shp,dyad_id,-1,-1,C:/Users/owner/Dropbox/Wzone/tmp/tmp1989/shp948_20131231b.shp,dyad_id,-1,-1,C:/Users/owner/Dropbox/Wzone/tmp/tmp1989/shp950_20131231b.shp,dyad_id,-1,-1,C:/Users/owner/Dropbox/Wzone/tmp/tmp1989/shp951_20131231b.shp,dyad_id,-1,-1,C:/Users/owner/Dropbox/Wzone/tmp/tmp1989/shp955_20131231b.shp,dyad_id,-1,-1,C:/Users/owner/Dropbox/Wzone/tmp/tmp1989/shp962_20131231b.shp,dyad_id,-1,-1,C:/Users/owner/Dropbox/Wzone/tmp/tmp1989/shp966_20131231b.shp,dyad_id,-1,-1,C:/Users/owner/Dropbox/Wzone/tmp/tmp1989/shp973_20131231b.shp,dyad_id,-1,-1,C:/Users/owner/Dropbox/Wzone/tmp/tmp1989/shp977_20131231b.shp,dyad_id,-1,-1,C:/Users/owner/Dropbox/Wzone/tmp/tmp1989/shp980_20131231b.shp,dyad_id,-1,-1,C:/Users/owner/Dropbox/Wzone/tmp/tmp1989/shp981_20131231b.shp,dyad_id,-1,-1,C:/Users/owner/Dropbox/Wzone/tmp/tmp1989/shp988_20131231b.shp,dyad_id,-1,-1,C:/Users/owner/Dropbox/Wzone/tmp/tmp1989/shp989_20131231b.shp,dyad_id,-1,-1,C:/Users/owner/Dropbox/Wzone/tmp/tmp1989/shp997_20131231b.shp,dyad_id,-1,-1,C:/Users/owner/Dropbox/Wzone/tmp/tmp1989/shp999_20131231b.shp,dyad_id,-1,-1,C:/Users/owner/Dropbox/Wzone/tmp/tmp1989/shp1000_20131231b.shp,dyad_id,-1,-1,C:/Users/owner/Dropbox/Wzone/tmp/tmp1989/shp1007_20131231b.shp,dyad_id,-1,-1,C:/Users/owner/Dropbox/Wzone/tmp/tmp1989/shp1026_20131231b.shp,dyad_id,-1,-1,C:/Users/owner/Dropbox/Wzone/tmp/tmp1989/shp1027_20131231b.shp,dyad_id,-1,-1,C:/Users/owner/Dropbox/Wzone/tmp/tmp1989/shp1036_20131231b.shp,dyad_id,-1,-1,C:/Users/owner/Dropbox/Wzone/tmp/tmp1989/shp1071_20131231b.shp,dyad_id,-1,-1,C:/Users/owner/Dropbox/Wzone/tmp/tmp1989/shp1073_20131231b.shp,dyad_id,-1,-1,C:/Users/owner/Dropbox/Wzone/tmp/tmp1989/shp1096_20131231b.shp,dyad_id,-1,-1,C:/Users/owner/Dropbox/Wzone/tmp/tmp1989/shp1108_20131231b.shp,dyad_id,-1,-1,C:/Users/owner/Dropbox/Wzone/tmp/tmp1989/shp1167_20131231b.shp,dyad_id,-1,-1,C:/Users/owner/Dropbox/Wzone/tmp/tmp1989/shp1175_20131231b.shp,dyad_id,-1,-1,C:/Users/owner/Dropbox/Wzone/tmp/tmp1989/shp1176_20131231b.shp,dyad_id,-1,-1,C:/Users/owner/Dropbox/Wzone/tmp/tmp1989/shp1178_20131231b.shp,dyad_id,-1,-1,C:/Users/owner/Dropbox/Wzone/tmp/tmp1989/shp1182_20131231b.shp,dyad_id,-1,-1,C:/Users/owner/Dropbox/Wzone/tmp/tmp1989/shp1204_20131231b.shp,dyad_id,-1,-1,C:/Users/owner/Dropbox/Wzone/tmp/tmp1989/shp2332_20131231b.shp,dyad_id,-1,-1,C:/Users/owner/Dropbox/Wzone/tmp/tmp1989/shp2425_20131231b.shp,dyad_id,-1,-1,C:/Users/owner/Dropbox/Wzone/tmp/tmp1989/shp2461_20131231b.shp,dyad_id,-1,-1,C:/Users/owner/Dropbox/Wzone/tmp/tmp1989/shp2472_20131231b.shp,dyad_id,-1,-1,C:/Users/owner/Dropbox/Wzone/tmp/tmp1989/shp4313_20131231b.shp,dyad_id,-1,-1,C:/Users/owner/Dropbox/Wzone/tmp/tmp1989/shp5201_20131231b.shp,dyad_id,-1,-1,C:/Users/owner/Dropbox/Wzone/tmp/tmp1989/shp5204_20131231b.shp,dyad_id,-1,-1,C:/Users/owner/Dropbox/Wzone/tmp/tmp1989/shp5247_20131231b.shp,dyad_id,-1,-1,C:/Users/owner/Dropbox/Wzone/tmp/tmp1989/shp5262_20131231b.shp,dyad_id,-1,-1,C:/Users/owner/Dropbox/Wzone/tmp/tmp1989/shp5270_20131231b.shp,dyad_id,-1,-1,C:/Users/owner/Dropbox/Wzone/tmp/tmp1989/shp5276_20131231b.shp,dyad_id,-1,-1,C:/Users/owner/Dropbox/Wzone/tmp/tmp1989/shp5293_20131231b.shp,dyad_id,-1,-1,C:/Users/owner/Dropbox/Wzone/tmp/tmp1989/shp5313_20131231b.shp,dyad_id,-1,-1,C:/Users/owner/Dropbox/Wzone/tmp/tmp1989/shp5314_20131231b.shp,dyad_id,-1,-1,C:/Users/owner/Dropbox/Wzone/tmp/tmp1989/shp5349_20131231b.shp,dyad_id,-1,-1,C:/Users/owner/Dropbox/Wzone/tmp/tmp1989/shp5460_20131231b.shp,dyad_id,-1,-1,C:/Users/owner/Dropbox/Wzone/tmp/tmp1989/shp5494_20131231b.shp,dyad_id,-1,-1,C:/Users/owner/Dropbox/Wzone/tmp/tmp1989/shp5512_20131231b.shp,dyad_id,-1,-1,C:/Users/owner/Dropbox/Wzone/tmp/tmp1989/shp5534_20131231b.shp,dyad_id,-1,-1,C:/Users/owner/Dropbox/Wzone/tmp/tmp1989/shp5536_20131231b.shp,dyad_id,-1,-1,C:/Users/owner/Dropbox/Wzone/tmp/tmp1989/shp5543_20131231b.shp,dyad_id,-1,-1,C:/Users/owner/Dropbox/Wzone/tmp/tmp1989/shp5563_20131231b.shp,dyad_id,-1,-1,C:/Users/owner/Dropbox/Wzone/tmp/tmp1989/shp5570_20131231b.shp,dyad_id,-1,-1,C:/Users/owner/Dropbox/Wzone/tmp/tmp1989/shp5577_20131231b.shp,dyad_id,-1,-1,C:/Users/owner/Dropbox/Wzone/tmp/tmp1989/shp5583_20131231b.shp,dyad_id,-1,-1,C:/Users/owner/Dropbox/Wzone/tmp/tmp1989/shp5589_20131231b.shp,dyad_id,-1,-1,C:/Users/owner/Dropbox/Wzone/tmp/tmp1989/shp5595_20131231b.shp,dyad_id,-1,-1,C:/Users/owner/Dropbox/Wzone/tmp/tmp1989/shp5598_20131231b.shp,dyad_id,-1,-1,C:/Users/owner/Dropbox/Wzone/tmp/tmp1989/shp10264_20131231b.shp,dyad_id,-1,-1,C:/Users/owner/Dropbox/Wzone/tmp/tmp1989/shp10882_20131231b.shp,dyad_id,-1,-1,C:/Users/owner/Dropbox/Wzone/tmp/tmp1989/shp10985_20131231b.shp,dyad_id,-1,-1,C:/Users/owner/Dropbox/Wzone/tmp/tmp1989/shp11123_20131231b.shp,dyad_id,-1,-1,C:/Users/owner/Dropbox/Wzone/tmp/tmp1989/shp11336_20131231b.shp,dyad_id,-1,-1,C:/Users/owner/Dropbox/Wzone/tmp/tmp1989/shp11377_20131231b.shp,dyad_id,-1,-1,C:/Users/owner/Dropbox/Wzone/tmp/tmp1989/shp11383_20131231b.shp,dyad_id,-1,-1,C:/Users/owner/Dropbox/Wzone/tmp/tmp1989/shp11433_20131231b.shp,dyad_id,-1,-1,C:/Users/owner/Dropbox/Wzone/tmp/tmp1989/shp11521_20131231b.shp,dyad_id,-1,-1,C:/Users/owner/Dropbox/Wzone/tmp/tmp1989/shp11662_20131231b.shp,dyad_id,-1,-1,C:/Users/owner/Dropbox/Wzone/tmp/tmp1989/shp11663_20131231b.shp,dyad_id,-1,-1,C:/Users/owner/Dropbox/Wzone/tmp/tmp1989/shp11682_20131231b.shp,dyad_id,-1,-1,C:/Users/owner/Dropbox/Wzone/tmp/tmp1989/shp11801_20131231b.shp,dyad_id,-1,-1,C:/Users/owner/Dropbox/Wzone/tmp/tmp1989/shp11972_20131231b.shp,dyad_id,-1,-1,C:/Users/owner/Dropbox/Wzone/tmp/tmp1989/shp11973_20131231b.shp,dyad_id,-1,-1,C:/Users/owner/Dropbox/Wzone/tmp/tmp1989/shp11975_20131231b.shp,dyad_id,-1,-1,C:/Users/owner/Dropbox/Wzone/tmp/tmp1989/shp11985_20131231b.shp,dyad_id,-1,-1,C:/Users/owner/Dropbox/Wzone/tmp/tmp1989/shp11986_20131231b.shp,dyad_id,-1,-1,C:/Users/owner/Dropbox/Wzone/tmp/tmp1989/shp11988_20131231b.shp,dyad_id,-1,-1,C:/Users/owner/Dropbox/Wzone/tmp/tmp1989/shp12009_20131231b.shp,dyad_id,-1,-1,C:/Users/owner/Dropbox/Wzone/tmp/tmp1989/shp12046_20131231b.shp,dyad_id,-1,-1,C:/Users/owner/Dropbox/Wzone/tmp/tmp1989/shp12102_20131231b.shp,dyad_id,-1,-1,C:/Users/owner/Dropbox/Wzone/tmp/tmp1989/shp12132_20131231b.shp,dyad_id,-1,-1,C:/Users/owner/Dropbox/Wzone/tmp/tmp1989/shp12378_20131231b.shp,dyad_id,-1,-1,C:/Users/owner/Dropbox/Wzone/tmp/tmp1989/shp12379_20131231b.shp,dyad_id,-1,-1,C:/Users/owner/Dropbox/Wzone/tmp/tmp1989/shp12380_20131231b.shp,dyad_id,-1,-1,C:/Users/owner/Dropbox/Wzone/tmp/tmp1989/shp12382_20131231b.shp,dyad_id,-1,-1,C:/Users/owner/Dropbox/Wzone/tmp/tmp1989/shp12400_20131231b.shp,dyad_id,-1,-1,C:/Users/owner/Dropbox/Wzone/tmp/tmp1989/shp12413_20131231b.shp,dyad_id,-1,-1,C:/Users/owner/Dropbox/Wzone/tmp/tmp1989/shp12414_20131231b.shp,dyad_id,-1,-1,C:/Users/owner/Dropbox/Wzone/tmp/tmp1989/shp12575_20131231b.shp,dyad_id,-1,-1,C:/Users/owner/Dropbox/Wzone/tmp/tmp1989/shp12582_20131231b.shp,dyad_id,-1,-1,C:/Users/owner/Dropbox/Wzone/tmp/tmp1989/shp12701_20131231b.shp,dyad_id,-1,-1,C:/Users/owner/Dropbox/Wzone/tmp/tmp1989/shp13767_20131231b.shp,dyad_id,-1,-1,C:/Users/owner/Dropbox/Wzone/tmp/tmp1989/shp13813_20131231b.shp,dyad_id,-1,-1,C:/Users/owner/Dropbox/Wzone/tmp/tmp1989/shp13821_20131231b.shp,dyad_id,-1,-1,C:/Users/owner/Dropbox/Wzone/tmp/tmp1989/shp14102_20131231b.shp,dyad_id,-1,-1,C:/Users/owner/Dropbox/Wzone/tmp/tmp1989/shp14200_20131231b.shp,dyad_id,-1,-1,C:/Users/owner/Dropbox/Wzone/tmp/tmp1989/shp14273_20131231b.shp,dyad_id,-1,-1,C:/Users/owner/Dropbox/Wzone/tmp/tmp1989/shp14341_20131231b.shp,dyad_id,-1,-1,C:/Users/owner/Dropbox/Wzone/tmp/tmp1989/shp14342_20131231b.shp,dyad_id,-1,-1,C:/Users/owner/Dropbox/Wzone/tmp/tmp1989/shp14353_20131231b.shp,dyad_id,-1,-1,C:/Users/owner/Dropbox/Wzone/tmp/tmp1989/shp14377_20131231b.shp,dyad_id,-1,-1,C:/Users/owner/Dropbox/Wzone/tmp/tmp1989/shp14620_20131231b.shp,dyad_id,-1,-1;conf_id "conf_id" true true false 5 Long 0 5,First,#,C:/Users/owner/Dropbox/Wzone/tmp/tmp1989/shp411_20131231b.shp,conf_id,-1,-1,C:/Users/owner/Dropbox/Wzone/tmp/tmp1989/shp422_20131231b.shp,conf_id,-1,-1,C:/Users/owner/Dropbox/Wzone/tmp/tmp1989/shp428_20131231b.shp,conf_id,-1,-1,C:/Users/owner/Dropbox/Wzone/tmp/tmp1989/shp453_20131231b.shp,conf_id,-1,-1,C:/Users/owner/Dropbox/Wzone/tmp/tmp1989/shp459_20131231b.shp,conf_id,-1,-1,C:/Users/owner/Dropbox/Wzone/tmp/tmp1989/shp461_20131231b.shp,conf_id,-1,-1,C:/Users/owner/Dropbox/Wzone/tmp/tmp1989/shp474_20131231b.shp,conf_id,-1,-1,C:/Users/owner/Dropbox/Wzone/tmp/tmp1989/shp476_20131231b.shp,conf_id,-1,-1,C:/Users/owner/Dropbox/Wzone/tmp/tmp1989/shp478_20131231b.shp,conf_id,-1,-1,C:/Users/owner/Dropbox/Wzone/tmp/tmp1989/shp508_20131231b.shp,conf_id,-1,-1,C:/Users/owner/Dropbox/Wzone/tmp/tmp1989/shp623_20131231b.shp,conf_id,-1,-1,C:/Users/owner/Dropbox/Wzone/tmp/tmp1989/shp624_20131231b.shp,conf_id,-1,-1,C:/Users/owner/Dropbox/Wzone/tmp/tmp1989/shp628_20131231b.shp,conf_id,-1,-1,C:/Users/owner/Dropbox/Wzone/tmp/tmp1989/shp640_20131231b.shp,conf_id,-1,-1,C:/Users/owner/Dropbox/Wzone/tmp/tmp1989/shp657_20131231b.shp,conf_id,-1,-1,C:/Users/owner/Dropbox/Wzone/tmp/tmp1989/shp658_20131231b.shp,conf_id,-1,-1,C:/Users/owner/Dropbox/Wzone/tmp/tmp1989/shp689_20131231b.shp,conf_id,-1,-1,C:/Users/owner/Dropbox/Wzone/tmp/tmp1989/shp708_20131231b.shp,conf_id,-1,-1,C:/Users/owner/Dropbox/Wzone/tmp/tmp1989/shp709_20131231b.shp,conf_id,-1,-1,C:/Users/owner/Dropbox/Wzone/tmp/tmp1989/shp711_20131231b.shp,conf_id,-1,-1,C:/Users/owner/Dropbox/Wzone/tmp/tmp1989/shp719_20131231b.shp,conf_id,-1,-1,C:/Users/owner/Dropbox/Wzone/tmp/tmp1989/shp722_20131231b.shp,conf_id,-1,-1,C:/Users/owner/Dropbox/Wzone/tmp/tmp1989/shp735_20131231b.shp,conf_id,-1,-1,C:/Users/owner/Dropbox/Wzone/tmp/tmp1989/shp750_20131231b.shp,conf_id,-1,-1,C:/Users/owner/Dropbox/Wzone/tmp/tmp1989/shp754_20131231b.shp,conf_id,-1,-1,C:/Users/owner/Dropbox/Wzone/tmp/tmp1989/shp768_20131231b.shp,conf_id,-1,-1,C:/Users/owner/Dropbox/Wzone/tmp/tmp1989/shp781_20131231b.shp,conf_id,-1,-1,C:/Users/owner/Dropbox/Wzone/tmp/tmp1989/shp792_20131231b.shp,conf_id,-1,-1,C:/Users/owner/Dropbox/Wzone/tmp/tmp1989/shp830_20131231b.shp,conf_id,-1,-1,C:/Users/owner/Dropbox/Wzone/tmp/tmp1989/shp833_20131231b.shp,conf_id,-1,-1,C:/Users/owner/Dropbox/Wzone/tmp/tmp1989/shp857_20131231b.shp,conf_id,-1,-1,C:/Users/owner/Dropbox/Wzone/tmp/tmp1989/shp869_20131231b.shp,conf_id,-1,-1,C:/Users/owner/Dropbox/Wzone/tmp/tmp1989/shp878_20131231b.shp,conf_id,-1,-1,C:/Users/owner/Dropbox/Wzone/tmp/tmp1989/shp885_20131231b.shp,conf_id,-1,-1,C:/Users/owner/Dropbox/Wzone/tmp/tmp1989/shp899_20131231b.shp,conf_id,-1,-1,C:/Users/owner/Dropbox/Wzone/tmp/tmp1989/shp906_20131231b.shp,conf_id,-1,-1,C:/Users/owner/Dropbox/Wzone/tmp/tmp1989/shp913_20131231b.shp,conf_id,-1,-1,C:/Users/owner/Dropbox/Wzone/tmp/tmp1989/shp914_20131231b.shp,conf_id,-1,-1,C:/Users/owner/Dropbox/Wzone/tmp/tmp1989/shp921_20131231b.shp,conf_id,-1,-1,C:/Users/owner/Dropbox/Wzone/tmp/tmp1989/shp929_20131231b.shp,conf_id,-1,-1,C:/Users/owner/Dropbox/Wzone/tmp/tmp1989/shp930_20131231b.shp,conf_id,-1,-1,C:/Users/owner/Dropbox/Wzone/tmp/tmp1989/shp931_20131231b.shp,conf_id,-1,-1,C:/Users/owner/Dropbox/Wzone/tmp/tmp1989/shp934_20131231b.shp,conf_id,-1,-1,C:/Users/owner/Dropbox/Wzone/tmp/tmp1989/shp935_20131231b.shp,conf_id,-1,-1,C:/Users/owner/Dropbox/Wzone/tmp/tmp1989/shp936_20131231b.shp,conf_id,-1,-1,C:/Users/owner/Dropbox/Wzone/tmp/tmp1989/shp941_20131231b.shp,conf_id,-1,-1,C:/Users/owner/Dropbox/Wzone/tmp/tmp1989/shp942_20131231b.shp,conf_id,-1,-1,C:/Users/owner/Dropbox/Wzone/tmp/tmp1989/shp944_20131231b.shp,conf_id,-1,-1,C:/Users/owner/Dropbox/Wzone/tmp/tmp1989/shp947_20131231b.shp,conf_id,-1,-1,C:/Users/owner/Dropbox/Wzone/tmp/tmp1989/shp948_20131231b.shp,conf_id,-1,-1,C:/Users/owner/Dropbox/Wzone/tmp/tmp1989/shp950_20131231b.shp,conf_id,-1,-1,C:/Users/owner/Dropbox/Wzone/tmp/tmp1989/shp951_20131231b.shp,conf_id,-1,-1,C:/Users/owner/Dropbox/Wzone/tmp/tmp1989/shp955_20131231b.shp,conf_id,-1,-1,C:/Users/owner/Dropbox/Wzone/tmp/tmp1989/shp962_20131231b.shp,conf_id,-1,-1,C:/Users/owner/Dropbox/Wzone/tmp/tmp1989/shp966_20131231b.shp,conf_id,-1,-1,C:/Users/owner/Dropbox/Wzone/tmp/tmp1989/shp973_20131231b.shp,conf_id,-1,-1,C:/Users/owner/Dropbox/Wzone/tmp/tmp1989/shp977_20131231b.shp,conf_id,-1,-1,C:/Users/owner/Dropbox/Wzone/tmp/tmp1989/shp980_20131231b.shp,conf_id,-1,-1,C:/Users/owner/Dropbox/Wzone/tmp/tmp1989/shp981_20131231b.shp,conf_id,-1,-1,C:/Users/owner/Dropbox/Wzone/tmp/tmp1989/shp988_20131231b.shp,conf_id,-1,-1,C:/Users/owner/Dropbox/Wzone/tmp/tmp1989/shp989_20131231b.shp,conf_id,-1,-1,C:/Users/owner/Dropbox/Wzone/tmp/tmp1989/shp997_20131231b.shp,conf_id,-1,-1,C:/Users/owner/Dropbox/Wzone/tmp/tmp1989/shp999_20131231b.shp,conf_id,-1,-1,C:/Users/owner/Dropbox/Wzone/tmp/tmp1989/shp1000_20131231b.shp,conf_id,-1,-1,C:/Users/owner/Dropbox/Wzone/tmp/tmp1989/shp1007_20131231b.shp,conf_id,-1,-1,C:/Users/owner/Dropbox/Wzone/tmp/tmp1989/shp1026_20131231b.shp,conf_id,-1,-1,C:/Users/owner/Dropbox/Wzone/tmp/tmp1989/shp1027_20131231b.shp,conf_id,-1,-1,C:/Users/owner/Dropbox/Wzone/tmp/tmp1989/shp1036_20131231b.shp,conf_id,-1,-1,C:/Users/owner/Dropbox/Wzone/tmp/tmp1989/shp1071_20131231b.shp,conf_id,-1,-1,C:/Users/owner/Dropbox/Wzone/tmp/tmp1989/shp1073_20131231b.shp,conf_id,-1,-1,C:/Users/owner/Dropbox/Wzone/tmp/tmp1989/shp1096_20131231b.shp,conf_id,-1,-1,C:/Users/owner/Dropbox/Wzone/tmp/tmp1989/shp1108_20131231b.shp,conf_id,-1,-1,C:/Users/owner/Dropbox/Wzone/tmp/tmp1989/shp1167_20131231b.shp,conf_id,-1,-1,C:/Users/owner/Dropbox/Wzone/tmp/tmp1989/shp1175_20131231b.shp,conf_id,-1,-1,C:/Users/owner/Dropbox/Wzone/tmp/tmp1989/shp1176_20131231b.shp,conf_id,-1,-1,C:/Users/owner/Dropbox/Wzone/tmp/tmp1989/shp1178_20131231b.shp,conf_id,-1,-1,C:/Users/owner/Dropbox/Wzone/tmp/tmp1989/shp1182_20131231b.shp,conf_id,-1,-1,C:/Users/owner/Dropbox/Wzone/tmp/tmp1989/shp1204_20131231b.shp,conf_id,-1,-1,C:/Users/owner/Dropbox/Wzone/tmp/tmp1989/shp2332_20131231b.shp,conf_id,-1,-1,C:/Users/owner/Dropbox/Wzone/tmp/tmp1989/shp2425_20131231b.shp,conf_id,-1,-1,C:/Users/owner/Dropbox/Wzone/tmp/tmp1989/shp2461_20131231b.shp,conf_id,-1,-1,C:/Users/owner/Dropbox/Wzone/tmp/tmp1989/shp2472_20131231b.shp,conf_id,-1,-1,C:/Users/owner/Dropbox/Wzone/tmp/tmp1989/shp4313_20131231b.shp,conf_id,-1,-1,C:/Users/owner/Dropbox/Wzone/tmp/tmp1989/shp5201_20131231b.shp,conf_id,-1,-1,C:/Users/owner/Dropbox/Wzone/tmp/tmp1989/shp5204_20131231b.shp,conf_id,-1,-1,C:/Users/owner/Dropbox/Wzone/tmp/tmp1989/shp5247_20131231b.shp,conf_id,-1,-1,C:/Users/owner/Dropbox/Wzone/tmp/tmp1989/shp5262_20131231b.shp,conf_id,-1,-1,C:/Users/owner/Dropbox/Wzone/tmp/tmp1989/shp5270_20131231b.shp,conf_id,-1,-1,C:/Users/owner/Dropbox/Wzone/tmp/tmp1989/shp5276_20131231b.shp,conf_id,-1,-1,C:/Users/owner/Dropbox/Wzone/tmp/tmp1989/shp5293_20131231b.shp,conf_id,-1,-1,C:/Users/owner/Dropbox/Wzone/tmp/tmp1989/shp5313_20131231b.shp,conf_id,-1,-1,C:/Users/owner/Dropbox/Wzone/tmp/tmp1989/shp5314_20131231b.shp,conf_id,-1,-1,C:/Users/owner/Dropbox/Wzone/tmp/tmp1989/shp5349_20131231b.shp,conf_id,-1,-1,C:/Users/owner/Dropbox/Wzone/tmp/tmp1989/shp5460_20131231b.shp,conf_id,-1,-1,C:/Users/owner/Dropbox/Wzone/tmp/tmp1989/shp5494_20131231b.shp,conf_id,-1,-1,C:/Users/owner/Dropbox/Wzone/tmp/tmp1989/shp5512_20131231b.shp,conf_id,-1,-1,C:/Users/owner/Dropbox/Wzone/tmp/tmp1989/shp5534_20131231b.shp,conf_id,-1,-1,C:/Users/owner/Dropbox/Wzone/tmp/tmp1989/shp5536_20131231b.shp,conf_id,-1,-1,C:/Users/owner/Dropbox/Wzone/tmp/tmp1989/shp5543_20131231b.shp,conf_id,-1,-1,C:/Users/owner/Dropbox/Wzone/tmp/tmp1989/shp5563_20131231b.shp,conf_id,-1,-1,C:/Users/owner/Dropbox/Wzone/tmp/tmp1989/shp5570_20131231b.shp,conf_id,-1,-1,C:/Users/owner/Dropbox/Wzone/tmp/tmp1989/shp5577_20131231b.shp,conf_id,-1,-1,C:/Users/owner/Dropbox/Wzone/tmp/tmp1989/shp5583_20131231b.shp,conf_id,-1,-1,C:/Users/owner/Dropbox/Wzone/tmp/tmp1989/shp5589_20131231b.shp,conf_id,-1,-1,C:/Users/owner/Dropbox/Wzone/tmp/tmp1989/shp5595_20131231b.shp,conf_id,-1,-1,C:/Users/owner/Dropbox/Wzone/tmp/tmp1989/shp5598_20131231b.shp,conf_id,-1,-1,C:/Users/owner/Dropbox/Wzone/tmp/tmp1989/shp10264_20131231b.shp,conf_id,-1,-1,C:/Users/owner/Dropbox/Wzone/tmp/tmp1989/shp10882_20131231b.shp,conf_id,-1,-1,C:/Users/owner/Dropbox/Wzone/tmp/tmp1989/shp10985_20131231b.shp,conf_id,-1,-1,C:/Users/owner/Dropbox/Wzone/tmp/tmp1989/shp11123_20131231b.shp,conf_id,-1,-1,C:/Users/owner/Dropbox/Wzone/tmp/tmp1989/shp11336_20131231b.shp,conf_id,-1,-1,C:/Users/owner/Dropbox/Wzone/tmp/tmp1989/shp11377_20131231b.shp,conf_id,-1,-1,C:/Users/owner/Dropbox/Wzone/tmp/tmp1989/shp11383_20131231b.shp,conf_id,-1,-1,C:/Users/owner/Dropbox/Wzone/tmp/tmp1989/shp11433_20131231b.shp,conf_id,-1,-1,C:/Users/owner/Dropbox/Wzone/tmp/tmp1989/shp11521_20131231b.shp,conf_id,-1,-1,C:/Users/owner/Dropbox/Wzone/tmp/tmp1989/shp11662_20131231b.shp,conf_id,-1,-1,C:/Users/owner/Dropbox/Wzone/tmp/tmp1989/shp11663_20131231b.shp,conf_id,-1,-1,C:/Users/owner/Dropbox/Wzone/tmp/tmp1989/shp11682_20131231b.shp,conf_id,-1,-1,C:/Users/owner/Dropbox/Wzone/tmp/tmp1989/shp11801_20131231b.shp,conf_id,-1,-1,C:/Users/owner/Dropbox/Wzone/tmp/tmp1989/shp11972_20131231b.shp,conf_id,-1,-1,C:/Users/owner/Dropbox/Wzone/tmp/tmp1989/shp11973_20131231b.shp,conf_id,-1,-1,C:/Users/owner/Dropbox/Wzone/tmp/tmp1989/shp11975_20131231b.shp,conf_id,-1,-1,C:/Users/owner/Dropbox/Wzone/tmp/tmp1989/shp11985_20131231b.shp,conf_id,-1,-1,C:/Users/owner/Dropbox/Wzone/tmp/tmp1989/shp11986_20131231b.shp,conf_id,-1,-1,C:/Users/owner/Dropbox/Wzone/tmp/tmp1989/shp11988_20131231b.shp,conf_id,-1,-1,C:/Users/owner/Dropbox/Wzone/tmp/tmp1989/shp12009_20131231b.shp,conf_id,-1,-1,C:/Users/owner/Dropbox/Wzone/tmp/tmp1989/shp12046_20131231b.shp,conf_id,-1,-1,C:/Users/owner/Dropbox/Wzone/tmp/tmp1989/shp12102_20131231b.shp,conf_id,-1,-1,C:/Users/owner/Dropbox/Wzone/tmp/tmp1989/shp12132_20131231b.shp,conf_id,-1,-1,C:/Users/owner/Dropbox/Wzone/tmp/tmp1989/shp12378_20131231b.shp,conf_id,-1,-1,C:/Users/owner/Dropbox/Wzone/tmp/tmp1989/shp12379_20131231b.shp,conf_id,-1,-1,C:/Users/owner/Dropbox/Wzone/tmp/tmp1989/shp12380_20131231b.shp,conf_id,-1,-1,C:/Users/owner/Dropbox/Wzone/tmp/tmp1989/shp12382_20131231b.shp,conf_id,-1,-1,C:/Users/owner/Dropbox/Wzone/tmp/tmp1989/shp12400_20131231b.shp,conf_id,-1,-1,C:/Users/owner/Dropbox/Wzone/tmp/tmp1989/shp12413_20131231b.shp,conf_id,-1,-1,C:/Users/owner/Dropbox/Wzone/tmp/tmp1989/shp12414_20131231b.shp,conf_id,-1,-1,C:/Users/owner/Dropbox/Wzone/tmp/tmp1989/shp12575_20131231b.shp,conf_id,-1,-1,C:/Users/owner/Dropbox/Wzone/tmp/tmp1989/shp12582_20131231b.shp,conf_id,-1,-1,C:/Users/owner/Dropbox/Wzone/tmp/tmp1989/shp12701_20131231b.shp,conf_id,-1,-1,C:/Users/owner/Dropbox/Wzone/tmp/tmp1989/shp13767_20131231b.shp,conf_id,-1,-1,C:/Users/owner/Dropbox/Wzone/tmp/tmp1989/shp13813_20131231b.shp,conf_id,-1,-1,C:/Users/owner/Dropbox/Wzone/tmp/tmp1989/shp13821_20131231b.shp,conf_id,-1,-1,C:/Users/owner/Dropbox/Wzone/tmp/tmp1989/shp14102_20131231b.shp,conf_id,-1,-1,C:/Users/owner/Dropbox/Wzone/tmp/tmp1989/shp14200_20131231b.shp,conf_id,-1,-1,C:/Users/owner/Dropbox/Wzone/tmp/tmp1989/shp14273_20131231b.shp,conf_id,-1,-1,C:/Users/owner/Dropbox/Wzone/tmp/tmp1989/shp14341_20131231b.shp,conf_id,-1,-1,C:/Users/owner/Dropbox/Wzone/tmp/tmp1989/shp14342_20131231b.shp,conf_id,-1,-1,C:/Users/owner/Dropbox/Wzone/tmp/tmp1989/shp14353_20131231b.shp,conf_id,-1,-1,C:/Users/owner/Dropbox/Wzone/tmp/tmp1989/shp14377_20131231b.shp,conf_id,-1,-1,C:/Users/owner/Dropbox/Wzone/tmp/tmp1989/shp14620_20131231b.shp,conf_id,-1,-1;date "date" true true false 254 Text 0 0,First,#,C:/Users/owner/Dropbox/Wzone/tmp/tmp1989/shp411_20131231b.shp,date,0,253,C:/Users/owner/Dropbox/Wzone/tmp/tmp1989/shp422_20131231b.shp,date,0,253,C:/Users/owner/Dropbox/Wzone/tmp/tmp1989/shp428_20131231b.shp,date,0,253,C:/Users/owner/Dropbox/Wzone/tmp/tmp1989/shp453_20131231b.shp,date,0,253,C:/Users/owner/Dropbox/Wzone/tmp/tmp1989/shp459_20131231b.shp,date,0,253,C:/Users/owner/Dropbox/Wzone/tmp/tmp1989/shp461_20131231b.shp,date,0,253,C:/Users/owner/Dropbox/Wzone/tmp/tmp1989/shp474_20131231b.shp,date,0,253,C:/Users/owner/Dropbox/Wzone/tmp/tmp1989/shp476_20131231b.shp,date,0,253,C:/Users/owner/Dropbox/Wzone/tmp/tmp1989/shp478_20131231b.shp,date,0,253,C:/Users/owner/Dropbox/Wzone/tmp/tmp1989/shp508_20131231b.shp,date,0,253,C:/Users/owner/Dropbox/Wzone/tmp/tmp1989/shp623_20131231b.shp,date,0,253,C:/Users/owner/Dropbox/Wzone/tmp/tmp1989/shp624_20131231b.shp,date,0,253,C:/Users/owner/Dropbox/Wzone/tmp/tmp1989/shp628_20131231b.shp,date,0,253,C:/Users/owner/Dropbox/Wzone/tmp/tmp1989/shp640_20131231b.shp,date,0,253,C:/Users/owner/Dropbox/Wzone/tmp/tmp1989/shp657_20131231b.shp,date,0,253,C:/Users/owner/Dropbox/Wzone/tmp/tmp1989/shp658_20131231b.shp,date,0,253,C:/Users/owner/Dropbox/Wzone/tmp/tmp1989/shp689_20131231b.shp,date,0,253,C:/Users/owner/Dropbox/Wzone/tmp/tmp1989/shp708_20131231b.shp,date,0,253,C:/Users/owner/Dropbox/Wzone/tmp/tmp1989/shp709_20131231b.shp,date,0,253,C:/Users/owner/Dropbox/Wzone/tmp/tmp1989/shp711_20131231b.shp,date,0,253,C:/Users/owner/Dropbox/Wzone/tmp/tmp1989/shp719_20131231b.shp,date,0,253,C:/Users/owner/Dropbox/Wzone/tmp/tmp1989/shp722_20131231b.shp,date,0,253,C:/Users/owner/Dropbox/Wzone/tmp/tmp1989/shp735_20131231b.shp,date,0,253,C:/Users/owner/Dropbox/Wzone/tmp/tmp1989/shp750_20131231b.shp,date,0,253,C:/Users/owner/Dropbox/Wzone/tmp/tmp1989/shp754_20131231b.shp,date,0,253,C:/Users/owner/Dropbox/Wzone/tmp/tmp1989/shp768_20131231b.shp,date,0,253,C:/Users/owner/Dropbox/Wzone/tmp/tmp1989/shp781_20131231b.shp,date,0,253,C:/Users/owner/Dropbox/Wzone/tmp/tmp1989/shp792_20131231b.shp,date,0,253,C:/Users/owner/Dropbox/Wzone/tmp/tmp1989/shp830_20131231b.shp,date,0,253,C:/Users/owner/Dropbox/Wzone/tmp/tmp1989/shp833_20131231b.shp,date,0,253,C:/Users/owner/Dropbox/Wzone/tmp/tmp1989/shp857_20131231b.shp,date,0,253,C:/Users/owner/Dropbox/Wzone/tmp/tmp1989/shp869_20131231b.shp,date,0,253,C:/Users/owner/Dropbox/Wzone/tmp/tmp1989/shp878_20131231b.shp,date,0,253,C:/Users/owner/Dropbox/Wzone/tmp/tmp1989/shp885_20131231b.shp,date,0,253,C:/Users/owner/Dropbox/Wzone/tmp/tmp1989/shp899_20131231b.shp,date,0,253,C:/Users/owner/Dropbox/Wzone/tmp/tmp1989/shp906_20131231b.shp,date,0,253,C:/Users/owner/Dropbox/Wzone/tmp/tmp1989/shp913_20131231b.shp,date,0,253,C:/Users/owner/Dropbox/Wzone/tmp/tmp1989/shp914_20131231b.shp,date,0,253,C:/Users/owner/Dropbox/Wzone/tmp/tmp1989/shp921_20131231b.shp,date,0,253,C:/Users/owner/Dropbox/Wzone/tmp/tmp1989/shp929_20131231b.shp,date,0,253,C:/Users/owner/Dropbox/Wzone/tmp/tmp1989/shp930_20131231b.shp,date,0,253,C:/Users/owner/Dropbox/Wzone/tmp/tmp1989/shp931_20131231b.shp,date,0,253,C:/Users/owner/Dropbox/Wzone/tmp/tmp1989/shp934_20131231b.shp,date,0,253,C:/Users/owner/Dropbox/Wzone/tmp/tmp1989/shp935_20131231b.shp,date,0,253,C:/Users/owner/Dropbox/Wzone/tmp/tmp1989/shp936_20131231b.shp,date,0,253,C:/Users/owner/Dropbox/Wzone/tmp/tmp1989/shp941_20131231b.shp,date,0,253,C:/Users/owner/Dropbox/Wzone/tmp/tmp1989/shp942_20131231b.shp,date,0,253,C:/Users/owner/Dropbox/Wzone/tmp/tmp1989/shp944_20131231b.shp,date,0,253,C:/Users/owner/Dropbox/Wzone/tmp/tmp1989/shp947_20131231b.shp,date,0,253,C:/Users/owner/Dropbox/Wzone/tmp/tmp1989/shp948_20131231b.shp,date,0,253,C:/Users/owner/Dropbox/Wzone/tmp/tmp1989/shp950_20131231b.shp,date,0,253,C:/Users/owner/Dropbox/Wzone/tmp/tmp1989/shp951_20131231b.shp,date,0,253,C:/Users/owner/Dropbox/Wzone/tmp/tmp1989/shp955_20131231b.shp,date,0,253,C:/Users/owner/Dropbox/Wzone/tmp/tmp1989/shp962_20131231b.shp,date,0,253,C:/Users/owner/Dropbox/Wzone/tmp/tmp1989/shp966_20131231b.shp,date,0,253,C:/Users/owner/Dropbox/Wzone/tmp/tmp1989/shp973_20131231b.shp,date,0,253,C:/Users/owner/Dropbox/Wzone/tmp/tmp1989/shp977_20131231b.shp,date,0,253,C:/Users/owner/Dropbox/Wzone/tmp/tmp1989/shp980_20131231b.shp,date,0,253,C:/Users/owner/Dropbox/Wzone/tmp/tmp1989/shp981_20131231b.shp,date,0,253,C:/Users/owner/Dropbox/Wzone/tmp/tmp1989/shp988_20131231b.shp,date,0,253,C:/Users/owner/Dropbox/Wzone/tmp/tmp1989/shp989_20131231b.shp,date,0,253,C:/Users/owner/Dropbox/Wzone/tmp/tmp1989/shp997_20131231b.shp,date,0,253,C:/Users/owner/Dropbox/Wzone/tmp/tmp1989/shp999_20131231b.shp,date,0,253,C:/Users/owner/Dropbox/Wzone/tmp/tmp1989/shp1000_20131231b.shp,date,0,253,C:/Users/owner/Dropbox/Wzone/tmp/tmp1989/shp1007_20131231b.shp,date,0,253,C:/Users/owner/Dropbox/Wzone/tmp/tmp1989/shp1026_20131231b.shp,date,0,253,C:/Users/owner/Dropbox/Wzone/tmp/tmp1989/shp1027_20131231b.shp,date,0,253,C:/Users/owner/Dropbox/Wzone/tmp/tmp1989/shp1036_20131231b.shp,date,0,253,C:/Users/owner/Dropbox/Wzone/tmp/tmp1989/shp1071_20131231b.shp,date,0,253,C:/Users/owner/Dropbox/Wzone/tmp/tmp1989/shp1073_20131231b.shp,date,0,253,C:/Users/owner/Dropbox/Wzone/tmp/tmp1989/shp1096_20131231b.shp,date,0,253,C:/Users/owner/Dropbox/Wzone/tmp/tmp1989/shp1108_20131231b.shp,date,0,253,C:/Users/owner/Dropbox/Wzone/tmp/tmp1989/shp1167_20131231b.shp,date,0,253,C:/Users/owner/Dropbox/Wzone/tmp/tmp1989/shp1175_20131231b.shp,date,0,253,C:/Users/owner/Dropbox/Wzone/tmp/tmp1989/shp1176_20131231b.shp,date,0,253,C:/Users/owner/Dropbox/Wzone/tmp/tmp1989/shp1178_20131231b.shp,date,0,253,C:/Users/owner/Dropbox/Wzone/tmp/tmp1989/shp1182_20131231b.shp,date,0,253,C:/Users/owner/Dropbox/Wzone/tmp/tmp1989/shp1204_20131231b.shp,date,0,253,C:/Users/owner/Dropbox/Wzone/tmp/tmp1989/shp2332_20131231b.shp,date,0,253,C:/Users/owner/Dropbox/Wzone/tmp/tmp1989/shp2425_20131231b.shp,date,0,253,C:/Users/owner/Dropbox/Wzone/tmp/tmp1989/shp2461_20131231b.shp,date,0,253,C:/Users/owner/Dropbox/Wzone/tmp/tmp1989/shp2472_20131231b.shp,date,0,253,C:/Users/owner/Dropbox/Wzone/tmp/tmp1989/shp4313_20131231b.shp,date,0,253,C:/Users/owner/Dropbox/Wzone/tmp/tmp1989/shp5201_20131231b.shp,date,0,253,C:/Users/owner/Dropbox/Wzone/tmp/tmp1989/shp5204_20131231b.shp,date,0,253,C:/Users/owner/Dropbox/Wzone/tmp/tmp1989/shp5247_20131231b.shp,date,0,253,C:/Users/owner/Dropbox/Wzone/tmp/tmp1989/shp5262_20131231b.shp,date,0,253,C:/Users/owner/Dropbox/Wzone/tmp/tmp1989/shp5270_20131231b.shp,date,0,253,C:/Users/owner/Dropbox/Wzone/tmp/tmp1989/shp5276_20131231b.shp,date,0,253,C:/Users/owner/Dropbox/Wzone/tmp/tmp1989/shp5293_20131231b.shp,date,0,253,C:/Users/owner/Dropbox/Wzone/tmp/tmp1989/shp5313_20131231b.shp,date,0,253,C:/Users/owner/Dropbox/Wzone/tmp/tmp1989/shp5314_20131231b.shp,date,0,253,C:/Users/owner/Dropbox/Wzone/tmp/tmp1989/shp5349_20131231b.shp,date,0,253,C:/Users/owner/Dropbox/Wzone/tmp/tmp1989/shp5460_20131231b.shp,date,0,253,C:/Users/owner/Dropbox/Wzone/tmp/tmp1989/shp5494_20131231b.shp,date,0,253,C:/Users/owner/Dropbox/Wzone/tmp/tmp1989/shp5512_20131231b.shp,date,0,253,C:/Users/owner/Dropbox/Wzone/tmp/tmp1989/shp5534_20131231b.shp,date,0,253,C:/Users/owner/Dropbox/Wzone/tmp/tmp1989/shp5536_20131231b.shp,date,0,253,C:/Users/owner/Dropbox/Wzone/tmp/tmp1989/shp5543_20131231b.shp,date,0,253,C:/Users/owner/Dropbox/Wzone/tmp/tmp1989/shp5563_20131231b.shp,date,0,253,C:/Users/owner/Dropbox/Wzone/tmp/tmp1989/shp5570_20131231b.shp,date,0,253,C:/Users/owner/Dropbox/Wzone/tmp/tmp1989/shp5577_20131231b.shp,date,0,253,C:/Users/owner/Dropbox/Wzone/tmp/tmp1989/shp5583_20131231b.shp,date,0,253,C:/Users/owner/Dropbox/Wzone/tmp/tmp1989/shp5589_20131231b.shp,date,0,253,C:/Users/owner/Dropbox/Wzone/tmp/tmp1989/shp5595_20131231b.shp,date,0,253,C:/Users/owner/Dropbox/Wzone/tmp/tmp1989/shp5598_20131231b.shp,date,0,253,C:/Users/owner/Dropbox/Wzone/tmp/tmp1989/shp10264_20131231b.shp,date,0,253,C:/Users/owner/Dropbox/Wzone/tmp/tmp1989/shp10882_20131231b.shp,date,0,253,C:/Users/owner/Dropbox/Wzone/tmp/tmp1989/shp10985_20131231b.shp,date,0,253,C:/Users/owner/Dropbox/Wzone/tmp/tmp1989/shp11123_20131231b.shp,date,0,253,C:/Users/owner/Dropbox/Wzone/tmp/tmp1989/shp11336_20131231b.shp,date,0,253,C:/Users/owner/Dropbox/Wzone/tmp/tmp1989/shp11377_20131231b.shp,date,0,253,C:/Users/owner/Dropbox/Wzone/tmp/tmp1989/shp11383_20131231b.shp,date,0,253,C:/Users/owner/Dropbox/Wzone/tmp/tmp1989/shp11433_20131231b.shp,date,0,253,C:/Users/owner/Dropbox/Wzone/tmp/tmp1989/shp11521_20131231b.shp,date,0,253,C:/Users/owner/Dropbox/Wzone/tmp/tmp1989/shp11662_20131231b.shp,date,0,253,C:/Users/owner/Dropbox/Wzone/tmp/tmp1989/shp11663_20131231b.shp,date,0,253,C:/Users/owner/Dropbox/Wzone/tmp/tmp1989/shp11682_20131231b.shp,date,0,253,C:/Users/owner/Dropbox/Wzone/tmp/tmp1989/shp11801_20131231b.shp,date,0,253,C:/Users/owner/Dropbox/Wzone/tmp/tmp1989/shp11972_20131231b.shp,date,0,253,C:/Users/owner/Dropbox/Wzone/tmp/tmp1989/shp11973_20131231b.shp,date,0,253,C:/Users/owner/Dropbox/Wzone/tmp/tmp1989/shp11975_20131231b.shp,date,0,253,C:/Users/owner/Dropbox/Wzone/tmp/tmp1989/shp11985_20131231b.shp,date,0,253,C:/Users/owner/Dropbox/Wzone/tmp/tmp1989/shp11986_20131231b.shp,date,0,253,C:/Users/owner/Dropbox/Wzone/tmp/tmp1989/shp11988_20131231b.shp,date,0,253,C:/Users/owner/Dropbox/Wzone/tmp/tmp1989/shp12009_20131231b.shp,date,0,253,C:/Users/owner/Dropbox/Wzone/tmp/tmp1989/shp12046_20131231b.shp,date,0,253,C:/Users/owner/Dropbox/Wzone/tmp/tmp1989/shp12102_20131231b.shp,date,0,253,C:/Users/owner/Dropbox/Wzone/tmp/tmp1989/shp12132_20131231b.shp,date,0,253,C:/Users/owner/Dropbox/Wzone/tmp/tmp1989/shp12378_20131231b.shp,date,0,253,C:/Users/owner/Dropbox/Wzone/tmp/tmp1989/shp12379_20131231b.shp,date,0,253,C:/Users/owner/Dropbox/Wzone/tmp/tmp1989/shp12380_20131231b.shp,date,0,253,C:/Users/owner/Dropbox/Wzone/tmp/tmp1989/shp12382_20131231b.shp,date,0,253,C:/Users/owner/Dropbox/Wzone/tmp/tmp1989/shp12400_20131231b.shp,date,0,253,C:/Users/owner/Dropbox/Wzone/tmp/tmp1989/shp12413_20131231b.shp,date,0,253,C:/Users/owner/Dropbox/Wzone/tmp/tmp1989/shp12414_20131231b.shp,date,0,253,C:/Users/owner/Dropbox/Wzone/tmp/tmp1989/shp12575_20131231b.shp,date,0,253,C:/Users/owner/Dropbox/Wzone/tmp/tmp1989/shp12582_20131231b.shp,date,0,253,C:/Users/owner/Dropbox/Wzone/tmp/tmp1989/shp12701_20131231b.shp,date,0,253,C:/Users/owner/Dropbox/Wzone/tmp/tmp1989/shp13767_20131231b.shp,date,0,253,C:/Users/owner/Dropbox/Wzone/tmp/tmp1989/shp13813_20131231b.shp,date,0,253,C:/Users/owner/Dropbox/Wzone/tmp/tmp1989/shp13821_20131231b.shp,date,0,253,C:/Users/owner/Dropbox/Wzone/tmp/tmp1989/shp14102_20131231b.shp,date,0,253,C:/Users/owner/Dropbox/Wzone/tmp/tmp1989/shp14200_20131231b.shp,date,0,253,C:/Users/owner/Dropbox/Wzone/tmp/tmp1989/shp14273_20131231b.shp,date,0,253,C:/Users/owner/Dropbox/Wzone/tmp/tmp1989/shp14341_20131231b.shp,date,0,253,C:/Users/owner/Dropbox/Wzone/tmp/tmp1989/shp14342_20131231b.shp,date,0,253,C:/Users/owner/Dropbox/Wzone/tmp/tmp1989/shp14353_20131231b.shp,date,0,253,C:/Users/owner/Dropbox/Wzone/tmp/tmp1989/shp14377_20131231b.shp,date,0,253,C:/Users/owner/Dropbox/Wzone/tmp/tmp1989/shp14620_20131231b.shp,date,0,253" NO_SOURCE_INFO</Process><Process ToolSource="c:\program files\arcgis\pro\Resources\ArcToolbox\toolboxes\Data Management Tools.tbx\DefineProjection" Date="20240719" Time="042102">DefineProjection C:/Users/owner/Dropbox/Wzone/out/wzone_shp/2013/2013_12_31.shp GEOGCS["GCS_WGS_1984",DATUM["D_WGS_1984",SPHEROID["WGS_1984",6378137.0,298.257223563]],PRIMEM["Greenwich",0.0],UNIT["Degree",0.0174532925199433]]</Process></lineage></DataProperties><SyncDate>20240719</SyncDate><SyncTime>04205900</SyncTime><ModDate>20240719</ModDate><ModTime>04205900</ModTime></Esri><dataIdInfo><envirDesc Sync="TRUE">Microsoft Windows 10 Version 10.0 (Build 19045) ; Esri ArcGIS 13.2.2.49743</envirDesc><dataLang><languageCode value="eng" Sync="TRUE"></languageCode><countryCode value="USA" Sync="TRUE"></countryCode></dataLang><idCitation><resTitle Sync="TRUE">2013_12_31</resTitle><presForm><PresFormCd value="005" Sync="TRUE"></PresFormCd></presForm></idCitation><spatRpType><SpatRepTypCd value="001" Sync="TRUE"></SpatRepTypCd></spatRpType></dataIdInfo><mdLang><languageCode value="eng" Sync="TRUE"></languageCode><countryCode value="USA" Sync="TRUE"></countryCode></mdLang><mdChar><CharSetCd value="004" Sync="TRUE"></CharSetCd></mdChar><distInfo><distFormat><formatName Sync="TRUE">Shapefile</formatName></distFormat><distTranOps><transSize Sync="TRUE">0.000</transSize></distTranOps></distInfo><mdHrLv><ScopeCd value="005" Sync="TRUE"></ScopeCd></mdHrLv><mdHrLvName Sync="TRUE">dataset</mdHrLvName><spatRepInfo><VectSpatRep><geometObjs Name="2013_12_31"><geoObjTyp><GeoObjTypCd value="002" Sync="TRUE"></GeoObjTypCd></geoObjTyp><geoObjCnt Sync="TRUE">0</geoObjCnt></geometObjs><topLvl><TopoLevCd value="001" Sync="TRUE"></TopoLevCd></topLvl></VectSpatRep></spatRepInfo><spdoinfo><ptvctinf><esriterm Name="2013_12_31"><efeatyp Sync="TRUE">Simple</efeatyp><efeageom code="4" Sync="TRUE"></efeageom><esritopo Sync="TRUE">FALSE</esritopo><efeacnt Sync="TRUE">0</efeacnt><spindex Sync="TRUE">FALSE</spindex><linrefer Sync="TRUE">FALSE</linrefer></esriterm></ptvctinf></spdoinfo><eainfo><detailed Name="2013_12_31"><enttyp><enttypl Sync="TRUE">2013_12_31</enttypl><enttypt Sync="TRUE">Feature Class</enttypt><enttypc Sync="TRUE">0</enttypc></enttyp><attr><attrlabl Sync="TRUE">FID</attrlabl><attalias Sync="TRUE">FID</attalias><attrtype Sync="TRUE">OID</attrtype><attwidth Sync="TRUE">4</attwidth><atprecis Sync="TRUE">0</atprecis><attscale Sync="TRUE">0</attscale><attrdef Sync="TRUE">Internal feature number.</attrdef><attrdefs Sync="TRUE">Esri</attrdefs><attrdomv><udom Sync="TRUE">Sequential unique whole numbers that are automatically generated.</udom></attrdomv></attr><attr><attrlabl Sync="TRUE">Shape</attrlabl><attalias Sync="TRUE">Shape</attalias><attrtype Sync="TRUE">Geometry</attrtype><attwidth Sync="TRUE">0</attwidth><atprecis Sync="TRUE">0</atprecis><attscale Sync="TRUE">0</attscale><attrdef Sync="TRUE">Feature geometry.</attrdef><attrdefs Sync="TRUE">Esri</attrdefs><attrdomv><udom Sync="TRUE">Coordinates defining the features.</udom></attrdomv></attr><attr><attrlabl Sync="TRUE">dyad_id</attrlabl><attalias Sync="TRUE">dyad_id</attalias><attrtype Sync="TRUE">Integer</attrtype><attwidth Sync="TRUE">5</attwidth><atprecis Sync="TRUE">5</atprecis><attscale Sync="TRUE">0</attscale></attr><attr><attrlabl Sync="TRUE">conf_id</attrlabl><attalias Sync="TRUE">conf_id</attalias><attrtype Sync="TRUE">Integer</attrtype><attwidth Sync="TRUE">5</attwidth><atprecis Sync="TRUE">5</atprecis><attscale Sync="TRUE">0</attscale></attr><attr><attrlabl Sync="TRUE">date</attrlabl><attalias Sync="TRUE">date</attalias><attrtype Sync="TRUE">String</attrtype><attwidth Sync="TRUE">254</attwidth><atprecis Sync="TRUE">0</atprecis><attscale Sync="TRUE">0</attscale></attr></detailed></eainfo><mdDateSt Sync="TRUE">20240719</mdDateSt></metadata>
