<?xml version="1.0" encoding="UTF-8"?>
<metadata xml:lang="en"><Esri><CreaDate>20240719</CreaDate><CreaTime>21301500</CreaTime><ArcGISFormat>1.0</ArcGISFormat><SyncOnce>FALSE</SyncOnce><DataProperties><itemProps><itemName Sync="TRUE">2014_12_31</itemName><imsContentType Sync="TRUE">002</imsContentType><itemSize Sync="TRUE">0.000</itemSize><itemLocation><linkage Sync="TRUE">file://\\DESKTOP-48J08HF\C$\Users\owner\Dropbox\Wzone\out\wzone_shp\2014\2014_12_31.shp</linkage><protocol Sync="TRUE">Local Area Network</protocol></itemLocation></itemProps><lineage><Process ToolSource="c:\program files\arcgis\pro\Resources\ArcToolbox\toolboxes\Analysis Tools.tbx\Select" Date="20240719" Time="213015">Select in_memory/shp1990411_20141231a C:\Users\owner\Dropbox\Wzone\tmp\tmp1990\shp411_20141231b.shp ""gridcode" &gt; 0"</Process><Process ToolSource="c:\program files\arcgis\pro\Resources\ArcToolbox\toolboxes\Data Management Tools.tbx\AddField" Date="20240719" Time="213015">AddField C:/Users/owner/Dropbox/Wzone/tmp/tmp1990/shp411_20141231b.shp dyad_id "Short (16-bit integer)" # # # # NULLABLE NON_REQUIRED #</Process><Process ToolSource="c:\program files\arcgis\pro\Resources\ArcToolbox\toolboxes\Data Management Tools.tbx\AddField" Date="20240719" Time="213015">AddField C:/Users/owner/Dropbox/Wzone/tmp/tmp1990/shp411_20141231b.shp conf_id "Short (16-bit integer)" # # # # NULLABLE NON_REQUIRED #</Process><Process ToolSource="c:\program files\arcgis\pro\Resources\ArcToolbox\toolboxes\Data Management Tools.tbx\AddField" Date="20240719" Time="213015">AddField C:/Users/owner/Dropbox/Wzone/tmp/tmp1990/shp411_20141231b.shp date Text # # # # NULLABLE NON_REQUIRED #</Process><Process ToolSource="c:\program files\arcgis\pro\Resources\ArcToolbox\toolboxes\Data Management Tools.tbx\DeleteField" Date="20240719" Time="213015">DeleteField C:/Users/owner/Dropbox/Wzone/tmp/tmp1990/shp411_20141231b.shp Id "Delete Fields"</Process><Process ToolSource="c:\program files\arcgis\pro\Resources\ArcToolbox\toolboxes\Data Management Tools.tbx\DeleteField" Date="20240719" Time="213015">DeleteField C:/Users/owner/Dropbox/Wzone/tmp/tmp1990/shp411_20141231b.shp gridcode "Delete Fields"</Process><Process ToolSource="c:\program files\arcgis\pro\Resources\ArcToolbox\toolboxes\Data Management Tools.tbx\Merge" Date="20240719" Time="213325">Merge C:/Users/owner/Dropbox/Wzone/tmp/tmp1990/shp411_20141231b.shp;C:/Users/owner/Dropbox/Wzone/tmp/tmp1990/shp422_20141231b.shp;C:/Users/owner/Dropbox/Wzone/tmp/tmp1990/shp428_20141231b.shp;C:/Users/owner/Dropbox/Wzone/tmp/tmp1990/shp453_20141231b.shp;C:/Users/owner/Dropbox/Wzone/tmp/tmp1990/shp459_20141231b.shp;C:/Users/owner/Dropbox/Wzone/tmp/tmp1990/shp461_20141231b.shp;C:/Users/owner/Dropbox/Wzone/tmp/tmp1990/shp474_20141231b.shp;C:/Users/owner/Dropbox/Wzone/tmp/tmp1990/shp476_20141231b.shp;C:/Users/owner/Dropbox/Wzone/tmp/tmp1990/shp477_20141231b.shp;C:/Users/owner/Dropbox/Wzone/tmp/tmp1990/shp478_20141231b.shp;C:/Users/owner/Dropbox/Wzone/tmp/tmp1990/shp508_20141231b.shp;C:/Users/owner/Dropbox/Wzone/tmp/tmp1990/shp524_20141231b.shp;C:/Users/owner/Dropbox/Wzone/tmp/tmp1990/shp624_20141231b.shp;C:/Users/owner/Dropbox/Wzone/tmp/tmp1990/shp628_20141231b.shp;C:/Users/owner/Dropbox/Wzone/tmp/tmp1990/shp640_20141231b.shp;C:/Users/owner/Dropbox/Wzone/tmp/tmp1990/shp657_20141231b.shp;C:/Users/owner/Dropbox/Wzone/tmp/tmp1990/shp658_20141231b.shp;C:/Users/owner/Dropbox/Wzone/tmp/tmp1990/shp708_20141231b.shp;C:/Users/owner/Dropbox/Wzone/tmp/tmp1990/shp709_20141231b.shp;C:/Users/owner/Dropbox/Wzone/tmp/tmp1990/shp711_20141231b.shp;C:/Users/owner/Dropbox/Wzone/tmp/tmp1990/shp719_20141231b.shp;C:/Users/owner/Dropbox/Wzone/tmp/tmp1990/shp722_20141231b.shp;C:/Users/owner/Dropbox/Wzone/tmp/tmp1990/shp735_20141231b.shp;C:/Users/owner/Dropbox/Wzone/tmp/tmp1990/shp750_20141231b.shp;C:/Users/owner/Dropbox/Wzone/tmp/tmp1990/shp754_20141231b.shp;C:/Users/owner/Dropbox/Wzone/tmp/tmp1990/shp768_20141231b.shp;C:/Users/owner/Dropbox/Wzone/tmp/tmp1990/shp781_20141231b.shp;C:/Users/owner/Dropbox/Wzone/tmp/tmp1990/shp792_20141231b.shp;C:/Users/owner/Dropbox/Wzone/tmp/tmp1990/shp830_20141231b.shp;C:/Users/owner/Dropbox/Wzone/tmp/tmp1990/shp833_20141231b.shp;C:/Users/owner/Dropbox/Wzone/tmp/tmp1990/shp857_20141231b.shp;C:/Users/owner/Dropbox/Wzone/tmp/tmp1990/shp869_20141231b.shp;C:/Users/owner/Dropbox/Wzone/tmp/tmp1990/shp878_20141231b.shp;C:/Users/owner/Dropbox/Wzone/tmp/tmp1990/shp899_20141231b.shp;C:/Users/owner/Dropbox/Wzone/tmp/tmp1990/shp906_20141231b.shp;C:/Users/owner/Dropbox/Wzone/tmp/tmp1990/shp913_20141231b.shp;C:/Users/owner/Dropbox/Wzone/tmp/tmp1990/shp914_20141231b.shp;C:/Users/owner/Dropbox/Wzone/tmp/tmp1990/shp921_20141231b.shp;C:/Users/owner/Dropbox/Wzone/tmp/tmp1990/shp929_20141231b.shp;C:/Users/owner/Dropbox/Wzone/tmp/tmp1990/shp930_20141231b.shp;C:/Users/owner/Dropbox/Wzone/tmp/tmp1990/shp931_20141231b.shp;C:/Users/owner/Dropbox/Wzone/tmp/tmp1990/shp934_20141231b.shp;C:/Users/owner/Dropbox/Wzone/tmp/tmp1990/shp935_20141231b.shp;C:/Users/owner/Dropbox/Wzone/tmp/tmp1990/shp936_20141231b.shp;C:/Users/owner/Dropbox/Wzone/tmp/tmp1990/shp941_20141231b.shp;C:/Users/owner/Dropbox/Wzone/tmp/tmp1990/shp942_20141231b.shp;C:/Users/owner/Dropbox/Wzone/tmp/tmp1990/shp944_20141231b.shp;C:/Users/owner/Dropbox/Wzone/tmp/tmp1990/shp947_20141231b.shp;C:/Users/owner/Dropbox/Wzone/tmp/tmp1990/shp948_20141231b.shp;C:/Users/owner/Dropbox/Wzone/tmp/tmp1990/shp950_20141231b.shp;C:/Users/owner/Dropbox/Wzone/tmp/tmp1990/shp951_20141231b.shp;C:/Users/owner/Dropbox/Wzone/tmp/tmp1990/shp955_20141231b.shp;C:/Users/owner/Dropbox/Wzone/tmp/tmp1990/shp962_20141231b.shp;C:/Users/owner/Dropbox/Wzone/tmp/tmp1990/shp966_20141231b.shp;C:/Users/owner/Dropbox/Wzone/tmp/tmp1990/shp973_20141231b.shp;C:/Users/owner/Dropbox/Wzone/tmp/tmp1990/shp977_20141231b.shp;C:/Users/owner/Dropbox/Wzone/tmp/tmp1990/shp981_20141231b.shp;C:/Users/owner/Dropbox/Wzone/tmp/tmp1990/shp988_20141231b.shp;C:/Users/owner/Dropbox/Wzone/tmp/tmp1990/shp989_20141231b.shp;C:/Users/owner/Dropbox/Wzone/tmp/tmp1990/shp997_20141231b.shp;C:/Users/owner/Dropbox/Wzone/tmp/tmp1990/shp999_20141231b.shp;C:/Users/owner/Dropbox/Wzone/tmp/tmp1990/shp1007_20141231b.shp;C:/Users/owner/Dropbox/Wzone/tmp/tmp1990/shp1026_20141231b.shp;C:/Users/owner/Dropbox/Wzone/tmp/tmp1990/shp1027_20141231b.shp;C:/Users/owner/Dropbox/Wzone/tmp/tmp1990/shp1036_20141231b.shp;C:/Users/owner/Dropbox/Wzone/tmp/tmp1990/shp1040_20141231b.shp;C:/Users/owner/Dropbox/Wzone/tmp/tmp1990/shp1071_20141231b.shp;C:/Users/owner/Dropbox/Wzone/tmp/tmp1990/shp1073_20141231b.shp;C:/Users/owner/Dropbox/Wzone/tmp/tmp1990/shp1096_20141231b.shp;C:/Users/owner/Dropbox/Wzone/tmp/tmp1990/shp1108_20141231b.shp;C:/Users/owner/Dropbox/Wzone/tmp/tmp1990/shp1167_20141231b.shp;C:/Users/owner/Dropbox/Wzone/tmp/tmp1990/shp1175_20141231b.shp;C:/Users/owner/Dropbox/Wzone/tmp/tmp1990/shp1176_20141231b.shp;C:/Users/owner/Dropbox/Wzone/tmp/tmp1990/shp1178_20141231b.shp;C:/Users/owner/Dropbox/Wzone/tmp/tmp1990/shp1182_20141231b.shp;C:/Users/owner/Dropbox/Wzone/tmp/tmp1990/shp1204_20141231b.shp;C:/Users/owner/Dropbox/Wzone/tmp/tmp1990/shp2332_20141231b.shp;C:/Users/owner/Dropbox/Wzone/tmp/tmp1990/shp2425_20141231b.shp;C:/Users/owner/Dropbox/Wzone/tmp/tmp1990/shp2461_20141231b.shp;C:/Users/owner/Dropbox/Wzone/tmp/tmp1990/shp2472_20141231b.shp;C:/Users/owner/Dropbox/Wzone/tmp/tmp1990/shp5201_20141231b.shp;C:/Users/owner/Dropbox/Wzone/tmp/tmp1990/shp5247_20141231b.shp;C:/Users/owner/Dropbox/Wzone/tmp/tmp1990/shp5262_20141231b.shp;C:/Users/owner/Dropbox/Wzone/tmp/tmp1990/shp5270_20141231b.shp;C:/Users/owner/Dropbox/Wzone/tmp/tmp1990/shp5276_20141231b.shp;C:/Users/owner/Dropbox/Wzone/tmp/tmp1990/shp5293_20141231b.shp;C:/Users/owner/Dropbox/Wzone/tmp/tmp1990/shp5313_20141231b.shp;C:/Users/owner/Dropbox/Wzone/tmp/tmp1990/shp5314_20141231b.shp;C:/Users/owner/Dropbox/Wzone/tmp/tmp1990/shp5349_20141231b.shp;C:/Users/owner/Dropbox/Wzone/tmp/tmp1990/shp5352_20141231b.shp;C:/Users/owner/Dropbox/Wzone/tmp/tmp1990/shp5460_20141231b.shp;C:/Users/owner/Dropbox/Wzone/tmp/tmp1990/shp5512_20141231b.shp;C:/Users/owner/Dropbox/Wzone/tmp/tmp1990/shp5534_20141231b.shp;C:/Users/owner/Dropbox/Wzone/tmp/tmp1990/shp5536_20141231b.shp;C:/Users/owner/Dropbox/Wzone/tmp/tmp1990/shp5543_20141231b.shp;C:/Users/owner/Dropbox/Wzone/tmp/tmp1990/shp5545_20141231b.shp;C:/Users/owner/Dropbox/Wzone/tmp/tmp1990/shp5546_20141231b.shp;C:/Users/owner/Dropbox/Wzone/tmp/tmp1990/shp5563_20141231b.shp;C:/Users/owner/Dropbox/Wzone/tmp/tmp1990/shp5570_20141231b.shp;C:/Users/owner/Dropbox/Wzone/tmp/tmp1990/shp5583_20141231b.shp;C:/Users/owner/Dropbox/Wzone/tmp/tmp1990/shp5589_20141231b.shp;C:/Users/owner/Dropbox/Wzone/tmp/tmp1990/shp5595_20141231b.shp;C:/Users/owner/Dropbox/Wzone/tmp/tmp1990/shp5598_20141231b.shp;C:/Users/owner/Dropbox/Wzone/tmp/tmp1990/shp5649_20141231b.shp;C:/Users/owner/Dropbox/Wzone/tmp/tmp1990/shp10264_20141231b.shp;C:/Users/owner/Dropbox/Wzone/tmp/tmp1990/shp10882_20141231b.shp;C:/Users/owner/Dropbox/Wzone/tmp/tmp1990/shp10985_20141231b.shp;C:/Users/owner/Dropbox/Wzone/tmp/tmp1990/shp11123_20141231b.shp;C:/Users/owner/Dropbox/Wzone/tmp/tmp1990/shp11336_20141231b.shp;C:/Users/owner/Dropbox/Wzone/tmp/tmp1990/shp11377_20141231b.shp;C:/Users/owner/Dropbox/Wzone/tmp/tmp1990/shp11433_20141231b.shp;C:/Users/owner/Dropbox/Wzone/tmp/tmp1990/shp11521_20141231b.shp;C:/Users/owner/Dropbox/Wzone/tmp/tmp1990/shp11662_20141231b.shp;C:/Users/owner/Dropbox/Wzone/tmp/tmp1990/shp11663_20141231b.shp;C:/Users/owner/Dropbox/Wzone/tmp/tmp1990/shp11801_20141231b.shp;C:/Users/owner/Dropbox/Wzone/tmp/tmp1990/shp11972_20141231b.shp;C:/Users/owner/Dropbox/Wzone/tmp/tmp1990/shp11973_20141231b.shp;C:/Users/owner/Dropbox/Wzone/tmp/tmp1990/shp11975_20141231b.shp;C:/Users/owner/Dropbox/Wzone/tmp/tmp1990/shp11985_20141231b.shp;C:/Users/owner/Dropbox/Wzone/tmp/tmp1990/shp11986_20141231b.shp;C:/Users/owner/Dropbox/Wzone/tmp/tmp1990/shp11988_20141231b.shp;C:/Users/owner/Dropbox/Wzone/tmp/tmp1990/shp12009_20141231b.shp;C:/Users/owner/Dropbox/Wzone/tmp/tmp1990/shp12046_20141231b.shp;C:/Users/owner/Dropbox/Wzone/tmp/tmp1990/shp12102_20141231b.shp;C:/Users/owner/Dropbox/Wzone/tmp/tmp1990/shp12132_20141231b.shp;C:/Users/owner/Dropbox/Wzone/tmp/tmp1990/shp12341_20141231b.shp;C:/Users/owner/Dropbox/Wzone/tmp/tmp1990/shp12378_20141231b.shp;C:/Users/owner/Dropbox/Wzone/tmp/tmp1990/shp12379_20141231b.shp;C:/Users/owner/Dropbox/Wzone/tmp/tmp1990/shp12380_20141231b.shp;C:/Users/owner/Dropbox/Wzone/tmp/tmp1990/shp12382_20141231b.shp;C:/Users/owner/Dropbox/Wzone/tmp/tmp1990/shp12400_20141231b.shp;C:/Users/owner/Dropbox/Wzone/tmp/tmp1990/shp12413_20141231b.shp;C:/Users/owner/Dropbox/Wzone/tmp/tmp1990/shp12414_20141231b.shp;C:/Users/owner/Dropbox/Wzone/tmp/tmp1990/shp12556_20141231b.shp;C:/Users/owner/Dropbox/Wzone/tmp/tmp1990/shp12575_20141231b.shp;C:/Users/owner/Dropbox/Wzone/tmp/tmp1990/shp13801_20141231b.shp;C:/Users/owner/Dropbox/Wzone/tmp/tmp1990/shp13813_20141231b.shp;C:/Users/owner/Dropbox/Wzone/tmp/tmp1990/shp14036_20141231b.shp;C:/Users/owner/Dropbox/Wzone/tmp/tmp1990/shp14059_20141231b.shp;C:/Users/owner/Dropbox/Wzone/tmp/tmp1990/shp14200_20141231b.shp;C:/Users/owner/Dropbox/Wzone/tmp/tmp1990/shp14210_20141231b.shp;C:/Users/owner/Dropbox/Wzone/tmp/tmp1990/shp14273_20141231b.shp;C:/Users/owner/Dropbox/Wzone/tmp/tmp1990/shp14318_20141231b.shp;C:/Users/owner/Dropbox/Wzone/tmp/tmp1990/shp14329_20141231b.shp;C:/Users/owner/Dropbox/Wzone/tmp/tmp1990/shp14349_20141231b.shp;C:/Users/owner/Dropbox/Wzone/tmp/tmp1990/shp14353_20141231b.shp;C:/Users/owner/Dropbox/Wzone/tmp/tmp1990/shp14620_20141231b.shp;C:/Users/owner/Dropbox/Wzone/tmp/tmp1990/shp14677_20141231b.shp;C:/Users/owner/Dropbox/Wzone/tmp/tmp1990/shp14744_20141231b.shp;C:/Users/owner/Dropbox/Wzone/tmp/tmp1990/shp14800_20141231b.shp;C:/Users/owner/Dropbox/Wzone/tmp/tmp1990/shp14847_20141231b.shp;C:/Users/owner/Dropbox/Wzone/tmp/tmp1990/shp15558_20141231b.shp;C:/Users/owner/Dropbox/Wzone/tmp/tmp1990/shp15751_20141231b.shp C:\Users\owner\Dropbox\Wzone\out\wzone_shp\2014\2014_12_31.shp "dyad_id "dyad_id" true true false 5 Long 0 5,First,#,C:/Users/owner/Dropbox/Wzone/tmp/tmp1990/shp411_20141231b.shp,dyad_id,-1,-1,C:/Users/owner/Dropbox/Wzone/tmp/tmp1990/shp422_20141231b.shp,dyad_id,-1,-1,C:/Users/owner/Dropbox/Wzone/tmp/tmp1990/shp428_20141231b.shp,dyad_id,-1,-1,C:/Users/owner/Dropbox/Wzone/tmp/tmp1990/shp453_20141231b.shp,dyad_id,-1,-1,C:/Users/owner/Dropbox/Wzone/tmp/tmp1990/shp459_20141231b.shp,dyad_id,-1,-1,C:/Users/owner/Dropbox/Wzone/tmp/tmp1990/shp461_20141231b.shp,dyad_id,-1,-1,C:/Users/owner/Dropbox/Wzone/tmp/tmp1990/shp474_20141231b.shp,dyad_id,-1,-1,C:/Users/owner/Dropbox/Wzone/tmp/tmp1990/shp476_20141231b.shp,dyad_id,-1,-1,C:/Users/owner/Dropbox/Wzone/tmp/tmp1990/shp477_20141231b.shp,dyad_id,-1,-1,C:/Users/owner/Dropbox/Wzone/tmp/tmp1990/shp478_20141231b.shp,dyad_id,-1,-1,C:/Users/owner/Dropbox/Wzone/tmp/tmp1990/shp508_20141231b.shp,dyad_id,-1,-1,C:/Users/owner/Dropbox/Wzone/tmp/tmp1990/shp524_20141231b.shp,dyad_id,-1,-1,C:/Users/owner/Dropbox/Wzone/tmp/tmp1990/shp624_20141231b.shp,dyad_id,-1,-1,C:/Users/owner/Dropbox/Wzone/tmp/tmp1990/shp628_20141231b.shp,dyad_id,-1,-1,C:/Users/owner/Dropbox/Wzone/tmp/tmp1990/shp640_20141231b.shp,dyad_id,-1,-1,C:/Users/owner/Dropbox/Wzone/tmp/tmp1990/shp657_20141231b.shp,dyad_id,-1,-1,C:/Users/owner/Dropbox/Wzone/tmp/tmp1990/shp658_20141231b.shp,dyad_id,-1,-1,C:/Users/owner/Dropbox/Wzone/tmp/tmp1990/shp708_20141231b.shp,dyad_id,-1,-1,C:/Users/owner/Dropbox/Wzone/tmp/tmp1990/shp709_20141231b.shp,dyad_id,-1,-1,C:/Users/owner/Dropbox/Wzone/tmp/tmp1990/shp711_20141231b.shp,dyad_id,-1,-1,C:/Users/owner/Dropbox/Wzone/tmp/tmp1990/shp719_20141231b.shp,dyad_id,-1,-1,C:/Users/owner/Dropbox/Wzone/tmp/tmp1990/shp722_20141231b.shp,dyad_id,-1,-1,C:/Users/owner/Dropbox/Wzone/tmp/tmp1990/shp735_20141231b.shp,dyad_id,-1,-1,C:/Users/owner/Dropbox/Wzone/tmp/tmp1990/shp750_20141231b.shp,dyad_id,-1,-1,C:/Users/owner/Dropbox/Wzone/tmp/tmp1990/shp754_20141231b.shp,dyad_id,-1,-1,C:/Users/owner/Dropbox/Wzone/tmp/tmp1990/shp768_20141231b.shp,dyad_id,-1,-1,C:/Users/owner/Dropbox/Wzone/tmp/tmp1990/shp781_20141231b.shp,dyad_id,-1,-1,C:/Users/owner/Dropbox/Wzone/tmp/tmp1990/shp792_20141231b.shp,dyad_id,-1,-1,C:/Users/owner/Dropbox/Wzone/tmp/tmp1990/shp830_20141231b.shp,dyad_id,-1,-1,C:/Users/owner/Dropbox/Wzone/tmp/tmp1990/shp833_20141231b.shp,dyad_id,-1,-1,C:/Users/owner/Dropbox/Wzone/tmp/tmp1990/shp857_20141231b.shp,dyad_id,-1,-1,C:/Users/owner/Dropbox/Wzone/tmp/tmp1990/shp869_20141231b.shp,dyad_id,-1,-1,C:/Users/owner/Dropbox/Wzone/tmp/tmp1990/shp878_20141231b.shp,dyad_id,-1,-1,C:/Users/owner/Dropbox/Wzone/tmp/tmp1990/shp899_20141231b.shp,dyad_id,-1,-1,C:/Users/owner/Dropbox/Wzone/tmp/tmp1990/shp906_20141231b.shp,dyad_id,-1,-1,C:/Users/owner/Dropbox/Wzone/tmp/tmp1990/shp913_20141231b.shp,dyad_id,-1,-1,C:/Users/owner/Dropbox/Wzone/tmp/tmp1990/shp914_20141231b.shp,dyad_id,-1,-1,C:/Users/owner/Dropbox/Wzone/tmp/tmp1990/shp921_20141231b.shp,dyad_id,-1,-1,C:/Users/owner/Dropbox/Wzone/tmp/tmp1990/shp929_20141231b.shp,dyad_id,-1,-1,C:/Users/owner/Dropbox/Wzone/tmp/tmp1990/shp930_20141231b.shp,dyad_id,-1,-1,C:/Users/owner/Dropbox/Wzone/tmp/tmp1990/shp931_20141231b.shp,dyad_id,-1,-1,C:/Users/owner/Dropbox/Wzone/tmp/tmp1990/shp934_20141231b.shp,dyad_id,-1,-1,C:/Users/owner/Dropbox/Wzone/tmp/tmp1990/shp935_20141231b.shp,dyad_id,-1,-1,C:/Users/owner/Dropbox/Wzone/tmp/tmp1990/shp936_20141231b.shp,dyad_id,-1,-1,C:/Users/owner/Dropbox/Wzone/tmp/tmp1990/shp941_20141231b.shp,dyad_id,-1,-1,C:/Users/owner/Dropbox/Wzone/tmp/tmp1990/shp942_20141231b.shp,dyad_id,-1,-1,C:/Users/owner/Dropbox/Wzone/tmp/tmp1990/shp944_20141231b.shp,dyad_id,-1,-1,C:/Users/owner/Dropbox/Wzone/tmp/tmp1990/shp947_20141231b.shp,dyad_id,-1,-1,C:/Users/owner/Dropbox/Wzone/tmp/tmp1990/shp948_20141231b.shp,dyad_id,-1,-1,C:/Users/owner/Dropbox/Wzone/tmp/tmp1990/shp950_20141231b.shp,dyad_id,-1,-1,C:/Users/owner/Dropbox/Wzone/tmp/tmp1990/shp951_20141231b.shp,dyad_id,-1,-1,C:/Users/owner/Dropbox/Wzone/tmp/tmp1990/shp955_20141231b.shp,dyad_id,-1,-1,C:/Users/owner/Dropbox/Wzone/tmp/tmp1990/shp962_20141231b.shp,dyad_id,-1,-1,C:/Users/owner/Dropbox/Wzone/tmp/tmp1990/shp966_20141231b.shp,dyad_id,-1,-1,C:/Users/owner/Dropbox/Wzone/tmp/tmp1990/shp973_20141231b.shp,dyad_id,-1,-1,C:/Users/owner/Dropbox/Wzone/tmp/tmp1990/shp977_20141231b.shp,dyad_id,-1,-1,C:/Users/owner/Dropbox/Wzone/tmp/tmp1990/shp981_20141231b.shp,dyad_id,-1,-1,C:/Users/owner/Dropbox/Wzone/tmp/tmp1990/shp988_20141231b.shp,dyad_id,-1,-1,C:/Users/owner/Dropbox/Wzone/tmp/tmp1990/shp989_20141231b.shp,dyad_id,-1,-1,C:/Users/owner/Dropbox/Wzone/tmp/tmp1990/shp997_20141231b.shp,dyad_id,-1,-1,C:/Users/owner/Dropbox/Wzone/tmp/tmp1990/shp999_20141231b.shp,dyad_id,-1,-1,C:/Users/owner/Dropbox/Wzone/tmp/tmp1990/shp1007_20141231b.shp,dyad_id,-1,-1,C:/Users/owner/Dropbox/Wzone/tmp/tmp1990/shp1026_20141231b.shp,dyad_id,-1,-1,C:/Users/owner/Dropbox/Wzone/tmp/tmp1990/shp1027_20141231b.shp,dyad_id,-1,-1,C:/Users/owner/Dropbox/Wzone/tmp/tmp1990/shp1036_20141231b.shp,dyad_id,-1,-1,C:/Users/owner/Dropbox/Wzone/tmp/tmp1990/shp1040_20141231b.shp,dyad_id,-1,-1,C:/Users/owner/Dropbox/Wzone/tmp/tmp1990/shp1071_20141231b.shp,dyad_id,-1,-1,C:/Users/owner/Dropbox/Wzone/tmp/tmp1990/shp1073_20141231b.shp,dyad_id,-1,-1,C:/Users/owner/Dropbox/Wzone/tmp/tmp1990/shp1096_20141231b.shp,dyad_id,-1,-1,C:/Users/owner/Dropbox/Wzone/tmp/tmp1990/shp1108_20141231b.shp,dyad_id,-1,-1,C:/Users/owner/Dropbox/Wzone/tmp/tmp1990/shp1167_20141231b.shp,dyad_id,-1,-1,C:/Users/owner/Dropbox/Wzone/tmp/tmp1990/shp1175_20141231b.shp,dyad_id,-1,-1,C:/Users/owner/Dropbox/Wzone/tmp/tmp1990/shp1176_20141231b.shp,dyad_id,-1,-1,C:/Users/owner/Dropbox/Wzone/tmp/tmp1990/shp1178_20141231b.shp,dyad_id,-1,-1,C:/Users/owner/Dropbox/Wzone/tmp/tmp1990/shp1182_20141231b.shp,dyad_id,-1,-1,C:/Users/owner/Dropbox/Wzone/tmp/tmp1990/shp1204_20141231b.shp,dyad_id,-1,-1,C:/Users/owner/Dropbox/Wzone/tmp/tmp1990/shp2332_20141231b.shp,dyad_id,-1,-1,C:/Users/owner/Dropbox/Wzone/tmp/tmp1990/shp2425_20141231b.shp,dyad_id,-1,-1,C:/Users/owner/Dropbox/Wzone/tmp/tmp1990/shp2461_20141231b.shp,dyad_id,-1,-1,C:/Users/owner/Dropbox/Wzone/tmp/tmp1990/shp2472_20141231b.shp,dyad_id,-1,-1,C:/Users/owner/Dropbox/Wzone/tmp/tmp1990/shp5201_20141231b.shp,dyad_id,-1,-1,C:/Users/owner/Dropbox/Wzone/tmp/tmp1990/shp5247_20141231b.shp,dyad_id,-1,-1,C:/Users/owner/Dropbox/Wzone/tmp/tmp1990/shp5262_20141231b.shp,dyad_id,-1,-1,C:/Users/owner/Dropbox/Wzone/tmp/tmp1990/shp5270_20141231b.shp,dyad_id,-1,-1,C:/Users/owner/Dropbox/Wzone/tmp/tmp1990/shp5276_20141231b.shp,dyad_id,-1,-1,C:/Users/owner/Dropbox/Wzone/tmp/tmp1990/shp5293_20141231b.shp,dyad_id,-1,-1,C:/Users/owner/Dropbox/Wzone/tmp/tmp1990/shp5313_20141231b.shp,dyad_id,-1,-1,C:/Users/owner/Dropbox/Wzone/tmp/tmp1990/shp5314_20141231b.shp,dyad_id,-1,-1,C:/Users/owner/Dropbox/Wzone/tmp/tmp1990/shp5349_20141231b.shp,dyad_id,-1,-1,C:/Users/owner/Dropbox/Wzone/tmp/tmp1990/shp5352_20141231b.shp,dyad_id,-1,-1,C:/Users/owner/Dropbox/Wzone/tmp/tmp1990/shp5460_20141231b.shp,dyad_id,-1,-1,C:/Users/owner/Dropbox/Wzone/tmp/tmp1990/shp5512_20141231b.shp,dyad_id,-1,-1,C:/Users/owner/Dropbox/Wzone/tmp/tmp1990/shp5534_20141231b.shp,dyad_id,-1,-1,C:/Users/owner/Dropbox/Wzone/tmp/tmp1990/shp5536_20141231b.shp,dyad_id,-1,-1,C:/Users/owner/Dropbox/Wzone/tmp/tmp1990/shp5543_20141231b.shp,dyad_id,-1,-1,C:/Users/owner/Dropbox/Wzone/tmp/tmp1990/shp5545_20141231b.shp,dyad_id,-1,-1,C:/Users/owner/Dropbox/Wzone/tmp/tmp1990/shp5546_20141231b.shp,dyad_id,-1,-1,C:/Users/owner/Dropbox/Wzone/tmp/tmp1990/shp5563_20141231b.shp,dyad_id,-1,-1,C:/Users/owner/Dropbox/Wzone/tmp/tmp1990/shp5570_20141231b.shp,dyad_id,-1,-1,C:/Users/owner/Dropbox/Wzone/tmp/tmp1990/shp5583_20141231b.shp,dyad_id,-1,-1,C:/Users/owner/Dropbox/Wzone/tmp/tmp1990/shp5589_20141231b.shp,dyad_id,-1,-1,C:/Users/owner/Dropbox/Wzone/tmp/tmp1990/shp5595_20141231b.shp,dyad_id,-1,-1,C:/Users/owner/Dropbox/Wzone/tmp/tmp1990/shp5598_20141231b.shp,dyad_id,-1,-1,C:/Users/owner/Dropbox/Wzone/tmp/tmp1990/shp5649_20141231b.shp,dyad_id,-1,-1,C:/Users/owner/Dropbox/Wzone/tmp/tmp1990/shp10264_20141231b.shp,dyad_id,-1,-1,C:/Users/owner/Dropbox/Wzone/tmp/tmp1990/shp10882_20141231b.shp,dyad_id,-1,-1,C:/Users/owner/Dropbox/Wzone/tmp/tmp1990/shp10985_20141231b.shp,dyad_id,-1,-1,C:/Users/owner/Dropbox/Wzone/tmp/tmp1990/shp11123_20141231b.shp,dyad_id,-1,-1,C:/Users/owner/Dropbox/Wzone/tmp/tmp1990/shp11336_20141231b.shp,dyad_id,-1,-1,C:/Users/owner/Dropbox/Wzone/tmp/tmp1990/shp11377_20141231b.shp,dyad_id,-1,-1,C:/Users/owner/Dropbox/Wzone/tmp/tmp1990/shp11433_20141231b.shp,dyad_id,-1,-1,C:/Users/owner/Dropbox/Wzone/tmp/tmp1990/shp11521_20141231b.shp,dyad_id,-1,-1,C:/Users/owner/Dropbox/Wzone/tmp/tmp1990/shp11662_20141231b.shp,dyad_id,-1,-1,C:/Users/owner/Dropbox/Wzone/tmp/tmp1990/shp11663_20141231b.shp,dyad_id,-1,-1,C:/Users/owner/Dropbox/Wzone/tmp/tmp1990/shp11801_20141231b.shp,dyad_id,-1,-1,C:/Users/owner/Dropbox/Wzone/tmp/tmp1990/shp11972_20141231b.shp,dyad_id,-1,-1,C:/Users/owner/Dropbox/Wzone/tmp/tmp1990/shp11973_20141231b.shp,dyad_id,-1,-1,C:/Users/owner/Dropbox/Wzone/tmp/tmp1990/shp11975_20141231b.shp,dyad_id,-1,-1,C:/Users/owner/Dropbox/Wzone/tmp/tmp1990/shp11985_20141231b.shp,dyad_id,-1,-1,C:/Users/owner/Dropbox/Wzone/tmp/tmp1990/shp11986_20141231b.shp,dyad_id,-1,-1,C:/Users/owner/Dropbox/Wzone/tmp/tmp1990/shp11988_20141231b.shp,dyad_id,-1,-1,C:/Users/owner/Dropbox/Wzone/tmp/tmp1990/shp12009_20141231b.shp,dyad_id,-1,-1,C:/Users/owner/Dropbox/Wzone/tmp/tmp1990/shp12046_20141231b.shp,dyad_id,-1,-1,C:/Users/owner/Dropbox/Wzone/tmp/tmp1990/shp12102_20141231b.shp,dyad_id,-1,-1,C:/Users/owner/Dropbox/Wzone/tmp/tmp1990/shp12132_20141231b.shp,dyad_id,-1,-1,C:/Users/owner/Dropbox/Wzone/tmp/tmp1990/shp12341_20141231b.shp,dyad_id,-1,-1,C:/Users/owner/Dropbox/Wzone/tmp/tmp1990/shp12378_20141231b.shp,dyad_id,-1,-1,C:/Users/owner/Dropbox/Wzone/tmp/tmp1990/shp12379_20141231b.shp,dyad_id,-1,-1,C:/Users/owner/Dropbox/Wzone/tmp/tmp1990/shp12380_20141231b.shp,dyad_id,-1,-1,C:/Users/owner/Dropbox/Wzone/tmp/tmp1990/shp12382_20141231b.shp,dyad_id,-1,-1,C:/Users/owner/Dropbox/Wzone/tmp/tmp1990/shp12400_20141231b.shp,dyad_id,-1,-1,C:/Users/owner/Dropbox/Wzone/tmp/tmp1990/shp12413_20141231b.shp,dyad_id,-1,-1,C:/Users/owner/Dropbox/Wzone/tmp/tmp1990/shp12414_20141231b.shp,dyad_id,-1,-1,C:/Users/owner/Dropbox/Wzone/tmp/tmp1990/shp12556_20141231b.shp,dyad_id,-1,-1,C:/Users/owner/Dropbox/Wzone/tmp/tmp1990/shp12575_20141231b.shp,dyad_id,-1,-1,C:/Users/owner/Dropbox/Wzone/tmp/tmp1990/shp13801_20141231b.shp,dyad_id,-1,-1,C:/Users/owner/Dropbox/Wzone/tmp/tmp1990/shp13813_20141231b.shp,dyad_id,-1,-1,C:/Users/owner/Dropbox/Wzone/tmp/tmp1990/shp14036_20141231b.shp,dyad_id,-1,-1,C:/Users/owner/Dropbox/Wzone/tmp/tmp1990/shp14059_20141231b.shp,dyad_id,-1,-1,C:/Users/owner/Dropbox/Wzone/tmp/tmp1990/shp14200_20141231b.shp,dyad_id,-1,-1,C:/Users/owner/Dropbox/Wzone/tmp/tmp1990/shp14210_20141231b.shp,dyad_id,-1,-1,C:/Users/owner/Dropbox/Wzone/tmp/tmp1990/shp14273_20141231b.shp,dyad_id,-1,-1,C:/Users/owner/Dropbox/Wzone/tmp/tmp1990/shp14318_20141231b.shp,dyad_id,-1,-1,C:/Users/owner/Dropbox/Wzone/tmp/tmp1990/shp14329_20141231b.shp,dyad_id,-1,-1,C:/Users/owner/Dropbox/Wzone/tmp/tmp1990/shp14349_20141231b.shp,dyad_id,-1,-1,C:/Users/owner/Dropbox/Wzone/tmp/tmp1990/shp14353_20141231b.shp,dyad_id,-1,-1,C:/Users/owner/Dropbox/Wzone/tmp/tmp1990/shp14620_20141231b.shp,dyad_id,-1,-1,C:/Users/owner/Dropbox/Wzone/tmp/tmp1990/shp14677_20141231b.shp,dyad_id,-1,-1,C:/Users/owner/Dropbox/Wzone/tmp/tmp1990/shp14744_20141231b.shp,dyad_id,-1,-1,C:/Users/owner/Dropbox/Wzone/tmp/tmp1990/shp14800_20141231b.shp,dyad_id,-1,-1,C:/Users/owner/Dropbox/Wzone/tmp/tmp1990/shp14847_20141231b.shp,dyad_id,-1,-1,C:/Users/owner/Dropbox/Wzone/tmp/tmp1990/shp15558_20141231b.shp,dyad_id,-1,-1,C:/Users/owner/Dropbox/Wzone/tmp/tmp1990/shp15751_20141231b.shp,dyad_id,-1,-1;conf_id "conf_id" true true false 5 Long 0 5,First,#,C:/Users/owner/Dropbox/Wzone/tmp/tmp1990/shp411_20141231b.shp,conf_id,-1,-1,C:/Users/owner/Dropbox/Wzone/tmp/tmp1990/shp422_20141231b.shp,conf_id,-1,-1,C:/Users/owner/Dropbox/Wzone/tmp/tmp1990/shp428_20141231b.shp,conf_id,-1,-1,C:/Users/owner/Dropbox/Wzone/tmp/tmp1990/shp453_20141231b.shp,conf_id,-1,-1,C:/Users/owner/Dropbox/Wzone/tmp/tmp1990/shp459_20141231b.shp,conf_id,-1,-1,C:/Users/owner/Dropbox/Wzone/tmp/tmp1990/shp461_20141231b.shp,conf_id,-1,-1,C:/Users/owner/Dropbox/Wzone/tmp/tmp1990/shp474_20141231b.shp,conf_id,-1,-1,C:/Users/owner/Dropbox/Wzone/tmp/tmp1990/shp476_20141231b.shp,conf_id,-1,-1,C:/Users/owner/Dropbox/Wzone/tmp/tmp1990/shp477_20141231b.shp,conf_id,-1,-1,C:/Users/owner/Dropbox/Wzone/tmp/tmp1990/shp478_20141231b.shp,conf_id,-1,-1,C:/Users/owner/Dropbox/Wzone/tmp/tmp1990/shp508_20141231b.shp,conf_id,-1,-1,C:/Users/owner/Dropbox/Wzone/tmp/tmp1990/shp524_20141231b.shp,conf_id,-1,-1,C:/Users/owner/Dropbox/Wzone/tmp/tmp1990/shp624_20141231b.shp,conf_id,-1,-1,C:/Users/owner/Dropbox/Wzone/tmp/tmp1990/shp628_20141231b.shp,conf_id,-1,-1,C:/Users/owner/Dropbox/Wzone/tmp/tmp1990/shp640_20141231b.shp,conf_id,-1,-1,C:/Users/owner/Dropbox/Wzone/tmp/tmp1990/shp657_20141231b.shp,conf_id,-1,-1,C:/Users/owner/Dropbox/Wzone/tmp/tmp1990/shp658_20141231b.shp,conf_id,-1,-1,C:/Users/owner/Dropbox/Wzone/tmp/tmp1990/shp708_20141231b.shp,conf_id,-1,-1,C:/Users/owner/Dropbox/Wzone/tmp/tmp1990/shp709_20141231b.shp,conf_id,-1,-1,C:/Users/owner/Dropbox/Wzone/tmp/tmp1990/shp711_20141231b.shp,conf_id,-1,-1,C:/Users/owner/Dropbox/Wzone/tmp/tmp1990/shp719_20141231b.shp,conf_id,-1,-1,C:/Users/owner/Dropbox/Wzone/tmp/tmp1990/shp722_20141231b.shp,conf_id,-1,-1,C:/Users/owner/Dropbox/Wzone/tmp/tmp1990/shp735_20141231b.shp,conf_id,-1,-1,C:/Users/owner/Dropbox/Wzone/tmp/tmp1990/shp750_20141231b.shp,conf_id,-1,-1,C:/Users/owner/Dropbox/Wzone/tmp/tmp1990/shp754_20141231b.shp,conf_id,-1,-1,C:/Users/owner/Dropbox/Wzone/tmp/tmp1990/shp768_20141231b.shp,conf_id,-1,-1,C:/Users/owner/Dropbox/Wzone/tmp/tmp1990/shp781_20141231b.shp,conf_id,-1,-1,C:/Users/owner/Dropbox/Wzone/tmp/tmp1990/shp792_20141231b.shp,conf_id,-1,-1,C:/Users/owner/Dropbox/Wzone/tmp/tmp1990/shp830_20141231b.shp,conf_id,-1,-1,C:/Users/owner/Dropbox/Wzone/tmp/tmp1990/shp833_20141231b.shp,conf_id,-1,-1,C:/Users/owner/Dropbox/Wzone/tmp/tmp1990/shp857_20141231b.shp,conf_id,-1,-1,C:/Users/owner/Dropbox/Wzone/tmp/tmp1990/shp869_20141231b.shp,conf_id,-1,-1,C:/Users/owner/Dropbox/Wzone/tmp/tmp1990/shp878_20141231b.shp,conf_id,-1,-1,C:/Users/owner/Dropbox/Wzone/tmp/tmp1990/shp899_20141231b.shp,conf_id,-1,-1,C:/Users/owner/Dropbox/Wzone/tmp/tmp1990/shp906_20141231b.shp,conf_id,-1,-1,C:/Users/owner/Dropbox/Wzone/tmp/tmp1990/shp913_20141231b.shp,conf_id,-1,-1,C:/Users/owner/Dropbox/Wzone/tmp/tmp1990/shp914_20141231b.shp,conf_id,-1,-1,C:/Users/owner/Dropbox/Wzone/tmp/tmp1990/shp921_20141231b.shp,conf_id,-1,-1,C:/Users/owner/Dropbox/Wzone/tmp/tmp1990/shp929_20141231b.shp,conf_id,-1,-1,C:/Users/owner/Dropbox/Wzone/tmp/tmp1990/shp930_20141231b.shp,conf_id,-1,-1,C:/Users/owner/Dropbox/Wzone/tmp/tmp1990/shp931_20141231b.shp,conf_id,-1,-1,C:/Users/owner/Dropbox/Wzone/tmp/tmp1990/shp934_20141231b.shp,conf_id,-1,-1,C:/Users/owner/Dropbox/Wzone/tmp/tmp1990/shp935_20141231b.shp,conf_id,-1,-1,C:/Users/owner/Dropbox/Wzone/tmp/tmp1990/shp936_20141231b.shp,conf_id,-1,-1,C:/Users/owner/Dropbox/Wzone/tmp/tmp1990/shp941_20141231b.shp,conf_id,-1,-1,C:/Users/owner/Dropbox/Wzone/tmp/tmp1990/shp942_20141231b.shp,conf_id,-1,-1,C:/Users/owner/Dropbox/Wzone/tmp/tmp1990/shp944_20141231b.shp,conf_id,-1,-1,C:/Users/owner/Dropbox/Wzone/tmp/tmp1990/shp947_20141231b.shp,conf_id,-1,-1,C:/Users/owner/Dropbox/Wzone/tmp/tmp1990/shp948_20141231b.shp,conf_id,-1,-1,C:/Users/owner/Dropbox/Wzone/tmp/tmp1990/shp950_20141231b.shp,conf_id,-1,-1,C:/Users/owner/Dropbox/Wzone/tmp/tmp1990/shp951_20141231b.shp,conf_id,-1,-1,C:/Users/owner/Dropbox/Wzone/tmp/tmp1990/shp955_20141231b.shp,conf_id,-1,-1,C:/Users/owner/Dropbox/Wzone/tmp/tmp1990/shp962_20141231b.shp,conf_id,-1,-1,C:/Users/owner/Dropbox/Wzone/tmp/tmp1990/shp966_20141231b.shp,conf_id,-1,-1,C:/Users/owner/Dropbox/Wzone/tmp/tmp1990/shp973_20141231b.shp,conf_id,-1,-1,C:/Users/owner/Dropbox/Wzone/tmp/tmp1990/shp977_20141231b.shp,conf_id,-1,-1,C:/Users/owner/Dropbox/Wzone/tmp/tmp1990/shp981_20141231b.shp,conf_id,-1,-1,C:/Users/owner/Dropbox/Wzone/tmp/tmp1990/shp988_20141231b.shp,conf_id,-1,-1,C:/Users/owner/Dropbox/Wzone/tmp/tmp1990/shp989_20141231b.shp,conf_id,-1,-1,C:/Users/owner/Dropbox/Wzone/tmp/tmp1990/shp997_20141231b.shp,conf_id,-1,-1,C:/Users/owner/Dropbox/Wzone/tmp/tmp1990/shp999_20141231b.shp,conf_id,-1,-1,C:/Users/owner/Dropbox/Wzone/tmp/tmp1990/shp1007_20141231b.shp,conf_id,-1,-1,C:/Users/owner/Dropbox/Wzone/tmp/tmp1990/shp1026_20141231b.shp,conf_id,-1,-1,C:/Users/owner/Dropbox/Wzone/tmp/tmp1990/shp1027_20141231b.shp,conf_id,-1,-1,C:/Users/owner/Dropbox/Wzone/tmp/tmp1990/shp1036_20141231b.shp,conf_id,-1,-1,C:/Users/owner/Dropbox/Wzone/tmp/tmp1990/shp1040_20141231b.shp,conf_id,-1,-1,C:/Users/owner/Dropbox/Wzone/tmp/tmp1990/shp1071_20141231b.shp,conf_id,-1,-1,C:/Users/owner/Dropbox/Wzone/tmp/tmp1990/shp1073_20141231b.shp,conf_id,-1,-1,C:/Users/owner/Dropbox/Wzone/tmp/tmp1990/shp1096_20141231b.shp,conf_id,-1,-1,C:/Users/owner/Dropbox/Wzone/tmp/tmp1990/shp1108_20141231b.shp,conf_id,-1,-1,C:/Users/owner/Dropbox/Wzone/tmp/tmp1990/shp1167_20141231b.shp,conf_id,-1,-1,C:/Users/owner/Dropbox/Wzone/tmp/tmp1990/shp1175_20141231b.shp,conf_id,-1,-1,C:/Users/owner/Dropbox/Wzone/tmp/tmp1990/shp1176_20141231b.shp,conf_id,-1,-1,C:/Users/owner/Dropbox/Wzone/tmp/tmp1990/shp1178_20141231b.shp,conf_id,-1,-1,C:/Users/owner/Dropbox/Wzone/tmp/tmp1990/shp1182_20141231b.shp,conf_id,-1,-1,C:/Users/owner/Dropbox/Wzone/tmp/tmp1990/shp1204_20141231b.shp,conf_id,-1,-1,C:/Users/owner/Dropbox/Wzone/tmp/tmp1990/shp2332_20141231b.shp,conf_id,-1,-1,C:/Users/owner/Dropbox/Wzone/tmp/tmp1990/shp2425_20141231b.shp,conf_id,-1,-1,C:/Users/owner/Dropbox/Wzone/tmp/tmp1990/shp2461_20141231b.shp,conf_id,-1,-1,C:/Users/owner/Dropbox/Wzone/tmp/tmp1990/shp2472_20141231b.shp,conf_id,-1,-1,C:/Users/owner/Dropbox/Wzone/tmp/tmp1990/shp5201_20141231b.shp,conf_id,-1,-1,C:/Users/owner/Dropbox/Wzone/tmp/tmp1990/shp5247_20141231b.shp,conf_id,-1,-1,C:/Users/owner/Dropbox/Wzone/tmp/tmp1990/shp5262_20141231b.shp,conf_id,-1,-1,C:/Users/owner/Dropbox/Wzone/tmp/tmp1990/shp5270_20141231b.shp,conf_id,-1,-1,C:/Users/owner/Dropbox/Wzone/tmp/tmp1990/shp5276_20141231b.shp,conf_id,-1,-1,C:/Users/owner/Dropbox/Wzone/tmp/tmp1990/shp5293_20141231b.shp,conf_id,-1,-1,C:/Users/owner/Dropbox/Wzone/tmp/tmp1990/shp5313_20141231b.shp,conf_id,-1,-1,C:/Users/owner/Dropbox/Wzone/tmp/tmp1990/shp5314_20141231b.shp,conf_id,-1,-1,C:/Users/owner/Dropbox/Wzone/tmp/tmp1990/shp5349_20141231b.shp,conf_id,-1,-1,C:/Users/owner/Dropbox/Wzone/tmp/tmp1990/shp5352_20141231b.shp,conf_id,-1,-1,C:/Users/owner/Dropbox/Wzone/tmp/tmp1990/shp5460_20141231b.shp,conf_id,-1,-1,C:/Users/owner/Dropbox/Wzone/tmp/tmp1990/shp5512_20141231b.shp,conf_id,-1,-1,C:/Users/owner/Dropbox/Wzone/tmp/tmp1990/shp5534_20141231b.shp,conf_id,-1,-1,C:/Users/owner/Dropbox/Wzone/tmp/tmp1990/shp5536_20141231b.shp,conf_id,-1,-1,C:/Users/owner/Dropbox/Wzone/tmp/tmp1990/shp5543_20141231b.shp,conf_id,-1,-1,C:/Users/owner/Dropbox/Wzone/tmp/tmp1990/shp5545_20141231b.shp,conf_id,-1,-1,C:/Users/owner/Dropbox/Wzone/tmp/tmp1990/shp5546_20141231b.shp,conf_id,-1,-1,C:/Users/owner/Dropbox/Wzone/tmp/tmp1990/shp5563_20141231b.shp,conf_id,-1,-1,C:/Users/owner/Dropbox/Wzone/tmp/tmp1990/shp5570_20141231b.shp,conf_id,-1,-1,C:/Users/owner/Dropbox/Wzone/tmp/tmp1990/shp5583_20141231b.shp,conf_id,-1,-1,C:/Users/owner/Dropbox/Wzone/tmp/tmp1990/shp5589_20141231b.shp,conf_id,-1,-1,C:/Users/owner/Dropbox/Wzone/tmp/tmp1990/shp5595_20141231b.shp,conf_id,-1,-1,C:/Users/owner/Dropbox/Wzone/tmp/tmp1990/shp5598_20141231b.shp,conf_id,-1,-1,C:/Users/owner/Dropbox/Wzone/tmp/tmp1990/shp5649_20141231b.shp,conf_id,-1,-1,C:/Users/owner/Dropbox/Wzone/tmp/tmp1990/shp10264_20141231b.shp,conf_id,-1,-1,C:/Users/owner/Dropbox/Wzone/tmp/tmp1990/shp10882_20141231b.shp,conf_id,-1,-1,C:/Users/owner/Dropbox/Wzone/tmp/tmp1990/shp10985_20141231b.shp,conf_id,-1,-1,C:/Users/owner/Dropbox/Wzone/tmp/tmp1990/shp11123_20141231b.shp,conf_id,-1,-1,C:/Users/owner/Dropbox/Wzone/tmp/tmp1990/shp11336_20141231b.shp,conf_id,-1,-1,C:/Users/owner/Dropbox/Wzone/tmp/tmp1990/shp11377_20141231b.shp,conf_id,-1,-1,C:/Users/owner/Dropbox/Wzone/tmp/tmp1990/shp11433_20141231b.shp,conf_id,-1,-1,C:/Users/owner/Dropbox/Wzone/tmp/tmp1990/shp11521_20141231b.shp,conf_id,-1,-1,C:/Users/owner/Dropbox/Wzone/tmp/tmp1990/shp11662_20141231b.shp,conf_id,-1,-1,C:/Users/owner/Dropbox/Wzone/tmp/tmp1990/shp11663_20141231b.shp,conf_id,-1,-1,C:/Users/owner/Dropbox/Wzone/tmp/tmp1990/shp11801_20141231b.shp,conf_id,-1,-1,C:/Users/owner/Dropbox/Wzone/tmp/tmp1990/shp11972_20141231b.shp,conf_id,-1,-1,C:/Users/owner/Dropbox/Wzone/tmp/tmp1990/shp11973_20141231b.shp,conf_id,-1,-1,C:/Users/owner/Dropbox/Wzone/tmp/tmp1990/shp11975_20141231b.shp,conf_id,-1,-1,C:/Users/owner/Dropbox/Wzone/tmp/tmp1990/shp11985_20141231b.shp,conf_id,-1,-1,C:/Users/owner/Dropbox/Wzone/tmp/tmp1990/shp11986_20141231b.shp,conf_id,-1,-1,C:/Users/owner/Dropbox/Wzone/tmp/tmp1990/shp11988_20141231b.shp,conf_id,-1,-1,C:/Users/owner/Dropbox/Wzone/tmp/tmp1990/shp12009_20141231b.shp,conf_id,-1,-1,C:/Users/owner/Dropbox/Wzone/tmp/tmp1990/shp12046_20141231b.shp,conf_id,-1,-1,C:/Users/owner/Dropbox/Wzone/tmp/tmp1990/shp12102_20141231b.shp,conf_id,-1,-1,C:/Users/owner/Dropbox/Wzone/tmp/tmp1990/shp12132_20141231b.shp,conf_id,-1,-1,C:/Users/owner/Dropbox/Wzone/tmp/tmp1990/shp12341_20141231b.shp,conf_id,-1,-1,C:/Users/owner/Dropbox/Wzone/tmp/tmp1990/shp12378_20141231b.shp,conf_id,-1,-1,C:/Users/owner/Dropbox/Wzone/tmp/tmp1990/shp12379_20141231b.shp,conf_id,-1,-1,C:/Users/owner/Dropbox/Wzone/tmp/tmp1990/shp12380_20141231b.shp,conf_id,-1,-1,C:/Users/owner/Dropbox/Wzone/tmp/tmp1990/shp12382_20141231b.shp,conf_id,-1,-1,C:/Users/owner/Dropbox/Wzone/tmp/tmp1990/shp12400_20141231b.shp,conf_id,-1,-1,C:/Users/owner/Dropbox/Wzone/tmp/tmp1990/shp12413_20141231b.shp,conf_id,-1,-1,C:/Users/owner/Dropbox/Wzone/tmp/tmp1990/shp12414_20141231b.shp,conf_id,-1,-1,C:/Users/owner/Dropbox/Wzone/tmp/tmp1990/shp12556_20141231b.shp,conf_id,-1,-1,C:/Users/owner/Dropbox/Wzone/tmp/tmp1990/shp12575_20141231b.shp,conf_id,-1,-1,C:/Users/owner/Dropbox/Wzone/tmp/tmp1990/shp13801_20141231b.shp,conf_id,-1,-1,C:/Users/owner/Dropbox/Wzone/tmp/tmp1990/shp13813_20141231b.shp,conf_id,-1,-1,C:/Users/owner/Dropbox/Wzone/tmp/tmp1990/shp14036_20141231b.shp,conf_id,-1,-1,C:/Users/owner/Dropbox/Wzone/tmp/tmp1990/shp14059_20141231b.shp,conf_id,-1,-1,C:/Users/owner/Dropbox/Wzone/tmp/tmp1990/shp14200_20141231b.shp,conf_id,-1,-1,C:/Users/owner/Dropbox/Wzone/tmp/tmp1990/shp14210_20141231b.shp,conf_id,-1,-1,C:/Users/owner/Dropbox/Wzone/tmp/tmp1990/shp14273_20141231b.shp,conf_id,-1,-1,C:/Users/owner/Dropbox/Wzone/tmp/tmp1990/shp14318_20141231b.shp,conf_id,-1,-1,C:/Users/owner/Dropbox/Wzone/tmp/tmp1990/shp14329_20141231b.shp,conf_id,-1,-1,C:/Users/owner/Dropbox/Wzone/tmp/tmp1990/shp14349_20141231b.shp,conf_id,-1,-1,C:/Users/owner/Dropbox/Wzone/tmp/tmp1990/shp14353_20141231b.shp,conf_id,-1,-1,C:/Users/owner/Dropbox/Wzone/tmp/tmp1990/shp14620_20141231b.shp,conf_id,-1,-1,C:/Users/owner/Dropbox/Wzone/tmp/tmp1990/shp14677_20141231b.shp,conf_id,-1,-1,C:/Users/owner/Dropbox/Wzone/tmp/tmp1990/shp14744_20141231b.shp,conf_id,-1,-1,C:/Users/owner/Dropbox/Wzone/tmp/tmp1990/shp14800_20141231b.shp,conf_id,-1,-1,C:/Users/owner/Dropbox/Wzone/tmp/tmp1990/shp14847_20141231b.shp,conf_id,-1,-1,C:/Users/owner/Dropbox/Wzone/tmp/tmp1990/shp15558_20141231b.shp,conf_id,-1,-1,C:/Users/owner/Dropbox/Wzone/tmp/tmp1990/shp15751_20141231b.shp,conf_id,-1,-1;date "date" true true false 254 Text 0 0,First,#,C:/Users/owner/Dropbox/Wzone/tmp/tmp1990/shp411_20141231b.shp,date,0,253,C:/Users/owner/Dropbox/Wzone/tmp/tmp1990/shp422_20141231b.shp,date,0,253,C:/Users/owner/Dropbox/Wzone/tmp/tmp1990/shp428_20141231b.shp,date,0,253,C:/Users/owner/Dropbox/Wzone/tmp/tmp1990/shp453_20141231b.shp,date,0,253,C:/Users/owner/Dropbox/Wzone/tmp/tmp1990/shp459_20141231b.shp,date,0,253,C:/Users/owner/Dropbox/Wzone/tmp/tmp1990/shp461_20141231b.shp,date,0,253,C:/Users/owner/Dropbox/Wzone/tmp/tmp1990/shp474_20141231b.shp,date,0,253,C:/Users/owner/Dropbox/Wzone/tmp/tmp1990/shp476_20141231b.shp,date,0,253,C:/Users/owner/Dropbox/Wzone/tmp/tmp1990/shp477_20141231b.shp,date,0,253,C:/Users/owner/Dropbox/Wzone/tmp/tmp1990/shp478_20141231b.shp,date,0,253,C:/Users/owner/Dropbox/Wzone/tmp/tmp1990/shp508_20141231b.shp,date,0,253,C:/Users/owner/Dropbox/Wzone/tmp/tmp1990/shp524_20141231b.shp,date,0,253,C:/Users/owner/Dropbox/Wzone/tmp/tmp1990/shp624_20141231b.shp,date,0,253,C:/Users/owner/Dropbox/Wzone/tmp/tmp1990/shp628_20141231b.shp,date,0,253,C:/Users/owner/Dropbox/Wzone/tmp/tmp1990/shp640_20141231b.shp,date,0,253,C:/Users/owner/Dropbox/Wzone/tmp/tmp1990/shp657_20141231b.shp,date,0,253,C:/Users/owner/Dropbox/Wzone/tmp/tmp1990/shp658_20141231b.shp,date,0,253,C:/Users/owner/Dropbox/Wzone/tmp/tmp1990/shp708_20141231b.shp,date,0,253,C:/Users/owner/Dropbox/Wzone/tmp/tmp1990/shp709_20141231b.shp,date,0,253,C:/Users/owner/Dropbox/Wzone/tmp/tmp1990/shp711_20141231b.shp,date,0,253,C:/Users/owner/Dropbox/Wzone/tmp/tmp1990/shp719_20141231b.shp,date,0,253,C:/Users/owner/Dropbox/Wzone/tmp/tmp1990/shp722_20141231b.shp,date,0,253,C:/Users/owner/Dropbox/Wzone/tmp/tmp1990/shp735_20141231b.shp,date,0,253,C:/Users/owner/Dropbox/Wzone/tmp/tmp1990/shp750_20141231b.shp,date,0,253,C:/Users/owner/Dropbox/Wzone/tmp/tmp1990/shp754_20141231b.shp,date,0,253,C:/Users/owner/Dropbox/Wzone/tmp/tmp1990/shp768_20141231b.shp,date,0,253,C:/Users/owner/Dropbox/Wzone/tmp/tmp1990/shp781_20141231b.shp,date,0,253,C:/Users/owner/Dropbox/Wzone/tmp/tmp1990/shp792_20141231b.shp,date,0,253,C:/Users/owner/Dropbox/Wzone/tmp/tmp1990/shp830_20141231b.shp,date,0,253,C:/Users/owner/Dropbox/Wzone/tmp/tmp1990/shp833_20141231b.shp,date,0,253,C:/Users/owner/Dropbox/Wzone/tmp/tmp1990/shp857_20141231b.shp,date,0,253,C:/Users/owner/Dropbox/Wzone/tmp/tmp1990/shp869_20141231b.shp,date,0,253,C:/Users/owner/Dropbox/Wzone/tmp/tmp1990/shp878_20141231b.shp,date,0,253,C:/Users/owner/Dropbox/Wzone/tmp/tmp1990/shp899_20141231b.shp,date,0,253,C:/Users/owner/Dropbox/Wzone/tmp/tmp1990/shp906_20141231b.shp,date,0,253,C:/Users/owner/Dropbox/Wzone/tmp/tmp1990/shp913_20141231b.shp,date,0,253,C:/Users/owner/Dropbox/Wzone/tmp/tmp1990/shp914_20141231b.shp,date,0,253,C:/Users/owner/Dropbox/Wzone/tmp/tmp1990/shp921_20141231b.shp,date,0,253,C:/Users/owner/Dropbox/Wzone/tmp/tmp1990/shp929_20141231b.shp,date,0,253,C:/Users/owner/Dropbox/Wzone/tmp/tmp1990/shp930_20141231b.shp,date,0,253,C:/Users/owner/Dropbox/Wzone/tmp/tmp1990/shp931_20141231b.shp,date,0,253,C:/Users/owner/Dropbox/Wzone/tmp/tmp1990/shp934_20141231b.shp,date,0,253,C:/Users/owner/Dropbox/Wzone/tmp/tmp1990/shp935_20141231b.shp,date,0,253,C:/Users/owner/Dropbox/Wzone/tmp/tmp1990/shp936_20141231b.shp,date,0,253,C:/Users/owner/Dropbox/Wzone/tmp/tmp1990/shp941_20141231b.shp,date,0,253,C:/Users/owner/Dropbox/Wzone/tmp/tmp1990/shp942_20141231b.shp,date,0,253,C:/Users/owner/Dropbox/Wzone/tmp/tmp1990/shp944_20141231b.shp,date,0,253,C:/Users/owner/Dropbox/Wzone/tmp/tmp1990/shp947_20141231b.shp,date,0,253,C:/Users/owner/Dropbox/Wzone/tmp/tmp1990/shp948_20141231b.shp,date,0,253,C:/Users/owner/Dropbox/Wzone/tmp/tmp1990/shp950_20141231b.shp,date,0,253,C:/Users/owner/Dropbox/Wzone/tmp/tmp1990/shp951_20141231b.shp,date,0,253,C:/Users/owner/Dropbox/Wzone/tmp/tmp1990/shp955_20141231b.shp,date,0,253,C:/Users/owner/Dropbox/Wzone/tmp/tmp1990/shp962_20141231b.shp,date,0,253,C:/Users/owner/Dropbox/Wzone/tmp/tmp1990/shp966_20141231b.shp,date,0,253,C:/Users/owner/Dropbox/Wzone/tmp/tmp1990/shp973_20141231b.shp,date,0,253,C:/Users/owner/Dropbox/Wzone/tmp/tmp1990/shp977_20141231b.shp,date,0,253,C:/Users/owner/Dropbox/Wzone/tmp/tmp1990/shp981_20141231b.shp,date,0,253,C:/Users/owner/Dropbox/Wzone/tmp/tmp1990/shp988_20141231b.shp,date,0,253,C:/Users/owner/Dropbox/Wzone/tmp/tmp1990/shp989_20141231b.shp,date,0,253,C:/Users/owner/Dropbox/Wzone/tmp/tmp1990/shp997_20141231b.shp,date,0,253,C:/Users/owner/Dropbox/Wzone/tmp/tmp1990/shp999_20141231b.shp,date,0,253,C:/Users/owner/Dropbox/Wzone/tmp/tmp1990/shp1007_20141231b.shp,date,0,253,C:/Users/owner/Dropbox/Wzone/tmp/tmp1990/shp1026_20141231b.shp,date,0,253,C:/Users/owner/Dropbox/Wzone/tmp/tmp1990/shp1027_20141231b.shp,date,0,253,C:/Users/owner/Dropbox/Wzone/tmp/tmp1990/shp1036_20141231b.shp,date,0,253,C:/Users/owner/Dropbox/Wzone/tmp/tmp1990/shp1040_20141231b.shp,date,0,253,C:/Users/owner/Dropbox/Wzone/tmp/tmp1990/shp1071_20141231b.shp,date,0,253,C:/Users/owner/Dropbox/Wzone/tmp/tmp1990/shp1073_20141231b.shp,date,0,253,C:/Users/owner/Dropbox/Wzone/tmp/tmp1990/shp1096_20141231b.shp,date,0,253,C:/Users/owner/Dropbox/Wzone/tmp/tmp1990/shp1108_20141231b.shp,date,0,253,C:/Users/owner/Dropbox/Wzone/tmp/tmp1990/shp1167_20141231b.shp,date,0,253,C:/Users/owner/Dropbox/Wzone/tmp/tmp1990/shp1175_20141231b.shp,date,0,253,C:/Users/owner/Dropbox/Wzone/tmp/tmp1990/shp1176_20141231b.shp,date,0,253,C:/Users/owner/Dropbox/Wzone/tmp/tmp1990/shp1178_20141231b.shp,date,0,253,C:/Users/owner/Dropbox/Wzone/tmp/tmp1990/shp1182_20141231b.shp,date,0,253,C:/Users/owner/Dropbox/Wzone/tmp/tmp1990/shp1204_20141231b.shp,date,0,253,C:/Users/owner/Dropbox/Wzone/tmp/tmp1990/shp2332_20141231b.shp,date,0,253,C:/Users/owner/Dropbox/Wzone/tmp/tmp1990/shp2425_20141231b.shp,date,0,253,C:/Users/owner/Dropbox/Wzone/tmp/tmp1990/shp2461_20141231b.shp,date,0,253,C:/Users/owner/Dropbox/Wzone/tmp/tmp1990/shp2472_20141231b.shp,date,0,253,C:/Users/owner/Dropbox/Wzone/tmp/tmp1990/shp5201_20141231b.shp,date,0,253,C:/Users/owner/Dropbox/Wzone/tmp/tmp1990/shp5247_20141231b.shp,date,0,253,C:/Users/owner/Dropbox/Wzone/tmp/tmp1990/shp5262_20141231b.shp,date,0,253,C:/Users/owner/Dropbox/Wzone/tmp/tmp1990/shp5270_20141231b.shp,date,0,253,C:/Users/owner/Dropbox/Wzone/tmp/tmp1990/shp5276_20141231b.shp,date,0,253,C:/Users/owner/Dropbox/Wzone/tmp/tmp1990/shp5293_20141231b.shp,date,0,253,C:/Users/owner/Dropbox/Wzone/tmp/tmp1990/shp5313_20141231b.shp,date,0,253,C:/Users/owner/Dropbox/Wzone/tmp/tmp1990/shp5314_20141231b.shp,date,0,253,C:/Users/owner/Dropbox/Wzone/tmp/tmp1990/shp5349_20141231b.shp,date,0,253,C:/Users/owner/Dropbox/Wzone/tmp/tmp1990/shp5352_20141231b.shp,date,0,253,C:/Users/owner/Dropbox/Wzone/tmp/tmp1990/shp5460_20141231b.shp,date,0,253,C:/Users/owner/Dropbox/Wzone/tmp/tmp1990/shp5512_20141231b.shp,date,0,253,C:/Users/owner/Dropbox/Wzone/tmp/tmp1990/shp5534_20141231b.shp,date,0,253,C:/Users/owner/Dropbox/Wzone/tmp/tmp1990/shp5536_20141231b.shp,date,0,253,C:/Users/owner/Dropbox/Wzone/tmp/tmp1990/shp5543_20141231b.shp,date,0,253,C:/Users/owner/Dropbox/Wzone/tmp/tmp1990/shp5545_20141231b.shp,date,0,253,C:/Users/owner/Dropbox/Wzone/tmp/tmp1990/shp5546_20141231b.shp,date,0,253,C:/Users/owner/Dropbox/Wzone/tmp/tmp1990/shp5563_20141231b.shp,date,0,253,C:/Users/owner/Dropbox/Wzone/tmp/tmp1990/shp5570_20141231b.shp,date,0,253,C:/Users/owner/Dropbox/Wzone/tmp/tmp1990/shp5583_20141231b.shp,date,0,253,C:/Users/owner/Dropbox/Wzone/tmp/tmp1990/shp5589_20141231b.shp,date,0,253,C:/Users/owner/Dropbox/Wzone/tmp/tmp1990/shp5595_20141231b.shp,date,0,253,C:/Users/owner/Dropbox/Wzone/tmp/tmp1990/shp5598_20141231b.shp,date,0,253,C:/Users/owner/Dropbox/Wzone/tmp/tmp1990/shp5649_20141231b.shp,date,0,253,C:/Users/owner/Dropbox/Wzone/tmp/tmp1990/shp10264_20141231b.shp,date,0,253,C:/Users/owner/Dropbox/Wzone/tmp/tmp1990/shp10882_20141231b.shp,date,0,253,C:/Users/owner/Dropbox/Wzone/tmp/tmp1990/shp10985_20141231b.shp,date,0,253,C:/Users/owner/Dropbox/Wzone/tmp/tmp1990/shp11123_20141231b.shp,date,0,253,C:/Users/owner/Dropbox/Wzone/tmp/tmp1990/shp11336_20141231b.shp,date,0,253,C:/Users/owner/Dropbox/Wzone/tmp/tmp1990/shp11377_20141231b.shp,date,0,253,C:/Users/owner/Dropbox/Wzone/tmp/tmp1990/shp11433_20141231b.shp,date,0,253,C:/Users/owner/Dropbox/Wzone/tmp/tmp1990/shp11521_20141231b.shp,date,0,253,C:/Users/owner/Dropbox/Wzone/tmp/tmp1990/shp11662_20141231b.shp,date,0,253,C:/Users/owner/Dropbox/Wzone/tmp/tmp1990/shp11663_20141231b.shp,date,0,253,C:/Users/owner/Dropbox/Wzone/tmp/tmp1990/shp11801_20141231b.shp,date,0,253,C:/Users/owner/Dropbox/Wzone/tmp/tmp1990/shp11972_20141231b.shp,date,0,253,C:/Users/owner/Dropbox/Wzone/tmp/tmp1990/shp11973_20141231b.shp,date,0,253,C:/Users/owner/Dropbox/Wzone/tmp/tmp1990/shp11975_20141231b.shp,date,0,253,C:/Users/owner/Dropbox/Wzone/tmp/tmp1990/shp11985_20141231b.shp,date,0,253,C:/Users/owner/Dropbox/Wzone/tmp/tmp1990/shp11986_20141231b.shp,date,0,253,C:/Users/owner/Dropbox/Wzone/tmp/tmp1990/shp11988_20141231b.shp,date,0,253,C:/Users/owner/Dropbox/Wzone/tmp/tmp1990/shp12009_20141231b.shp,date,0,253,C:/Users/owner/Dropbox/Wzone/tmp/tmp1990/shp12046_20141231b.shp,date,0,253,C:/Users/owner/Dropbox/Wzone/tmp/tmp1990/shp12102_20141231b.shp,date,0,253,C:/Users/owner/Dropbox/Wzone/tmp/tmp1990/shp12132_20141231b.shp,date,0,253,C:/Users/owner/Dropbox/Wzone/tmp/tmp1990/shp12341_20141231b.shp,date,0,253,C:/Users/owner/Dropbox/Wzone/tmp/tmp1990/shp12378_20141231b.shp,date,0,253,C:/Users/owner/Dropbox/Wzone/tmp/tmp1990/shp12379_20141231b.shp,date,0,253,C:/Users/owner/Dropbox/Wzone/tmp/tmp1990/shp12380_20141231b.shp,date,0,253,C:/Users/owner/Dropbox/Wzone/tmp/tmp1990/shp12382_20141231b.shp,date,0,253,C:/Users/owner/Dropbox/Wzone/tmp/tmp1990/shp12400_20141231b.shp,date,0,253,C:/Users/owner/Dropbox/Wzone/tmp/tmp1990/shp12413_20141231b.shp,date,0,253,C:/Users/owner/Dropbox/Wzone/tmp/tmp1990/shp12414_20141231b.shp,date,0,253,C:/Users/owner/Dropbox/Wzone/tmp/tmp1990/shp12556_20141231b.shp,date,0,253,C:/Users/owner/Dropbox/Wzone/tmp/tmp1990/shp12575_20141231b.shp,date,0,253,C:/Users/owner/Dropbox/Wzone/tmp/tmp1990/shp13801_20141231b.shp,date,0,253,C:/Users/owner/Dropbox/Wzone/tmp/tmp1990/shp13813_20141231b.shp,date,0,253,C:/Users/owner/Dropbox/Wzone/tmp/tmp1990/shp14036_20141231b.shp,date,0,253,C:/Users/owner/Dropbox/Wzone/tmp/tmp1990/shp14059_20141231b.shp,date,0,253,C:/Users/owner/Dropbox/Wzone/tmp/tmp1990/shp14200_20141231b.shp,date,0,253,C:/Users/owner/Dropbox/Wzone/tmp/tmp1990/shp14210_20141231b.shp,date,0,253,C:/Users/owner/Dropbox/Wzone/tmp/tmp1990/shp14273_20141231b.shp,date,0,253,C:/Users/owner/Dropbox/Wzone/tmp/tmp1990/shp14318_20141231b.shp,date,0,253,C:/Users/owner/Dropbox/Wzone/tmp/tmp1990/shp14329_20141231b.shp,date,0,253,C:/Users/owner/Dropbox/Wzone/tmp/tmp1990/shp14349_20141231b.shp,date,0,253,C:/Users/owner/Dropbox/Wzone/tmp/tmp1990/shp14353_20141231b.shp,date,0,253,C:/Users/owner/Dropbox/Wzone/tmp/tmp1990/shp14620_20141231b.shp,date,0,253,C:/Users/owner/Dropbox/Wzone/tmp/tmp1990/shp14677_20141231b.shp,date,0,253,C:/Users/owner/Dropbox/Wzone/tmp/tmp1990/shp14744_20141231b.shp,date,0,253,C:/Users/owner/Dropbox/Wzone/tmp/tmp1990/shp14800_20141231b.shp,date,0,253,C:/Users/owner/Dropbox/Wzone/tmp/tmp1990/shp14847_20141231b.shp,date,0,253,C:/Users/owner/Dropbox/Wzone/tmp/tmp1990/shp15558_20141231b.shp,date,0,253,C:/Users/owner/Dropbox/Wzone/tmp/tmp1990/shp15751_20141231b.shp,date,0,253" NO_SOURCE_INFO</Process><Process ToolSource="c:\program files\arcgis\pro\Resources\ArcToolbox\toolboxes\Data Management Tools.tbx\DefineProjection" Date="20240719" Time="213325">DefineProjection C:/Users/owner/Dropbox/Wzone/out/wzone_shp/2014/2014_12_31.shp GEOGCS["GCS_WGS_1984",DATUM["D_WGS_1984",SPHEROID["WGS_1984",6378137.0,298.257223563]],PRIMEM["Greenwich",0.0],UNIT["Degree",0.0174532925199433]]</Process></lineage></DataProperties><SyncDate>20240719</SyncDate><SyncTime>21332200</SyncTime><ModDate>20240719</ModDate><ModTime>21332200</ModTime></Esri><dataIdInfo><envirDesc Sync="TRUE">Microsoft Windows 10 Version 10.0 (Build 19045) ; Esri ArcGIS 13.2.2.49743</envirDesc><dataLang><languageCode value="eng" Sync="TRUE"></languageCode><countryCode value="USA" Sync="TRUE"></countryCode></dataLang><idCitation><resTitle Sync="TRUE">2014_12_31</resTitle><presForm><PresFormCd value="005" Sync="TRUE"></PresFormCd></presForm></idCitation><spatRpType><SpatRepTypCd value="001" Sync="TRUE"></SpatRepTypCd></spatRpType></dataIdInfo><mdLang><languageCode value="eng" Sync="TRUE"></languageCode><countryCode value="USA" Sync="TRUE"></countryCode></mdLang><mdChar><CharSetCd value="004" Sync="TRUE"></CharSetCd></mdChar><distInfo><distFormat><formatName Sync="TRUE">Shapefile</formatName></distFormat><distTranOps><transSize Sync="TRUE">0.000</transSize></distTranOps></distInfo><mdHrLv><ScopeCd value="005" Sync="TRUE"></ScopeCd></mdHrLv><mdHrLvName Sync="TRUE">dataset</mdHrLvName><spatRepInfo><VectSpatRep><geometObjs Name="2014_12_31"><geoObjTyp><GeoObjTypCd value="002" Sync="TRUE"></GeoObjTypCd></geoObjTyp><geoObjCnt Sync="TRUE">0</geoObjCnt></geometObjs><topLvl><TopoLevCd value="001" Sync="TRUE"></TopoLevCd></topLvl></VectSpatRep></spatRepInfo><spdoinfo><ptvctinf><esriterm Name="2014_12_31"><efeatyp Sync="TRUE">Simple</efeatyp><efeageom code="4" Sync="TRUE"></efeageom><esritopo Sync="TRUE">FALSE</esritopo><efeacnt Sync="TRUE">0</efeacnt><spindex Sync="TRUE">FALSE</spindex><linrefer Sync="TRUE">FALSE</linrefer></esriterm></ptvctinf></spdoinfo><eainfo><detailed Name="2014_12_31"><enttyp><enttypl Sync="TRUE">2014_12_31</enttypl><enttypt Sync="TRUE">Feature Class</enttypt><enttypc Sync="TRUE">0</enttypc></enttyp><attr><attrlabl Sync="TRUE">FID</attrlabl><attalias Sync="TRUE">FID</attalias><attrtype Sync="TRUE">OID</attrtype><attwidth Sync="TRUE">4</attwidth><atprecis Sync="TRUE">0</atprecis><attscale Sync="TRUE">0</attscale><attrdef Sync="TRUE">Internal feature number.</attrdef><attrdefs Sync="TRUE">Esri</attrdefs><attrdomv><udom Sync="TRUE">Sequential unique whole numbers that are automatically generated.</udom></attrdomv></attr><attr><attrlabl Sync="TRUE">Shape</attrlabl><attalias Sync="TRUE">Shape</attalias><attrtype Sync="TRUE">Geometry</attrtype><attwidth Sync="TRUE">0</attwidth><atprecis Sync="TRUE">0</atprecis><attscale Sync="TRUE">0</attscale><attrdef Sync="TRUE">Feature geometry.</attrdef><attrdefs Sync="TRUE">Esri</attrdefs><attrdomv><udom Sync="TRUE">Coordinates defining the features.</udom></attrdomv></attr><attr><attrlabl Sync="TRUE">dyad_id</attrlabl><attalias Sync="TRUE">dyad_id</attalias><attrtype Sync="TRUE">Integer</attrtype><attwidth Sync="TRUE">5</attwidth><atprecis Sync="TRUE">5</atprecis><attscale Sync="TRUE">0</attscale></attr><attr><attrlabl Sync="TRUE">conf_id</attrlabl><attalias Sync="TRUE">conf_id</attalias><attrtype Sync="TRUE">Integer</attrtype><attwidth Sync="TRUE">5</attwidth><atprecis Sync="TRUE">5</atprecis><attscale Sync="TRUE">0</attscale></attr><attr><attrlabl Sync="TRUE">date</attrlabl><attalias Sync="TRUE">date</attalias><attrtype Sync="TRUE">String</attrtype><attwidth Sync="TRUE">254</attwidth><atprecis Sync="TRUE">0</atprecis><attscale Sync="TRUE">0</attscale></attr></detailed></eainfo><mdDateSt Sync="TRUE">20240719</mdDateSt></metadata>
