<?xml version="1.0" encoding="UTF-8"?>
<metadata xml:lang="en"><Esri><CreaDate>20240720</CreaDate><CreaTime>01221700</CreaTime><ArcGISFormat>1.0</ArcGISFormat><SyncOnce>FALSE</SyncOnce><DataProperties><itemProps><itemName Sync="TRUE">2015_12_31</itemName><imsContentType Sync="TRUE">002</imsContentType><itemSize Sync="TRUE">0.000</itemSize><itemLocation><linkage Sync="TRUE">file://\\DESKTOP-48J08HF\C$\Users\owner\Dropbox\Wzone\out\wzone_shp\2015\2015_12_31.shp</linkage><protocol Sync="TRUE">Local Area Network</protocol></itemLocation></itemProps><lineage><Process ToolSource="c:\program files\arcgis\pro\Resources\ArcToolbox\toolboxes\Analysis Tools.tbx\Select" Date="20240720" Time="012217">Select in_memory/shp1991411_20151231a C:\Users\owner\Dropbox\Wzone\tmp\tmp1991\shp411_20151231b.shp ""gridcode" &gt; 0"</Process><Process ToolSource="c:\program files\arcgis\pro\Resources\ArcToolbox\toolboxes\Data Management Tools.tbx\AddField" Date="20240720" Time="012218">AddField C:/Users/owner/Dropbox/Wzone/tmp/tmp1991/shp411_20151231b.shp dyad_id "Short (16-bit integer)" # # # # NULLABLE NON_REQUIRED #</Process><Process ToolSource="c:\program files\arcgis\pro\Resources\ArcToolbox\toolboxes\Data Management Tools.tbx\AddField" Date="20240720" Time="012218">AddField C:/Users/owner/Dropbox/Wzone/tmp/tmp1991/shp411_20151231b.shp conf_id "Short (16-bit integer)" # # # # NULLABLE NON_REQUIRED #</Process><Process ToolSource="c:\program files\arcgis\pro\Resources\ArcToolbox\toolboxes\Data Management Tools.tbx\AddField" Date="20240720" Time="012218">AddField C:/Users/owner/Dropbox/Wzone/tmp/tmp1991/shp411_20151231b.shp date Text # # # # NULLABLE NON_REQUIRED #</Process><Process ToolSource="c:\program files\arcgis\pro\Resources\ArcToolbox\toolboxes\Data Management Tools.tbx\DeleteField" Date="20240720" Time="012218">DeleteField C:/Users/owner/Dropbox/Wzone/tmp/tmp1991/shp411_20151231b.shp Id "Delete Fields"</Process><Process ToolSource="c:\program files\arcgis\pro\Resources\ArcToolbox\toolboxes\Data Management Tools.tbx\DeleteField" Date="20240720" Time="012218">DeleteField C:/Users/owner/Dropbox/Wzone/tmp/tmp1991/shp411_20151231b.shp gridcode "Delete Fields"</Process><Process ToolSource="c:\program files\arcgis\pro\Resources\ArcToolbox\toolboxes\Data Management Tools.tbx\Merge" Date="20240720" Time="012543">Merge C:/Users/owner/Dropbox/Wzone/tmp/tmp1991/shp411_20151231b.shp;C:/Users/owner/Dropbox/Wzone/tmp/tmp1991/shp422_20151231b.shp;C:/Users/owner/Dropbox/Wzone/tmp/tmp1991/shp428_20151231b.shp;C:/Users/owner/Dropbox/Wzone/tmp/tmp1991/shp453_20151231b.shp;C:/Users/owner/Dropbox/Wzone/tmp/tmp1991/shp459_20151231b.shp;C:/Users/owner/Dropbox/Wzone/tmp/tmp1991/shp461_20151231b.shp;C:/Users/owner/Dropbox/Wzone/tmp/tmp1991/shp474_20151231b.shp;C:/Users/owner/Dropbox/Wzone/tmp/tmp1991/shp476_20151231b.shp;C:/Users/owner/Dropbox/Wzone/tmp/tmp1991/shp477_20151231b.shp;C:/Users/owner/Dropbox/Wzone/tmp/tmp1991/shp478_20151231b.shp;C:/Users/owner/Dropbox/Wzone/tmp/tmp1991/shp508_20151231b.shp;C:/Users/owner/Dropbox/Wzone/tmp/tmp1991/shp524_20151231b.shp;C:/Users/owner/Dropbox/Wzone/tmp/tmp1991/shp624_20151231b.shp;C:/Users/owner/Dropbox/Wzone/tmp/tmp1991/shp628_20151231b.shp;C:/Users/owner/Dropbox/Wzone/tmp/tmp1991/shp640_20151231b.shp;C:/Users/owner/Dropbox/Wzone/tmp/tmp1991/shp657_20151231b.shp;C:/Users/owner/Dropbox/Wzone/tmp/tmp1991/shp658_20151231b.shp;C:/Users/owner/Dropbox/Wzone/tmp/tmp1991/shp708_20151231b.shp;C:/Users/owner/Dropbox/Wzone/tmp/tmp1991/shp709_20151231b.shp;C:/Users/owner/Dropbox/Wzone/tmp/tmp1991/shp722_20151231b.shp;C:/Users/owner/Dropbox/Wzone/tmp/tmp1991/shp735_20151231b.shp;C:/Users/owner/Dropbox/Wzone/tmp/tmp1991/shp750_20151231b.shp;C:/Users/owner/Dropbox/Wzone/tmp/tmp1991/shp754_20151231b.shp;C:/Users/owner/Dropbox/Wzone/tmp/tmp1991/shp768_20151231b.shp;C:/Users/owner/Dropbox/Wzone/tmp/tmp1991/shp781_20151231b.shp;C:/Users/owner/Dropbox/Wzone/tmp/tmp1991/shp792_20151231b.shp;C:/Users/owner/Dropbox/Wzone/tmp/tmp1991/shp830_20151231b.shp;C:/Users/owner/Dropbox/Wzone/tmp/tmp1991/shp833_20151231b.shp;C:/Users/owner/Dropbox/Wzone/tmp/tmp1991/shp857_20151231b.shp;C:/Users/owner/Dropbox/Wzone/tmp/tmp1991/shp869_20151231b.shp;C:/Users/owner/Dropbox/Wzone/tmp/tmp1991/shp878_20151231b.shp;C:/Users/owner/Dropbox/Wzone/tmp/tmp1991/shp906_20151231b.shp;C:/Users/owner/Dropbox/Wzone/tmp/tmp1991/shp913_20151231b.shp;C:/Users/owner/Dropbox/Wzone/tmp/tmp1991/shp914_20151231b.shp;C:/Users/owner/Dropbox/Wzone/tmp/tmp1991/shp921_20151231b.shp;C:/Users/owner/Dropbox/Wzone/tmp/tmp1991/shp929_20151231b.shp;C:/Users/owner/Dropbox/Wzone/tmp/tmp1991/shp930_20151231b.shp;C:/Users/owner/Dropbox/Wzone/tmp/tmp1991/shp931_20151231b.shp;C:/Users/owner/Dropbox/Wzone/tmp/tmp1991/shp934_20151231b.shp;C:/Users/owner/Dropbox/Wzone/tmp/tmp1991/shp936_20151231b.shp;C:/Users/owner/Dropbox/Wzone/tmp/tmp1991/shp941_20151231b.shp;C:/Users/owner/Dropbox/Wzone/tmp/tmp1991/shp942_20151231b.shp;C:/Users/owner/Dropbox/Wzone/tmp/tmp1991/shp944_20151231b.shp;C:/Users/owner/Dropbox/Wzone/tmp/tmp1991/shp947_20151231b.shp;C:/Users/owner/Dropbox/Wzone/tmp/tmp1991/shp948_20151231b.shp;C:/Users/owner/Dropbox/Wzone/tmp/tmp1991/shp950_20151231b.shp;C:/Users/owner/Dropbox/Wzone/tmp/tmp1991/shp951_20151231b.shp;C:/Users/owner/Dropbox/Wzone/tmp/tmp1991/shp955_20151231b.shp;C:/Users/owner/Dropbox/Wzone/tmp/tmp1991/shp962_20151231b.shp;C:/Users/owner/Dropbox/Wzone/tmp/tmp1991/shp966_20151231b.shp;C:/Users/owner/Dropbox/Wzone/tmp/tmp1991/shp973_20151231b.shp;C:/Users/owner/Dropbox/Wzone/tmp/tmp1991/shp977_20151231b.shp;C:/Users/owner/Dropbox/Wzone/tmp/tmp1991/shp981_20151231b.shp;C:/Users/owner/Dropbox/Wzone/tmp/tmp1991/shp988_20151231b.shp;C:/Users/owner/Dropbox/Wzone/tmp/tmp1991/shp989_20151231b.shp;C:/Users/owner/Dropbox/Wzone/tmp/tmp1991/shp997_20151231b.shp;C:/Users/owner/Dropbox/Wzone/tmp/tmp1991/shp999_20151231b.shp;C:/Users/owner/Dropbox/Wzone/tmp/tmp1991/shp1007_20151231b.shp;C:/Users/owner/Dropbox/Wzone/tmp/tmp1991/shp1027_20151231b.shp;C:/Users/owner/Dropbox/Wzone/tmp/tmp1991/shp1036_20151231b.shp;C:/Users/owner/Dropbox/Wzone/tmp/tmp1991/shp1040_20151231b.shp;C:/Users/owner/Dropbox/Wzone/tmp/tmp1991/shp1071_20151231b.shp;C:/Users/owner/Dropbox/Wzone/tmp/tmp1991/shp1073_20151231b.shp;C:/Users/owner/Dropbox/Wzone/tmp/tmp1991/shp1096_20151231b.shp;C:/Users/owner/Dropbox/Wzone/tmp/tmp1991/shp1108_20151231b.shp;C:/Users/owner/Dropbox/Wzone/tmp/tmp1991/shp1167_20151231b.shp;C:/Users/owner/Dropbox/Wzone/tmp/tmp1991/shp1175_20151231b.shp;C:/Users/owner/Dropbox/Wzone/tmp/tmp1991/shp1176_20151231b.shp;C:/Users/owner/Dropbox/Wzone/tmp/tmp1991/shp1178_20151231b.shp;C:/Users/owner/Dropbox/Wzone/tmp/tmp1991/shp1182_20151231b.shp;C:/Users/owner/Dropbox/Wzone/tmp/tmp1991/shp1204_20151231b.shp;C:/Users/owner/Dropbox/Wzone/tmp/tmp1991/shp1704_20151231b.shp;C:/Users/owner/Dropbox/Wzone/tmp/tmp1991/shp2332_20151231b.shp;C:/Users/owner/Dropbox/Wzone/tmp/tmp1991/shp2425_20151231b.shp;C:/Users/owner/Dropbox/Wzone/tmp/tmp1991/shp2461_20151231b.shp;C:/Users/owner/Dropbox/Wzone/tmp/tmp1991/shp2472_20151231b.shp;C:/Users/owner/Dropbox/Wzone/tmp/tmp1991/shp5201_20151231b.shp;C:/Users/owner/Dropbox/Wzone/tmp/tmp1991/shp5247_20151231b.shp;C:/Users/owner/Dropbox/Wzone/tmp/tmp1991/shp5262_20151231b.shp;C:/Users/owner/Dropbox/Wzone/tmp/tmp1991/shp5270_20151231b.shp;C:/Users/owner/Dropbox/Wzone/tmp/tmp1991/shp5276_20151231b.shp;C:/Users/owner/Dropbox/Wzone/tmp/tmp1991/shp5293_20151231b.shp;C:/Users/owner/Dropbox/Wzone/tmp/tmp1991/shp5313_20151231b.shp;C:/Users/owner/Dropbox/Wzone/tmp/tmp1991/shp5314_20151231b.shp;C:/Users/owner/Dropbox/Wzone/tmp/tmp1991/shp5349_20151231b.shp;C:/Users/owner/Dropbox/Wzone/tmp/tmp1991/shp5352_20151231b.shp;C:/Users/owner/Dropbox/Wzone/tmp/tmp1991/shp5405_20151231b.shp;C:/Users/owner/Dropbox/Wzone/tmp/tmp1991/shp5460_20151231b.shp;C:/Users/owner/Dropbox/Wzone/tmp/tmp1991/shp5512_20151231b.shp;C:/Users/owner/Dropbox/Wzone/tmp/tmp1991/shp5534_20151231b.shp;C:/Users/owner/Dropbox/Wzone/tmp/tmp1991/shp5536_20151231b.shp;C:/Users/owner/Dropbox/Wzone/tmp/tmp1991/shp5543_20151231b.shp;C:/Users/owner/Dropbox/Wzone/tmp/tmp1991/shp5563_20151231b.shp;C:/Users/owner/Dropbox/Wzone/tmp/tmp1991/shp5570_20151231b.shp;C:/Users/owner/Dropbox/Wzone/tmp/tmp1991/shp5583_20151231b.shp;C:/Users/owner/Dropbox/Wzone/tmp/tmp1991/shp5589_20151231b.shp;C:/Users/owner/Dropbox/Wzone/tmp/tmp1991/shp5595_20151231b.shp;C:/Users/owner/Dropbox/Wzone/tmp/tmp1991/shp5598_20151231b.shp;C:/Users/owner/Dropbox/Wzone/tmp/tmp1991/shp5649_20151231b.shp;C:/Users/owner/Dropbox/Wzone/tmp/tmp1991/shp10264_20151231b.shp;C:/Users/owner/Dropbox/Wzone/tmp/tmp1991/shp10589_20151231b.shp;C:/Users/owner/Dropbox/Wzone/tmp/tmp1991/shp10882_20151231b.shp;C:/Users/owner/Dropbox/Wzone/tmp/tmp1991/shp10985_20151231b.shp;C:/Users/owner/Dropbox/Wzone/tmp/tmp1991/shp11123_20151231b.shp;C:/Users/owner/Dropbox/Wzone/tmp/tmp1991/shp11377_20151231b.shp;C:/Users/owner/Dropbox/Wzone/tmp/tmp1991/shp11433_20151231b.shp;C:/Users/owner/Dropbox/Wzone/tmp/tmp1991/shp11662_20151231b.shp;C:/Users/owner/Dropbox/Wzone/tmp/tmp1991/shp11663_20151231b.shp;C:/Users/owner/Dropbox/Wzone/tmp/tmp1991/shp11801_20151231b.shp;C:/Users/owner/Dropbox/Wzone/tmp/tmp1991/shp11973_20151231b.shp;C:/Users/owner/Dropbox/Wzone/tmp/tmp1991/shp11975_20151231b.shp;C:/Users/owner/Dropbox/Wzone/tmp/tmp1991/shp11986_20151231b.shp;C:/Users/owner/Dropbox/Wzone/tmp/tmp1991/shp11988_20151231b.shp;C:/Users/owner/Dropbox/Wzone/tmp/tmp1991/shp12009_20151231b.shp;C:/Users/owner/Dropbox/Wzone/tmp/tmp1991/shp12046_20151231b.shp;C:/Users/owner/Dropbox/Wzone/tmp/tmp1991/shp12102_20151231b.shp;C:/Users/owner/Dropbox/Wzone/tmp/tmp1991/shp12132_20151231b.shp;C:/Users/owner/Dropbox/Wzone/tmp/tmp1991/shp12341_20151231b.shp;C:/Users/owner/Dropbox/Wzone/tmp/tmp1991/shp12379_20151231b.shp;C:/Users/owner/Dropbox/Wzone/tmp/tmp1991/shp12382_20151231b.shp;C:/Users/owner/Dropbox/Wzone/tmp/tmp1991/shp12391_20151231b.shp;C:/Users/owner/Dropbox/Wzone/tmp/tmp1991/shp12413_20151231b.shp;C:/Users/owner/Dropbox/Wzone/tmp/tmp1991/shp12414_20151231b.shp;C:/Users/owner/Dropbox/Wzone/tmp/tmp1991/shp12422_20151231b.shp;C:/Users/owner/Dropbox/Wzone/tmp/tmp1991/shp12556_20151231b.shp;C:/Users/owner/Dropbox/Wzone/tmp/tmp1991/shp12575_20151231b.shp;C:/Users/owner/Dropbox/Wzone/tmp/tmp1991/shp13813_20151231b.shp;C:/Users/owner/Dropbox/Wzone/tmp/tmp1991/shp14036_20151231b.shp;C:/Users/owner/Dropbox/Wzone/tmp/tmp1991/shp14059_20151231b.shp;C:/Users/owner/Dropbox/Wzone/tmp/tmp1991/shp14092_20151231b.shp;C:/Users/owner/Dropbox/Wzone/tmp/tmp1991/shp14200_20151231b.shp;C:/Users/owner/Dropbox/Wzone/tmp/tmp1991/shp14273_20151231b.shp;C:/Users/owner/Dropbox/Wzone/tmp/tmp1991/shp14318_20151231b.shp;C:/Users/owner/Dropbox/Wzone/tmp/tmp1991/shp14320_20151231b.shp;C:/Users/owner/Dropbox/Wzone/tmp/tmp1991/shp14329_20151231b.shp;C:/Users/owner/Dropbox/Wzone/tmp/tmp1991/shp14353_20151231b.shp;C:/Users/owner/Dropbox/Wzone/tmp/tmp1991/shp14527_20151231b.shp;C:/Users/owner/Dropbox/Wzone/tmp/tmp1991/shp14542_20151231b.shp;C:/Users/owner/Dropbox/Wzone/tmp/tmp1991/shp14593_20151231b.shp;C:/Users/owner/Dropbox/Wzone/tmp/tmp1991/shp14595_20151231b.shp;C:/Users/owner/Dropbox/Wzone/tmp/tmp1991/shp14596_20151231b.shp;C:/Users/owner/Dropbox/Wzone/tmp/tmp1991/shp14611_20151231b.shp;C:/Users/owner/Dropbox/Wzone/tmp/tmp1991/shp14619_20151231b.shp;C:/Users/owner/Dropbox/Wzone/tmp/tmp1991/shp14620_20151231b.shp;C:/Users/owner/Dropbox/Wzone/tmp/tmp1991/shp14637_20151231b.shp;C:/Users/owner/Dropbox/Wzone/tmp/tmp1991/shp14666_20151231b.shp;C:/Users/owner/Dropbox/Wzone/tmp/tmp1991/shp14667_20151231b.shp;C:/Users/owner/Dropbox/Wzone/tmp/tmp1991/shp14668_20151231b.shp;C:/Users/owner/Dropbox/Wzone/tmp/tmp1991/shp14669_20151231b.shp;C:/Users/owner/Dropbox/Wzone/tmp/tmp1991/shp14671_20151231b.shp;C:/Users/owner/Dropbox/Wzone/tmp/tmp1991/shp14677_20151231b.shp;C:/Users/owner/Dropbox/Wzone/tmp/tmp1991/shp14685_20151231b.shp;C:/Users/owner/Dropbox/Wzone/tmp/tmp1991/shp14710_20151231b.shp;C:/Users/owner/Dropbox/Wzone/tmp/tmp1991/shp14718_20151231b.shp;C:/Users/owner/Dropbox/Wzone/tmp/tmp1991/shp14744_20151231b.shp;C:/Users/owner/Dropbox/Wzone/tmp/tmp1991/shp14745_20151231b.shp;C:/Users/owner/Dropbox/Wzone/tmp/tmp1991/shp14746_20151231b.shp;C:/Users/owner/Dropbox/Wzone/tmp/tmp1991/shp14847_20151231b.shp;C:/Users/owner/Dropbox/Wzone/tmp/tmp1991/shp15100_20151231b.shp;C:/Users/owner/Dropbox/Wzone/tmp/tmp1991/shp15142_20151231b.shp;C:/Users/owner/Dropbox/Wzone/tmp/tmp1991/shp15409_20151231b.shp;C:/Users/owner/Dropbox/Wzone/tmp/tmp1991/shp15558_20151231b.shp;C:/Users/owner/Dropbox/Wzone/tmp/tmp1991/shp15751_20151231b.shp C:\Users\owner\Dropbox\Wzone\out\wzone_shp\2015\2015_12_31.shp "dyad_id "dyad_id" true true false 5 Long 0 5,First,#,C:/Users/owner/Dropbox/Wzone/tmp/tmp1991/shp411_20151231b.shp,dyad_id,-1,-1,C:/Users/owner/Dropbox/Wzone/tmp/tmp1991/shp422_20151231b.shp,dyad_id,-1,-1,C:/Users/owner/Dropbox/Wzone/tmp/tmp1991/shp428_20151231b.shp,dyad_id,-1,-1,C:/Users/owner/Dropbox/Wzone/tmp/tmp1991/shp453_20151231b.shp,dyad_id,-1,-1,C:/Users/owner/Dropbox/Wzone/tmp/tmp1991/shp459_20151231b.shp,dyad_id,-1,-1,C:/Users/owner/Dropbox/Wzone/tmp/tmp1991/shp461_20151231b.shp,dyad_id,-1,-1,C:/Users/owner/Dropbox/Wzone/tmp/tmp1991/shp474_20151231b.shp,dyad_id,-1,-1,C:/Users/owner/Dropbox/Wzone/tmp/tmp1991/shp476_20151231b.shp,dyad_id,-1,-1,C:/Users/owner/Dropbox/Wzone/tmp/tmp1991/shp477_20151231b.shp,dyad_id,-1,-1,C:/Users/owner/Dropbox/Wzone/tmp/tmp1991/shp478_20151231b.shp,dyad_id,-1,-1,C:/Users/owner/Dropbox/Wzone/tmp/tmp1991/shp508_20151231b.shp,dyad_id,-1,-1,C:/Users/owner/Dropbox/Wzone/tmp/tmp1991/shp524_20151231b.shp,dyad_id,-1,-1,C:/Users/owner/Dropbox/Wzone/tmp/tmp1991/shp624_20151231b.shp,dyad_id,-1,-1,C:/Users/owner/Dropbox/Wzone/tmp/tmp1991/shp628_20151231b.shp,dyad_id,-1,-1,C:/Users/owner/Dropbox/Wzone/tmp/tmp1991/shp640_20151231b.shp,dyad_id,-1,-1,C:/Users/owner/Dropbox/Wzone/tmp/tmp1991/shp657_20151231b.shp,dyad_id,-1,-1,C:/Users/owner/Dropbox/Wzone/tmp/tmp1991/shp658_20151231b.shp,dyad_id,-1,-1,C:/Users/owner/Dropbox/Wzone/tmp/tmp1991/shp708_20151231b.shp,dyad_id,-1,-1,C:/Users/owner/Dropbox/Wzone/tmp/tmp1991/shp709_20151231b.shp,dyad_id,-1,-1,C:/Users/owner/Dropbox/Wzone/tmp/tmp1991/shp722_20151231b.shp,dyad_id,-1,-1,C:/Users/owner/Dropbox/Wzone/tmp/tmp1991/shp735_20151231b.shp,dyad_id,-1,-1,C:/Users/owner/Dropbox/Wzone/tmp/tmp1991/shp750_20151231b.shp,dyad_id,-1,-1,C:/Users/owner/Dropbox/Wzone/tmp/tmp1991/shp754_20151231b.shp,dyad_id,-1,-1,C:/Users/owner/Dropbox/Wzone/tmp/tmp1991/shp768_20151231b.shp,dyad_id,-1,-1,C:/Users/owner/Dropbox/Wzone/tmp/tmp1991/shp781_20151231b.shp,dyad_id,-1,-1,C:/Users/owner/Dropbox/Wzone/tmp/tmp1991/shp792_20151231b.shp,dyad_id,-1,-1,C:/Users/owner/Dropbox/Wzone/tmp/tmp1991/shp830_20151231b.shp,dyad_id,-1,-1,C:/Users/owner/Dropbox/Wzone/tmp/tmp1991/shp833_20151231b.shp,dyad_id,-1,-1,C:/Users/owner/Dropbox/Wzone/tmp/tmp1991/shp857_20151231b.shp,dyad_id,-1,-1,C:/Users/owner/Dropbox/Wzone/tmp/tmp1991/shp869_20151231b.shp,dyad_id,-1,-1,C:/Users/owner/Dropbox/Wzone/tmp/tmp1991/shp878_20151231b.shp,dyad_id,-1,-1,C:/Users/owner/Dropbox/Wzone/tmp/tmp1991/shp906_20151231b.shp,dyad_id,-1,-1,C:/Users/owner/Dropbox/Wzone/tmp/tmp1991/shp913_20151231b.shp,dyad_id,-1,-1,C:/Users/owner/Dropbox/Wzone/tmp/tmp1991/shp914_20151231b.shp,dyad_id,-1,-1,C:/Users/owner/Dropbox/Wzone/tmp/tmp1991/shp921_20151231b.shp,dyad_id,-1,-1,C:/Users/owner/Dropbox/Wzone/tmp/tmp1991/shp929_20151231b.shp,dyad_id,-1,-1,C:/Users/owner/Dropbox/Wzone/tmp/tmp1991/shp930_20151231b.shp,dyad_id,-1,-1,C:/Users/owner/Dropbox/Wzone/tmp/tmp1991/shp931_20151231b.shp,dyad_id,-1,-1,C:/Users/owner/Dropbox/Wzone/tmp/tmp1991/shp934_20151231b.shp,dyad_id,-1,-1,C:/Users/owner/Dropbox/Wzone/tmp/tmp1991/shp936_20151231b.shp,dyad_id,-1,-1,C:/Users/owner/Dropbox/Wzone/tmp/tmp1991/shp941_20151231b.shp,dyad_id,-1,-1,C:/Users/owner/Dropbox/Wzone/tmp/tmp1991/shp942_20151231b.shp,dyad_id,-1,-1,C:/Users/owner/Dropbox/Wzone/tmp/tmp1991/shp944_20151231b.shp,dyad_id,-1,-1,C:/Users/owner/Dropbox/Wzone/tmp/tmp1991/shp947_20151231b.shp,dyad_id,-1,-1,C:/Users/owner/Dropbox/Wzone/tmp/tmp1991/shp948_20151231b.shp,dyad_id,-1,-1,C:/Users/owner/Dropbox/Wzone/tmp/tmp1991/shp950_20151231b.shp,dyad_id,-1,-1,C:/Users/owner/Dropbox/Wzone/tmp/tmp1991/shp951_20151231b.shp,dyad_id,-1,-1,C:/Users/owner/Dropbox/Wzone/tmp/tmp1991/shp955_20151231b.shp,dyad_id,-1,-1,C:/Users/owner/Dropbox/Wzone/tmp/tmp1991/shp962_20151231b.shp,dyad_id,-1,-1,C:/Users/owner/Dropbox/Wzone/tmp/tmp1991/shp966_20151231b.shp,dyad_id,-1,-1,C:/Users/owner/Dropbox/Wzone/tmp/tmp1991/shp973_20151231b.shp,dyad_id,-1,-1,C:/Users/owner/Dropbox/Wzone/tmp/tmp1991/shp977_20151231b.shp,dyad_id,-1,-1,C:/Users/owner/Dropbox/Wzone/tmp/tmp1991/shp981_20151231b.shp,dyad_id,-1,-1,C:/Users/owner/Dropbox/Wzone/tmp/tmp1991/shp988_20151231b.shp,dyad_id,-1,-1,C:/Users/owner/Dropbox/Wzone/tmp/tmp1991/shp989_20151231b.shp,dyad_id,-1,-1,C:/Users/owner/Dropbox/Wzone/tmp/tmp1991/shp997_20151231b.shp,dyad_id,-1,-1,C:/Users/owner/Dropbox/Wzone/tmp/tmp1991/shp999_20151231b.shp,dyad_id,-1,-1,C:/Users/owner/Dropbox/Wzone/tmp/tmp1991/shp1007_20151231b.shp,dyad_id,-1,-1,C:/Users/owner/Dropbox/Wzone/tmp/tmp1991/shp1027_20151231b.shp,dyad_id,-1,-1,C:/Users/owner/Dropbox/Wzone/tmp/tmp1991/shp1036_20151231b.shp,dyad_id,-1,-1,C:/Users/owner/Dropbox/Wzone/tmp/tmp1991/shp1040_20151231b.shp,dyad_id,-1,-1,C:/Users/owner/Dropbox/Wzone/tmp/tmp1991/shp1071_20151231b.shp,dyad_id,-1,-1,C:/Users/owner/Dropbox/Wzone/tmp/tmp1991/shp1073_20151231b.shp,dyad_id,-1,-1,C:/Users/owner/Dropbox/Wzone/tmp/tmp1991/shp1096_20151231b.shp,dyad_id,-1,-1,C:/Users/owner/Dropbox/Wzone/tmp/tmp1991/shp1108_20151231b.shp,dyad_id,-1,-1,C:/Users/owner/Dropbox/Wzone/tmp/tmp1991/shp1167_20151231b.shp,dyad_id,-1,-1,C:/Users/owner/Dropbox/Wzone/tmp/tmp1991/shp1175_20151231b.shp,dyad_id,-1,-1,C:/Users/owner/Dropbox/Wzone/tmp/tmp1991/shp1176_20151231b.shp,dyad_id,-1,-1,C:/Users/owner/Dropbox/Wzone/tmp/tmp1991/shp1178_20151231b.shp,dyad_id,-1,-1,C:/Users/owner/Dropbox/Wzone/tmp/tmp1991/shp1182_20151231b.shp,dyad_id,-1,-1,C:/Users/owner/Dropbox/Wzone/tmp/tmp1991/shp1204_20151231b.shp,dyad_id,-1,-1,C:/Users/owner/Dropbox/Wzone/tmp/tmp1991/shp1704_20151231b.shp,dyad_id,-1,-1,C:/Users/owner/Dropbox/Wzone/tmp/tmp1991/shp2332_20151231b.shp,dyad_id,-1,-1,C:/Users/owner/Dropbox/Wzone/tmp/tmp1991/shp2425_20151231b.shp,dyad_id,-1,-1,C:/Users/owner/Dropbox/Wzone/tmp/tmp1991/shp2461_20151231b.shp,dyad_id,-1,-1,C:/Users/owner/Dropbox/Wzone/tmp/tmp1991/shp2472_20151231b.shp,dyad_id,-1,-1,C:/Users/owner/Dropbox/Wzone/tmp/tmp1991/shp5201_20151231b.shp,dyad_id,-1,-1,C:/Users/owner/Dropbox/Wzone/tmp/tmp1991/shp5247_20151231b.shp,dyad_id,-1,-1,C:/Users/owner/Dropbox/Wzone/tmp/tmp1991/shp5262_20151231b.shp,dyad_id,-1,-1,C:/Users/owner/Dropbox/Wzone/tmp/tmp1991/shp5270_20151231b.shp,dyad_id,-1,-1,C:/Users/owner/Dropbox/Wzone/tmp/tmp1991/shp5276_20151231b.shp,dyad_id,-1,-1,C:/Users/owner/Dropbox/Wzone/tmp/tmp1991/shp5293_20151231b.shp,dyad_id,-1,-1,C:/Users/owner/Dropbox/Wzone/tmp/tmp1991/shp5313_20151231b.shp,dyad_id,-1,-1,C:/Users/owner/Dropbox/Wzone/tmp/tmp1991/shp5314_20151231b.shp,dyad_id,-1,-1,C:/Users/owner/Dropbox/Wzone/tmp/tmp1991/shp5349_20151231b.shp,dyad_id,-1,-1,C:/Users/owner/Dropbox/Wzone/tmp/tmp1991/shp5352_20151231b.shp,dyad_id,-1,-1,C:/Users/owner/Dropbox/Wzone/tmp/tmp1991/shp5405_20151231b.shp,dyad_id,-1,-1,C:/Users/owner/Dropbox/Wzone/tmp/tmp1991/shp5460_20151231b.shp,dyad_id,-1,-1,C:/Users/owner/Dropbox/Wzone/tmp/tmp1991/shp5512_20151231b.shp,dyad_id,-1,-1,C:/Users/owner/Dropbox/Wzone/tmp/tmp1991/shp5534_20151231b.shp,dyad_id,-1,-1,C:/Users/owner/Dropbox/Wzone/tmp/tmp1991/shp5536_20151231b.shp,dyad_id,-1,-1,C:/Users/owner/Dropbox/Wzone/tmp/tmp1991/shp5543_20151231b.shp,dyad_id,-1,-1,C:/Users/owner/Dropbox/Wzone/tmp/tmp1991/shp5563_20151231b.shp,dyad_id,-1,-1,C:/Users/owner/Dropbox/Wzone/tmp/tmp1991/shp5570_20151231b.shp,dyad_id,-1,-1,C:/Users/owner/Dropbox/Wzone/tmp/tmp1991/shp5583_20151231b.shp,dyad_id,-1,-1,C:/Users/owner/Dropbox/Wzone/tmp/tmp1991/shp5589_20151231b.shp,dyad_id,-1,-1,C:/Users/owner/Dropbox/Wzone/tmp/tmp1991/shp5595_20151231b.shp,dyad_id,-1,-1,C:/Users/owner/Dropbox/Wzone/tmp/tmp1991/shp5598_20151231b.shp,dyad_id,-1,-1,C:/Users/owner/Dropbox/Wzone/tmp/tmp1991/shp5649_20151231b.shp,dyad_id,-1,-1,C:/Users/owner/Dropbox/Wzone/tmp/tmp1991/shp10264_20151231b.shp,dyad_id,-1,-1,C:/Users/owner/Dropbox/Wzone/tmp/tmp1991/shp10589_20151231b.shp,dyad_id,-1,-1,C:/Users/owner/Dropbox/Wzone/tmp/tmp1991/shp10882_20151231b.shp,dyad_id,-1,-1,C:/Users/owner/Dropbox/Wzone/tmp/tmp1991/shp10985_20151231b.shp,dyad_id,-1,-1,C:/Users/owner/Dropbox/Wzone/tmp/tmp1991/shp11123_20151231b.shp,dyad_id,-1,-1,C:/Users/owner/Dropbox/Wzone/tmp/tmp1991/shp11377_20151231b.shp,dyad_id,-1,-1,C:/Users/owner/Dropbox/Wzone/tmp/tmp1991/shp11433_20151231b.shp,dyad_id,-1,-1,C:/Users/owner/Dropbox/Wzone/tmp/tmp1991/shp11662_20151231b.shp,dyad_id,-1,-1,C:/Users/owner/Dropbox/Wzone/tmp/tmp1991/shp11663_20151231b.shp,dyad_id,-1,-1,C:/Users/owner/Dropbox/Wzone/tmp/tmp1991/shp11801_20151231b.shp,dyad_id,-1,-1,C:/Users/owner/Dropbox/Wzone/tmp/tmp1991/shp11973_20151231b.shp,dyad_id,-1,-1,C:/Users/owner/Dropbox/Wzone/tmp/tmp1991/shp11975_20151231b.shp,dyad_id,-1,-1,C:/Users/owner/Dropbox/Wzone/tmp/tmp1991/shp11986_20151231b.shp,dyad_id,-1,-1,C:/Users/owner/Dropbox/Wzone/tmp/tmp1991/shp11988_20151231b.shp,dyad_id,-1,-1,C:/Users/owner/Dropbox/Wzone/tmp/tmp1991/shp12009_20151231b.shp,dyad_id,-1,-1,C:/Users/owner/Dropbox/Wzone/tmp/tmp1991/shp12046_20151231b.shp,dyad_id,-1,-1,C:/Users/owner/Dropbox/Wzone/tmp/tmp1991/shp12102_20151231b.shp,dyad_id,-1,-1,C:/Users/owner/Dropbox/Wzone/tmp/tmp1991/shp12132_20151231b.shp,dyad_id,-1,-1,C:/Users/owner/Dropbox/Wzone/tmp/tmp1991/shp12341_20151231b.shp,dyad_id,-1,-1,C:/Users/owner/Dropbox/Wzone/tmp/tmp1991/shp12379_20151231b.shp,dyad_id,-1,-1,C:/Users/owner/Dropbox/Wzone/tmp/tmp1991/shp12382_20151231b.shp,dyad_id,-1,-1,C:/Users/owner/Dropbox/Wzone/tmp/tmp1991/shp12391_20151231b.shp,dyad_id,-1,-1,C:/Users/owner/Dropbox/Wzone/tmp/tmp1991/shp12413_20151231b.shp,dyad_id,-1,-1,C:/Users/owner/Dropbox/Wzone/tmp/tmp1991/shp12414_20151231b.shp,dyad_id,-1,-1,C:/Users/owner/Dropbox/Wzone/tmp/tmp1991/shp12422_20151231b.shp,dyad_id,-1,-1,C:/Users/owner/Dropbox/Wzone/tmp/tmp1991/shp12556_20151231b.shp,dyad_id,-1,-1,C:/Users/owner/Dropbox/Wzone/tmp/tmp1991/shp12575_20151231b.shp,dyad_id,-1,-1,C:/Users/owner/Dropbox/Wzone/tmp/tmp1991/shp13813_20151231b.shp,dyad_id,-1,-1,C:/Users/owner/Dropbox/Wzone/tmp/tmp1991/shp14036_20151231b.shp,dyad_id,-1,-1,C:/Users/owner/Dropbox/Wzone/tmp/tmp1991/shp14059_20151231b.shp,dyad_id,-1,-1,C:/Users/owner/Dropbox/Wzone/tmp/tmp1991/shp14092_20151231b.shp,dyad_id,-1,-1,C:/Users/owner/Dropbox/Wzone/tmp/tmp1991/shp14200_20151231b.shp,dyad_id,-1,-1,C:/Users/owner/Dropbox/Wzone/tmp/tmp1991/shp14273_20151231b.shp,dyad_id,-1,-1,C:/Users/owner/Dropbox/Wzone/tmp/tmp1991/shp14318_20151231b.shp,dyad_id,-1,-1,C:/Users/owner/Dropbox/Wzone/tmp/tmp1991/shp14320_20151231b.shp,dyad_id,-1,-1,C:/Users/owner/Dropbox/Wzone/tmp/tmp1991/shp14329_20151231b.shp,dyad_id,-1,-1,C:/Users/owner/Dropbox/Wzone/tmp/tmp1991/shp14353_20151231b.shp,dyad_id,-1,-1,C:/Users/owner/Dropbox/Wzone/tmp/tmp1991/shp14527_20151231b.shp,dyad_id,-1,-1,C:/Users/owner/Dropbox/Wzone/tmp/tmp1991/shp14542_20151231b.shp,dyad_id,-1,-1,C:/Users/owner/Dropbox/Wzone/tmp/tmp1991/shp14593_20151231b.shp,dyad_id,-1,-1,C:/Users/owner/Dropbox/Wzone/tmp/tmp1991/shp14595_20151231b.shp,dyad_id,-1,-1,C:/Users/owner/Dropbox/Wzone/tmp/tmp1991/shp14596_20151231b.shp,dyad_id,-1,-1,C:/Users/owner/Dropbox/Wzone/tmp/tmp1991/shp14611_20151231b.shp,dyad_id,-1,-1,C:/Users/owner/Dropbox/Wzone/tmp/tmp1991/shp14619_20151231b.shp,dyad_id,-1,-1,C:/Users/owner/Dropbox/Wzone/tmp/tmp1991/shp14620_20151231b.shp,dyad_id,-1,-1,C:/Users/owner/Dropbox/Wzone/tmp/tmp1991/shp14637_20151231b.shp,dyad_id,-1,-1,C:/Users/owner/Dropbox/Wzone/tmp/tmp1991/shp14666_20151231b.shp,dyad_id,-1,-1,C:/Users/owner/Dropbox/Wzone/tmp/tmp1991/shp14667_20151231b.shp,dyad_id,-1,-1,C:/Users/owner/Dropbox/Wzone/tmp/tmp1991/shp14668_20151231b.shp,dyad_id,-1,-1,C:/Users/owner/Dropbox/Wzone/tmp/tmp1991/shp14669_20151231b.shp,dyad_id,-1,-1,C:/Users/owner/Dropbox/Wzone/tmp/tmp1991/shp14671_20151231b.shp,dyad_id,-1,-1,C:/Users/owner/Dropbox/Wzone/tmp/tmp1991/shp14677_20151231b.shp,dyad_id,-1,-1,C:/Users/owner/Dropbox/Wzone/tmp/tmp1991/shp14685_20151231b.shp,dyad_id,-1,-1,C:/Users/owner/Dropbox/Wzone/tmp/tmp1991/shp14710_20151231b.shp,dyad_id,-1,-1,C:/Users/owner/Dropbox/Wzone/tmp/tmp1991/shp14718_20151231b.shp,dyad_id,-1,-1,C:/Users/owner/Dropbox/Wzone/tmp/tmp1991/shp14744_20151231b.shp,dyad_id,-1,-1,C:/Users/owner/Dropbox/Wzone/tmp/tmp1991/shp14745_20151231b.shp,dyad_id,-1,-1,C:/Users/owner/Dropbox/Wzone/tmp/tmp1991/shp14746_20151231b.shp,dyad_id,-1,-1,C:/Users/owner/Dropbox/Wzone/tmp/tmp1991/shp14847_20151231b.shp,dyad_id,-1,-1,C:/Users/owner/Dropbox/Wzone/tmp/tmp1991/shp15100_20151231b.shp,dyad_id,-1,-1,C:/Users/owner/Dropbox/Wzone/tmp/tmp1991/shp15142_20151231b.shp,dyad_id,-1,-1,C:/Users/owner/Dropbox/Wzone/tmp/tmp1991/shp15409_20151231b.shp,dyad_id,-1,-1,C:/Users/owner/Dropbox/Wzone/tmp/tmp1991/shp15558_20151231b.shp,dyad_id,-1,-1,C:/Users/owner/Dropbox/Wzone/tmp/tmp1991/shp15751_20151231b.shp,dyad_id,-1,-1;conf_id "conf_id" true true false 5 Long 0 5,First,#,C:/Users/owner/Dropbox/Wzone/tmp/tmp1991/shp411_20151231b.shp,conf_id,-1,-1,C:/Users/owner/Dropbox/Wzone/tmp/tmp1991/shp422_20151231b.shp,conf_id,-1,-1,C:/Users/owner/Dropbox/Wzone/tmp/tmp1991/shp428_20151231b.shp,conf_id,-1,-1,C:/Users/owner/Dropbox/Wzone/tmp/tmp1991/shp453_20151231b.shp,conf_id,-1,-1,C:/Users/owner/Dropbox/Wzone/tmp/tmp1991/shp459_20151231b.shp,conf_id,-1,-1,C:/Users/owner/Dropbox/Wzone/tmp/tmp1991/shp461_20151231b.shp,conf_id,-1,-1,C:/Users/owner/Dropbox/Wzone/tmp/tmp1991/shp474_20151231b.shp,conf_id,-1,-1,C:/Users/owner/Dropbox/Wzone/tmp/tmp1991/shp476_20151231b.shp,conf_id,-1,-1,C:/Users/owner/Dropbox/Wzone/tmp/tmp1991/shp477_20151231b.shp,conf_id,-1,-1,C:/Users/owner/Dropbox/Wzone/tmp/tmp1991/shp478_20151231b.shp,conf_id,-1,-1,C:/Users/owner/Dropbox/Wzone/tmp/tmp1991/shp508_20151231b.shp,conf_id,-1,-1,C:/Users/owner/Dropbox/Wzone/tmp/tmp1991/shp524_20151231b.shp,conf_id,-1,-1,C:/Users/owner/Dropbox/Wzone/tmp/tmp1991/shp624_20151231b.shp,conf_id,-1,-1,C:/Users/owner/Dropbox/Wzone/tmp/tmp1991/shp628_20151231b.shp,conf_id,-1,-1,C:/Users/owner/Dropbox/Wzone/tmp/tmp1991/shp640_20151231b.shp,conf_id,-1,-1,C:/Users/owner/Dropbox/Wzone/tmp/tmp1991/shp657_20151231b.shp,conf_id,-1,-1,C:/Users/owner/Dropbox/Wzone/tmp/tmp1991/shp658_20151231b.shp,conf_id,-1,-1,C:/Users/owner/Dropbox/Wzone/tmp/tmp1991/shp708_20151231b.shp,conf_id,-1,-1,C:/Users/owner/Dropbox/Wzone/tmp/tmp1991/shp709_20151231b.shp,conf_id,-1,-1,C:/Users/owner/Dropbox/Wzone/tmp/tmp1991/shp722_20151231b.shp,conf_id,-1,-1,C:/Users/owner/Dropbox/Wzone/tmp/tmp1991/shp735_20151231b.shp,conf_id,-1,-1,C:/Users/owner/Dropbox/Wzone/tmp/tmp1991/shp750_20151231b.shp,conf_id,-1,-1,C:/Users/owner/Dropbox/Wzone/tmp/tmp1991/shp754_20151231b.shp,conf_id,-1,-1,C:/Users/owner/Dropbox/Wzone/tmp/tmp1991/shp768_20151231b.shp,conf_id,-1,-1,C:/Users/owner/Dropbox/Wzone/tmp/tmp1991/shp781_20151231b.shp,conf_id,-1,-1,C:/Users/owner/Dropbox/Wzone/tmp/tmp1991/shp792_20151231b.shp,conf_id,-1,-1,C:/Users/owner/Dropbox/Wzone/tmp/tmp1991/shp830_20151231b.shp,conf_id,-1,-1,C:/Users/owner/Dropbox/Wzone/tmp/tmp1991/shp833_20151231b.shp,conf_id,-1,-1,C:/Users/owner/Dropbox/Wzone/tmp/tmp1991/shp857_20151231b.shp,conf_id,-1,-1,C:/Users/owner/Dropbox/Wzone/tmp/tmp1991/shp869_20151231b.shp,conf_id,-1,-1,C:/Users/owner/Dropbox/Wzone/tmp/tmp1991/shp878_20151231b.shp,conf_id,-1,-1,C:/Users/owner/Dropbox/Wzone/tmp/tmp1991/shp906_20151231b.shp,conf_id,-1,-1,C:/Users/owner/Dropbox/Wzone/tmp/tmp1991/shp913_20151231b.shp,conf_id,-1,-1,C:/Users/owner/Dropbox/Wzone/tmp/tmp1991/shp914_20151231b.shp,conf_id,-1,-1,C:/Users/owner/Dropbox/Wzone/tmp/tmp1991/shp921_20151231b.shp,conf_id,-1,-1,C:/Users/owner/Dropbox/Wzone/tmp/tmp1991/shp929_20151231b.shp,conf_id,-1,-1,C:/Users/owner/Dropbox/Wzone/tmp/tmp1991/shp930_20151231b.shp,conf_id,-1,-1,C:/Users/owner/Dropbox/Wzone/tmp/tmp1991/shp931_20151231b.shp,conf_id,-1,-1,C:/Users/owner/Dropbox/Wzone/tmp/tmp1991/shp934_20151231b.shp,conf_id,-1,-1,C:/Users/owner/Dropbox/Wzone/tmp/tmp1991/shp936_20151231b.shp,conf_id,-1,-1,C:/Users/owner/Dropbox/Wzone/tmp/tmp1991/shp941_20151231b.shp,conf_id,-1,-1,C:/Users/owner/Dropbox/Wzone/tmp/tmp1991/shp942_20151231b.shp,conf_id,-1,-1,C:/Users/owner/Dropbox/Wzone/tmp/tmp1991/shp944_20151231b.shp,conf_id,-1,-1,C:/Users/owner/Dropbox/Wzone/tmp/tmp1991/shp947_20151231b.shp,conf_id,-1,-1,C:/Users/owner/Dropbox/Wzone/tmp/tmp1991/shp948_20151231b.shp,conf_id,-1,-1,C:/Users/owner/Dropbox/Wzone/tmp/tmp1991/shp950_20151231b.shp,conf_id,-1,-1,C:/Users/owner/Dropbox/Wzone/tmp/tmp1991/shp951_20151231b.shp,conf_id,-1,-1,C:/Users/owner/Dropbox/Wzone/tmp/tmp1991/shp955_20151231b.shp,conf_id,-1,-1,C:/Users/owner/Dropbox/Wzone/tmp/tmp1991/shp962_20151231b.shp,conf_id,-1,-1,C:/Users/owner/Dropbox/Wzone/tmp/tmp1991/shp966_20151231b.shp,conf_id,-1,-1,C:/Users/owner/Dropbox/Wzone/tmp/tmp1991/shp973_20151231b.shp,conf_id,-1,-1,C:/Users/owner/Dropbox/Wzone/tmp/tmp1991/shp977_20151231b.shp,conf_id,-1,-1,C:/Users/owner/Dropbox/Wzone/tmp/tmp1991/shp981_20151231b.shp,conf_id,-1,-1,C:/Users/owner/Dropbox/Wzone/tmp/tmp1991/shp988_20151231b.shp,conf_id,-1,-1,C:/Users/owner/Dropbox/Wzone/tmp/tmp1991/shp989_20151231b.shp,conf_id,-1,-1,C:/Users/owner/Dropbox/Wzone/tmp/tmp1991/shp997_20151231b.shp,conf_id,-1,-1,C:/Users/owner/Dropbox/Wzone/tmp/tmp1991/shp999_20151231b.shp,conf_id,-1,-1,C:/Users/owner/Dropbox/Wzone/tmp/tmp1991/shp1007_20151231b.shp,conf_id,-1,-1,C:/Users/owner/Dropbox/Wzone/tmp/tmp1991/shp1027_20151231b.shp,conf_id,-1,-1,C:/Users/owner/Dropbox/Wzone/tmp/tmp1991/shp1036_20151231b.shp,conf_id,-1,-1,C:/Users/owner/Dropbox/Wzone/tmp/tmp1991/shp1040_20151231b.shp,conf_id,-1,-1,C:/Users/owner/Dropbox/Wzone/tmp/tmp1991/shp1071_20151231b.shp,conf_id,-1,-1,C:/Users/owner/Dropbox/Wzone/tmp/tmp1991/shp1073_20151231b.shp,conf_id,-1,-1,C:/Users/owner/Dropbox/Wzone/tmp/tmp1991/shp1096_20151231b.shp,conf_id,-1,-1,C:/Users/owner/Dropbox/Wzone/tmp/tmp1991/shp1108_20151231b.shp,conf_id,-1,-1,C:/Users/owner/Dropbox/Wzone/tmp/tmp1991/shp1167_20151231b.shp,conf_id,-1,-1,C:/Users/owner/Dropbox/Wzone/tmp/tmp1991/shp1175_20151231b.shp,conf_id,-1,-1,C:/Users/owner/Dropbox/Wzone/tmp/tmp1991/shp1176_20151231b.shp,conf_id,-1,-1,C:/Users/owner/Dropbox/Wzone/tmp/tmp1991/shp1178_20151231b.shp,conf_id,-1,-1,C:/Users/owner/Dropbox/Wzone/tmp/tmp1991/shp1182_20151231b.shp,conf_id,-1,-1,C:/Users/owner/Dropbox/Wzone/tmp/tmp1991/shp1204_20151231b.shp,conf_id,-1,-1,C:/Users/owner/Dropbox/Wzone/tmp/tmp1991/shp1704_20151231b.shp,conf_id,-1,-1,C:/Users/owner/Dropbox/Wzone/tmp/tmp1991/shp2332_20151231b.shp,conf_id,-1,-1,C:/Users/owner/Dropbox/Wzone/tmp/tmp1991/shp2425_20151231b.shp,conf_id,-1,-1,C:/Users/owner/Dropbox/Wzone/tmp/tmp1991/shp2461_20151231b.shp,conf_id,-1,-1,C:/Users/owner/Dropbox/Wzone/tmp/tmp1991/shp2472_20151231b.shp,conf_id,-1,-1,C:/Users/owner/Dropbox/Wzone/tmp/tmp1991/shp5201_20151231b.shp,conf_id,-1,-1,C:/Users/owner/Dropbox/Wzone/tmp/tmp1991/shp5247_20151231b.shp,conf_id,-1,-1,C:/Users/owner/Dropbox/Wzone/tmp/tmp1991/shp5262_20151231b.shp,conf_id,-1,-1,C:/Users/owner/Dropbox/Wzone/tmp/tmp1991/shp5270_20151231b.shp,conf_id,-1,-1,C:/Users/owner/Dropbox/Wzone/tmp/tmp1991/shp5276_20151231b.shp,conf_id,-1,-1,C:/Users/owner/Dropbox/Wzone/tmp/tmp1991/shp5293_20151231b.shp,conf_id,-1,-1,C:/Users/owner/Dropbox/Wzone/tmp/tmp1991/shp5313_20151231b.shp,conf_id,-1,-1,C:/Users/owner/Dropbox/Wzone/tmp/tmp1991/shp5314_20151231b.shp,conf_id,-1,-1,C:/Users/owner/Dropbox/Wzone/tmp/tmp1991/shp5349_20151231b.shp,conf_id,-1,-1,C:/Users/owner/Dropbox/Wzone/tmp/tmp1991/shp5352_20151231b.shp,conf_id,-1,-1,C:/Users/owner/Dropbox/Wzone/tmp/tmp1991/shp5405_20151231b.shp,conf_id,-1,-1,C:/Users/owner/Dropbox/Wzone/tmp/tmp1991/shp5460_20151231b.shp,conf_id,-1,-1,C:/Users/owner/Dropbox/Wzone/tmp/tmp1991/shp5512_20151231b.shp,conf_id,-1,-1,C:/Users/owner/Dropbox/Wzone/tmp/tmp1991/shp5534_20151231b.shp,conf_id,-1,-1,C:/Users/owner/Dropbox/Wzone/tmp/tmp1991/shp5536_20151231b.shp,conf_id,-1,-1,C:/Users/owner/Dropbox/Wzone/tmp/tmp1991/shp5543_20151231b.shp,conf_id,-1,-1,C:/Users/owner/Dropbox/Wzone/tmp/tmp1991/shp5563_20151231b.shp,conf_id,-1,-1,C:/Users/owner/Dropbox/Wzone/tmp/tmp1991/shp5570_20151231b.shp,conf_id,-1,-1,C:/Users/owner/Dropbox/Wzone/tmp/tmp1991/shp5583_20151231b.shp,conf_id,-1,-1,C:/Users/owner/Dropbox/Wzone/tmp/tmp1991/shp5589_20151231b.shp,conf_id,-1,-1,C:/Users/owner/Dropbox/Wzone/tmp/tmp1991/shp5595_20151231b.shp,conf_id,-1,-1,C:/Users/owner/Dropbox/Wzone/tmp/tmp1991/shp5598_20151231b.shp,conf_id,-1,-1,C:/Users/owner/Dropbox/Wzone/tmp/tmp1991/shp5649_20151231b.shp,conf_id,-1,-1,C:/Users/owner/Dropbox/Wzone/tmp/tmp1991/shp10264_20151231b.shp,conf_id,-1,-1,C:/Users/owner/Dropbox/Wzone/tmp/tmp1991/shp10589_20151231b.shp,conf_id,-1,-1,C:/Users/owner/Dropbox/Wzone/tmp/tmp1991/shp10882_20151231b.shp,conf_id,-1,-1,C:/Users/owner/Dropbox/Wzone/tmp/tmp1991/shp10985_20151231b.shp,conf_id,-1,-1,C:/Users/owner/Dropbox/Wzone/tmp/tmp1991/shp11123_20151231b.shp,conf_id,-1,-1,C:/Users/owner/Dropbox/Wzone/tmp/tmp1991/shp11377_20151231b.shp,conf_id,-1,-1,C:/Users/owner/Dropbox/Wzone/tmp/tmp1991/shp11433_20151231b.shp,conf_id,-1,-1,C:/Users/owner/Dropbox/Wzone/tmp/tmp1991/shp11662_20151231b.shp,conf_id,-1,-1,C:/Users/owner/Dropbox/Wzone/tmp/tmp1991/shp11663_20151231b.shp,conf_id,-1,-1,C:/Users/owner/Dropbox/Wzone/tmp/tmp1991/shp11801_20151231b.shp,conf_id,-1,-1,C:/Users/owner/Dropbox/Wzone/tmp/tmp1991/shp11973_20151231b.shp,conf_id,-1,-1,C:/Users/owner/Dropbox/Wzone/tmp/tmp1991/shp11975_20151231b.shp,conf_id,-1,-1,C:/Users/owner/Dropbox/Wzone/tmp/tmp1991/shp11986_20151231b.shp,conf_id,-1,-1,C:/Users/owner/Dropbox/Wzone/tmp/tmp1991/shp11988_20151231b.shp,conf_id,-1,-1,C:/Users/owner/Dropbox/Wzone/tmp/tmp1991/shp12009_20151231b.shp,conf_id,-1,-1,C:/Users/owner/Dropbox/Wzone/tmp/tmp1991/shp12046_20151231b.shp,conf_id,-1,-1,C:/Users/owner/Dropbox/Wzone/tmp/tmp1991/shp12102_20151231b.shp,conf_id,-1,-1,C:/Users/owner/Dropbox/Wzone/tmp/tmp1991/shp12132_20151231b.shp,conf_id,-1,-1,C:/Users/owner/Dropbox/Wzone/tmp/tmp1991/shp12341_20151231b.shp,conf_id,-1,-1,C:/Users/owner/Dropbox/Wzone/tmp/tmp1991/shp12379_20151231b.shp,conf_id,-1,-1,C:/Users/owner/Dropbox/Wzone/tmp/tmp1991/shp12382_20151231b.shp,conf_id,-1,-1,C:/Users/owner/Dropbox/Wzone/tmp/tmp1991/shp12391_20151231b.shp,conf_id,-1,-1,C:/Users/owner/Dropbox/Wzone/tmp/tmp1991/shp12413_20151231b.shp,conf_id,-1,-1,C:/Users/owner/Dropbox/Wzone/tmp/tmp1991/shp12414_20151231b.shp,conf_id,-1,-1,C:/Users/owner/Dropbox/Wzone/tmp/tmp1991/shp12422_20151231b.shp,conf_id,-1,-1,C:/Users/owner/Dropbox/Wzone/tmp/tmp1991/shp12556_20151231b.shp,conf_id,-1,-1,C:/Users/owner/Dropbox/Wzone/tmp/tmp1991/shp12575_20151231b.shp,conf_id,-1,-1,C:/Users/owner/Dropbox/Wzone/tmp/tmp1991/shp13813_20151231b.shp,conf_id,-1,-1,C:/Users/owner/Dropbox/Wzone/tmp/tmp1991/shp14036_20151231b.shp,conf_id,-1,-1,C:/Users/owner/Dropbox/Wzone/tmp/tmp1991/shp14059_20151231b.shp,conf_id,-1,-1,C:/Users/owner/Dropbox/Wzone/tmp/tmp1991/shp14092_20151231b.shp,conf_id,-1,-1,C:/Users/owner/Dropbox/Wzone/tmp/tmp1991/shp14200_20151231b.shp,conf_id,-1,-1,C:/Users/owner/Dropbox/Wzone/tmp/tmp1991/shp14273_20151231b.shp,conf_id,-1,-1,C:/Users/owner/Dropbox/Wzone/tmp/tmp1991/shp14318_20151231b.shp,conf_id,-1,-1,C:/Users/owner/Dropbox/Wzone/tmp/tmp1991/shp14320_20151231b.shp,conf_id,-1,-1,C:/Users/owner/Dropbox/Wzone/tmp/tmp1991/shp14329_20151231b.shp,conf_id,-1,-1,C:/Users/owner/Dropbox/Wzone/tmp/tmp1991/shp14353_20151231b.shp,conf_id,-1,-1,C:/Users/owner/Dropbox/Wzone/tmp/tmp1991/shp14527_20151231b.shp,conf_id,-1,-1,C:/Users/owner/Dropbox/Wzone/tmp/tmp1991/shp14542_20151231b.shp,conf_id,-1,-1,C:/Users/owner/Dropbox/Wzone/tmp/tmp1991/shp14593_20151231b.shp,conf_id,-1,-1,C:/Users/owner/Dropbox/Wzone/tmp/tmp1991/shp14595_20151231b.shp,conf_id,-1,-1,C:/Users/owner/Dropbox/Wzone/tmp/tmp1991/shp14596_20151231b.shp,conf_id,-1,-1,C:/Users/owner/Dropbox/Wzone/tmp/tmp1991/shp14611_20151231b.shp,conf_id,-1,-1,C:/Users/owner/Dropbox/Wzone/tmp/tmp1991/shp14619_20151231b.shp,conf_id,-1,-1,C:/Users/owner/Dropbox/Wzone/tmp/tmp1991/shp14620_20151231b.shp,conf_id,-1,-1,C:/Users/owner/Dropbox/Wzone/tmp/tmp1991/shp14637_20151231b.shp,conf_id,-1,-1,C:/Users/owner/Dropbox/Wzone/tmp/tmp1991/shp14666_20151231b.shp,conf_id,-1,-1,C:/Users/owner/Dropbox/Wzone/tmp/tmp1991/shp14667_20151231b.shp,conf_id,-1,-1,C:/Users/owner/Dropbox/Wzone/tmp/tmp1991/shp14668_20151231b.shp,conf_id,-1,-1,C:/Users/owner/Dropbox/Wzone/tmp/tmp1991/shp14669_20151231b.shp,conf_id,-1,-1,C:/Users/owner/Dropbox/Wzone/tmp/tmp1991/shp14671_20151231b.shp,conf_id,-1,-1,C:/Users/owner/Dropbox/Wzone/tmp/tmp1991/shp14677_20151231b.shp,conf_id,-1,-1,C:/Users/owner/Dropbox/Wzone/tmp/tmp1991/shp14685_20151231b.shp,conf_id,-1,-1,C:/Users/owner/Dropbox/Wzone/tmp/tmp1991/shp14710_20151231b.shp,conf_id,-1,-1,C:/Users/owner/Dropbox/Wzone/tmp/tmp1991/shp14718_20151231b.shp,conf_id,-1,-1,C:/Users/owner/Dropbox/Wzone/tmp/tmp1991/shp14744_20151231b.shp,conf_id,-1,-1,C:/Users/owner/Dropbox/Wzone/tmp/tmp1991/shp14745_20151231b.shp,conf_id,-1,-1,C:/Users/owner/Dropbox/Wzone/tmp/tmp1991/shp14746_20151231b.shp,conf_id,-1,-1,C:/Users/owner/Dropbox/Wzone/tmp/tmp1991/shp14847_20151231b.shp,conf_id,-1,-1,C:/Users/owner/Dropbox/Wzone/tmp/tmp1991/shp15100_20151231b.shp,conf_id,-1,-1,C:/Users/owner/Dropbox/Wzone/tmp/tmp1991/shp15142_20151231b.shp,conf_id,-1,-1,C:/Users/owner/Dropbox/Wzone/tmp/tmp1991/shp15409_20151231b.shp,conf_id,-1,-1,C:/Users/owner/Dropbox/Wzone/tmp/tmp1991/shp15558_20151231b.shp,conf_id,-1,-1,C:/Users/owner/Dropbox/Wzone/tmp/tmp1991/shp15751_20151231b.shp,conf_id,-1,-1;date "date" true true false 254 Text 0 0,First,#,C:/Users/owner/Dropbox/Wzone/tmp/tmp1991/shp411_20151231b.shp,date,0,253,C:/Users/owner/Dropbox/Wzone/tmp/tmp1991/shp422_20151231b.shp,date,0,253,C:/Users/owner/Dropbox/Wzone/tmp/tmp1991/shp428_20151231b.shp,date,0,253,C:/Users/owner/Dropbox/Wzone/tmp/tmp1991/shp453_20151231b.shp,date,0,253,C:/Users/owner/Dropbox/Wzone/tmp/tmp1991/shp459_20151231b.shp,date,0,253,C:/Users/owner/Dropbox/Wzone/tmp/tmp1991/shp461_20151231b.shp,date,0,253,C:/Users/owner/Dropbox/Wzone/tmp/tmp1991/shp474_20151231b.shp,date,0,253,C:/Users/owner/Dropbox/Wzone/tmp/tmp1991/shp476_20151231b.shp,date,0,253,C:/Users/owner/Dropbox/Wzone/tmp/tmp1991/shp477_20151231b.shp,date,0,253,C:/Users/owner/Dropbox/Wzone/tmp/tmp1991/shp478_20151231b.shp,date,0,253,C:/Users/owner/Dropbox/Wzone/tmp/tmp1991/shp508_20151231b.shp,date,0,253,C:/Users/owner/Dropbox/Wzone/tmp/tmp1991/shp524_20151231b.shp,date,0,253,C:/Users/owner/Dropbox/Wzone/tmp/tmp1991/shp624_20151231b.shp,date,0,253,C:/Users/owner/Dropbox/Wzone/tmp/tmp1991/shp628_20151231b.shp,date,0,253,C:/Users/owner/Dropbox/Wzone/tmp/tmp1991/shp640_20151231b.shp,date,0,253,C:/Users/owner/Dropbox/Wzone/tmp/tmp1991/shp657_20151231b.shp,date,0,253,C:/Users/owner/Dropbox/Wzone/tmp/tmp1991/shp658_20151231b.shp,date,0,253,C:/Users/owner/Dropbox/Wzone/tmp/tmp1991/shp708_20151231b.shp,date,0,253,C:/Users/owner/Dropbox/Wzone/tmp/tmp1991/shp709_20151231b.shp,date,0,253,C:/Users/owner/Dropbox/Wzone/tmp/tmp1991/shp722_20151231b.shp,date,0,253,C:/Users/owner/Dropbox/Wzone/tmp/tmp1991/shp735_20151231b.shp,date,0,253,C:/Users/owner/Dropbox/Wzone/tmp/tmp1991/shp750_20151231b.shp,date,0,253,C:/Users/owner/Dropbox/Wzone/tmp/tmp1991/shp754_20151231b.shp,date,0,253,C:/Users/owner/Dropbox/Wzone/tmp/tmp1991/shp768_20151231b.shp,date,0,253,C:/Users/owner/Dropbox/Wzone/tmp/tmp1991/shp781_20151231b.shp,date,0,253,C:/Users/owner/Dropbox/Wzone/tmp/tmp1991/shp792_20151231b.shp,date,0,253,C:/Users/owner/Dropbox/Wzone/tmp/tmp1991/shp830_20151231b.shp,date,0,253,C:/Users/owner/Dropbox/Wzone/tmp/tmp1991/shp833_20151231b.shp,date,0,253,C:/Users/owner/Dropbox/Wzone/tmp/tmp1991/shp857_20151231b.shp,date,0,253,C:/Users/owner/Dropbox/Wzone/tmp/tmp1991/shp869_20151231b.shp,date,0,253,C:/Users/owner/Dropbox/Wzone/tmp/tmp1991/shp878_20151231b.shp,date,0,253,C:/Users/owner/Dropbox/Wzone/tmp/tmp1991/shp906_20151231b.shp,date,0,253,C:/Users/owner/Dropbox/Wzone/tmp/tmp1991/shp913_20151231b.shp,date,0,253,C:/Users/owner/Dropbox/Wzone/tmp/tmp1991/shp914_20151231b.shp,date,0,253,C:/Users/owner/Dropbox/Wzone/tmp/tmp1991/shp921_20151231b.shp,date,0,253,C:/Users/owner/Dropbox/Wzone/tmp/tmp1991/shp929_20151231b.shp,date,0,253,C:/Users/owner/Dropbox/Wzone/tmp/tmp1991/shp930_20151231b.shp,date,0,253,C:/Users/owner/Dropbox/Wzone/tmp/tmp1991/shp931_20151231b.shp,date,0,253,C:/Users/owner/Dropbox/Wzone/tmp/tmp1991/shp934_20151231b.shp,date,0,253,C:/Users/owner/Dropbox/Wzone/tmp/tmp1991/shp936_20151231b.shp,date,0,253,C:/Users/owner/Dropbox/Wzone/tmp/tmp1991/shp941_20151231b.shp,date,0,253,C:/Users/owner/Dropbox/Wzone/tmp/tmp1991/shp942_20151231b.shp,date,0,253,C:/Users/owner/Dropbox/Wzone/tmp/tmp1991/shp944_20151231b.shp,date,0,253,C:/Users/owner/Dropbox/Wzone/tmp/tmp1991/shp947_20151231b.shp,date,0,253,C:/Users/owner/Dropbox/Wzone/tmp/tmp1991/shp948_20151231b.shp,date,0,253,C:/Users/owner/Dropbox/Wzone/tmp/tmp1991/shp950_20151231b.shp,date,0,253,C:/Users/owner/Dropbox/Wzone/tmp/tmp1991/shp951_20151231b.shp,date,0,253,C:/Users/owner/Dropbox/Wzone/tmp/tmp1991/shp955_20151231b.shp,date,0,253,C:/Users/owner/Dropbox/Wzone/tmp/tmp1991/shp962_20151231b.shp,date,0,253,C:/Users/owner/Dropbox/Wzone/tmp/tmp1991/shp966_20151231b.shp,date,0,253,C:/Users/owner/Dropbox/Wzone/tmp/tmp1991/shp973_20151231b.shp,date,0,253,C:/Users/owner/Dropbox/Wzone/tmp/tmp1991/shp977_20151231b.shp,date,0,253,C:/Users/owner/Dropbox/Wzone/tmp/tmp1991/shp981_20151231b.shp,date,0,253,C:/Users/owner/Dropbox/Wzone/tmp/tmp1991/shp988_20151231b.shp,date,0,253,C:/Users/owner/Dropbox/Wzone/tmp/tmp1991/shp989_20151231b.shp,date,0,253,C:/Users/owner/Dropbox/Wzone/tmp/tmp1991/shp997_20151231b.shp,date,0,253,C:/Users/owner/Dropbox/Wzone/tmp/tmp1991/shp999_20151231b.shp,date,0,253,C:/Users/owner/Dropbox/Wzone/tmp/tmp1991/shp1007_20151231b.shp,date,0,253,C:/Users/owner/Dropbox/Wzone/tmp/tmp1991/shp1027_20151231b.shp,date,0,253,C:/Users/owner/Dropbox/Wzone/tmp/tmp1991/shp1036_20151231b.shp,date,0,253,C:/Users/owner/Dropbox/Wzone/tmp/tmp1991/shp1040_20151231b.shp,date,0,253,C:/Users/owner/Dropbox/Wzone/tmp/tmp1991/shp1071_20151231b.shp,date,0,253,C:/Users/owner/Dropbox/Wzone/tmp/tmp1991/shp1073_20151231b.shp,date,0,253,C:/Users/owner/Dropbox/Wzone/tmp/tmp1991/shp1096_20151231b.shp,date,0,253,C:/Users/owner/Dropbox/Wzone/tmp/tmp1991/shp1108_20151231b.shp,date,0,253,C:/Users/owner/Dropbox/Wzone/tmp/tmp1991/shp1167_20151231b.shp,date,0,253,C:/Users/owner/Dropbox/Wzone/tmp/tmp1991/shp1175_20151231b.shp,date,0,253,C:/Users/owner/Dropbox/Wzone/tmp/tmp1991/shp1176_20151231b.shp,date,0,253,C:/Users/owner/Dropbox/Wzone/tmp/tmp1991/shp1178_20151231b.shp,date,0,253,C:/Users/owner/Dropbox/Wzone/tmp/tmp1991/shp1182_20151231b.shp,date,0,253,C:/Users/owner/Dropbox/Wzone/tmp/tmp1991/shp1204_20151231b.shp,date,0,253,C:/Users/owner/Dropbox/Wzone/tmp/tmp1991/shp1704_20151231b.shp,date,0,253,C:/Users/owner/Dropbox/Wzone/tmp/tmp1991/shp2332_20151231b.shp,date,0,253,C:/Users/owner/Dropbox/Wzone/tmp/tmp1991/shp2425_20151231b.shp,date,0,253,C:/Users/owner/Dropbox/Wzone/tmp/tmp1991/shp2461_20151231b.shp,date,0,253,C:/Users/owner/Dropbox/Wzone/tmp/tmp1991/shp2472_20151231b.shp,date,0,253,C:/Users/owner/Dropbox/Wzone/tmp/tmp1991/shp5201_20151231b.shp,date,0,253,C:/Users/owner/Dropbox/Wzone/tmp/tmp1991/shp5247_20151231b.shp,date,0,253,C:/Users/owner/Dropbox/Wzone/tmp/tmp1991/shp5262_20151231b.shp,date,0,253,C:/Users/owner/Dropbox/Wzone/tmp/tmp1991/shp5270_20151231b.shp,date,0,253,C:/Users/owner/Dropbox/Wzone/tmp/tmp1991/shp5276_20151231b.shp,date,0,253,C:/Users/owner/Dropbox/Wzone/tmp/tmp1991/shp5293_20151231b.shp,date,0,253,C:/Users/owner/Dropbox/Wzone/tmp/tmp1991/shp5313_20151231b.shp,date,0,253,C:/Users/owner/Dropbox/Wzone/tmp/tmp1991/shp5314_20151231b.shp,date,0,253,C:/Users/owner/Dropbox/Wzone/tmp/tmp1991/shp5349_20151231b.shp,date,0,253,C:/Users/owner/Dropbox/Wzone/tmp/tmp1991/shp5352_20151231b.shp,date,0,253,C:/Users/owner/Dropbox/Wzone/tmp/tmp1991/shp5405_20151231b.shp,date,0,253,C:/Users/owner/Dropbox/Wzone/tmp/tmp1991/shp5460_20151231b.shp,date,0,253,C:/Users/owner/Dropbox/Wzone/tmp/tmp1991/shp5512_20151231b.shp,date,0,253,C:/Users/owner/Dropbox/Wzone/tmp/tmp1991/shp5534_20151231b.shp,date,0,253,C:/Users/owner/Dropbox/Wzone/tmp/tmp1991/shp5536_20151231b.shp,date,0,253,C:/Users/owner/Dropbox/Wzone/tmp/tmp1991/shp5543_20151231b.shp,date,0,253,C:/Users/owner/Dropbox/Wzone/tmp/tmp1991/shp5563_20151231b.shp,date,0,253,C:/Users/owner/Dropbox/Wzone/tmp/tmp1991/shp5570_20151231b.shp,date,0,253,C:/Users/owner/Dropbox/Wzone/tmp/tmp1991/shp5583_20151231b.shp,date,0,253,C:/Users/owner/Dropbox/Wzone/tmp/tmp1991/shp5589_20151231b.shp,date,0,253,C:/Users/owner/Dropbox/Wzone/tmp/tmp1991/shp5595_20151231b.shp,date,0,253,C:/Users/owner/Dropbox/Wzone/tmp/tmp1991/shp5598_20151231b.shp,date,0,253,C:/Users/owner/Dropbox/Wzone/tmp/tmp1991/shp5649_20151231b.shp,date,0,253,C:/Users/owner/Dropbox/Wzone/tmp/tmp1991/shp10264_20151231b.shp,date,0,253,C:/Users/owner/Dropbox/Wzone/tmp/tmp1991/shp10589_20151231b.shp,date,0,253,C:/Users/owner/Dropbox/Wzone/tmp/tmp1991/shp10882_20151231b.shp,date,0,253,C:/Users/owner/Dropbox/Wzone/tmp/tmp1991/shp10985_20151231b.shp,date,0,253,C:/Users/owner/Dropbox/Wzone/tmp/tmp1991/shp11123_20151231b.shp,date,0,253,C:/Users/owner/Dropbox/Wzone/tmp/tmp1991/shp11377_20151231b.shp,date,0,253,C:/Users/owner/Dropbox/Wzone/tmp/tmp1991/shp11433_20151231b.shp,date,0,253,C:/Users/owner/Dropbox/Wzone/tmp/tmp1991/shp11662_20151231b.shp,date,0,253,C:/Users/owner/Dropbox/Wzone/tmp/tmp1991/shp11663_20151231b.shp,date,0,253,C:/Users/owner/Dropbox/Wzone/tmp/tmp1991/shp11801_20151231b.shp,date,0,253,C:/Users/owner/Dropbox/Wzone/tmp/tmp1991/shp11973_20151231b.shp,date,0,253,C:/Users/owner/Dropbox/Wzone/tmp/tmp1991/shp11975_20151231b.shp,date,0,253,C:/Users/owner/Dropbox/Wzone/tmp/tmp1991/shp11986_20151231b.shp,date,0,253,C:/Users/owner/Dropbox/Wzone/tmp/tmp1991/shp11988_20151231b.shp,date,0,253,C:/Users/owner/Dropbox/Wzone/tmp/tmp1991/shp12009_20151231b.shp,date,0,253,C:/Users/owner/Dropbox/Wzone/tmp/tmp1991/shp12046_20151231b.shp,date,0,253,C:/Users/owner/Dropbox/Wzone/tmp/tmp1991/shp12102_20151231b.shp,date,0,253,C:/Users/owner/Dropbox/Wzone/tmp/tmp1991/shp12132_20151231b.shp,date,0,253,C:/Users/owner/Dropbox/Wzone/tmp/tmp1991/shp12341_20151231b.shp,date,0,253,C:/Users/owner/Dropbox/Wzone/tmp/tmp1991/shp12379_20151231b.shp,date,0,253,C:/Users/owner/Dropbox/Wzone/tmp/tmp1991/shp12382_20151231b.shp,date,0,253,C:/Users/owner/Dropbox/Wzone/tmp/tmp1991/shp12391_20151231b.shp,date,0,253,C:/Users/owner/Dropbox/Wzone/tmp/tmp1991/shp12413_20151231b.shp,date,0,253,C:/Users/owner/Dropbox/Wzone/tmp/tmp1991/shp12414_20151231b.shp,date,0,253,C:/Users/owner/Dropbox/Wzone/tmp/tmp1991/shp12422_20151231b.shp,date,0,253,C:/Users/owner/Dropbox/Wzone/tmp/tmp1991/shp12556_20151231b.shp,date,0,253,C:/Users/owner/Dropbox/Wzone/tmp/tmp1991/shp12575_20151231b.shp,date,0,253,C:/Users/owner/Dropbox/Wzone/tmp/tmp1991/shp13813_20151231b.shp,date,0,253,C:/Users/owner/Dropbox/Wzone/tmp/tmp1991/shp14036_20151231b.shp,date,0,253,C:/Users/owner/Dropbox/Wzone/tmp/tmp1991/shp14059_20151231b.shp,date,0,253,C:/Users/owner/Dropbox/Wzone/tmp/tmp1991/shp14092_20151231b.shp,date,0,253,C:/Users/owner/Dropbox/Wzone/tmp/tmp1991/shp14200_20151231b.shp,date,0,253,C:/Users/owner/Dropbox/Wzone/tmp/tmp1991/shp14273_20151231b.shp,date,0,253,C:/Users/owner/Dropbox/Wzone/tmp/tmp1991/shp14318_20151231b.shp,date,0,253,C:/Users/owner/Dropbox/Wzone/tmp/tmp1991/shp14320_20151231b.shp,date,0,253,C:/Users/owner/Dropbox/Wzone/tmp/tmp1991/shp14329_20151231b.shp,date,0,253,C:/Users/owner/Dropbox/Wzone/tmp/tmp1991/shp14353_20151231b.shp,date,0,253,C:/Users/owner/Dropbox/Wzone/tmp/tmp1991/shp14527_20151231b.shp,date,0,253,C:/Users/owner/Dropbox/Wzone/tmp/tmp1991/shp14542_20151231b.shp,date,0,253,C:/Users/owner/Dropbox/Wzone/tmp/tmp1991/shp14593_20151231b.shp,date,0,253,C:/Users/owner/Dropbox/Wzone/tmp/tmp1991/shp14595_20151231b.shp,date,0,253,C:/Users/owner/Dropbox/Wzone/tmp/tmp1991/shp14596_20151231b.shp,date,0,253,C:/Users/owner/Dropbox/Wzone/tmp/tmp1991/shp14611_20151231b.shp,date,0,253,C:/Users/owner/Dropbox/Wzone/tmp/tmp1991/shp14619_20151231b.shp,date,0,253,C:/Users/owner/Dropbox/Wzone/tmp/tmp1991/shp14620_20151231b.shp,date,0,253,C:/Users/owner/Dropbox/Wzone/tmp/tmp1991/shp14637_20151231b.shp,date,0,253,C:/Users/owner/Dropbox/Wzone/tmp/tmp1991/shp14666_20151231b.shp,date,0,253,C:/Users/owner/Dropbox/Wzone/tmp/tmp1991/shp14667_20151231b.shp,date,0,253,C:/Users/owner/Dropbox/Wzone/tmp/tmp1991/shp14668_20151231b.shp,date,0,253,C:/Users/owner/Dropbox/Wzone/tmp/tmp1991/shp14669_20151231b.shp,date,0,253,C:/Users/owner/Dropbox/Wzone/tmp/tmp1991/shp14671_20151231b.shp,date,0,253,C:/Users/owner/Dropbox/Wzone/tmp/tmp1991/shp14677_20151231b.shp,date,0,253,C:/Users/owner/Dropbox/Wzone/tmp/tmp1991/shp14685_20151231b.shp,date,0,253,C:/Users/owner/Dropbox/Wzone/tmp/tmp1991/shp14710_20151231b.shp,date,0,253,C:/Users/owner/Dropbox/Wzone/tmp/tmp1991/shp14718_20151231b.shp,date,0,253,C:/Users/owner/Dropbox/Wzone/tmp/tmp1991/shp14744_20151231b.shp,date,0,253,C:/Users/owner/Dropbox/Wzone/tmp/tmp1991/shp14745_20151231b.shp,date,0,253,C:/Users/owner/Dropbox/Wzone/tmp/tmp1991/shp14746_20151231b.shp,date,0,253,C:/Users/owner/Dropbox/Wzone/tmp/tmp1991/shp14847_20151231b.shp,date,0,253,C:/Users/owner/Dropbox/Wzone/tmp/tmp1991/shp15100_20151231b.shp,date,0,253,C:/Users/owner/Dropbox/Wzone/tmp/tmp1991/shp15142_20151231b.shp,date,0,253,C:/Users/owner/Dropbox/Wzone/tmp/tmp1991/shp15409_20151231b.shp,date,0,253,C:/Users/owner/Dropbox/Wzone/tmp/tmp1991/shp15558_20151231b.shp,date,0,253,C:/Users/owner/Dropbox/Wzone/tmp/tmp1991/shp15751_20151231b.shp,date,0,253" NO_SOURCE_INFO</Process><Process ToolSource="c:\program files\arcgis\pro\Resources\ArcToolbox\toolboxes\Data Management Tools.tbx\DefineProjection" Date="20240720" Time="012543">DefineProjection C:/Users/owner/Dropbox/Wzone/out/wzone_shp/2015/2015_12_31.shp GEOGCS["GCS_WGS_1984",DATUM["D_WGS_1984",SPHEROID["WGS_1984",6378137.0,298.257223563]],PRIMEM["Greenwich",0.0],UNIT["Degree",0.0174532925199433]]</Process></lineage></DataProperties><SyncDate>20240720</SyncDate><SyncTime>01254000</SyncTime><ModDate>20240720</ModDate><ModTime>01254000</ModTime></Esri><dataIdInfo><envirDesc Sync="TRUE">Microsoft Windows 10 Version 10.0 (Build 19045) ; Esri ArcGIS 13.2.2.49743</envirDesc><dataLang><languageCode value="eng" Sync="TRUE"></languageCode><countryCode value="USA" Sync="TRUE"></countryCode></dataLang><idCitation><resTitle Sync="TRUE">2015_12_31</resTitle><presForm><PresFormCd value="005" Sync="TRUE"></PresFormCd></presForm></idCitation><spatRpType><SpatRepTypCd value="001" Sync="TRUE"></SpatRepTypCd></spatRpType></dataIdInfo><mdLang><languageCode value="eng" Sync="TRUE"></languageCode><countryCode value="USA" Sync="TRUE"></countryCode></mdLang><mdChar><CharSetCd value="004" Sync="TRUE"></CharSetCd></mdChar><distInfo><distFormat><formatName Sync="TRUE">Shapefile</formatName></distFormat><distTranOps><transSize Sync="TRUE">0.000</transSize></distTranOps></distInfo><mdHrLv><ScopeCd value="005" Sync="TRUE"></ScopeCd></mdHrLv><mdHrLvName Sync="TRUE">dataset</mdHrLvName><spatRepInfo><VectSpatRep><geometObjs Name="2015_12_31"><geoObjTyp><GeoObjTypCd value="002" Sync="TRUE"></GeoObjTypCd></geoObjTyp><geoObjCnt Sync="TRUE">0</geoObjCnt></geometObjs><topLvl><TopoLevCd value="001" Sync="TRUE"></TopoLevCd></topLvl></VectSpatRep></spatRepInfo><spdoinfo><ptvctinf><esriterm Name="2015_12_31"><efeatyp Sync="TRUE">Simple</efeatyp><efeageom code="4" Sync="TRUE"></efeageom><esritopo Sync="TRUE">FALSE</esritopo><efeacnt Sync="TRUE">0</efeacnt><spindex Sync="TRUE">FALSE</spindex><linrefer Sync="TRUE">FALSE</linrefer></esriterm></ptvctinf></spdoinfo><eainfo><detailed Name="2015_12_31"><enttyp><enttypl Sync="TRUE">2015_12_31</enttypl><enttypt Sync="TRUE">Feature Class</enttypt><enttypc Sync="TRUE">0</enttypc></enttyp><attr><attrlabl Sync="TRUE">FID</attrlabl><attalias Sync="TRUE">FID</attalias><attrtype Sync="TRUE">OID</attrtype><attwidth Sync="TRUE">4</attwidth><atprecis Sync="TRUE">0</atprecis><attscale Sync="TRUE">0</attscale><attrdef Sync="TRUE">Internal feature number.</attrdef><attrdefs Sync="TRUE">Esri</attrdefs><attrdomv><udom Sync="TRUE">Sequential unique whole numbers that are automatically generated.</udom></attrdomv></attr><attr><attrlabl Sync="TRUE">Shape</attrlabl><attalias Sync="TRUE">Shape</attalias><attrtype Sync="TRUE">Geometry</attrtype><attwidth Sync="TRUE">0</attwidth><atprecis Sync="TRUE">0</atprecis><attscale Sync="TRUE">0</attscale><attrdef Sync="TRUE">Feature geometry.</attrdef><attrdefs Sync="TRUE">Esri</attrdefs><attrdomv><udom Sync="TRUE">Coordinates defining the features.</udom></attrdomv></attr><attr><attrlabl Sync="TRUE">dyad_id</attrlabl><attalias Sync="TRUE">dyad_id</attalias><attrtype Sync="TRUE">Integer</attrtype><attwidth Sync="TRUE">5</attwidth><atprecis Sync="TRUE">5</atprecis><attscale Sync="TRUE">0</attscale></attr><attr><attrlabl Sync="TRUE">conf_id</attrlabl><attalias Sync="TRUE">conf_id</attalias><attrtype Sync="TRUE">Integer</attrtype><attwidth Sync="TRUE">5</attwidth><atprecis Sync="TRUE">5</atprecis><attscale Sync="TRUE">0</attscale></attr><attr><attrlabl Sync="TRUE">date</attrlabl><attalias Sync="TRUE">date</attalias><attrtype Sync="TRUE">String</attrtype><attwidth Sync="TRUE">254</attwidth><atprecis Sync="TRUE">0</atprecis><attscale Sync="TRUE">0</attscale></attr></detailed></eainfo><mdDateSt Sync="TRUE">20240720</mdDateSt></metadata>
