<?xml version="1.0" encoding="UTF-8"?>
<metadata xml:lang="en"><Esri><CreaDate>20240720</CreaDate><CreaTime>13183200</CreaTime><ArcGISFormat>1.0</ArcGISFormat><SyncOnce>FALSE</SyncOnce><DataProperties><itemProps><itemName Sync="TRUE">2016_12_31</itemName><imsContentType Sync="TRUE">002</imsContentType><itemSize Sync="TRUE">0.000</itemSize><itemLocation><linkage Sync="TRUE">file://\\DESKTOP-48J08HF\C$\Users\owner\Dropbox\Wzone\out\wzone_shp\2016\2016_12_31.shp</linkage><protocol Sync="TRUE">Local Area Network</protocol></itemLocation></itemProps><lineage><Process ToolSource="c:\program files\arcgis\pro\Resources\ArcToolbox\toolboxes\Analysis Tools.tbx\Select" Date="20240720" Time="131832">Select in_memory/shp1992406_20161231a C:\Users\owner\Dropbox\Wzone\tmp\tmp1992\shp406_20161231b.shp ""gridcode" &gt; 0"</Process><Process ToolSource="c:\program files\arcgis\pro\Resources\ArcToolbox\toolboxes\Data Management Tools.tbx\AddField" Date="20240720" Time="131832">AddField C:/Users/owner/Dropbox/Wzone/tmp/tmp1992/shp406_20161231b.shp dyad_id "Short (16-bit integer)" # # # # NULLABLE NON_REQUIRED #</Process><Process ToolSource="c:\program files\arcgis\pro\Resources\ArcToolbox\toolboxes\Data Management Tools.tbx\AddField" Date="20240720" Time="131832">AddField C:/Users/owner/Dropbox/Wzone/tmp/tmp1992/shp406_20161231b.shp conf_id "Short (16-bit integer)" # # # # NULLABLE NON_REQUIRED #</Process><Process ToolSource="c:\program files\arcgis\pro\Resources\ArcToolbox\toolboxes\Data Management Tools.tbx\AddField" Date="20240720" Time="131832">AddField C:/Users/owner/Dropbox/Wzone/tmp/tmp1992/shp406_20161231b.shp date Text # # # # NULLABLE NON_REQUIRED #</Process><Process ToolSource="c:\program files\arcgis\pro\Resources\ArcToolbox\toolboxes\Data Management Tools.tbx\DeleteField" Date="20240720" Time="131832">DeleteField C:/Users/owner/Dropbox/Wzone/tmp/tmp1992/shp406_20161231b.shp Id "Delete Fields"</Process><Process ToolSource="c:\program files\arcgis\pro\Resources\ArcToolbox\toolboxes\Data Management Tools.tbx\DeleteField" Date="20240720" Time="131832">DeleteField C:/Users/owner/Dropbox/Wzone/tmp/tmp1992/shp406_20161231b.shp gridcode "Delete Fields"</Process><Process ToolSource="c:\program files\arcgis\pro\Resources\ArcToolbox\toolboxes\Data Management Tools.tbx\Merge" Date="20240720" Time="132204">Merge C:/Users/owner/Dropbox/Wzone/tmp/tmp1992/shp406_20161231b.shp;C:/Users/owner/Dropbox/Wzone/tmp/tmp1992/shp411_20161231b.shp;C:/Users/owner/Dropbox/Wzone/tmp/tmp1992/shp422_20161231b.shp;C:/Users/owner/Dropbox/Wzone/tmp/tmp1992/shp428_20161231b.shp;C:/Users/owner/Dropbox/Wzone/tmp/tmp1992/shp453_20161231b.shp;C:/Users/owner/Dropbox/Wzone/tmp/tmp1992/shp459_20161231b.shp;C:/Users/owner/Dropbox/Wzone/tmp/tmp1992/shp461_20161231b.shp;C:/Users/owner/Dropbox/Wzone/tmp/tmp1992/shp474_20161231b.shp;C:/Users/owner/Dropbox/Wzone/tmp/tmp1992/shp476_20161231b.shp;C:/Users/owner/Dropbox/Wzone/tmp/tmp1992/shp477_20161231b.shp;C:/Users/owner/Dropbox/Wzone/tmp/tmp1992/shp478_20161231b.shp;C:/Users/owner/Dropbox/Wzone/tmp/tmp1992/shp508_20161231b.shp;C:/Users/owner/Dropbox/Wzone/tmp/tmp1992/shp624_20161231b.shp;C:/Users/owner/Dropbox/Wzone/tmp/tmp1992/shp628_20161231b.shp;C:/Users/owner/Dropbox/Wzone/tmp/tmp1992/shp640_20161231b.shp;C:/Users/owner/Dropbox/Wzone/tmp/tmp1992/shp657_20161231b.shp;C:/Users/owner/Dropbox/Wzone/tmp/tmp1992/shp658_20161231b.shp;C:/Users/owner/Dropbox/Wzone/tmp/tmp1992/shp708_20161231b.shp;C:/Users/owner/Dropbox/Wzone/tmp/tmp1992/shp709_20161231b.shp;C:/Users/owner/Dropbox/Wzone/tmp/tmp1992/shp721_20161231b.shp;C:/Users/owner/Dropbox/Wzone/tmp/tmp1992/shp722_20161231b.shp;C:/Users/owner/Dropbox/Wzone/tmp/tmp1992/shp735_20161231b.shp;C:/Users/owner/Dropbox/Wzone/tmp/tmp1992/shp750_20161231b.shp;C:/Users/owner/Dropbox/Wzone/tmp/tmp1992/shp754_20161231b.shp;C:/Users/owner/Dropbox/Wzone/tmp/tmp1992/shp781_20161231b.shp;C:/Users/owner/Dropbox/Wzone/tmp/tmp1992/shp792_20161231b.shp;C:/Users/owner/Dropbox/Wzone/tmp/tmp1992/shp830_20161231b.shp;C:/Users/owner/Dropbox/Wzone/tmp/tmp1992/shp833_20161231b.shp;C:/Users/owner/Dropbox/Wzone/tmp/tmp1992/shp857_20161231b.shp;C:/Users/owner/Dropbox/Wzone/tmp/tmp1992/shp869_20161231b.shp;C:/Users/owner/Dropbox/Wzone/tmp/tmp1992/shp878_20161231b.shp;C:/Users/owner/Dropbox/Wzone/tmp/tmp1992/shp906_20161231b.shp;C:/Users/owner/Dropbox/Wzone/tmp/tmp1992/shp913_20161231b.shp;C:/Users/owner/Dropbox/Wzone/tmp/tmp1992/shp914_20161231b.shp;C:/Users/owner/Dropbox/Wzone/tmp/tmp1992/shp921_20161231b.shp;C:/Users/owner/Dropbox/Wzone/tmp/tmp1992/shp929_20161231b.shp;C:/Users/owner/Dropbox/Wzone/tmp/tmp1992/shp930_20161231b.shp;C:/Users/owner/Dropbox/Wzone/tmp/tmp1992/shp931_20161231b.shp;C:/Users/owner/Dropbox/Wzone/tmp/tmp1992/shp934_20161231b.shp;C:/Users/owner/Dropbox/Wzone/tmp/tmp1992/shp936_20161231b.shp;C:/Users/owner/Dropbox/Wzone/tmp/tmp1992/shp941_20161231b.shp;C:/Users/owner/Dropbox/Wzone/tmp/tmp1992/shp942_20161231b.shp;C:/Users/owner/Dropbox/Wzone/tmp/tmp1992/shp944_20161231b.shp;C:/Users/owner/Dropbox/Wzone/tmp/tmp1992/shp947_20161231b.shp;C:/Users/owner/Dropbox/Wzone/tmp/tmp1992/shp948_20161231b.shp;C:/Users/owner/Dropbox/Wzone/tmp/tmp1992/shp950_20161231b.shp;C:/Users/owner/Dropbox/Wzone/tmp/tmp1992/shp951_20161231b.shp;C:/Users/owner/Dropbox/Wzone/tmp/tmp1992/shp955_20161231b.shp;C:/Users/owner/Dropbox/Wzone/tmp/tmp1992/shp962_20161231b.shp;C:/Users/owner/Dropbox/Wzone/tmp/tmp1992/shp966_20161231b.shp;C:/Users/owner/Dropbox/Wzone/tmp/tmp1992/shp973_20161231b.shp;C:/Users/owner/Dropbox/Wzone/tmp/tmp1992/shp981_20161231b.shp;C:/Users/owner/Dropbox/Wzone/tmp/tmp1992/shp988_20161231b.shp;C:/Users/owner/Dropbox/Wzone/tmp/tmp1992/shp989_20161231b.shp;C:/Users/owner/Dropbox/Wzone/tmp/tmp1992/shp997_20161231b.shp;C:/Users/owner/Dropbox/Wzone/tmp/tmp1992/shp1007_20161231b.shp;C:/Users/owner/Dropbox/Wzone/tmp/tmp1992/shp1023_20161231b.shp;C:/Users/owner/Dropbox/Wzone/tmp/tmp1992/shp1036_20161231b.shp;C:/Users/owner/Dropbox/Wzone/tmp/tmp1992/shp1040_20161231b.shp;C:/Users/owner/Dropbox/Wzone/tmp/tmp1992/shp1071_20161231b.shp;C:/Users/owner/Dropbox/Wzone/tmp/tmp1992/shp1073_20161231b.shp;C:/Users/owner/Dropbox/Wzone/tmp/tmp1992/shp1096_20161231b.shp;C:/Users/owner/Dropbox/Wzone/tmp/tmp1992/shp1108_20161231b.shp;C:/Users/owner/Dropbox/Wzone/tmp/tmp1992/shp1167_20161231b.shp;C:/Users/owner/Dropbox/Wzone/tmp/tmp1992/shp1175_20161231b.shp;C:/Users/owner/Dropbox/Wzone/tmp/tmp1992/shp1176_20161231b.shp;C:/Users/owner/Dropbox/Wzone/tmp/tmp1992/shp1182_20161231b.shp;C:/Users/owner/Dropbox/Wzone/tmp/tmp1992/shp1204_20161231b.shp;C:/Users/owner/Dropbox/Wzone/tmp/tmp1992/shp1702_20161231b.shp;C:/Users/owner/Dropbox/Wzone/tmp/tmp1992/shp1704_20161231b.shp;C:/Users/owner/Dropbox/Wzone/tmp/tmp1992/shp2332_20161231b.shp;C:/Users/owner/Dropbox/Wzone/tmp/tmp1992/shp2425_20161231b.shp;C:/Users/owner/Dropbox/Wzone/tmp/tmp1992/shp2461_20161231b.shp;C:/Users/owner/Dropbox/Wzone/tmp/tmp1992/shp2472_20161231b.shp;C:/Users/owner/Dropbox/Wzone/tmp/tmp1992/shp5201_20161231b.shp;C:/Users/owner/Dropbox/Wzone/tmp/tmp1992/shp5247_20161231b.shp;C:/Users/owner/Dropbox/Wzone/tmp/tmp1992/shp5262_20161231b.shp;C:/Users/owner/Dropbox/Wzone/tmp/tmp1992/shp5270_20161231b.shp;C:/Users/owner/Dropbox/Wzone/tmp/tmp1992/shp5276_20161231b.shp;C:/Users/owner/Dropbox/Wzone/tmp/tmp1992/shp5293_20161231b.shp;C:/Users/owner/Dropbox/Wzone/tmp/tmp1992/shp5313_20161231b.shp;C:/Users/owner/Dropbox/Wzone/tmp/tmp1992/shp5314_20161231b.shp;C:/Users/owner/Dropbox/Wzone/tmp/tmp1992/shp5349_20161231b.shp;C:/Users/owner/Dropbox/Wzone/tmp/tmp1992/shp5352_20161231b.shp;C:/Users/owner/Dropbox/Wzone/tmp/tmp1992/shp5405_20161231b.shp;C:/Users/owner/Dropbox/Wzone/tmp/tmp1992/shp5460_20161231b.shp;C:/Users/owner/Dropbox/Wzone/tmp/tmp1992/shp5512_20161231b.shp;C:/Users/owner/Dropbox/Wzone/tmp/tmp1992/shp5534_20161231b.shp;C:/Users/owner/Dropbox/Wzone/tmp/tmp1992/shp5536_20161231b.shp;C:/Users/owner/Dropbox/Wzone/tmp/tmp1992/shp5543_20161231b.shp;C:/Users/owner/Dropbox/Wzone/tmp/tmp1992/shp5583_20161231b.shp;C:/Users/owner/Dropbox/Wzone/tmp/tmp1992/shp5584_20161231b.shp;C:/Users/owner/Dropbox/Wzone/tmp/tmp1992/shp5589_20161231b.shp;C:/Users/owner/Dropbox/Wzone/tmp/tmp1992/shp5598_20161231b.shp;C:/Users/owner/Dropbox/Wzone/tmp/tmp1992/shp5649_20161231b.shp;C:/Users/owner/Dropbox/Wzone/tmp/tmp1992/shp10098_20161231b.shp;C:/Users/owner/Dropbox/Wzone/tmp/tmp1992/shp10264_20161231b.shp;C:/Users/owner/Dropbox/Wzone/tmp/tmp1992/shp10516_20161231b.shp;C:/Users/owner/Dropbox/Wzone/tmp/tmp1992/shp10589_20161231b.shp;C:/Users/owner/Dropbox/Wzone/tmp/tmp1992/shp10882_20161231b.shp;C:/Users/owner/Dropbox/Wzone/tmp/tmp1992/shp10985_20161231b.shp;C:/Users/owner/Dropbox/Wzone/tmp/tmp1992/shp11123_20161231b.shp;C:/Users/owner/Dropbox/Wzone/tmp/tmp1992/shp11377_20161231b.shp;C:/Users/owner/Dropbox/Wzone/tmp/tmp1992/shp11433_20161231b.shp;C:/Users/owner/Dropbox/Wzone/tmp/tmp1992/shp11663_20161231b.shp;C:/Users/owner/Dropbox/Wzone/tmp/tmp1992/shp11665_20161231b.shp;C:/Users/owner/Dropbox/Wzone/tmp/tmp1992/shp11801_20161231b.shp;C:/Users/owner/Dropbox/Wzone/tmp/tmp1992/shp11973_20161231b.shp;C:/Users/owner/Dropbox/Wzone/tmp/tmp1992/shp11975_20161231b.shp;C:/Users/owner/Dropbox/Wzone/tmp/tmp1992/shp11986_20161231b.shp;C:/Users/owner/Dropbox/Wzone/tmp/tmp1992/shp11988_20161231b.shp;C:/Users/owner/Dropbox/Wzone/tmp/tmp1992/shp12009_20161231b.shp;C:/Users/owner/Dropbox/Wzone/tmp/tmp1992/shp12132_20161231b.shp;C:/Users/owner/Dropbox/Wzone/tmp/tmp1992/shp12341_20161231b.shp;C:/Users/owner/Dropbox/Wzone/tmp/tmp1992/shp12379_20161231b.shp;C:/Users/owner/Dropbox/Wzone/tmp/tmp1992/shp12380_20161231b.shp;C:/Users/owner/Dropbox/Wzone/tmp/tmp1992/shp12382_20161231b.shp;C:/Users/owner/Dropbox/Wzone/tmp/tmp1992/shp12413_20161231b.shp;C:/Users/owner/Dropbox/Wzone/tmp/tmp1992/shp12414_20161231b.shp;C:/Users/owner/Dropbox/Wzone/tmp/tmp1992/shp12422_20161231b.shp;C:/Users/owner/Dropbox/Wzone/tmp/tmp1992/shp12556_20161231b.shp;C:/Users/owner/Dropbox/Wzone/tmp/tmp1992/shp12575_20161231b.shp;C:/Users/owner/Dropbox/Wzone/tmp/tmp1992/shp14036_20161231b.shp;C:/Users/owner/Dropbox/Wzone/tmp/tmp1992/shp14059_20161231b.shp;C:/Users/owner/Dropbox/Wzone/tmp/tmp1992/shp14092_20161231b.shp;C:/Users/owner/Dropbox/Wzone/tmp/tmp1992/shp14200_20161231b.shp;C:/Users/owner/Dropbox/Wzone/tmp/tmp1992/shp14273_20161231b.shp;C:/Users/owner/Dropbox/Wzone/tmp/tmp1992/shp14318_20161231b.shp;C:/Users/owner/Dropbox/Wzone/tmp/tmp1992/shp14319_20161231b.shp;C:/Users/owner/Dropbox/Wzone/tmp/tmp1992/shp14320_20161231b.shp;C:/Users/owner/Dropbox/Wzone/tmp/tmp1992/shp14329_20161231b.shp;C:/Users/owner/Dropbox/Wzone/tmp/tmp1992/shp14353_20161231b.shp;C:/Users/owner/Dropbox/Wzone/tmp/tmp1992/shp14593_20161231b.shp;C:/Users/owner/Dropbox/Wzone/tmp/tmp1992/shp14595_20161231b.shp;C:/Users/owner/Dropbox/Wzone/tmp/tmp1992/shp14596_20161231b.shp;C:/Users/owner/Dropbox/Wzone/tmp/tmp1992/shp14610_20161231b.shp;C:/Users/owner/Dropbox/Wzone/tmp/tmp1992/shp14611_20161231b.shp;C:/Users/owner/Dropbox/Wzone/tmp/tmp1992/shp14619_20161231b.shp;C:/Users/owner/Dropbox/Wzone/tmp/tmp1992/shp14620_20161231b.shp;C:/Users/owner/Dropbox/Wzone/tmp/tmp1992/shp14637_20161231b.shp;C:/Users/owner/Dropbox/Wzone/tmp/tmp1992/shp14666_20161231b.shp;C:/Users/owner/Dropbox/Wzone/tmp/tmp1992/shp14667_20161231b.shp;C:/Users/owner/Dropbox/Wzone/tmp/tmp1992/shp14668_20161231b.shp;C:/Users/owner/Dropbox/Wzone/tmp/tmp1992/shp14669_20161231b.shp;C:/Users/owner/Dropbox/Wzone/tmp/tmp1992/shp14671_20161231b.shp;C:/Users/owner/Dropbox/Wzone/tmp/tmp1992/shp14677_20161231b.shp;C:/Users/owner/Dropbox/Wzone/tmp/tmp1992/shp14685_20161231b.shp;C:/Users/owner/Dropbox/Wzone/tmp/tmp1992/shp14701_20161231b.shp;C:/Users/owner/Dropbox/Wzone/tmp/tmp1992/shp14710_20161231b.shp;C:/Users/owner/Dropbox/Wzone/tmp/tmp1992/shp14718_20161231b.shp;C:/Users/owner/Dropbox/Wzone/tmp/tmp1992/shp14730_20161231b.shp;C:/Users/owner/Dropbox/Wzone/tmp/tmp1992/shp14744_20161231b.shp;C:/Users/owner/Dropbox/Wzone/tmp/tmp1992/shp14745_20161231b.shp;C:/Users/owner/Dropbox/Wzone/tmp/tmp1992/shp14746_20161231b.shp;C:/Users/owner/Dropbox/Wzone/tmp/tmp1992/shp14750_20161231b.shp;C:/Users/owner/Dropbox/Wzone/tmp/tmp1992/shp14773_20161231b.shp;C:/Users/owner/Dropbox/Wzone/tmp/tmp1992/shp14784_20161231b.shp;C:/Users/owner/Dropbox/Wzone/tmp/tmp1992/shp14799_20161231b.shp;C:/Users/owner/Dropbox/Wzone/tmp/tmp1992/shp14842_20161231b.shp;C:/Users/owner/Dropbox/Wzone/tmp/tmp1992/shp14847_20161231b.shp;C:/Users/owner/Dropbox/Wzone/tmp/tmp1992/shp14876_20161231b.shp;C:/Users/owner/Dropbox/Wzone/tmp/tmp1992/shp14895_20161231b.shp;C:/Users/owner/Dropbox/Wzone/tmp/tmp1992/shp14924_20161231b.shp;C:/Users/owner/Dropbox/Wzone/tmp/tmp1992/shp14929_20161231b.shp;C:/Users/owner/Dropbox/Wzone/tmp/tmp1992/shp14973_20161231b.shp;C:/Users/owner/Dropbox/Wzone/tmp/tmp1992/shp15019_20161231b.shp;C:/Users/owner/Dropbox/Wzone/tmp/tmp1992/shp15069_20161231b.shp;C:/Users/owner/Dropbox/Wzone/tmp/tmp1992/shp15100_20161231b.shp;C:/Users/owner/Dropbox/Wzone/tmp/tmp1992/shp15123_20161231b.shp;C:/Users/owner/Dropbox/Wzone/tmp/tmp1992/shp15142_20161231b.shp;C:/Users/owner/Dropbox/Wzone/tmp/tmp1992/shp15211_20161231b.shp;C:/Users/owner/Dropbox/Wzone/tmp/tmp1992/shp15409_20161231b.shp;C:/Users/owner/Dropbox/Wzone/tmp/tmp1992/shp15473_20161231b.shp;C:/Users/owner/Dropbox/Wzone/tmp/tmp1992/shp15558_20161231b.shp;C:/Users/owner/Dropbox/Wzone/tmp/tmp1992/shp15751_20161231b.shp;C:/Users/owner/Dropbox/Wzone/tmp/tmp1992/shp15793_20161231b.shp;C:/Users/owner/Dropbox/Wzone/tmp/tmp1992/shp17152_20161231b.shp C:\Users\owner\Dropbox\Wzone\out\wzone_shp\2016\2016_12_31.shp "dyad_id "dyad_id" true true false 5 Long 0 5,First,#,C:/Users/owner/Dropbox/Wzone/tmp/tmp1992/shp406_20161231b.shp,dyad_id,-1,-1,C:/Users/owner/Dropbox/Wzone/tmp/tmp1992/shp411_20161231b.shp,dyad_id,-1,-1,C:/Users/owner/Dropbox/Wzone/tmp/tmp1992/shp422_20161231b.shp,dyad_id,-1,-1,C:/Users/owner/Dropbox/Wzone/tmp/tmp1992/shp428_20161231b.shp,dyad_id,-1,-1,C:/Users/owner/Dropbox/Wzone/tmp/tmp1992/shp453_20161231b.shp,dyad_id,-1,-1,C:/Users/owner/Dropbox/Wzone/tmp/tmp1992/shp459_20161231b.shp,dyad_id,-1,-1,C:/Users/owner/Dropbox/Wzone/tmp/tmp1992/shp461_20161231b.shp,dyad_id,-1,-1,C:/Users/owner/Dropbox/Wzone/tmp/tmp1992/shp474_20161231b.shp,dyad_id,-1,-1,C:/Users/owner/Dropbox/Wzone/tmp/tmp1992/shp476_20161231b.shp,dyad_id,-1,-1,C:/Users/owner/Dropbox/Wzone/tmp/tmp1992/shp477_20161231b.shp,dyad_id,-1,-1,C:/Users/owner/Dropbox/Wzone/tmp/tmp1992/shp478_20161231b.shp,dyad_id,-1,-1,C:/Users/owner/Dropbox/Wzone/tmp/tmp1992/shp508_20161231b.shp,dyad_id,-1,-1,C:/Users/owner/Dropbox/Wzone/tmp/tmp1992/shp624_20161231b.shp,dyad_id,-1,-1,C:/Users/owner/Dropbox/Wzone/tmp/tmp1992/shp628_20161231b.shp,dyad_id,-1,-1,C:/Users/owner/Dropbox/Wzone/tmp/tmp1992/shp640_20161231b.shp,dyad_id,-1,-1,C:/Users/owner/Dropbox/Wzone/tmp/tmp1992/shp657_20161231b.shp,dyad_id,-1,-1,C:/Users/owner/Dropbox/Wzone/tmp/tmp1992/shp658_20161231b.shp,dyad_id,-1,-1,C:/Users/owner/Dropbox/Wzone/tmp/tmp1992/shp708_20161231b.shp,dyad_id,-1,-1,C:/Users/owner/Dropbox/Wzone/tmp/tmp1992/shp709_20161231b.shp,dyad_id,-1,-1,C:/Users/owner/Dropbox/Wzone/tmp/tmp1992/shp721_20161231b.shp,dyad_id,-1,-1,C:/Users/owner/Dropbox/Wzone/tmp/tmp1992/shp722_20161231b.shp,dyad_id,-1,-1,C:/Users/owner/Dropbox/Wzone/tmp/tmp1992/shp735_20161231b.shp,dyad_id,-1,-1,C:/Users/owner/Dropbox/Wzone/tmp/tmp1992/shp750_20161231b.shp,dyad_id,-1,-1,C:/Users/owner/Dropbox/Wzone/tmp/tmp1992/shp754_20161231b.shp,dyad_id,-1,-1,C:/Users/owner/Dropbox/Wzone/tmp/tmp1992/shp781_20161231b.shp,dyad_id,-1,-1,C:/Users/owner/Dropbox/Wzone/tmp/tmp1992/shp792_20161231b.shp,dyad_id,-1,-1,C:/Users/owner/Dropbox/Wzone/tmp/tmp1992/shp830_20161231b.shp,dyad_id,-1,-1,C:/Users/owner/Dropbox/Wzone/tmp/tmp1992/shp833_20161231b.shp,dyad_id,-1,-1,C:/Users/owner/Dropbox/Wzone/tmp/tmp1992/shp857_20161231b.shp,dyad_id,-1,-1,C:/Users/owner/Dropbox/Wzone/tmp/tmp1992/shp869_20161231b.shp,dyad_id,-1,-1,C:/Users/owner/Dropbox/Wzone/tmp/tmp1992/shp878_20161231b.shp,dyad_id,-1,-1,C:/Users/owner/Dropbox/Wzone/tmp/tmp1992/shp906_20161231b.shp,dyad_id,-1,-1,C:/Users/owner/Dropbox/Wzone/tmp/tmp1992/shp913_20161231b.shp,dyad_id,-1,-1,C:/Users/owner/Dropbox/Wzone/tmp/tmp1992/shp914_20161231b.shp,dyad_id,-1,-1,C:/Users/owner/Dropbox/Wzone/tmp/tmp1992/shp921_20161231b.shp,dyad_id,-1,-1,C:/Users/owner/Dropbox/Wzone/tmp/tmp1992/shp929_20161231b.shp,dyad_id,-1,-1,C:/Users/owner/Dropbox/Wzone/tmp/tmp1992/shp930_20161231b.shp,dyad_id,-1,-1,C:/Users/owner/Dropbox/Wzone/tmp/tmp1992/shp931_20161231b.shp,dyad_id,-1,-1,C:/Users/owner/Dropbox/Wzone/tmp/tmp1992/shp934_20161231b.shp,dyad_id,-1,-1,C:/Users/owner/Dropbox/Wzone/tmp/tmp1992/shp936_20161231b.shp,dyad_id,-1,-1,C:/Users/owner/Dropbox/Wzone/tmp/tmp1992/shp941_20161231b.shp,dyad_id,-1,-1,C:/Users/owner/Dropbox/Wzone/tmp/tmp1992/shp942_20161231b.shp,dyad_id,-1,-1,C:/Users/owner/Dropbox/Wzone/tmp/tmp1992/shp944_20161231b.shp,dyad_id,-1,-1,C:/Users/owner/Dropbox/Wzone/tmp/tmp1992/shp947_20161231b.shp,dyad_id,-1,-1,C:/Users/owner/Dropbox/Wzone/tmp/tmp1992/shp948_20161231b.shp,dyad_id,-1,-1,C:/Users/owner/Dropbox/Wzone/tmp/tmp1992/shp950_20161231b.shp,dyad_id,-1,-1,C:/Users/owner/Dropbox/Wzone/tmp/tmp1992/shp951_20161231b.shp,dyad_id,-1,-1,C:/Users/owner/Dropbox/Wzone/tmp/tmp1992/shp955_20161231b.shp,dyad_id,-1,-1,C:/Users/owner/Dropbox/Wzone/tmp/tmp1992/shp962_20161231b.shp,dyad_id,-1,-1,C:/Users/owner/Dropbox/Wzone/tmp/tmp1992/shp966_20161231b.shp,dyad_id,-1,-1,C:/Users/owner/Dropbox/Wzone/tmp/tmp1992/shp973_20161231b.shp,dyad_id,-1,-1,C:/Users/owner/Dropbox/Wzone/tmp/tmp1992/shp981_20161231b.shp,dyad_id,-1,-1,C:/Users/owner/Dropbox/Wzone/tmp/tmp1992/shp988_20161231b.shp,dyad_id,-1,-1,C:/Users/owner/Dropbox/Wzone/tmp/tmp1992/shp989_20161231b.shp,dyad_id,-1,-1,C:/Users/owner/Dropbox/Wzone/tmp/tmp1992/shp997_20161231b.shp,dyad_id,-1,-1,C:/Users/owner/Dropbox/Wzone/tmp/tmp1992/shp1007_20161231b.shp,dyad_id,-1,-1,C:/Users/owner/Dropbox/Wzone/tmp/tmp1992/shp1023_20161231b.shp,dyad_id,-1,-1,C:/Users/owner/Dropbox/Wzone/tmp/tmp1992/shp1036_20161231b.shp,dyad_id,-1,-1,C:/Users/owner/Dropbox/Wzone/tmp/tmp1992/shp1040_20161231b.shp,dyad_id,-1,-1,C:/Users/owner/Dropbox/Wzone/tmp/tmp1992/shp1071_20161231b.shp,dyad_id,-1,-1,C:/Users/owner/Dropbox/Wzone/tmp/tmp1992/shp1073_20161231b.shp,dyad_id,-1,-1,C:/Users/owner/Dropbox/Wzone/tmp/tmp1992/shp1096_20161231b.shp,dyad_id,-1,-1,C:/Users/owner/Dropbox/Wzone/tmp/tmp1992/shp1108_20161231b.shp,dyad_id,-1,-1,C:/Users/owner/Dropbox/Wzone/tmp/tmp1992/shp1167_20161231b.shp,dyad_id,-1,-1,C:/Users/owner/Dropbox/Wzone/tmp/tmp1992/shp1175_20161231b.shp,dyad_id,-1,-1,C:/Users/owner/Dropbox/Wzone/tmp/tmp1992/shp1176_20161231b.shp,dyad_id,-1,-1,C:/Users/owner/Dropbox/Wzone/tmp/tmp1992/shp1182_20161231b.shp,dyad_id,-1,-1,C:/Users/owner/Dropbox/Wzone/tmp/tmp1992/shp1204_20161231b.shp,dyad_id,-1,-1,C:/Users/owner/Dropbox/Wzone/tmp/tmp1992/shp1702_20161231b.shp,dyad_id,-1,-1,C:/Users/owner/Dropbox/Wzone/tmp/tmp1992/shp1704_20161231b.shp,dyad_id,-1,-1,C:/Users/owner/Dropbox/Wzone/tmp/tmp1992/shp2332_20161231b.shp,dyad_id,-1,-1,C:/Users/owner/Dropbox/Wzone/tmp/tmp1992/shp2425_20161231b.shp,dyad_id,-1,-1,C:/Users/owner/Dropbox/Wzone/tmp/tmp1992/shp2461_20161231b.shp,dyad_id,-1,-1,C:/Users/owner/Dropbox/Wzone/tmp/tmp1992/shp2472_20161231b.shp,dyad_id,-1,-1,C:/Users/owner/Dropbox/Wzone/tmp/tmp1992/shp5201_20161231b.shp,dyad_id,-1,-1,C:/Users/owner/Dropbox/Wzone/tmp/tmp1992/shp5247_20161231b.shp,dyad_id,-1,-1,C:/Users/owner/Dropbox/Wzone/tmp/tmp1992/shp5262_20161231b.shp,dyad_id,-1,-1,C:/Users/owner/Dropbox/Wzone/tmp/tmp1992/shp5270_20161231b.shp,dyad_id,-1,-1,C:/Users/owner/Dropbox/Wzone/tmp/tmp1992/shp5276_20161231b.shp,dyad_id,-1,-1,C:/Users/owner/Dropbox/Wzone/tmp/tmp1992/shp5293_20161231b.shp,dyad_id,-1,-1,C:/Users/owner/Dropbox/Wzone/tmp/tmp1992/shp5313_20161231b.shp,dyad_id,-1,-1,C:/Users/owner/Dropbox/Wzone/tmp/tmp1992/shp5314_20161231b.shp,dyad_id,-1,-1,C:/Users/owner/Dropbox/Wzone/tmp/tmp1992/shp5349_20161231b.shp,dyad_id,-1,-1,C:/Users/owner/Dropbox/Wzone/tmp/tmp1992/shp5352_20161231b.shp,dyad_id,-1,-1,C:/Users/owner/Dropbox/Wzone/tmp/tmp1992/shp5405_20161231b.shp,dyad_id,-1,-1,C:/Users/owner/Dropbox/Wzone/tmp/tmp1992/shp5460_20161231b.shp,dyad_id,-1,-1,C:/Users/owner/Dropbox/Wzone/tmp/tmp1992/shp5512_20161231b.shp,dyad_id,-1,-1,C:/Users/owner/Dropbox/Wzone/tmp/tmp1992/shp5534_20161231b.shp,dyad_id,-1,-1,C:/Users/owner/Dropbox/Wzone/tmp/tmp1992/shp5536_20161231b.shp,dyad_id,-1,-1,C:/Users/owner/Dropbox/Wzone/tmp/tmp1992/shp5543_20161231b.shp,dyad_id,-1,-1,C:/Users/owner/Dropbox/Wzone/tmp/tmp1992/shp5583_20161231b.shp,dyad_id,-1,-1,C:/Users/owner/Dropbox/Wzone/tmp/tmp1992/shp5584_20161231b.shp,dyad_id,-1,-1,C:/Users/owner/Dropbox/Wzone/tmp/tmp1992/shp5589_20161231b.shp,dyad_id,-1,-1,C:/Users/owner/Dropbox/Wzone/tmp/tmp1992/shp5598_20161231b.shp,dyad_id,-1,-1,C:/Users/owner/Dropbox/Wzone/tmp/tmp1992/shp5649_20161231b.shp,dyad_id,-1,-1,C:/Users/owner/Dropbox/Wzone/tmp/tmp1992/shp10098_20161231b.shp,dyad_id,-1,-1,C:/Users/owner/Dropbox/Wzone/tmp/tmp1992/shp10264_20161231b.shp,dyad_id,-1,-1,C:/Users/owner/Dropbox/Wzone/tmp/tmp1992/shp10516_20161231b.shp,dyad_id,-1,-1,C:/Users/owner/Dropbox/Wzone/tmp/tmp1992/shp10589_20161231b.shp,dyad_id,-1,-1,C:/Users/owner/Dropbox/Wzone/tmp/tmp1992/shp10882_20161231b.shp,dyad_id,-1,-1,C:/Users/owner/Dropbox/Wzone/tmp/tmp1992/shp10985_20161231b.shp,dyad_id,-1,-1,C:/Users/owner/Dropbox/Wzone/tmp/tmp1992/shp11123_20161231b.shp,dyad_id,-1,-1,C:/Users/owner/Dropbox/Wzone/tmp/tmp1992/shp11377_20161231b.shp,dyad_id,-1,-1,C:/Users/owner/Dropbox/Wzone/tmp/tmp1992/shp11433_20161231b.shp,dyad_id,-1,-1,C:/Users/owner/Dropbox/Wzone/tmp/tmp1992/shp11663_20161231b.shp,dyad_id,-1,-1,C:/Users/owner/Dropbox/Wzone/tmp/tmp1992/shp11665_20161231b.shp,dyad_id,-1,-1,C:/Users/owner/Dropbox/Wzone/tmp/tmp1992/shp11801_20161231b.shp,dyad_id,-1,-1,C:/Users/owner/Dropbox/Wzone/tmp/tmp1992/shp11973_20161231b.shp,dyad_id,-1,-1,C:/Users/owner/Dropbox/Wzone/tmp/tmp1992/shp11975_20161231b.shp,dyad_id,-1,-1,C:/Users/owner/Dropbox/Wzone/tmp/tmp1992/shp11986_20161231b.shp,dyad_id,-1,-1,C:/Users/owner/Dropbox/Wzone/tmp/tmp1992/shp11988_20161231b.shp,dyad_id,-1,-1,C:/Users/owner/Dropbox/Wzone/tmp/tmp1992/shp12009_20161231b.shp,dyad_id,-1,-1,C:/Users/owner/Dropbox/Wzone/tmp/tmp1992/shp12132_20161231b.shp,dyad_id,-1,-1,C:/Users/owner/Dropbox/Wzone/tmp/tmp1992/shp12341_20161231b.shp,dyad_id,-1,-1,C:/Users/owner/Dropbox/Wzone/tmp/tmp1992/shp12379_20161231b.shp,dyad_id,-1,-1,C:/Users/owner/Dropbox/Wzone/tmp/tmp1992/shp12380_20161231b.shp,dyad_id,-1,-1,C:/Users/owner/Dropbox/Wzone/tmp/tmp1992/shp12382_20161231b.shp,dyad_id,-1,-1,C:/Users/owner/Dropbox/Wzone/tmp/tmp1992/shp12413_20161231b.shp,dyad_id,-1,-1,C:/Users/owner/Dropbox/Wzone/tmp/tmp1992/shp12414_20161231b.shp,dyad_id,-1,-1,C:/Users/owner/Dropbox/Wzone/tmp/tmp1992/shp12422_20161231b.shp,dyad_id,-1,-1,C:/Users/owner/Dropbox/Wzone/tmp/tmp1992/shp12556_20161231b.shp,dyad_id,-1,-1,C:/Users/owner/Dropbox/Wzone/tmp/tmp1992/shp12575_20161231b.shp,dyad_id,-1,-1,C:/Users/owner/Dropbox/Wzone/tmp/tmp1992/shp14036_20161231b.shp,dyad_id,-1,-1,C:/Users/owner/Dropbox/Wzone/tmp/tmp1992/shp14059_20161231b.shp,dyad_id,-1,-1,C:/Users/owner/Dropbox/Wzone/tmp/tmp1992/shp14092_20161231b.shp,dyad_id,-1,-1,C:/Users/owner/Dropbox/Wzone/tmp/tmp1992/shp14200_20161231b.shp,dyad_id,-1,-1,C:/Users/owner/Dropbox/Wzone/tmp/tmp1992/shp14273_20161231b.shp,dyad_id,-1,-1,C:/Users/owner/Dropbox/Wzone/tmp/tmp1992/shp14318_20161231b.shp,dyad_id,-1,-1,C:/Users/owner/Dropbox/Wzone/tmp/tmp1992/shp14319_20161231b.shp,dyad_id,-1,-1,C:/Users/owner/Dropbox/Wzone/tmp/tmp1992/shp14320_20161231b.shp,dyad_id,-1,-1,C:/Users/owner/Dropbox/Wzone/tmp/tmp1992/shp14329_20161231b.shp,dyad_id,-1,-1,C:/Users/owner/Dropbox/Wzone/tmp/tmp1992/shp14353_20161231b.shp,dyad_id,-1,-1,C:/Users/owner/Dropbox/Wzone/tmp/tmp1992/shp14593_20161231b.shp,dyad_id,-1,-1,C:/Users/owner/Dropbox/Wzone/tmp/tmp1992/shp14595_20161231b.shp,dyad_id,-1,-1,C:/Users/owner/Dropbox/Wzone/tmp/tmp1992/shp14596_20161231b.shp,dyad_id,-1,-1,C:/Users/owner/Dropbox/Wzone/tmp/tmp1992/shp14610_20161231b.shp,dyad_id,-1,-1,C:/Users/owner/Dropbox/Wzone/tmp/tmp1992/shp14611_20161231b.shp,dyad_id,-1,-1,C:/Users/owner/Dropbox/Wzone/tmp/tmp1992/shp14619_20161231b.shp,dyad_id,-1,-1,C:/Users/owner/Dropbox/Wzone/tmp/tmp1992/shp14620_20161231b.shp,dyad_id,-1,-1,C:/Users/owner/Dropbox/Wzone/tmp/tmp1992/shp14637_20161231b.shp,dyad_id,-1,-1,C:/Users/owner/Dropbox/Wzone/tmp/tmp1992/shp14666_20161231b.shp,dyad_id,-1,-1,C:/Users/owner/Dropbox/Wzone/tmp/tmp1992/shp14667_20161231b.shp,dyad_id,-1,-1,C:/Users/owner/Dropbox/Wzone/tmp/tmp1992/shp14668_20161231b.shp,dyad_id,-1,-1,C:/Users/owner/Dropbox/Wzone/tmp/tmp1992/shp14669_20161231b.shp,dyad_id,-1,-1,C:/Users/owner/Dropbox/Wzone/tmp/tmp1992/shp14671_20161231b.shp,dyad_id,-1,-1,C:/Users/owner/Dropbox/Wzone/tmp/tmp1992/shp14677_20161231b.shp,dyad_id,-1,-1,C:/Users/owner/Dropbox/Wzone/tmp/tmp1992/shp14685_20161231b.shp,dyad_id,-1,-1,C:/Users/owner/Dropbox/Wzone/tmp/tmp1992/shp14701_20161231b.shp,dyad_id,-1,-1,C:/Users/owner/Dropbox/Wzone/tmp/tmp1992/shp14710_20161231b.shp,dyad_id,-1,-1,C:/Users/owner/Dropbox/Wzone/tmp/tmp1992/shp14718_20161231b.shp,dyad_id,-1,-1,C:/Users/owner/Dropbox/Wzone/tmp/tmp1992/shp14730_20161231b.shp,dyad_id,-1,-1,C:/Users/owner/Dropbox/Wzone/tmp/tmp1992/shp14744_20161231b.shp,dyad_id,-1,-1,C:/Users/owner/Dropbox/Wzone/tmp/tmp1992/shp14745_20161231b.shp,dyad_id,-1,-1,C:/Users/owner/Dropbox/Wzone/tmp/tmp1992/shp14746_20161231b.shp,dyad_id,-1,-1,C:/Users/owner/Dropbox/Wzone/tmp/tmp1992/shp14750_20161231b.shp,dyad_id,-1,-1,C:/Users/owner/Dropbox/Wzone/tmp/tmp1992/shp14773_20161231b.shp,dyad_id,-1,-1,C:/Users/owner/Dropbox/Wzone/tmp/tmp1992/shp14784_20161231b.shp,dyad_id,-1,-1,C:/Users/owner/Dropbox/Wzone/tmp/tmp1992/shp14799_20161231b.shp,dyad_id,-1,-1,C:/Users/owner/Dropbox/Wzone/tmp/tmp1992/shp14842_20161231b.shp,dyad_id,-1,-1,C:/Users/owner/Dropbox/Wzone/tmp/tmp1992/shp14847_20161231b.shp,dyad_id,-1,-1,C:/Users/owner/Dropbox/Wzone/tmp/tmp1992/shp14876_20161231b.shp,dyad_id,-1,-1,C:/Users/owner/Dropbox/Wzone/tmp/tmp1992/shp14895_20161231b.shp,dyad_id,-1,-1,C:/Users/owner/Dropbox/Wzone/tmp/tmp1992/shp14924_20161231b.shp,dyad_id,-1,-1,C:/Users/owner/Dropbox/Wzone/tmp/tmp1992/shp14929_20161231b.shp,dyad_id,-1,-1,C:/Users/owner/Dropbox/Wzone/tmp/tmp1992/shp14973_20161231b.shp,dyad_id,-1,-1,C:/Users/owner/Dropbox/Wzone/tmp/tmp1992/shp15019_20161231b.shp,dyad_id,-1,-1,C:/Users/owner/Dropbox/Wzone/tmp/tmp1992/shp15069_20161231b.shp,dyad_id,-1,-1,C:/Users/owner/Dropbox/Wzone/tmp/tmp1992/shp15100_20161231b.shp,dyad_id,-1,-1,C:/Users/owner/Dropbox/Wzone/tmp/tmp1992/shp15123_20161231b.shp,dyad_id,-1,-1,C:/Users/owner/Dropbox/Wzone/tmp/tmp1992/shp15142_20161231b.shp,dyad_id,-1,-1,C:/Users/owner/Dropbox/Wzone/tmp/tmp1992/shp15211_20161231b.shp,dyad_id,-1,-1,C:/Users/owner/Dropbox/Wzone/tmp/tmp1992/shp15409_20161231b.shp,dyad_id,-1,-1,C:/Users/owner/Dropbox/Wzone/tmp/tmp1992/shp15473_20161231b.shp,dyad_id,-1,-1,C:/Users/owner/Dropbox/Wzone/tmp/tmp1992/shp15558_20161231b.shp,dyad_id,-1,-1,C:/Users/owner/Dropbox/Wzone/tmp/tmp1992/shp15751_20161231b.shp,dyad_id,-1,-1,C:/Users/owner/Dropbox/Wzone/tmp/tmp1992/shp15793_20161231b.shp,dyad_id,-1,-1,C:/Users/owner/Dropbox/Wzone/tmp/tmp1992/shp17152_20161231b.shp,dyad_id,-1,-1;conf_id "conf_id" true true false 5 Long 0 5,First,#,C:/Users/owner/Dropbox/Wzone/tmp/tmp1992/shp406_20161231b.shp,conf_id,-1,-1,C:/Users/owner/Dropbox/Wzone/tmp/tmp1992/shp411_20161231b.shp,conf_id,-1,-1,C:/Users/owner/Dropbox/Wzone/tmp/tmp1992/shp422_20161231b.shp,conf_id,-1,-1,C:/Users/owner/Dropbox/Wzone/tmp/tmp1992/shp428_20161231b.shp,conf_id,-1,-1,C:/Users/owner/Dropbox/Wzone/tmp/tmp1992/shp453_20161231b.shp,conf_id,-1,-1,C:/Users/owner/Dropbox/Wzone/tmp/tmp1992/shp459_20161231b.shp,conf_id,-1,-1,C:/Users/owner/Dropbox/Wzone/tmp/tmp1992/shp461_20161231b.shp,conf_id,-1,-1,C:/Users/owner/Dropbox/Wzone/tmp/tmp1992/shp474_20161231b.shp,conf_id,-1,-1,C:/Users/owner/Dropbox/Wzone/tmp/tmp1992/shp476_20161231b.shp,conf_id,-1,-1,C:/Users/owner/Dropbox/Wzone/tmp/tmp1992/shp477_20161231b.shp,conf_id,-1,-1,C:/Users/owner/Dropbox/Wzone/tmp/tmp1992/shp478_20161231b.shp,conf_id,-1,-1,C:/Users/owner/Dropbox/Wzone/tmp/tmp1992/shp508_20161231b.shp,conf_id,-1,-1,C:/Users/owner/Dropbox/Wzone/tmp/tmp1992/shp624_20161231b.shp,conf_id,-1,-1,C:/Users/owner/Dropbox/Wzone/tmp/tmp1992/shp628_20161231b.shp,conf_id,-1,-1,C:/Users/owner/Dropbox/Wzone/tmp/tmp1992/shp640_20161231b.shp,conf_id,-1,-1,C:/Users/owner/Dropbox/Wzone/tmp/tmp1992/shp657_20161231b.shp,conf_id,-1,-1,C:/Users/owner/Dropbox/Wzone/tmp/tmp1992/shp658_20161231b.shp,conf_id,-1,-1,C:/Users/owner/Dropbox/Wzone/tmp/tmp1992/shp708_20161231b.shp,conf_id,-1,-1,C:/Users/owner/Dropbox/Wzone/tmp/tmp1992/shp709_20161231b.shp,conf_id,-1,-1,C:/Users/owner/Dropbox/Wzone/tmp/tmp1992/shp721_20161231b.shp,conf_id,-1,-1,C:/Users/owner/Dropbox/Wzone/tmp/tmp1992/shp722_20161231b.shp,conf_id,-1,-1,C:/Users/owner/Dropbox/Wzone/tmp/tmp1992/shp735_20161231b.shp,conf_id,-1,-1,C:/Users/owner/Dropbox/Wzone/tmp/tmp1992/shp750_20161231b.shp,conf_id,-1,-1,C:/Users/owner/Dropbox/Wzone/tmp/tmp1992/shp754_20161231b.shp,conf_id,-1,-1,C:/Users/owner/Dropbox/Wzone/tmp/tmp1992/shp781_20161231b.shp,conf_id,-1,-1,C:/Users/owner/Dropbox/Wzone/tmp/tmp1992/shp792_20161231b.shp,conf_id,-1,-1,C:/Users/owner/Dropbox/Wzone/tmp/tmp1992/shp830_20161231b.shp,conf_id,-1,-1,C:/Users/owner/Dropbox/Wzone/tmp/tmp1992/shp833_20161231b.shp,conf_id,-1,-1,C:/Users/owner/Dropbox/Wzone/tmp/tmp1992/shp857_20161231b.shp,conf_id,-1,-1,C:/Users/owner/Dropbox/Wzone/tmp/tmp1992/shp869_20161231b.shp,conf_id,-1,-1,C:/Users/owner/Dropbox/Wzone/tmp/tmp1992/shp878_20161231b.shp,conf_id,-1,-1,C:/Users/owner/Dropbox/Wzone/tmp/tmp1992/shp906_20161231b.shp,conf_id,-1,-1,C:/Users/owner/Dropbox/Wzone/tmp/tmp1992/shp913_20161231b.shp,conf_id,-1,-1,C:/Users/owner/Dropbox/Wzone/tmp/tmp1992/shp914_20161231b.shp,conf_id,-1,-1,C:/Users/owner/Dropbox/Wzone/tmp/tmp1992/shp921_20161231b.shp,conf_id,-1,-1,C:/Users/owner/Dropbox/Wzone/tmp/tmp1992/shp929_20161231b.shp,conf_id,-1,-1,C:/Users/owner/Dropbox/Wzone/tmp/tmp1992/shp930_20161231b.shp,conf_id,-1,-1,C:/Users/owner/Dropbox/Wzone/tmp/tmp1992/shp931_20161231b.shp,conf_id,-1,-1,C:/Users/owner/Dropbox/Wzone/tmp/tmp1992/shp934_20161231b.shp,conf_id,-1,-1,C:/Users/owner/Dropbox/Wzone/tmp/tmp1992/shp936_20161231b.shp,conf_id,-1,-1,C:/Users/owner/Dropbox/Wzone/tmp/tmp1992/shp941_20161231b.shp,conf_id,-1,-1,C:/Users/owner/Dropbox/Wzone/tmp/tmp1992/shp942_20161231b.shp,conf_id,-1,-1,C:/Users/owner/Dropbox/Wzone/tmp/tmp1992/shp944_20161231b.shp,conf_id,-1,-1,C:/Users/owner/Dropbox/Wzone/tmp/tmp1992/shp947_20161231b.shp,conf_id,-1,-1,C:/Users/owner/Dropbox/Wzone/tmp/tmp1992/shp948_20161231b.shp,conf_id,-1,-1,C:/Users/owner/Dropbox/Wzone/tmp/tmp1992/shp950_20161231b.shp,conf_id,-1,-1,C:/Users/owner/Dropbox/Wzone/tmp/tmp1992/shp951_20161231b.shp,conf_id,-1,-1,C:/Users/owner/Dropbox/Wzone/tmp/tmp1992/shp955_20161231b.shp,conf_id,-1,-1,C:/Users/owner/Dropbox/Wzone/tmp/tmp1992/shp962_20161231b.shp,conf_id,-1,-1,C:/Users/owner/Dropbox/Wzone/tmp/tmp1992/shp966_20161231b.shp,conf_id,-1,-1,C:/Users/owner/Dropbox/Wzone/tmp/tmp1992/shp973_20161231b.shp,conf_id,-1,-1,C:/Users/owner/Dropbox/Wzone/tmp/tmp1992/shp981_20161231b.shp,conf_id,-1,-1,C:/Users/owner/Dropbox/Wzone/tmp/tmp1992/shp988_20161231b.shp,conf_id,-1,-1,C:/Users/owner/Dropbox/Wzone/tmp/tmp1992/shp989_20161231b.shp,conf_id,-1,-1,C:/Users/owner/Dropbox/Wzone/tmp/tmp1992/shp997_20161231b.shp,conf_id,-1,-1,C:/Users/owner/Dropbox/Wzone/tmp/tmp1992/shp1007_20161231b.shp,conf_id,-1,-1,C:/Users/owner/Dropbox/Wzone/tmp/tmp1992/shp1023_20161231b.shp,conf_id,-1,-1,C:/Users/owner/Dropbox/Wzone/tmp/tmp1992/shp1036_20161231b.shp,conf_id,-1,-1,C:/Users/owner/Dropbox/Wzone/tmp/tmp1992/shp1040_20161231b.shp,conf_id,-1,-1,C:/Users/owner/Dropbox/Wzone/tmp/tmp1992/shp1071_20161231b.shp,conf_id,-1,-1,C:/Users/owner/Dropbox/Wzone/tmp/tmp1992/shp1073_20161231b.shp,conf_id,-1,-1,C:/Users/owner/Dropbox/Wzone/tmp/tmp1992/shp1096_20161231b.shp,conf_id,-1,-1,C:/Users/owner/Dropbox/Wzone/tmp/tmp1992/shp1108_20161231b.shp,conf_id,-1,-1,C:/Users/owner/Dropbox/Wzone/tmp/tmp1992/shp1167_20161231b.shp,conf_id,-1,-1,C:/Users/owner/Dropbox/Wzone/tmp/tmp1992/shp1175_20161231b.shp,conf_id,-1,-1,C:/Users/owner/Dropbox/Wzone/tmp/tmp1992/shp1176_20161231b.shp,conf_id,-1,-1,C:/Users/owner/Dropbox/Wzone/tmp/tmp1992/shp1182_20161231b.shp,conf_id,-1,-1,C:/Users/owner/Dropbox/Wzone/tmp/tmp1992/shp1204_20161231b.shp,conf_id,-1,-1,C:/Users/owner/Dropbox/Wzone/tmp/tmp1992/shp1702_20161231b.shp,conf_id,-1,-1,C:/Users/owner/Dropbox/Wzone/tmp/tmp1992/shp1704_20161231b.shp,conf_id,-1,-1,C:/Users/owner/Dropbox/Wzone/tmp/tmp1992/shp2332_20161231b.shp,conf_id,-1,-1,C:/Users/owner/Dropbox/Wzone/tmp/tmp1992/shp2425_20161231b.shp,conf_id,-1,-1,C:/Users/owner/Dropbox/Wzone/tmp/tmp1992/shp2461_20161231b.shp,conf_id,-1,-1,C:/Users/owner/Dropbox/Wzone/tmp/tmp1992/shp2472_20161231b.shp,conf_id,-1,-1,C:/Users/owner/Dropbox/Wzone/tmp/tmp1992/shp5201_20161231b.shp,conf_id,-1,-1,C:/Users/owner/Dropbox/Wzone/tmp/tmp1992/shp5247_20161231b.shp,conf_id,-1,-1,C:/Users/owner/Dropbox/Wzone/tmp/tmp1992/shp5262_20161231b.shp,conf_id,-1,-1,C:/Users/owner/Dropbox/Wzone/tmp/tmp1992/shp5270_20161231b.shp,conf_id,-1,-1,C:/Users/owner/Dropbox/Wzone/tmp/tmp1992/shp5276_20161231b.shp,conf_id,-1,-1,C:/Users/owner/Dropbox/Wzone/tmp/tmp1992/shp5293_20161231b.shp,conf_id,-1,-1,C:/Users/owner/Dropbox/Wzone/tmp/tmp1992/shp5313_20161231b.shp,conf_id,-1,-1,C:/Users/owner/Dropbox/Wzone/tmp/tmp1992/shp5314_20161231b.shp,conf_id,-1,-1,C:/Users/owner/Dropbox/Wzone/tmp/tmp1992/shp5349_20161231b.shp,conf_id,-1,-1,C:/Users/owner/Dropbox/Wzone/tmp/tmp1992/shp5352_20161231b.shp,conf_id,-1,-1,C:/Users/owner/Dropbox/Wzone/tmp/tmp1992/shp5405_20161231b.shp,conf_id,-1,-1,C:/Users/owner/Dropbox/Wzone/tmp/tmp1992/shp5460_20161231b.shp,conf_id,-1,-1,C:/Users/owner/Dropbox/Wzone/tmp/tmp1992/shp5512_20161231b.shp,conf_id,-1,-1,C:/Users/owner/Dropbox/Wzone/tmp/tmp1992/shp5534_20161231b.shp,conf_id,-1,-1,C:/Users/owner/Dropbox/Wzone/tmp/tmp1992/shp5536_20161231b.shp,conf_id,-1,-1,C:/Users/owner/Dropbox/Wzone/tmp/tmp1992/shp5543_20161231b.shp,conf_id,-1,-1,C:/Users/owner/Dropbox/Wzone/tmp/tmp1992/shp5583_20161231b.shp,conf_id,-1,-1,C:/Users/owner/Dropbox/Wzone/tmp/tmp1992/shp5584_20161231b.shp,conf_id,-1,-1,C:/Users/owner/Dropbox/Wzone/tmp/tmp1992/shp5589_20161231b.shp,conf_id,-1,-1,C:/Users/owner/Dropbox/Wzone/tmp/tmp1992/shp5598_20161231b.shp,conf_id,-1,-1,C:/Users/owner/Dropbox/Wzone/tmp/tmp1992/shp5649_20161231b.shp,conf_id,-1,-1,C:/Users/owner/Dropbox/Wzone/tmp/tmp1992/shp10098_20161231b.shp,conf_id,-1,-1,C:/Users/owner/Dropbox/Wzone/tmp/tmp1992/shp10264_20161231b.shp,conf_id,-1,-1,C:/Users/owner/Dropbox/Wzone/tmp/tmp1992/shp10516_20161231b.shp,conf_id,-1,-1,C:/Users/owner/Dropbox/Wzone/tmp/tmp1992/shp10589_20161231b.shp,conf_id,-1,-1,C:/Users/owner/Dropbox/Wzone/tmp/tmp1992/shp10882_20161231b.shp,conf_id,-1,-1,C:/Users/owner/Dropbox/Wzone/tmp/tmp1992/shp10985_20161231b.shp,conf_id,-1,-1,C:/Users/owner/Dropbox/Wzone/tmp/tmp1992/shp11123_20161231b.shp,conf_id,-1,-1,C:/Users/owner/Dropbox/Wzone/tmp/tmp1992/shp11377_20161231b.shp,conf_id,-1,-1,C:/Users/owner/Dropbox/Wzone/tmp/tmp1992/shp11433_20161231b.shp,conf_id,-1,-1,C:/Users/owner/Dropbox/Wzone/tmp/tmp1992/shp11663_20161231b.shp,conf_id,-1,-1,C:/Users/owner/Dropbox/Wzone/tmp/tmp1992/shp11665_20161231b.shp,conf_id,-1,-1,C:/Users/owner/Dropbox/Wzone/tmp/tmp1992/shp11801_20161231b.shp,conf_id,-1,-1,C:/Users/owner/Dropbox/Wzone/tmp/tmp1992/shp11973_20161231b.shp,conf_id,-1,-1,C:/Users/owner/Dropbox/Wzone/tmp/tmp1992/shp11975_20161231b.shp,conf_id,-1,-1,C:/Users/owner/Dropbox/Wzone/tmp/tmp1992/shp11986_20161231b.shp,conf_id,-1,-1,C:/Users/owner/Dropbox/Wzone/tmp/tmp1992/shp11988_20161231b.shp,conf_id,-1,-1,C:/Users/owner/Dropbox/Wzone/tmp/tmp1992/shp12009_20161231b.shp,conf_id,-1,-1,C:/Users/owner/Dropbox/Wzone/tmp/tmp1992/shp12132_20161231b.shp,conf_id,-1,-1,C:/Users/owner/Dropbox/Wzone/tmp/tmp1992/shp12341_20161231b.shp,conf_id,-1,-1,C:/Users/owner/Dropbox/Wzone/tmp/tmp1992/shp12379_20161231b.shp,conf_id,-1,-1,C:/Users/owner/Dropbox/Wzone/tmp/tmp1992/shp12380_20161231b.shp,conf_id,-1,-1,C:/Users/owner/Dropbox/Wzone/tmp/tmp1992/shp12382_20161231b.shp,conf_id,-1,-1,C:/Users/owner/Dropbox/Wzone/tmp/tmp1992/shp12413_20161231b.shp,conf_id,-1,-1,C:/Users/owner/Dropbox/Wzone/tmp/tmp1992/shp12414_20161231b.shp,conf_id,-1,-1,C:/Users/owner/Dropbox/Wzone/tmp/tmp1992/shp12422_20161231b.shp,conf_id,-1,-1,C:/Users/owner/Dropbox/Wzone/tmp/tmp1992/shp12556_20161231b.shp,conf_id,-1,-1,C:/Users/owner/Dropbox/Wzone/tmp/tmp1992/shp12575_20161231b.shp,conf_id,-1,-1,C:/Users/owner/Dropbox/Wzone/tmp/tmp1992/shp14036_20161231b.shp,conf_id,-1,-1,C:/Users/owner/Dropbox/Wzone/tmp/tmp1992/shp14059_20161231b.shp,conf_id,-1,-1,C:/Users/owner/Dropbox/Wzone/tmp/tmp1992/shp14092_20161231b.shp,conf_id,-1,-1,C:/Users/owner/Dropbox/Wzone/tmp/tmp1992/shp14200_20161231b.shp,conf_id,-1,-1,C:/Users/owner/Dropbox/Wzone/tmp/tmp1992/shp14273_20161231b.shp,conf_id,-1,-1,C:/Users/owner/Dropbox/Wzone/tmp/tmp1992/shp14318_20161231b.shp,conf_id,-1,-1,C:/Users/owner/Dropbox/Wzone/tmp/tmp1992/shp14319_20161231b.shp,conf_id,-1,-1,C:/Users/owner/Dropbox/Wzone/tmp/tmp1992/shp14320_20161231b.shp,conf_id,-1,-1,C:/Users/owner/Dropbox/Wzone/tmp/tmp1992/shp14329_20161231b.shp,conf_id,-1,-1,C:/Users/owner/Dropbox/Wzone/tmp/tmp1992/shp14353_20161231b.shp,conf_id,-1,-1,C:/Users/owner/Dropbox/Wzone/tmp/tmp1992/shp14593_20161231b.shp,conf_id,-1,-1,C:/Users/owner/Dropbox/Wzone/tmp/tmp1992/shp14595_20161231b.shp,conf_id,-1,-1,C:/Users/owner/Dropbox/Wzone/tmp/tmp1992/shp14596_20161231b.shp,conf_id,-1,-1,C:/Users/owner/Dropbox/Wzone/tmp/tmp1992/shp14610_20161231b.shp,conf_id,-1,-1,C:/Users/owner/Dropbox/Wzone/tmp/tmp1992/shp14611_20161231b.shp,conf_id,-1,-1,C:/Users/owner/Dropbox/Wzone/tmp/tmp1992/shp14619_20161231b.shp,conf_id,-1,-1,C:/Users/owner/Dropbox/Wzone/tmp/tmp1992/shp14620_20161231b.shp,conf_id,-1,-1,C:/Users/owner/Dropbox/Wzone/tmp/tmp1992/shp14637_20161231b.shp,conf_id,-1,-1,C:/Users/owner/Dropbox/Wzone/tmp/tmp1992/shp14666_20161231b.shp,conf_id,-1,-1,C:/Users/owner/Dropbox/Wzone/tmp/tmp1992/shp14667_20161231b.shp,conf_id,-1,-1,C:/Users/owner/Dropbox/Wzone/tmp/tmp1992/shp14668_20161231b.shp,conf_id,-1,-1,C:/Users/owner/Dropbox/Wzone/tmp/tmp1992/shp14669_20161231b.shp,conf_id,-1,-1,C:/Users/owner/Dropbox/Wzone/tmp/tmp1992/shp14671_20161231b.shp,conf_id,-1,-1,C:/Users/owner/Dropbox/Wzone/tmp/tmp1992/shp14677_20161231b.shp,conf_id,-1,-1,C:/Users/owner/Dropbox/Wzone/tmp/tmp1992/shp14685_20161231b.shp,conf_id,-1,-1,C:/Users/owner/Dropbox/Wzone/tmp/tmp1992/shp14701_20161231b.shp,conf_id,-1,-1,C:/Users/owner/Dropbox/Wzone/tmp/tmp1992/shp14710_20161231b.shp,conf_id,-1,-1,C:/Users/owner/Dropbox/Wzone/tmp/tmp1992/shp14718_20161231b.shp,conf_id,-1,-1,C:/Users/owner/Dropbox/Wzone/tmp/tmp1992/shp14730_20161231b.shp,conf_id,-1,-1,C:/Users/owner/Dropbox/Wzone/tmp/tmp1992/shp14744_20161231b.shp,conf_id,-1,-1,C:/Users/owner/Dropbox/Wzone/tmp/tmp1992/shp14745_20161231b.shp,conf_id,-1,-1,C:/Users/owner/Dropbox/Wzone/tmp/tmp1992/shp14746_20161231b.shp,conf_id,-1,-1,C:/Users/owner/Dropbox/Wzone/tmp/tmp1992/shp14750_20161231b.shp,conf_id,-1,-1,C:/Users/owner/Dropbox/Wzone/tmp/tmp1992/shp14773_20161231b.shp,conf_id,-1,-1,C:/Users/owner/Dropbox/Wzone/tmp/tmp1992/shp14784_20161231b.shp,conf_id,-1,-1,C:/Users/owner/Dropbox/Wzone/tmp/tmp1992/shp14799_20161231b.shp,conf_id,-1,-1,C:/Users/owner/Dropbox/Wzone/tmp/tmp1992/shp14842_20161231b.shp,conf_id,-1,-1,C:/Users/owner/Dropbox/Wzone/tmp/tmp1992/shp14847_20161231b.shp,conf_id,-1,-1,C:/Users/owner/Dropbox/Wzone/tmp/tmp1992/shp14876_20161231b.shp,conf_id,-1,-1,C:/Users/owner/Dropbox/Wzone/tmp/tmp1992/shp14895_20161231b.shp,conf_id,-1,-1,C:/Users/owner/Dropbox/Wzone/tmp/tmp1992/shp14924_20161231b.shp,conf_id,-1,-1,C:/Users/owner/Dropbox/Wzone/tmp/tmp1992/shp14929_20161231b.shp,conf_id,-1,-1,C:/Users/owner/Dropbox/Wzone/tmp/tmp1992/shp14973_20161231b.shp,conf_id,-1,-1,C:/Users/owner/Dropbox/Wzone/tmp/tmp1992/shp15019_20161231b.shp,conf_id,-1,-1,C:/Users/owner/Dropbox/Wzone/tmp/tmp1992/shp15069_20161231b.shp,conf_id,-1,-1,C:/Users/owner/Dropbox/Wzone/tmp/tmp1992/shp15100_20161231b.shp,conf_id,-1,-1,C:/Users/owner/Dropbox/Wzone/tmp/tmp1992/shp15123_20161231b.shp,conf_id,-1,-1,C:/Users/owner/Dropbox/Wzone/tmp/tmp1992/shp15142_20161231b.shp,conf_id,-1,-1,C:/Users/owner/Dropbox/Wzone/tmp/tmp1992/shp15211_20161231b.shp,conf_id,-1,-1,C:/Users/owner/Dropbox/Wzone/tmp/tmp1992/shp15409_20161231b.shp,conf_id,-1,-1,C:/Users/owner/Dropbox/Wzone/tmp/tmp1992/shp15473_20161231b.shp,conf_id,-1,-1,C:/Users/owner/Dropbox/Wzone/tmp/tmp1992/shp15558_20161231b.shp,conf_id,-1,-1,C:/Users/owner/Dropbox/Wzone/tmp/tmp1992/shp15751_20161231b.shp,conf_id,-1,-1,C:/Users/owner/Dropbox/Wzone/tmp/tmp1992/shp15793_20161231b.shp,conf_id,-1,-1,C:/Users/owner/Dropbox/Wzone/tmp/tmp1992/shp17152_20161231b.shp,conf_id,-1,-1;date "date" true true false 254 Text 0 0,First,#,C:/Users/owner/Dropbox/Wzone/tmp/tmp1992/shp406_20161231b.shp,date,0,253,C:/Users/owner/Dropbox/Wzone/tmp/tmp1992/shp411_20161231b.shp,date,0,253,C:/Users/owner/Dropbox/Wzone/tmp/tmp1992/shp422_20161231b.shp,date,0,253,C:/Users/owner/Dropbox/Wzone/tmp/tmp1992/shp428_20161231b.shp,date,0,253,C:/Users/owner/Dropbox/Wzone/tmp/tmp1992/shp453_20161231b.shp,date,0,253,C:/Users/owner/Dropbox/Wzone/tmp/tmp1992/shp459_20161231b.shp,date,0,253,C:/Users/owner/Dropbox/Wzone/tmp/tmp1992/shp461_20161231b.shp,date,0,253,C:/Users/owner/Dropbox/Wzone/tmp/tmp1992/shp474_20161231b.shp,date,0,253,C:/Users/owner/Dropbox/Wzone/tmp/tmp1992/shp476_20161231b.shp,date,0,253,C:/Users/owner/Dropbox/Wzone/tmp/tmp1992/shp477_20161231b.shp,date,0,253,C:/Users/owner/Dropbox/Wzone/tmp/tmp1992/shp478_20161231b.shp,date,0,253,C:/Users/owner/Dropbox/Wzone/tmp/tmp1992/shp508_20161231b.shp,date,0,253,C:/Users/owner/Dropbox/Wzone/tmp/tmp1992/shp624_20161231b.shp,date,0,253,C:/Users/owner/Dropbox/Wzone/tmp/tmp1992/shp628_20161231b.shp,date,0,253,C:/Users/owner/Dropbox/Wzone/tmp/tmp1992/shp640_20161231b.shp,date,0,253,C:/Users/owner/Dropbox/Wzone/tmp/tmp1992/shp657_20161231b.shp,date,0,253,C:/Users/owner/Dropbox/Wzone/tmp/tmp1992/shp658_20161231b.shp,date,0,253,C:/Users/owner/Dropbox/Wzone/tmp/tmp1992/shp708_20161231b.shp,date,0,253,C:/Users/owner/Dropbox/Wzone/tmp/tmp1992/shp709_20161231b.shp,date,0,253,C:/Users/owner/Dropbox/Wzone/tmp/tmp1992/shp721_20161231b.shp,date,0,253,C:/Users/owner/Dropbox/Wzone/tmp/tmp1992/shp722_20161231b.shp,date,0,253,C:/Users/owner/Dropbox/Wzone/tmp/tmp1992/shp735_20161231b.shp,date,0,253,C:/Users/owner/Dropbox/Wzone/tmp/tmp1992/shp750_20161231b.shp,date,0,253,C:/Users/owner/Dropbox/Wzone/tmp/tmp1992/shp754_20161231b.shp,date,0,253,C:/Users/owner/Dropbox/Wzone/tmp/tmp1992/shp781_20161231b.shp,date,0,253,C:/Users/owner/Dropbox/Wzone/tmp/tmp1992/shp792_20161231b.shp,date,0,253,C:/Users/owner/Dropbox/Wzone/tmp/tmp1992/shp830_20161231b.shp,date,0,253,C:/Users/owner/Dropbox/Wzone/tmp/tmp1992/shp833_20161231b.shp,date,0,253,C:/Users/owner/Dropbox/Wzone/tmp/tmp1992/shp857_20161231b.shp,date,0,253,C:/Users/owner/Dropbox/Wzone/tmp/tmp1992/shp869_20161231b.shp,date,0,253,C:/Users/owner/Dropbox/Wzone/tmp/tmp1992/shp878_20161231b.shp,date,0,253,C:/Users/owner/Dropbox/Wzone/tmp/tmp1992/shp906_20161231b.shp,date,0,253,C:/Users/owner/Dropbox/Wzone/tmp/tmp1992/shp913_20161231b.shp,date,0,253,C:/Users/owner/Dropbox/Wzone/tmp/tmp1992/shp914_20161231b.shp,date,0,253,C:/Users/owner/Dropbox/Wzone/tmp/tmp1992/shp921_20161231b.shp,date,0,253,C:/Users/owner/Dropbox/Wzone/tmp/tmp1992/shp929_20161231b.shp,date,0,253,C:/Users/owner/Dropbox/Wzone/tmp/tmp1992/shp930_20161231b.shp,date,0,253,C:/Users/owner/Dropbox/Wzone/tmp/tmp1992/shp931_20161231b.shp,date,0,253,C:/Users/owner/Dropbox/Wzone/tmp/tmp1992/shp934_20161231b.shp,date,0,253,C:/Users/owner/Dropbox/Wzone/tmp/tmp1992/shp936_20161231b.shp,date,0,253,C:/Users/owner/Dropbox/Wzone/tmp/tmp1992/shp941_20161231b.shp,date,0,253,C:/Users/owner/Dropbox/Wzone/tmp/tmp1992/shp942_20161231b.shp,date,0,253,C:/Users/owner/Dropbox/Wzone/tmp/tmp1992/shp944_20161231b.shp,date,0,253,C:/Users/owner/Dropbox/Wzone/tmp/tmp1992/shp947_20161231b.shp,date,0,253,C:/Users/owner/Dropbox/Wzone/tmp/tmp1992/shp948_20161231b.shp,date,0,253,C:/Users/owner/Dropbox/Wzone/tmp/tmp1992/shp950_20161231b.shp,date,0,253,C:/Users/owner/Dropbox/Wzone/tmp/tmp1992/shp951_20161231b.shp,date,0,253,C:/Users/owner/Dropbox/Wzone/tmp/tmp1992/shp955_20161231b.shp,date,0,253,C:/Users/owner/Dropbox/Wzone/tmp/tmp1992/shp962_20161231b.shp,date,0,253,C:/Users/owner/Dropbox/Wzone/tmp/tmp1992/shp966_20161231b.shp,date,0,253,C:/Users/owner/Dropbox/Wzone/tmp/tmp1992/shp973_20161231b.shp,date,0,253,C:/Users/owner/Dropbox/Wzone/tmp/tmp1992/shp981_20161231b.shp,date,0,253,C:/Users/owner/Dropbox/Wzone/tmp/tmp1992/shp988_20161231b.shp,date,0,253,C:/Users/owner/Dropbox/Wzone/tmp/tmp1992/shp989_20161231b.shp,date,0,253,C:/Users/owner/Dropbox/Wzone/tmp/tmp1992/shp997_20161231b.shp,date,0,253,C:/Users/owner/Dropbox/Wzone/tmp/tmp1992/shp1007_20161231b.shp,date,0,253,C:/Users/owner/Dropbox/Wzone/tmp/tmp1992/shp1023_20161231b.shp,date,0,253,C:/Users/owner/Dropbox/Wzone/tmp/tmp1992/shp1036_20161231b.shp,date,0,253,C:/Users/owner/Dropbox/Wzone/tmp/tmp1992/shp1040_20161231b.shp,date,0,253,C:/Users/owner/Dropbox/Wzone/tmp/tmp1992/shp1071_20161231b.shp,date,0,253,C:/Users/owner/Dropbox/Wzone/tmp/tmp1992/shp1073_20161231b.shp,date,0,253,C:/Users/owner/Dropbox/Wzone/tmp/tmp1992/shp1096_20161231b.shp,date,0,253,C:/Users/owner/Dropbox/Wzone/tmp/tmp1992/shp1108_20161231b.shp,date,0,253,C:/Users/owner/Dropbox/Wzone/tmp/tmp1992/shp1167_20161231b.shp,date,0,253,C:/Users/owner/Dropbox/Wzone/tmp/tmp1992/shp1175_20161231b.shp,date,0,253,C:/Users/owner/Dropbox/Wzone/tmp/tmp1992/shp1176_20161231b.shp,date,0,253,C:/Users/owner/Dropbox/Wzone/tmp/tmp1992/shp1182_20161231b.shp,date,0,253,C:/Users/owner/Dropbox/Wzone/tmp/tmp1992/shp1204_20161231b.shp,date,0,253,C:/Users/owner/Dropbox/Wzone/tmp/tmp1992/shp1702_20161231b.shp,date,0,253,C:/Users/owner/Dropbox/Wzone/tmp/tmp1992/shp1704_20161231b.shp,date,0,253,C:/Users/owner/Dropbox/Wzone/tmp/tmp1992/shp2332_20161231b.shp,date,0,253,C:/Users/owner/Dropbox/Wzone/tmp/tmp1992/shp2425_20161231b.shp,date,0,253,C:/Users/owner/Dropbox/Wzone/tmp/tmp1992/shp2461_20161231b.shp,date,0,253,C:/Users/owner/Dropbox/Wzone/tmp/tmp1992/shp2472_20161231b.shp,date,0,253,C:/Users/owner/Dropbox/Wzone/tmp/tmp1992/shp5201_20161231b.shp,date,0,253,C:/Users/owner/Dropbox/Wzone/tmp/tmp1992/shp5247_20161231b.shp,date,0,253,C:/Users/owner/Dropbox/Wzone/tmp/tmp1992/shp5262_20161231b.shp,date,0,253,C:/Users/owner/Dropbox/Wzone/tmp/tmp1992/shp5270_20161231b.shp,date,0,253,C:/Users/owner/Dropbox/Wzone/tmp/tmp1992/shp5276_20161231b.shp,date,0,253,C:/Users/owner/Dropbox/Wzone/tmp/tmp1992/shp5293_20161231b.shp,date,0,253,C:/Users/owner/Dropbox/Wzone/tmp/tmp1992/shp5313_20161231b.shp,date,0,253,C:/Users/owner/Dropbox/Wzone/tmp/tmp1992/shp5314_20161231b.shp,date,0,253,C:/Users/owner/Dropbox/Wzone/tmp/tmp1992/shp5349_20161231b.shp,date,0,253,C:/Users/owner/Dropbox/Wzone/tmp/tmp1992/shp5352_20161231b.shp,date,0,253,C:/Users/owner/Dropbox/Wzone/tmp/tmp1992/shp5405_20161231b.shp,date,0,253,C:/Users/owner/Dropbox/Wzone/tmp/tmp1992/shp5460_20161231b.shp,date,0,253,C:/Users/owner/Dropbox/Wzone/tmp/tmp1992/shp5512_20161231b.shp,date,0,253,C:/Users/owner/Dropbox/Wzone/tmp/tmp1992/shp5534_20161231b.shp,date,0,253,C:/Users/owner/Dropbox/Wzone/tmp/tmp1992/shp5536_20161231b.shp,date,0,253,C:/Users/owner/Dropbox/Wzone/tmp/tmp1992/shp5543_20161231b.shp,date,0,253,C:/Users/owner/Dropbox/Wzone/tmp/tmp1992/shp5583_20161231b.shp,date,0,253,C:/Users/owner/Dropbox/Wzone/tmp/tmp1992/shp5584_20161231b.shp,date,0,253,C:/Users/owner/Dropbox/Wzone/tmp/tmp1992/shp5589_20161231b.shp,date,0,253,C:/Users/owner/Dropbox/Wzone/tmp/tmp1992/shp5598_20161231b.shp,date,0,253,C:/Users/owner/Dropbox/Wzone/tmp/tmp1992/shp5649_20161231b.shp,date,0,253,C:/Users/owner/Dropbox/Wzone/tmp/tmp1992/shp10098_20161231b.shp,date,0,253,C:/Users/owner/Dropbox/Wzone/tmp/tmp1992/shp10264_20161231b.shp,date,0,253,C:/Users/owner/Dropbox/Wzone/tmp/tmp1992/shp10516_20161231b.shp,date,0,253,C:/Users/owner/Dropbox/Wzone/tmp/tmp1992/shp10589_20161231b.shp,date,0,253,C:/Users/owner/Dropbox/Wzone/tmp/tmp1992/shp10882_20161231b.shp,date,0,253,C:/Users/owner/Dropbox/Wzone/tmp/tmp1992/shp10985_20161231b.shp,date,0,253,C:/Users/owner/Dropbox/Wzone/tmp/tmp1992/shp11123_20161231b.shp,date,0,253,C:/Users/owner/Dropbox/Wzone/tmp/tmp1992/shp11377_20161231b.shp,date,0,253,C:/Users/owner/Dropbox/Wzone/tmp/tmp1992/shp11433_20161231b.shp,date,0,253,C:/Users/owner/Dropbox/Wzone/tmp/tmp1992/shp11663_20161231b.shp,date,0,253,C:/Users/owner/Dropbox/Wzone/tmp/tmp1992/shp11665_20161231b.shp,date,0,253,C:/Users/owner/Dropbox/Wzone/tmp/tmp1992/shp11801_20161231b.shp,date,0,253,C:/Users/owner/Dropbox/Wzone/tmp/tmp1992/shp11973_20161231b.shp,date,0,253,C:/Users/owner/Dropbox/Wzone/tmp/tmp1992/shp11975_20161231b.shp,date,0,253,C:/Users/owner/Dropbox/Wzone/tmp/tmp1992/shp11986_20161231b.shp,date,0,253,C:/Users/owner/Dropbox/Wzone/tmp/tmp1992/shp11988_20161231b.shp,date,0,253,C:/Users/owner/Dropbox/Wzone/tmp/tmp1992/shp12009_20161231b.shp,date,0,253,C:/Users/owner/Dropbox/Wzone/tmp/tmp1992/shp12132_20161231b.shp,date,0,253,C:/Users/owner/Dropbox/Wzone/tmp/tmp1992/shp12341_20161231b.shp,date,0,253,C:/Users/owner/Dropbox/Wzone/tmp/tmp1992/shp12379_20161231b.shp,date,0,253,C:/Users/owner/Dropbox/Wzone/tmp/tmp1992/shp12380_20161231b.shp,date,0,253,C:/Users/owner/Dropbox/Wzone/tmp/tmp1992/shp12382_20161231b.shp,date,0,253,C:/Users/owner/Dropbox/Wzone/tmp/tmp1992/shp12413_20161231b.shp,date,0,253,C:/Users/owner/Dropbox/Wzone/tmp/tmp1992/shp12414_20161231b.shp,date,0,253,C:/Users/owner/Dropbox/Wzone/tmp/tmp1992/shp12422_20161231b.shp,date,0,253,C:/Users/owner/Dropbox/Wzone/tmp/tmp1992/shp12556_20161231b.shp,date,0,253,C:/Users/owner/Dropbox/Wzone/tmp/tmp1992/shp12575_20161231b.shp,date,0,253,C:/Users/owner/Dropbox/Wzone/tmp/tmp1992/shp14036_20161231b.shp,date,0,253,C:/Users/owner/Dropbox/Wzone/tmp/tmp1992/shp14059_20161231b.shp,date,0,253,C:/Users/owner/Dropbox/Wzone/tmp/tmp1992/shp14092_20161231b.shp,date,0,253,C:/Users/owner/Dropbox/Wzone/tmp/tmp1992/shp14200_20161231b.shp,date,0,253,C:/Users/owner/Dropbox/Wzone/tmp/tmp1992/shp14273_20161231b.shp,date,0,253,C:/Users/owner/Dropbox/Wzone/tmp/tmp1992/shp14318_20161231b.shp,date,0,253,C:/Users/owner/Dropbox/Wzone/tmp/tmp1992/shp14319_20161231b.shp,date,0,253,C:/Users/owner/Dropbox/Wzone/tmp/tmp1992/shp14320_20161231b.shp,date,0,253,C:/Users/owner/Dropbox/Wzone/tmp/tmp1992/shp14329_20161231b.shp,date,0,253,C:/Users/owner/Dropbox/Wzone/tmp/tmp1992/shp14353_20161231b.shp,date,0,253,C:/Users/owner/Dropbox/Wzone/tmp/tmp1992/shp14593_20161231b.shp,date,0,253,C:/Users/owner/Dropbox/Wzone/tmp/tmp1992/shp14595_20161231b.shp,date,0,253,C:/Users/owner/Dropbox/Wzone/tmp/tmp1992/shp14596_20161231b.shp,date,0,253,C:/Users/owner/Dropbox/Wzone/tmp/tmp1992/shp14610_20161231b.shp,date,0,253,C:/Users/owner/Dropbox/Wzone/tmp/tmp1992/shp14611_20161231b.shp,date,0,253,C:/Users/owner/Dropbox/Wzone/tmp/tmp1992/shp14619_20161231b.shp,date,0,253,C:/Users/owner/Dropbox/Wzone/tmp/tmp1992/shp14620_20161231b.shp,date,0,253,C:/Users/owner/Dropbox/Wzone/tmp/tmp1992/shp14637_20161231b.shp,date,0,253,C:/Users/owner/Dropbox/Wzone/tmp/tmp1992/shp14666_20161231b.shp,date,0,253,C:/Users/owner/Dropbox/Wzone/tmp/tmp1992/shp14667_20161231b.shp,date,0,253,C:/Users/owner/Dropbox/Wzone/tmp/tmp1992/shp14668_20161231b.shp,date,0,253,C:/Users/owner/Dropbox/Wzone/tmp/tmp1992/shp14669_20161231b.shp,date,0,253,C:/Users/owner/Dropbox/Wzone/tmp/tmp1992/shp14671_20161231b.shp,date,0,253,C:/Users/owner/Dropbox/Wzone/tmp/tmp1992/shp14677_20161231b.shp,date,0,253,C:/Users/owner/Dropbox/Wzone/tmp/tmp1992/shp14685_20161231b.shp,date,0,253,C:/Users/owner/Dropbox/Wzone/tmp/tmp1992/shp14701_20161231b.shp,date,0,253,C:/Users/owner/Dropbox/Wzone/tmp/tmp1992/shp14710_20161231b.shp,date,0,253,C:/Users/owner/Dropbox/Wzone/tmp/tmp1992/shp14718_20161231b.shp,date,0,253,C:/Users/owner/Dropbox/Wzone/tmp/tmp1992/shp14730_20161231b.shp,date,0,253,C:/Users/owner/Dropbox/Wzone/tmp/tmp1992/shp14744_20161231b.shp,date,0,253,C:/Users/owner/Dropbox/Wzone/tmp/tmp1992/shp14745_20161231b.shp,date,0,253,C:/Users/owner/Dropbox/Wzone/tmp/tmp1992/shp14746_20161231b.shp,date,0,253,C:/Users/owner/Dropbox/Wzone/tmp/tmp1992/shp14750_20161231b.shp,date,0,253,C:/Users/owner/Dropbox/Wzone/tmp/tmp1992/shp14773_20161231b.shp,date,0,253,C:/Users/owner/Dropbox/Wzone/tmp/tmp1992/shp14784_20161231b.shp,date,0,253,C:/Users/owner/Dropbox/Wzone/tmp/tmp1992/shp14799_20161231b.shp,date,0,253,C:/Users/owner/Dropbox/Wzone/tmp/tmp1992/shp14842_20161231b.shp,date,0,253,C:/Users/owner/Dropbox/Wzone/tmp/tmp1992/shp14847_20161231b.shp,date,0,253,C:/Users/owner/Dropbox/Wzone/tmp/tmp1992/shp14876_20161231b.shp,date,0,253,C:/Users/owner/Dropbox/Wzone/tmp/tmp1992/shp14895_20161231b.shp,date,0,253,C:/Users/owner/Dropbox/Wzone/tmp/tmp1992/shp14924_20161231b.shp,date,0,253,C:/Users/owner/Dropbox/Wzone/tmp/tmp1992/shp14929_20161231b.shp,date,0,253,C:/Users/owner/Dropbox/Wzone/tmp/tmp1992/shp14973_20161231b.shp,date,0,253,C:/Users/owner/Dropbox/Wzone/tmp/tmp1992/shp15019_20161231b.shp,date,0,253,C:/Users/owner/Dropbox/Wzone/tmp/tmp1992/shp15069_20161231b.shp,date,0,253,C:/Users/owner/Dropbox/Wzone/tmp/tmp1992/shp15100_20161231b.shp,date,0,253,C:/Users/owner/Dropbox/Wzone/tmp/tmp1992/shp15123_20161231b.shp,date,0,253,C:/Users/owner/Dropbox/Wzone/tmp/tmp1992/shp15142_20161231b.shp,date,0,253,C:/Users/owner/Dropbox/Wzone/tmp/tmp1992/shp15211_20161231b.shp,date,0,253,C:/Users/owner/Dropbox/Wzone/tmp/tmp1992/shp15409_20161231b.shp,date,0,253,C:/Users/owner/Dropbox/Wzone/tmp/tmp1992/shp15473_20161231b.shp,date,0,253,C:/Users/owner/Dropbox/Wzone/tmp/tmp1992/shp15558_20161231b.shp,date,0,253,C:/Users/owner/Dropbox/Wzone/tmp/tmp1992/shp15751_20161231b.shp,date,0,253,C:/Users/owner/Dropbox/Wzone/tmp/tmp1992/shp15793_20161231b.shp,date,0,253,C:/Users/owner/Dropbox/Wzone/tmp/tmp1992/shp17152_20161231b.shp,date,0,253" NO_SOURCE_INFO</Process><Process ToolSource="c:\program files\arcgis\pro\Resources\ArcToolbox\toolboxes\Data Management Tools.tbx\DefineProjection" Date="20240720" Time="132204">DefineProjection C:/Users/owner/Dropbox/Wzone/out/wzone_shp/2016/2016_12_31.shp GEOGCS["GCS_WGS_1984",DATUM["D_WGS_1984",SPHEROID["WGS_1984",6378137.0,298.257223563]],PRIMEM["Greenwich",0.0],UNIT["Degree",0.0174532925199433]]</Process></lineage></DataProperties><SyncDate>20240720</SyncDate><SyncTime>13220100</SyncTime><ModDate>20240720</ModDate><ModTime>13220100</ModTime></Esri><dataIdInfo><envirDesc Sync="TRUE">Microsoft Windows 10 Version 10.0 (Build 19045) ; Esri ArcGIS 13.2.2.49743</envirDesc><dataLang><languageCode value="eng" Sync="TRUE"></languageCode><countryCode value="USA" Sync="TRUE"></countryCode></dataLang><idCitation><resTitle Sync="TRUE">2016_12_31</resTitle><presForm><PresFormCd value="005" Sync="TRUE"></PresFormCd></presForm></idCitation><spatRpType><SpatRepTypCd value="001" Sync="TRUE"></SpatRepTypCd></spatRpType></dataIdInfo><mdLang><languageCode value="eng" Sync="TRUE"></languageCode><countryCode value="USA" Sync="TRUE"></countryCode></mdLang><mdChar><CharSetCd value="004" Sync="TRUE"></CharSetCd></mdChar><distInfo><distFormat><formatName Sync="TRUE">Shapefile</formatName></distFormat><distTranOps><transSize Sync="TRUE">0.000</transSize></distTranOps></distInfo><mdHrLv><ScopeCd value="005" Sync="TRUE"></ScopeCd></mdHrLv><mdHrLvName Sync="TRUE">dataset</mdHrLvName><spatRepInfo><VectSpatRep><geometObjs Name="2016_12_31"><geoObjTyp><GeoObjTypCd value="002" Sync="TRUE"></GeoObjTypCd></geoObjTyp><geoObjCnt Sync="TRUE">0</geoObjCnt></geometObjs><topLvl><TopoLevCd value="001" Sync="TRUE"></TopoLevCd></topLvl></VectSpatRep></spatRepInfo><spdoinfo><ptvctinf><esriterm Name="2016_12_31"><efeatyp Sync="TRUE">Simple</efeatyp><efeageom code="4" Sync="TRUE"></efeageom><esritopo Sync="TRUE">FALSE</esritopo><efeacnt Sync="TRUE">0</efeacnt><spindex Sync="TRUE">FALSE</spindex><linrefer Sync="TRUE">FALSE</linrefer></esriterm></ptvctinf></spdoinfo><eainfo><detailed Name="2016_12_31"><enttyp><enttypl Sync="TRUE">2016_12_31</enttypl><enttypt Sync="TRUE">Feature Class</enttypt><enttypc Sync="TRUE">0</enttypc></enttyp><attr><attrlabl Sync="TRUE">FID</attrlabl><attalias Sync="TRUE">FID</attalias><attrtype Sync="TRUE">OID</attrtype><attwidth Sync="TRUE">4</attwidth><atprecis Sync="TRUE">0</atprecis><attscale Sync="TRUE">0</attscale><attrdef Sync="TRUE">Internal feature number.</attrdef><attrdefs Sync="TRUE">Esri</attrdefs><attrdomv><udom Sync="TRUE">Sequential unique whole numbers that are automatically generated.</udom></attrdomv></attr><attr><attrlabl Sync="TRUE">Shape</attrlabl><attalias Sync="TRUE">Shape</attalias><attrtype Sync="TRUE">Geometry</attrtype><attwidth Sync="TRUE">0</attwidth><atprecis Sync="TRUE">0</atprecis><attscale Sync="TRUE">0</attscale><attrdef Sync="TRUE">Feature geometry.</attrdef><attrdefs Sync="TRUE">Esri</attrdefs><attrdomv><udom Sync="TRUE">Coordinates defining the features.</udom></attrdomv></attr><attr><attrlabl Sync="TRUE">dyad_id</attrlabl><attalias Sync="TRUE">dyad_id</attalias><attrtype Sync="TRUE">Integer</attrtype><attwidth Sync="TRUE">5</attwidth><atprecis Sync="TRUE">5</atprecis><attscale Sync="TRUE">0</attscale></attr><attr><attrlabl Sync="TRUE">conf_id</attrlabl><attalias Sync="TRUE">conf_id</attalias><attrtype Sync="TRUE">Integer</attrtype><attwidth Sync="TRUE">5</attwidth><atprecis Sync="TRUE">5</atprecis><attscale Sync="TRUE">0</attscale></attr><attr><attrlabl Sync="TRUE">date</attrlabl><attalias Sync="TRUE">date</attalias><attrtype Sync="TRUE">String</attrtype><attwidth Sync="TRUE">254</attwidth><atprecis Sync="TRUE">0</atprecis><attscale Sync="TRUE">0</attscale></attr></detailed></eainfo><mdDateSt Sync="TRUE">20240720</mdDateSt></metadata>
