<?xml version="1.0" encoding="UTF-8"?>
<metadata xml:lang="en"><Esri><CreaDate>20240720</CreaDate><CreaTime>19550700</CreaTime><ArcGISFormat>1.0</ArcGISFormat><SyncOnce>FALSE</SyncOnce><DataProperties><itemProps><itemName Sync="TRUE">2017_12_31</itemName><imsContentType Sync="TRUE">002</imsContentType><itemSize Sync="TRUE">0.000</itemSize><itemLocation><linkage Sync="TRUE">file://\\DESKTOP-48J08HF\C$\Users\owner\Dropbox\Wzone\out\wzone_shp\2017\2017_12_31.shp</linkage><protocol Sync="TRUE">Local Area Network</protocol></itemLocation></itemProps><lineage><Process ToolSource="c:\program files\arcgis\pro\Resources\ArcToolbox\toolboxes\Analysis Tools.tbx\Select" Date="20240720" Time="195507">Select in_memory/shp1993406_20171231a C:\Users\owner\Dropbox\Wzone\tmp\tmp1993\shp406_20171231b.shp ""gridcode" &gt; 0"</Process><Process ToolSource="c:\program files\arcgis\pro\Resources\ArcToolbox\toolboxes\Data Management Tools.tbx\AddField" Date="20240720" Time="195508">AddField C:/Users/owner/Dropbox/Wzone/tmp/tmp1993/shp406_20171231b.shp dyad_id "Short (16-bit integer)" # # # # NULLABLE NON_REQUIRED #</Process><Process ToolSource="c:\program files\arcgis\pro\Resources\ArcToolbox\toolboxes\Data Management Tools.tbx\AddField" Date="20240720" Time="195508">AddField C:/Users/owner/Dropbox/Wzone/tmp/tmp1993/shp406_20171231b.shp conf_id "Short (16-bit integer)" # # # # NULLABLE NON_REQUIRED #</Process><Process ToolSource="c:\program files\arcgis\pro\Resources\ArcToolbox\toolboxes\Data Management Tools.tbx\AddField" Date="20240720" Time="195508">AddField C:/Users/owner/Dropbox/Wzone/tmp/tmp1993/shp406_20171231b.shp date Text # # # # NULLABLE NON_REQUIRED #</Process><Process ToolSource="c:\program files\arcgis\pro\Resources\ArcToolbox\toolboxes\Data Management Tools.tbx\DeleteField" Date="20240720" Time="195508">DeleteField C:/Users/owner/Dropbox/Wzone/tmp/tmp1993/shp406_20171231b.shp Id "Delete Fields"</Process><Process ToolSource="c:\program files\arcgis\pro\Resources\ArcToolbox\toolboxes\Data Management Tools.tbx\DeleteField" Date="20240720" Time="195508">DeleteField C:/Users/owner/Dropbox/Wzone/tmp/tmp1993/shp406_20171231b.shp gridcode "Delete Fields"</Process><Process ToolSource="c:\program files\arcgis\pro\Resources\ArcToolbox\toolboxes\Data Management Tools.tbx\Merge" Date="20240720" Time="195842">Merge C:/Users/owner/Dropbox/Wzone/tmp/tmp1993/shp406_20171231b.shp;C:/Users/owner/Dropbox/Wzone/tmp/tmp1993/shp411_20171231b.shp;C:/Users/owner/Dropbox/Wzone/tmp/tmp1993/shp422_20171231b.shp;C:/Users/owner/Dropbox/Wzone/tmp/tmp1993/shp428_20171231b.shp;C:/Users/owner/Dropbox/Wzone/tmp/tmp1993/shp453_20171231b.shp;C:/Users/owner/Dropbox/Wzone/tmp/tmp1993/shp459_20171231b.shp;C:/Users/owner/Dropbox/Wzone/tmp/tmp1993/shp461_20171231b.shp;C:/Users/owner/Dropbox/Wzone/tmp/tmp1993/shp474_20171231b.shp;C:/Users/owner/Dropbox/Wzone/tmp/tmp1993/shp476_20171231b.shp;C:/Users/owner/Dropbox/Wzone/tmp/tmp1993/shp477_20171231b.shp;C:/Users/owner/Dropbox/Wzone/tmp/tmp1993/shp478_20171231b.shp;C:/Users/owner/Dropbox/Wzone/tmp/tmp1993/shp508_20171231b.shp;C:/Users/owner/Dropbox/Wzone/tmp/tmp1993/shp624_20171231b.shp;C:/Users/owner/Dropbox/Wzone/tmp/tmp1993/shp628_20171231b.shp;C:/Users/owner/Dropbox/Wzone/tmp/tmp1993/shp640_20171231b.shp;C:/Users/owner/Dropbox/Wzone/tmp/tmp1993/shp657_20171231b.shp;C:/Users/owner/Dropbox/Wzone/tmp/tmp1993/shp658_20171231b.shp;C:/Users/owner/Dropbox/Wzone/tmp/tmp1993/shp666_20171231b.shp;C:/Users/owner/Dropbox/Wzone/tmp/tmp1993/shp708_20171231b.shp;C:/Users/owner/Dropbox/Wzone/tmp/tmp1993/shp709_20171231b.shp;C:/Users/owner/Dropbox/Wzone/tmp/tmp1993/shp721_20171231b.shp;C:/Users/owner/Dropbox/Wzone/tmp/tmp1993/shp722_20171231b.shp;C:/Users/owner/Dropbox/Wzone/tmp/tmp1993/shp735_20171231b.shp;C:/Users/owner/Dropbox/Wzone/tmp/tmp1993/shp750_20171231b.shp;C:/Users/owner/Dropbox/Wzone/tmp/tmp1993/shp754_20171231b.shp;C:/Users/owner/Dropbox/Wzone/tmp/tmp1993/shp781_20171231b.shp;C:/Users/owner/Dropbox/Wzone/tmp/tmp1993/shp792_20171231b.shp;C:/Users/owner/Dropbox/Wzone/tmp/tmp1993/shp830_20171231b.shp;C:/Users/owner/Dropbox/Wzone/tmp/tmp1993/shp833_20171231b.shp;C:/Users/owner/Dropbox/Wzone/tmp/tmp1993/shp857_20171231b.shp;C:/Users/owner/Dropbox/Wzone/tmp/tmp1993/shp878_20171231b.shp;C:/Users/owner/Dropbox/Wzone/tmp/tmp1993/shp891_20171231b.shp;C:/Users/owner/Dropbox/Wzone/tmp/tmp1993/shp906_20171231b.shp;C:/Users/owner/Dropbox/Wzone/tmp/tmp1993/shp913_20171231b.shp;C:/Users/owner/Dropbox/Wzone/tmp/tmp1993/shp914_20171231b.shp;C:/Users/owner/Dropbox/Wzone/tmp/tmp1993/shp915_20171231b.shp;C:/Users/owner/Dropbox/Wzone/tmp/tmp1993/shp921_20171231b.shp;C:/Users/owner/Dropbox/Wzone/tmp/tmp1993/shp929_20171231b.shp;C:/Users/owner/Dropbox/Wzone/tmp/tmp1993/shp930_20171231b.shp;C:/Users/owner/Dropbox/Wzone/tmp/tmp1993/shp931_20171231b.shp;C:/Users/owner/Dropbox/Wzone/tmp/tmp1993/shp934_20171231b.shp;C:/Users/owner/Dropbox/Wzone/tmp/tmp1993/shp936_20171231b.shp;C:/Users/owner/Dropbox/Wzone/tmp/tmp1993/shp938_20171231b.shp;C:/Users/owner/Dropbox/Wzone/tmp/tmp1993/shp941_20171231b.shp;C:/Users/owner/Dropbox/Wzone/tmp/tmp1993/shp942_20171231b.shp;C:/Users/owner/Dropbox/Wzone/tmp/tmp1993/shp944_20171231b.shp;C:/Users/owner/Dropbox/Wzone/tmp/tmp1993/shp947_20171231b.shp;C:/Users/owner/Dropbox/Wzone/tmp/tmp1993/shp948_20171231b.shp;C:/Users/owner/Dropbox/Wzone/tmp/tmp1993/shp950_20171231b.shp;C:/Users/owner/Dropbox/Wzone/tmp/tmp1993/shp951_20171231b.shp;C:/Users/owner/Dropbox/Wzone/tmp/tmp1993/shp955_20171231b.shp;C:/Users/owner/Dropbox/Wzone/tmp/tmp1993/shp962_20171231b.shp;C:/Users/owner/Dropbox/Wzone/tmp/tmp1993/shp966_20171231b.shp;C:/Users/owner/Dropbox/Wzone/tmp/tmp1993/shp973_20171231b.shp;C:/Users/owner/Dropbox/Wzone/tmp/tmp1993/shp981_20171231b.shp;C:/Users/owner/Dropbox/Wzone/tmp/tmp1993/shp988_20171231b.shp;C:/Users/owner/Dropbox/Wzone/tmp/tmp1993/shp989_20171231b.shp;C:/Users/owner/Dropbox/Wzone/tmp/tmp1993/shp997_20171231b.shp;C:/Users/owner/Dropbox/Wzone/tmp/tmp1993/shp1007_20171231b.shp;C:/Users/owner/Dropbox/Wzone/tmp/tmp1993/shp1023_20171231b.shp;C:/Users/owner/Dropbox/Wzone/tmp/tmp1993/shp1036_20171231b.shp;C:/Users/owner/Dropbox/Wzone/tmp/tmp1993/shp1071_20171231b.shp;C:/Users/owner/Dropbox/Wzone/tmp/tmp1993/shp1073_20171231b.shp;C:/Users/owner/Dropbox/Wzone/tmp/tmp1993/shp1096_20171231b.shp;C:/Users/owner/Dropbox/Wzone/tmp/tmp1993/shp1108_20171231b.shp;C:/Users/owner/Dropbox/Wzone/tmp/tmp1993/shp1167_20171231b.shp;C:/Users/owner/Dropbox/Wzone/tmp/tmp1993/shp1175_20171231b.shp;C:/Users/owner/Dropbox/Wzone/tmp/tmp1993/shp1176_20171231b.shp;C:/Users/owner/Dropbox/Wzone/tmp/tmp1993/shp1182_20171231b.shp;C:/Users/owner/Dropbox/Wzone/tmp/tmp1993/shp1204_20171231b.shp;C:/Users/owner/Dropbox/Wzone/tmp/tmp1993/shp1702_20171231b.shp;C:/Users/owner/Dropbox/Wzone/tmp/tmp1993/shp1704_20171231b.shp;C:/Users/owner/Dropbox/Wzone/tmp/tmp1993/shp2332_20171231b.shp;C:/Users/owner/Dropbox/Wzone/tmp/tmp1993/shp2425_20171231b.shp;C:/Users/owner/Dropbox/Wzone/tmp/tmp1993/shp2461_20171231b.shp;C:/Users/owner/Dropbox/Wzone/tmp/tmp1993/shp2472_20171231b.shp;C:/Users/owner/Dropbox/Wzone/tmp/tmp1993/shp4313_20171231b.shp;C:/Users/owner/Dropbox/Wzone/tmp/tmp1993/shp5201_20171231b.shp;C:/Users/owner/Dropbox/Wzone/tmp/tmp1993/shp5247_20171231b.shp;C:/Users/owner/Dropbox/Wzone/tmp/tmp1993/shp5262_20171231b.shp;C:/Users/owner/Dropbox/Wzone/tmp/tmp1993/shp5270_20171231b.shp;C:/Users/owner/Dropbox/Wzone/tmp/tmp1993/shp5293_20171231b.shp;C:/Users/owner/Dropbox/Wzone/tmp/tmp1993/shp5313_20171231b.shp;C:/Users/owner/Dropbox/Wzone/tmp/tmp1993/shp5314_20171231b.shp;C:/Users/owner/Dropbox/Wzone/tmp/tmp1993/shp5349_20171231b.shp;C:/Users/owner/Dropbox/Wzone/tmp/tmp1993/shp5405_20171231b.shp;C:/Users/owner/Dropbox/Wzone/tmp/tmp1993/shp5512_20171231b.shp;C:/Users/owner/Dropbox/Wzone/tmp/tmp1993/shp5534_20171231b.shp;C:/Users/owner/Dropbox/Wzone/tmp/tmp1993/shp5543_20171231b.shp;C:/Users/owner/Dropbox/Wzone/tmp/tmp1993/shp5551_20171231b.shp;C:/Users/owner/Dropbox/Wzone/tmp/tmp1993/shp5583_20171231b.shp;C:/Users/owner/Dropbox/Wzone/tmp/tmp1993/shp5584_20171231b.shp;C:/Users/owner/Dropbox/Wzone/tmp/tmp1993/shp5589_20171231b.shp;C:/Users/owner/Dropbox/Wzone/tmp/tmp1993/shp5598_20171231b.shp;C:/Users/owner/Dropbox/Wzone/tmp/tmp1993/shp5649_20171231b.shp;C:/Users/owner/Dropbox/Wzone/tmp/tmp1993/shp10098_20171231b.shp;C:/Users/owner/Dropbox/Wzone/tmp/tmp1993/shp10264_20171231b.shp;C:/Users/owner/Dropbox/Wzone/tmp/tmp1993/shp10589_20171231b.shp;C:/Users/owner/Dropbox/Wzone/tmp/tmp1993/shp10882_20171231b.shp;C:/Users/owner/Dropbox/Wzone/tmp/tmp1993/shp11123_20171231b.shp;C:/Users/owner/Dropbox/Wzone/tmp/tmp1993/shp11377_20171231b.shp;C:/Users/owner/Dropbox/Wzone/tmp/tmp1993/shp11387_20171231b.shp;C:/Users/owner/Dropbox/Wzone/tmp/tmp1993/shp11433_20171231b.shp;C:/Users/owner/Dropbox/Wzone/tmp/tmp1993/shp11663_20171231b.shp;C:/Users/owner/Dropbox/Wzone/tmp/tmp1993/shp11665_20171231b.shp;C:/Users/owner/Dropbox/Wzone/tmp/tmp1993/shp11801_20171231b.shp;C:/Users/owner/Dropbox/Wzone/tmp/tmp1993/shp11973_20171231b.shp;C:/Users/owner/Dropbox/Wzone/tmp/tmp1993/shp12009_20171231b.shp;C:/Users/owner/Dropbox/Wzone/tmp/tmp1993/shp12132_20171231b.shp;C:/Users/owner/Dropbox/Wzone/tmp/tmp1993/shp12341_20171231b.shp;C:/Users/owner/Dropbox/Wzone/tmp/tmp1993/shp12378_20171231b.shp;C:/Users/owner/Dropbox/Wzone/tmp/tmp1993/shp12379_20171231b.shp;C:/Users/owner/Dropbox/Wzone/tmp/tmp1993/shp12380_20171231b.shp;C:/Users/owner/Dropbox/Wzone/tmp/tmp1993/shp12382_20171231b.shp;C:/Users/owner/Dropbox/Wzone/tmp/tmp1993/shp12413_20171231b.shp;C:/Users/owner/Dropbox/Wzone/tmp/tmp1993/shp12414_20171231b.shp;C:/Users/owner/Dropbox/Wzone/tmp/tmp1993/shp12422_20171231b.shp;C:/Users/owner/Dropbox/Wzone/tmp/tmp1993/shp12556_20171231b.shp;C:/Users/owner/Dropbox/Wzone/tmp/tmp1993/shp12693_20171231b.shp;C:/Users/owner/Dropbox/Wzone/tmp/tmp1993/shp14036_20171231b.shp;C:/Users/owner/Dropbox/Wzone/tmp/tmp1993/shp14059_20171231b.shp;C:/Users/owner/Dropbox/Wzone/tmp/tmp1993/shp14092_20171231b.shp;C:/Users/owner/Dropbox/Wzone/tmp/tmp1993/shp14200_20171231b.shp;C:/Users/owner/Dropbox/Wzone/tmp/tmp1993/shp14273_20171231b.shp;C:/Users/owner/Dropbox/Wzone/tmp/tmp1993/shp14318_20171231b.shp;C:/Users/owner/Dropbox/Wzone/tmp/tmp1993/shp14319_20171231b.shp;C:/Users/owner/Dropbox/Wzone/tmp/tmp1993/shp14320_20171231b.shp;C:/Users/owner/Dropbox/Wzone/tmp/tmp1993/shp14329_20171231b.shp;C:/Users/owner/Dropbox/Wzone/tmp/tmp1993/shp14353_20171231b.shp;C:/Users/owner/Dropbox/Wzone/tmp/tmp1993/shp14542_20171231b.shp;C:/Users/owner/Dropbox/Wzone/tmp/tmp1993/shp14593_20171231b.shp;C:/Users/owner/Dropbox/Wzone/tmp/tmp1993/shp14595_20171231b.shp;C:/Users/owner/Dropbox/Wzone/tmp/tmp1993/shp14596_20171231b.shp;C:/Users/owner/Dropbox/Wzone/tmp/tmp1993/shp14611_20171231b.shp;C:/Users/owner/Dropbox/Wzone/tmp/tmp1993/shp14619_20171231b.shp;C:/Users/owner/Dropbox/Wzone/tmp/tmp1993/shp14620_20171231b.shp;C:/Users/owner/Dropbox/Wzone/tmp/tmp1993/shp14637_20171231b.shp;C:/Users/owner/Dropbox/Wzone/tmp/tmp1993/shp14669_20171231b.shp;C:/Users/owner/Dropbox/Wzone/tmp/tmp1993/shp14671_20171231b.shp;C:/Users/owner/Dropbox/Wzone/tmp/tmp1993/shp14677_20171231b.shp;C:/Users/owner/Dropbox/Wzone/tmp/tmp1993/shp14685_20171231b.shp;C:/Users/owner/Dropbox/Wzone/tmp/tmp1993/shp14718_20171231b.shp;C:/Users/owner/Dropbox/Wzone/tmp/tmp1993/shp14744_20171231b.shp;C:/Users/owner/Dropbox/Wzone/tmp/tmp1993/shp14746_20171231b.shp;C:/Users/owner/Dropbox/Wzone/tmp/tmp1993/shp14750_20171231b.shp;C:/Users/owner/Dropbox/Wzone/tmp/tmp1993/shp14773_20171231b.shp;C:/Users/owner/Dropbox/Wzone/tmp/tmp1993/shp14799_20171231b.shp;C:/Users/owner/Dropbox/Wzone/tmp/tmp1993/shp14842_20171231b.shp;C:/Users/owner/Dropbox/Wzone/tmp/tmp1993/shp14895_20171231b.shp;C:/Users/owner/Dropbox/Wzone/tmp/tmp1993/shp14924_20171231b.shp;C:/Users/owner/Dropbox/Wzone/tmp/tmp1993/shp14973_20171231b.shp;C:/Users/owner/Dropbox/Wzone/tmp/tmp1993/shp15002_20171231b.shp;C:/Users/owner/Dropbox/Wzone/tmp/tmp1993/shp15019_20171231b.shp;C:/Users/owner/Dropbox/Wzone/tmp/tmp1993/shp15093_20171231b.shp;C:/Users/owner/Dropbox/Wzone/tmp/tmp1993/shp15100_20171231b.shp;C:/Users/owner/Dropbox/Wzone/tmp/tmp1993/shp15108_20171231b.shp;C:/Users/owner/Dropbox/Wzone/tmp/tmp1993/shp15123_20171231b.shp;C:/Users/owner/Dropbox/Wzone/tmp/tmp1993/shp15142_20171231b.shp;C:/Users/owner/Dropbox/Wzone/tmp/tmp1993/shp15161_20171231b.shp;C:/Users/owner/Dropbox/Wzone/tmp/tmp1993/shp15167_20171231b.shp;C:/Users/owner/Dropbox/Wzone/tmp/tmp1993/shp15177_20171231b.shp;C:/Users/owner/Dropbox/Wzone/tmp/tmp1993/shp15211_20171231b.shp;C:/Users/owner/Dropbox/Wzone/tmp/tmp1993/shp15241_20171231b.shp;C:/Users/owner/Dropbox/Wzone/tmp/tmp1993/shp15259_20171231b.shp;C:/Users/owner/Dropbox/Wzone/tmp/tmp1993/shp15292_20171231b.shp;C:/Users/owner/Dropbox/Wzone/tmp/tmp1993/shp15334_20171231b.shp;C:/Users/owner/Dropbox/Wzone/tmp/tmp1993/shp15376_20171231b.shp;C:/Users/owner/Dropbox/Wzone/tmp/tmp1993/shp15473_20171231b.shp;C:/Users/owner/Dropbox/Wzone/tmp/tmp1993/shp15489_20171231b.shp;C:/Users/owner/Dropbox/Wzone/tmp/tmp1993/shp15558_20171231b.shp;C:/Users/owner/Dropbox/Wzone/tmp/tmp1993/shp15750_20171231b.shp;C:/Users/owner/Dropbox/Wzone/tmp/tmp1993/shp15751_20171231b.shp;C:/Users/owner/Dropbox/Wzone/tmp/tmp1993/shp15793_20171231b.shp;C:/Users/owner/Dropbox/Wzone/tmp/tmp1993/shp17152_20171231b.shp;C:/Users/owner/Dropbox/Wzone/tmp/tmp1993/shp17247_20171231b.shp;C:/Users/owner/Dropbox/Wzone/tmp/tmp1993/shp17248_20171231b.shp C:\Users\owner\Dropbox\Wzone\out\wzone_shp\2017\2017_12_31.shp "dyad_id "dyad_id" true true false 5 Long 0 5,First,#,C:/Users/owner/Dropbox/Wzone/tmp/tmp1993/shp406_20171231b.shp,dyad_id,-1,-1,C:/Users/owner/Dropbox/Wzone/tmp/tmp1993/shp411_20171231b.shp,dyad_id,-1,-1,C:/Users/owner/Dropbox/Wzone/tmp/tmp1993/shp422_20171231b.shp,dyad_id,-1,-1,C:/Users/owner/Dropbox/Wzone/tmp/tmp1993/shp428_20171231b.shp,dyad_id,-1,-1,C:/Users/owner/Dropbox/Wzone/tmp/tmp1993/shp453_20171231b.shp,dyad_id,-1,-1,C:/Users/owner/Dropbox/Wzone/tmp/tmp1993/shp459_20171231b.shp,dyad_id,-1,-1,C:/Users/owner/Dropbox/Wzone/tmp/tmp1993/shp461_20171231b.shp,dyad_id,-1,-1,C:/Users/owner/Dropbox/Wzone/tmp/tmp1993/shp474_20171231b.shp,dyad_id,-1,-1,C:/Users/owner/Dropbox/Wzone/tmp/tmp1993/shp476_20171231b.shp,dyad_id,-1,-1,C:/Users/owner/Dropbox/Wzone/tmp/tmp1993/shp477_20171231b.shp,dyad_id,-1,-1,C:/Users/owner/Dropbox/Wzone/tmp/tmp1993/shp478_20171231b.shp,dyad_id,-1,-1,C:/Users/owner/Dropbox/Wzone/tmp/tmp1993/shp508_20171231b.shp,dyad_id,-1,-1,C:/Users/owner/Dropbox/Wzone/tmp/tmp1993/shp624_20171231b.shp,dyad_id,-1,-1,C:/Users/owner/Dropbox/Wzone/tmp/tmp1993/shp628_20171231b.shp,dyad_id,-1,-1,C:/Users/owner/Dropbox/Wzone/tmp/tmp1993/shp640_20171231b.shp,dyad_id,-1,-1,C:/Users/owner/Dropbox/Wzone/tmp/tmp1993/shp657_20171231b.shp,dyad_id,-1,-1,C:/Users/owner/Dropbox/Wzone/tmp/tmp1993/shp658_20171231b.shp,dyad_id,-1,-1,C:/Users/owner/Dropbox/Wzone/tmp/tmp1993/shp666_20171231b.shp,dyad_id,-1,-1,C:/Users/owner/Dropbox/Wzone/tmp/tmp1993/shp708_20171231b.shp,dyad_id,-1,-1,C:/Users/owner/Dropbox/Wzone/tmp/tmp1993/shp709_20171231b.shp,dyad_id,-1,-1,C:/Users/owner/Dropbox/Wzone/tmp/tmp1993/shp721_20171231b.shp,dyad_id,-1,-1,C:/Users/owner/Dropbox/Wzone/tmp/tmp1993/shp722_20171231b.shp,dyad_id,-1,-1,C:/Users/owner/Dropbox/Wzone/tmp/tmp1993/shp735_20171231b.shp,dyad_id,-1,-1,C:/Users/owner/Dropbox/Wzone/tmp/tmp1993/shp750_20171231b.shp,dyad_id,-1,-1,C:/Users/owner/Dropbox/Wzone/tmp/tmp1993/shp754_20171231b.shp,dyad_id,-1,-1,C:/Users/owner/Dropbox/Wzone/tmp/tmp1993/shp781_20171231b.shp,dyad_id,-1,-1,C:/Users/owner/Dropbox/Wzone/tmp/tmp1993/shp792_20171231b.shp,dyad_id,-1,-1,C:/Users/owner/Dropbox/Wzone/tmp/tmp1993/shp830_20171231b.shp,dyad_id,-1,-1,C:/Users/owner/Dropbox/Wzone/tmp/tmp1993/shp833_20171231b.shp,dyad_id,-1,-1,C:/Users/owner/Dropbox/Wzone/tmp/tmp1993/shp857_20171231b.shp,dyad_id,-1,-1,C:/Users/owner/Dropbox/Wzone/tmp/tmp1993/shp878_20171231b.shp,dyad_id,-1,-1,C:/Users/owner/Dropbox/Wzone/tmp/tmp1993/shp891_20171231b.shp,dyad_id,-1,-1,C:/Users/owner/Dropbox/Wzone/tmp/tmp1993/shp906_20171231b.shp,dyad_id,-1,-1,C:/Users/owner/Dropbox/Wzone/tmp/tmp1993/shp913_20171231b.shp,dyad_id,-1,-1,C:/Users/owner/Dropbox/Wzone/tmp/tmp1993/shp914_20171231b.shp,dyad_id,-1,-1,C:/Users/owner/Dropbox/Wzone/tmp/tmp1993/shp915_20171231b.shp,dyad_id,-1,-1,C:/Users/owner/Dropbox/Wzone/tmp/tmp1993/shp921_20171231b.shp,dyad_id,-1,-1,C:/Users/owner/Dropbox/Wzone/tmp/tmp1993/shp929_20171231b.shp,dyad_id,-1,-1,C:/Users/owner/Dropbox/Wzone/tmp/tmp1993/shp930_20171231b.shp,dyad_id,-1,-1,C:/Users/owner/Dropbox/Wzone/tmp/tmp1993/shp931_20171231b.shp,dyad_id,-1,-1,C:/Users/owner/Dropbox/Wzone/tmp/tmp1993/shp934_20171231b.shp,dyad_id,-1,-1,C:/Users/owner/Dropbox/Wzone/tmp/tmp1993/shp936_20171231b.shp,dyad_id,-1,-1,C:/Users/owner/Dropbox/Wzone/tmp/tmp1993/shp938_20171231b.shp,dyad_id,-1,-1,C:/Users/owner/Dropbox/Wzone/tmp/tmp1993/shp941_20171231b.shp,dyad_id,-1,-1,C:/Users/owner/Dropbox/Wzone/tmp/tmp1993/shp942_20171231b.shp,dyad_id,-1,-1,C:/Users/owner/Dropbox/Wzone/tmp/tmp1993/shp944_20171231b.shp,dyad_id,-1,-1,C:/Users/owner/Dropbox/Wzone/tmp/tmp1993/shp947_20171231b.shp,dyad_id,-1,-1,C:/Users/owner/Dropbox/Wzone/tmp/tmp1993/shp948_20171231b.shp,dyad_id,-1,-1,C:/Users/owner/Dropbox/Wzone/tmp/tmp1993/shp950_20171231b.shp,dyad_id,-1,-1,C:/Users/owner/Dropbox/Wzone/tmp/tmp1993/shp951_20171231b.shp,dyad_id,-1,-1,C:/Users/owner/Dropbox/Wzone/tmp/tmp1993/shp955_20171231b.shp,dyad_id,-1,-1,C:/Users/owner/Dropbox/Wzone/tmp/tmp1993/shp962_20171231b.shp,dyad_id,-1,-1,C:/Users/owner/Dropbox/Wzone/tmp/tmp1993/shp966_20171231b.shp,dyad_id,-1,-1,C:/Users/owner/Dropbox/Wzone/tmp/tmp1993/shp973_20171231b.shp,dyad_id,-1,-1,C:/Users/owner/Dropbox/Wzone/tmp/tmp1993/shp981_20171231b.shp,dyad_id,-1,-1,C:/Users/owner/Dropbox/Wzone/tmp/tmp1993/shp988_20171231b.shp,dyad_id,-1,-1,C:/Users/owner/Dropbox/Wzone/tmp/tmp1993/shp989_20171231b.shp,dyad_id,-1,-1,C:/Users/owner/Dropbox/Wzone/tmp/tmp1993/shp997_20171231b.shp,dyad_id,-1,-1,C:/Users/owner/Dropbox/Wzone/tmp/tmp1993/shp1007_20171231b.shp,dyad_id,-1,-1,C:/Users/owner/Dropbox/Wzone/tmp/tmp1993/shp1023_20171231b.shp,dyad_id,-1,-1,C:/Users/owner/Dropbox/Wzone/tmp/tmp1993/shp1036_20171231b.shp,dyad_id,-1,-1,C:/Users/owner/Dropbox/Wzone/tmp/tmp1993/shp1071_20171231b.shp,dyad_id,-1,-1,C:/Users/owner/Dropbox/Wzone/tmp/tmp1993/shp1073_20171231b.shp,dyad_id,-1,-1,C:/Users/owner/Dropbox/Wzone/tmp/tmp1993/shp1096_20171231b.shp,dyad_id,-1,-1,C:/Users/owner/Dropbox/Wzone/tmp/tmp1993/shp1108_20171231b.shp,dyad_id,-1,-1,C:/Users/owner/Dropbox/Wzone/tmp/tmp1993/shp1167_20171231b.shp,dyad_id,-1,-1,C:/Users/owner/Dropbox/Wzone/tmp/tmp1993/shp1175_20171231b.shp,dyad_id,-1,-1,C:/Users/owner/Dropbox/Wzone/tmp/tmp1993/shp1176_20171231b.shp,dyad_id,-1,-1,C:/Users/owner/Dropbox/Wzone/tmp/tmp1993/shp1182_20171231b.shp,dyad_id,-1,-1,C:/Users/owner/Dropbox/Wzone/tmp/tmp1993/shp1204_20171231b.shp,dyad_id,-1,-1,C:/Users/owner/Dropbox/Wzone/tmp/tmp1993/shp1702_20171231b.shp,dyad_id,-1,-1,C:/Users/owner/Dropbox/Wzone/tmp/tmp1993/shp1704_20171231b.shp,dyad_id,-1,-1,C:/Users/owner/Dropbox/Wzone/tmp/tmp1993/shp2332_20171231b.shp,dyad_id,-1,-1,C:/Users/owner/Dropbox/Wzone/tmp/tmp1993/shp2425_20171231b.shp,dyad_id,-1,-1,C:/Users/owner/Dropbox/Wzone/tmp/tmp1993/shp2461_20171231b.shp,dyad_id,-1,-1,C:/Users/owner/Dropbox/Wzone/tmp/tmp1993/shp2472_20171231b.shp,dyad_id,-1,-1,C:/Users/owner/Dropbox/Wzone/tmp/tmp1993/shp4313_20171231b.shp,dyad_id,-1,-1,C:/Users/owner/Dropbox/Wzone/tmp/tmp1993/shp5201_20171231b.shp,dyad_id,-1,-1,C:/Users/owner/Dropbox/Wzone/tmp/tmp1993/shp5247_20171231b.shp,dyad_id,-1,-1,C:/Users/owner/Dropbox/Wzone/tmp/tmp1993/shp5262_20171231b.shp,dyad_id,-1,-1,C:/Users/owner/Dropbox/Wzone/tmp/tmp1993/shp5270_20171231b.shp,dyad_id,-1,-1,C:/Users/owner/Dropbox/Wzone/tmp/tmp1993/shp5293_20171231b.shp,dyad_id,-1,-1,C:/Users/owner/Dropbox/Wzone/tmp/tmp1993/shp5313_20171231b.shp,dyad_id,-1,-1,C:/Users/owner/Dropbox/Wzone/tmp/tmp1993/shp5314_20171231b.shp,dyad_id,-1,-1,C:/Users/owner/Dropbox/Wzone/tmp/tmp1993/shp5349_20171231b.shp,dyad_id,-1,-1,C:/Users/owner/Dropbox/Wzone/tmp/tmp1993/shp5405_20171231b.shp,dyad_id,-1,-1,C:/Users/owner/Dropbox/Wzone/tmp/tmp1993/shp5512_20171231b.shp,dyad_id,-1,-1,C:/Users/owner/Dropbox/Wzone/tmp/tmp1993/shp5534_20171231b.shp,dyad_id,-1,-1,C:/Users/owner/Dropbox/Wzone/tmp/tmp1993/shp5543_20171231b.shp,dyad_id,-1,-1,C:/Users/owner/Dropbox/Wzone/tmp/tmp1993/shp5551_20171231b.shp,dyad_id,-1,-1,C:/Users/owner/Dropbox/Wzone/tmp/tmp1993/shp5583_20171231b.shp,dyad_id,-1,-1,C:/Users/owner/Dropbox/Wzone/tmp/tmp1993/shp5584_20171231b.shp,dyad_id,-1,-1,C:/Users/owner/Dropbox/Wzone/tmp/tmp1993/shp5589_20171231b.shp,dyad_id,-1,-1,C:/Users/owner/Dropbox/Wzone/tmp/tmp1993/shp5598_20171231b.shp,dyad_id,-1,-1,C:/Users/owner/Dropbox/Wzone/tmp/tmp1993/shp5649_20171231b.shp,dyad_id,-1,-1,C:/Users/owner/Dropbox/Wzone/tmp/tmp1993/shp10098_20171231b.shp,dyad_id,-1,-1,C:/Users/owner/Dropbox/Wzone/tmp/tmp1993/shp10264_20171231b.shp,dyad_id,-1,-1,C:/Users/owner/Dropbox/Wzone/tmp/tmp1993/shp10589_20171231b.shp,dyad_id,-1,-1,C:/Users/owner/Dropbox/Wzone/tmp/tmp1993/shp10882_20171231b.shp,dyad_id,-1,-1,C:/Users/owner/Dropbox/Wzone/tmp/tmp1993/shp11123_20171231b.shp,dyad_id,-1,-1,C:/Users/owner/Dropbox/Wzone/tmp/tmp1993/shp11377_20171231b.shp,dyad_id,-1,-1,C:/Users/owner/Dropbox/Wzone/tmp/tmp1993/shp11387_20171231b.shp,dyad_id,-1,-1,C:/Users/owner/Dropbox/Wzone/tmp/tmp1993/shp11433_20171231b.shp,dyad_id,-1,-1,C:/Users/owner/Dropbox/Wzone/tmp/tmp1993/shp11663_20171231b.shp,dyad_id,-1,-1,C:/Users/owner/Dropbox/Wzone/tmp/tmp1993/shp11665_20171231b.shp,dyad_id,-1,-1,C:/Users/owner/Dropbox/Wzone/tmp/tmp1993/shp11801_20171231b.shp,dyad_id,-1,-1,C:/Users/owner/Dropbox/Wzone/tmp/tmp1993/shp11973_20171231b.shp,dyad_id,-1,-1,C:/Users/owner/Dropbox/Wzone/tmp/tmp1993/shp12009_20171231b.shp,dyad_id,-1,-1,C:/Users/owner/Dropbox/Wzone/tmp/tmp1993/shp12132_20171231b.shp,dyad_id,-1,-1,C:/Users/owner/Dropbox/Wzone/tmp/tmp1993/shp12341_20171231b.shp,dyad_id,-1,-1,C:/Users/owner/Dropbox/Wzone/tmp/tmp1993/shp12378_20171231b.shp,dyad_id,-1,-1,C:/Users/owner/Dropbox/Wzone/tmp/tmp1993/shp12379_20171231b.shp,dyad_id,-1,-1,C:/Users/owner/Dropbox/Wzone/tmp/tmp1993/shp12380_20171231b.shp,dyad_id,-1,-1,C:/Users/owner/Dropbox/Wzone/tmp/tmp1993/shp12382_20171231b.shp,dyad_id,-1,-1,C:/Users/owner/Dropbox/Wzone/tmp/tmp1993/shp12413_20171231b.shp,dyad_id,-1,-1,C:/Users/owner/Dropbox/Wzone/tmp/tmp1993/shp12414_20171231b.shp,dyad_id,-1,-1,C:/Users/owner/Dropbox/Wzone/tmp/tmp1993/shp12422_20171231b.shp,dyad_id,-1,-1,C:/Users/owner/Dropbox/Wzone/tmp/tmp1993/shp12556_20171231b.shp,dyad_id,-1,-1,C:/Users/owner/Dropbox/Wzone/tmp/tmp1993/shp12693_20171231b.shp,dyad_id,-1,-1,C:/Users/owner/Dropbox/Wzone/tmp/tmp1993/shp14036_20171231b.shp,dyad_id,-1,-1,C:/Users/owner/Dropbox/Wzone/tmp/tmp1993/shp14059_20171231b.shp,dyad_id,-1,-1,C:/Users/owner/Dropbox/Wzone/tmp/tmp1993/shp14092_20171231b.shp,dyad_id,-1,-1,C:/Users/owner/Dropbox/Wzone/tmp/tmp1993/shp14200_20171231b.shp,dyad_id,-1,-1,C:/Users/owner/Dropbox/Wzone/tmp/tmp1993/shp14273_20171231b.shp,dyad_id,-1,-1,C:/Users/owner/Dropbox/Wzone/tmp/tmp1993/shp14318_20171231b.shp,dyad_id,-1,-1,C:/Users/owner/Dropbox/Wzone/tmp/tmp1993/shp14319_20171231b.shp,dyad_id,-1,-1,C:/Users/owner/Dropbox/Wzone/tmp/tmp1993/shp14320_20171231b.shp,dyad_id,-1,-1,C:/Users/owner/Dropbox/Wzone/tmp/tmp1993/shp14329_20171231b.shp,dyad_id,-1,-1,C:/Users/owner/Dropbox/Wzone/tmp/tmp1993/shp14353_20171231b.shp,dyad_id,-1,-1,C:/Users/owner/Dropbox/Wzone/tmp/tmp1993/shp14542_20171231b.shp,dyad_id,-1,-1,C:/Users/owner/Dropbox/Wzone/tmp/tmp1993/shp14593_20171231b.shp,dyad_id,-1,-1,C:/Users/owner/Dropbox/Wzone/tmp/tmp1993/shp14595_20171231b.shp,dyad_id,-1,-1,C:/Users/owner/Dropbox/Wzone/tmp/tmp1993/shp14596_20171231b.shp,dyad_id,-1,-1,C:/Users/owner/Dropbox/Wzone/tmp/tmp1993/shp14611_20171231b.shp,dyad_id,-1,-1,C:/Users/owner/Dropbox/Wzone/tmp/tmp1993/shp14619_20171231b.shp,dyad_id,-1,-1,C:/Users/owner/Dropbox/Wzone/tmp/tmp1993/shp14620_20171231b.shp,dyad_id,-1,-1,C:/Users/owner/Dropbox/Wzone/tmp/tmp1993/shp14637_20171231b.shp,dyad_id,-1,-1,C:/Users/owner/Dropbox/Wzone/tmp/tmp1993/shp14669_20171231b.shp,dyad_id,-1,-1,C:/Users/owner/Dropbox/Wzone/tmp/tmp1993/shp14671_20171231b.shp,dyad_id,-1,-1,C:/Users/owner/Dropbox/Wzone/tmp/tmp1993/shp14677_20171231b.shp,dyad_id,-1,-1,C:/Users/owner/Dropbox/Wzone/tmp/tmp1993/shp14685_20171231b.shp,dyad_id,-1,-1,C:/Users/owner/Dropbox/Wzone/tmp/tmp1993/shp14718_20171231b.shp,dyad_id,-1,-1,C:/Users/owner/Dropbox/Wzone/tmp/tmp1993/shp14744_20171231b.shp,dyad_id,-1,-1,C:/Users/owner/Dropbox/Wzone/tmp/tmp1993/shp14746_20171231b.shp,dyad_id,-1,-1,C:/Users/owner/Dropbox/Wzone/tmp/tmp1993/shp14750_20171231b.shp,dyad_id,-1,-1,C:/Users/owner/Dropbox/Wzone/tmp/tmp1993/shp14773_20171231b.shp,dyad_id,-1,-1,C:/Users/owner/Dropbox/Wzone/tmp/tmp1993/shp14799_20171231b.shp,dyad_id,-1,-1,C:/Users/owner/Dropbox/Wzone/tmp/tmp1993/shp14842_20171231b.shp,dyad_id,-1,-1,C:/Users/owner/Dropbox/Wzone/tmp/tmp1993/shp14895_20171231b.shp,dyad_id,-1,-1,C:/Users/owner/Dropbox/Wzone/tmp/tmp1993/shp14924_20171231b.shp,dyad_id,-1,-1,C:/Users/owner/Dropbox/Wzone/tmp/tmp1993/shp14973_20171231b.shp,dyad_id,-1,-1,C:/Users/owner/Dropbox/Wzone/tmp/tmp1993/shp15002_20171231b.shp,dyad_id,-1,-1,C:/Users/owner/Dropbox/Wzone/tmp/tmp1993/shp15019_20171231b.shp,dyad_id,-1,-1,C:/Users/owner/Dropbox/Wzone/tmp/tmp1993/shp15093_20171231b.shp,dyad_id,-1,-1,C:/Users/owner/Dropbox/Wzone/tmp/tmp1993/shp15100_20171231b.shp,dyad_id,-1,-1,C:/Users/owner/Dropbox/Wzone/tmp/tmp1993/shp15108_20171231b.shp,dyad_id,-1,-1,C:/Users/owner/Dropbox/Wzone/tmp/tmp1993/shp15123_20171231b.shp,dyad_id,-1,-1,C:/Users/owner/Dropbox/Wzone/tmp/tmp1993/shp15142_20171231b.shp,dyad_id,-1,-1,C:/Users/owner/Dropbox/Wzone/tmp/tmp1993/shp15161_20171231b.shp,dyad_id,-1,-1,C:/Users/owner/Dropbox/Wzone/tmp/tmp1993/shp15167_20171231b.shp,dyad_id,-1,-1,C:/Users/owner/Dropbox/Wzone/tmp/tmp1993/shp15177_20171231b.shp,dyad_id,-1,-1,C:/Users/owner/Dropbox/Wzone/tmp/tmp1993/shp15211_20171231b.shp,dyad_id,-1,-1,C:/Users/owner/Dropbox/Wzone/tmp/tmp1993/shp15241_20171231b.shp,dyad_id,-1,-1,C:/Users/owner/Dropbox/Wzone/tmp/tmp1993/shp15259_20171231b.shp,dyad_id,-1,-1,C:/Users/owner/Dropbox/Wzone/tmp/tmp1993/shp15292_20171231b.shp,dyad_id,-1,-1,C:/Users/owner/Dropbox/Wzone/tmp/tmp1993/shp15334_20171231b.shp,dyad_id,-1,-1,C:/Users/owner/Dropbox/Wzone/tmp/tmp1993/shp15376_20171231b.shp,dyad_id,-1,-1,C:/Users/owner/Dropbox/Wzone/tmp/tmp1993/shp15473_20171231b.shp,dyad_id,-1,-1,C:/Users/owner/Dropbox/Wzone/tmp/tmp1993/shp15489_20171231b.shp,dyad_id,-1,-1,C:/Users/owner/Dropbox/Wzone/tmp/tmp1993/shp15558_20171231b.shp,dyad_id,-1,-1,C:/Users/owner/Dropbox/Wzone/tmp/tmp1993/shp15750_20171231b.shp,dyad_id,-1,-1,C:/Users/owner/Dropbox/Wzone/tmp/tmp1993/shp15751_20171231b.shp,dyad_id,-1,-1,C:/Users/owner/Dropbox/Wzone/tmp/tmp1993/shp15793_20171231b.shp,dyad_id,-1,-1,C:/Users/owner/Dropbox/Wzone/tmp/tmp1993/shp17152_20171231b.shp,dyad_id,-1,-1,C:/Users/owner/Dropbox/Wzone/tmp/tmp1993/shp17247_20171231b.shp,dyad_id,-1,-1,C:/Users/owner/Dropbox/Wzone/tmp/tmp1993/shp17248_20171231b.shp,dyad_id,-1,-1;conf_id "conf_id" true true false 5 Long 0 5,First,#,C:/Users/owner/Dropbox/Wzone/tmp/tmp1993/shp406_20171231b.shp,conf_id,-1,-1,C:/Users/owner/Dropbox/Wzone/tmp/tmp1993/shp411_20171231b.shp,conf_id,-1,-1,C:/Users/owner/Dropbox/Wzone/tmp/tmp1993/shp422_20171231b.shp,conf_id,-1,-1,C:/Users/owner/Dropbox/Wzone/tmp/tmp1993/shp428_20171231b.shp,conf_id,-1,-1,C:/Users/owner/Dropbox/Wzone/tmp/tmp1993/shp453_20171231b.shp,conf_id,-1,-1,C:/Users/owner/Dropbox/Wzone/tmp/tmp1993/shp459_20171231b.shp,conf_id,-1,-1,C:/Users/owner/Dropbox/Wzone/tmp/tmp1993/shp461_20171231b.shp,conf_id,-1,-1,C:/Users/owner/Dropbox/Wzone/tmp/tmp1993/shp474_20171231b.shp,conf_id,-1,-1,C:/Users/owner/Dropbox/Wzone/tmp/tmp1993/shp476_20171231b.shp,conf_id,-1,-1,C:/Users/owner/Dropbox/Wzone/tmp/tmp1993/shp477_20171231b.shp,conf_id,-1,-1,C:/Users/owner/Dropbox/Wzone/tmp/tmp1993/shp478_20171231b.shp,conf_id,-1,-1,C:/Users/owner/Dropbox/Wzone/tmp/tmp1993/shp508_20171231b.shp,conf_id,-1,-1,C:/Users/owner/Dropbox/Wzone/tmp/tmp1993/shp624_20171231b.shp,conf_id,-1,-1,C:/Users/owner/Dropbox/Wzone/tmp/tmp1993/shp628_20171231b.shp,conf_id,-1,-1,C:/Users/owner/Dropbox/Wzone/tmp/tmp1993/shp640_20171231b.shp,conf_id,-1,-1,C:/Users/owner/Dropbox/Wzone/tmp/tmp1993/shp657_20171231b.shp,conf_id,-1,-1,C:/Users/owner/Dropbox/Wzone/tmp/tmp1993/shp658_20171231b.shp,conf_id,-1,-1,C:/Users/owner/Dropbox/Wzone/tmp/tmp1993/shp666_20171231b.shp,conf_id,-1,-1,C:/Users/owner/Dropbox/Wzone/tmp/tmp1993/shp708_20171231b.shp,conf_id,-1,-1,C:/Users/owner/Dropbox/Wzone/tmp/tmp1993/shp709_20171231b.shp,conf_id,-1,-1,C:/Users/owner/Dropbox/Wzone/tmp/tmp1993/shp721_20171231b.shp,conf_id,-1,-1,C:/Users/owner/Dropbox/Wzone/tmp/tmp1993/shp722_20171231b.shp,conf_id,-1,-1,C:/Users/owner/Dropbox/Wzone/tmp/tmp1993/shp735_20171231b.shp,conf_id,-1,-1,C:/Users/owner/Dropbox/Wzone/tmp/tmp1993/shp750_20171231b.shp,conf_id,-1,-1,C:/Users/owner/Dropbox/Wzone/tmp/tmp1993/shp754_20171231b.shp,conf_id,-1,-1,C:/Users/owner/Dropbox/Wzone/tmp/tmp1993/shp781_20171231b.shp,conf_id,-1,-1,C:/Users/owner/Dropbox/Wzone/tmp/tmp1993/shp792_20171231b.shp,conf_id,-1,-1,C:/Users/owner/Dropbox/Wzone/tmp/tmp1993/shp830_20171231b.shp,conf_id,-1,-1,C:/Users/owner/Dropbox/Wzone/tmp/tmp1993/shp833_20171231b.shp,conf_id,-1,-1,C:/Users/owner/Dropbox/Wzone/tmp/tmp1993/shp857_20171231b.shp,conf_id,-1,-1,C:/Users/owner/Dropbox/Wzone/tmp/tmp1993/shp878_20171231b.shp,conf_id,-1,-1,C:/Users/owner/Dropbox/Wzone/tmp/tmp1993/shp891_20171231b.shp,conf_id,-1,-1,C:/Users/owner/Dropbox/Wzone/tmp/tmp1993/shp906_20171231b.shp,conf_id,-1,-1,C:/Users/owner/Dropbox/Wzone/tmp/tmp1993/shp913_20171231b.shp,conf_id,-1,-1,C:/Users/owner/Dropbox/Wzone/tmp/tmp1993/shp914_20171231b.shp,conf_id,-1,-1,C:/Users/owner/Dropbox/Wzone/tmp/tmp1993/shp915_20171231b.shp,conf_id,-1,-1,C:/Users/owner/Dropbox/Wzone/tmp/tmp1993/shp921_20171231b.shp,conf_id,-1,-1,C:/Users/owner/Dropbox/Wzone/tmp/tmp1993/shp929_20171231b.shp,conf_id,-1,-1,C:/Users/owner/Dropbox/Wzone/tmp/tmp1993/shp930_20171231b.shp,conf_id,-1,-1,C:/Users/owner/Dropbox/Wzone/tmp/tmp1993/shp931_20171231b.shp,conf_id,-1,-1,C:/Users/owner/Dropbox/Wzone/tmp/tmp1993/shp934_20171231b.shp,conf_id,-1,-1,C:/Users/owner/Dropbox/Wzone/tmp/tmp1993/shp936_20171231b.shp,conf_id,-1,-1,C:/Users/owner/Dropbox/Wzone/tmp/tmp1993/shp938_20171231b.shp,conf_id,-1,-1,C:/Users/owner/Dropbox/Wzone/tmp/tmp1993/shp941_20171231b.shp,conf_id,-1,-1,C:/Users/owner/Dropbox/Wzone/tmp/tmp1993/shp942_20171231b.shp,conf_id,-1,-1,C:/Users/owner/Dropbox/Wzone/tmp/tmp1993/shp944_20171231b.shp,conf_id,-1,-1,C:/Users/owner/Dropbox/Wzone/tmp/tmp1993/shp947_20171231b.shp,conf_id,-1,-1,C:/Users/owner/Dropbox/Wzone/tmp/tmp1993/shp948_20171231b.shp,conf_id,-1,-1,C:/Users/owner/Dropbox/Wzone/tmp/tmp1993/shp950_20171231b.shp,conf_id,-1,-1,C:/Users/owner/Dropbox/Wzone/tmp/tmp1993/shp951_20171231b.shp,conf_id,-1,-1,C:/Users/owner/Dropbox/Wzone/tmp/tmp1993/shp955_20171231b.shp,conf_id,-1,-1,C:/Users/owner/Dropbox/Wzone/tmp/tmp1993/shp962_20171231b.shp,conf_id,-1,-1,C:/Users/owner/Dropbox/Wzone/tmp/tmp1993/shp966_20171231b.shp,conf_id,-1,-1,C:/Users/owner/Dropbox/Wzone/tmp/tmp1993/shp973_20171231b.shp,conf_id,-1,-1,C:/Users/owner/Dropbox/Wzone/tmp/tmp1993/shp981_20171231b.shp,conf_id,-1,-1,C:/Users/owner/Dropbox/Wzone/tmp/tmp1993/shp988_20171231b.shp,conf_id,-1,-1,C:/Users/owner/Dropbox/Wzone/tmp/tmp1993/shp989_20171231b.shp,conf_id,-1,-1,C:/Users/owner/Dropbox/Wzone/tmp/tmp1993/shp997_20171231b.shp,conf_id,-1,-1,C:/Users/owner/Dropbox/Wzone/tmp/tmp1993/shp1007_20171231b.shp,conf_id,-1,-1,C:/Users/owner/Dropbox/Wzone/tmp/tmp1993/shp1023_20171231b.shp,conf_id,-1,-1,C:/Users/owner/Dropbox/Wzone/tmp/tmp1993/shp1036_20171231b.shp,conf_id,-1,-1,C:/Users/owner/Dropbox/Wzone/tmp/tmp1993/shp1071_20171231b.shp,conf_id,-1,-1,C:/Users/owner/Dropbox/Wzone/tmp/tmp1993/shp1073_20171231b.shp,conf_id,-1,-1,C:/Users/owner/Dropbox/Wzone/tmp/tmp1993/shp1096_20171231b.shp,conf_id,-1,-1,C:/Users/owner/Dropbox/Wzone/tmp/tmp1993/shp1108_20171231b.shp,conf_id,-1,-1,C:/Users/owner/Dropbox/Wzone/tmp/tmp1993/shp1167_20171231b.shp,conf_id,-1,-1,C:/Users/owner/Dropbox/Wzone/tmp/tmp1993/shp1175_20171231b.shp,conf_id,-1,-1,C:/Users/owner/Dropbox/Wzone/tmp/tmp1993/shp1176_20171231b.shp,conf_id,-1,-1,C:/Users/owner/Dropbox/Wzone/tmp/tmp1993/shp1182_20171231b.shp,conf_id,-1,-1,C:/Users/owner/Dropbox/Wzone/tmp/tmp1993/shp1204_20171231b.shp,conf_id,-1,-1,C:/Users/owner/Dropbox/Wzone/tmp/tmp1993/shp1702_20171231b.shp,conf_id,-1,-1,C:/Users/owner/Dropbox/Wzone/tmp/tmp1993/shp1704_20171231b.shp,conf_id,-1,-1,C:/Users/owner/Dropbox/Wzone/tmp/tmp1993/shp2332_20171231b.shp,conf_id,-1,-1,C:/Users/owner/Dropbox/Wzone/tmp/tmp1993/shp2425_20171231b.shp,conf_id,-1,-1,C:/Users/owner/Dropbox/Wzone/tmp/tmp1993/shp2461_20171231b.shp,conf_id,-1,-1,C:/Users/owner/Dropbox/Wzone/tmp/tmp1993/shp2472_20171231b.shp,conf_id,-1,-1,C:/Users/owner/Dropbox/Wzone/tmp/tmp1993/shp4313_20171231b.shp,conf_id,-1,-1,C:/Users/owner/Dropbox/Wzone/tmp/tmp1993/shp5201_20171231b.shp,conf_id,-1,-1,C:/Users/owner/Dropbox/Wzone/tmp/tmp1993/shp5247_20171231b.shp,conf_id,-1,-1,C:/Users/owner/Dropbox/Wzone/tmp/tmp1993/shp5262_20171231b.shp,conf_id,-1,-1,C:/Users/owner/Dropbox/Wzone/tmp/tmp1993/shp5270_20171231b.shp,conf_id,-1,-1,C:/Users/owner/Dropbox/Wzone/tmp/tmp1993/shp5293_20171231b.shp,conf_id,-1,-1,C:/Users/owner/Dropbox/Wzone/tmp/tmp1993/shp5313_20171231b.shp,conf_id,-1,-1,C:/Users/owner/Dropbox/Wzone/tmp/tmp1993/shp5314_20171231b.shp,conf_id,-1,-1,C:/Users/owner/Dropbox/Wzone/tmp/tmp1993/shp5349_20171231b.shp,conf_id,-1,-1,C:/Users/owner/Dropbox/Wzone/tmp/tmp1993/shp5405_20171231b.shp,conf_id,-1,-1,C:/Users/owner/Dropbox/Wzone/tmp/tmp1993/shp5512_20171231b.shp,conf_id,-1,-1,C:/Users/owner/Dropbox/Wzone/tmp/tmp1993/shp5534_20171231b.shp,conf_id,-1,-1,C:/Users/owner/Dropbox/Wzone/tmp/tmp1993/shp5543_20171231b.shp,conf_id,-1,-1,C:/Users/owner/Dropbox/Wzone/tmp/tmp1993/shp5551_20171231b.shp,conf_id,-1,-1,C:/Users/owner/Dropbox/Wzone/tmp/tmp1993/shp5583_20171231b.shp,conf_id,-1,-1,C:/Users/owner/Dropbox/Wzone/tmp/tmp1993/shp5584_20171231b.shp,conf_id,-1,-1,C:/Users/owner/Dropbox/Wzone/tmp/tmp1993/shp5589_20171231b.shp,conf_id,-1,-1,C:/Users/owner/Dropbox/Wzone/tmp/tmp1993/shp5598_20171231b.shp,conf_id,-1,-1,C:/Users/owner/Dropbox/Wzone/tmp/tmp1993/shp5649_20171231b.shp,conf_id,-1,-1,C:/Users/owner/Dropbox/Wzone/tmp/tmp1993/shp10098_20171231b.shp,conf_id,-1,-1,C:/Users/owner/Dropbox/Wzone/tmp/tmp1993/shp10264_20171231b.shp,conf_id,-1,-1,C:/Users/owner/Dropbox/Wzone/tmp/tmp1993/shp10589_20171231b.shp,conf_id,-1,-1,C:/Users/owner/Dropbox/Wzone/tmp/tmp1993/shp10882_20171231b.shp,conf_id,-1,-1,C:/Users/owner/Dropbox/Wzone/tmp/tmp1993/shp11123_20171231b.shp,conf_id,-1,-1,C:/Users/owner/Dropbox/Wzone/tmp/tmp1993/shp11377_20171231b.shp,conf_id,-1,-1,C:/Users/owner/Dropbox/Wzone/tmp/tmp1993/shp11387_20171231b.shp,conf_id,-1,-1,C:/Users/owner/Dropbox/Wzone/tmp/tmp1993/shp11433_20171231b.shp,conf_id,-1,-1,C:/Users/owner/Dropbox/Wzone/tmp/tmp1993/shp11663_20171231b.shp,conf_id,-1,-1,C:/Users/owner/Dropbox/Wzone/tmp/tmp1993/shp11665_20171231b.shp,conf_id,-1,-1,C:/Users/owner/Dropbox/Wzone/tmp/tmp1993/shp11801_20171231b.shp,conf_id,-1,-1,C:/Users/owner/Dropbox/Wzone/tmp/tmp1993/shp11973_20171231b.shp,conf_id,-1,-1,C:/Users/owner/Dropbox/Wzone/tmp/tmp1993/shp12009_20171231b.shp,conf_id,-1,-1,C:/Users/owner/Dropbox/Wzone/tmp/tmp1993/shp12132_20171231b.shp,conf_id,-1,-1,C:/Users/owner/Dropbox/Wzone/tmp/tmp1993/shp12341_20171231b.shp,conf_id,-1,-1,C:/Users/owner/Dropbox/Wzone/tmp/tmp1993/shp12378_20171231b.shp,conf_id,-1,-1,C:/Users/owner/Dropbox/Wzone/tmp/tmp1993/shp12379_20171231b.shp,conf_id,-1,-1,C:/Users/owner/Dropbox/Wzone/tmp/tmp1993/shp12380_20171231b.shp,conf_id,-1,-1,C:/Users/owner/Dropbox/Wzone/tmp/tmp1993/shp12382_20171231b.shp,conf_id,-1,-1,C:/Users/owner/Dropbox/Wzone/tmp/tmp1993/shp12413_20171231b.shp,conf_id,-1,-1,C:/Users/owner/Dropbox/Wzone/tmp/tmp1993/shp12414_20171231b.shp,conf_id,-1,-1,C:/Users/owner/Dropbox/Wzone/tmp/tmp1993/shp12422_20171231b.shp,conf_id,-1,-1,C:/Users/owner/Dropbox/Wzone/tmp/tmp1993/shp12556_20171231b.shp,conf_id,-1,-1,C:/Users/owner/Dropbox/Wzone/tmp/tmp1993/shp12693_20171231b.shp,conf_id,-1,-1,C:/Users/owner/Dropbox/Wzone/tmp/tmp1993/shp14036_20171231b.shp,conf_id,-1,-1,C:/Users/owner/Dropbox/Wzone/tmp/tmp1993/shp14059_20171231b.shp,conf_id,-1,-1,C:/Users/owner/Dropbox/Wzone/tmp/tmp1993/shp14092_20171231b.shp,conf_id,-1,-1,C:/Users/owner/Dropbox/Wzone/tmp/tmp1993/shp14200_20171231b.shp,conf_id,-1,-1,C:/Users/owner/Dropbox/Wzone/tmp/tmp1993/shp14273_20171231b.shp,conf_id,-1,-1,C:/Users/owner/Dropbox/Wzone/tmp/tmp1993/shp14318_20171231b.shp,conf_id,-1,-1,C:/Users/owner/Dropbox/Wzone/tmp/tmp1993/shp14319_20171231b.shp,conf_id,-1,-1,C:/Users/owner/Dropbox/Wzone/tmp/tmp1993/shp14320_20171231b.shp,conf_id,-1,-1,C:/Users/owner/Dropbox/Wzone/tmp/tmp1993/shp14329_20171231b.shp,conf_id,-1,-1,C:/Users/owner/Dropbox/Wzone/tmp/tmp1993/shp14353_20171231b.shp,conf_id,-1,-1,C:/Users/owner/Dropbox/Wzone/tmp/tmp1993/shp14542_20171231b.shp,conf_id,-1,-1,C:/Users/owner/Dropbox/Wzone/tmp/tmp1993/shp14593_20171231b.shp,conf_id,-1,-1,C:/Users/owner/Dropbox/Wzone/tmp/tmp1993/shp14595_20171231b.shp,conf_id,-1,-1,C:/Users/owner/Dropbox/Wzone/tmp/tmp1993/shp14596_20171231b.shp,conf_id,-1,-1,C:/Users/owner/Dropbox/Wzone/tmp/tmp1993/shp14611_20171231b.shp,conf_id,-1,-1,C:/Users/owner/Dropbox/Wzone/tmp/tmp1993/shp14619_20171231b.shp,conf_id,-1,-1,C:/Users/owner/Dropbox/Wzone/tmp/tmp1993/shp14620_20171231b.shp,conf_id,-1,-1,C:/Users/owner/Dropbox/Wzone/tmp/tmp1993/shp14637_20171231b.shp,conf_id,-1,-1,C:/Users/owner/Dropbox/Wzone/tmp/tmp1993/shp14669_20171231b.shp,conf_id,-1,-1,C:/Users/owner/Dropbox/Wzone/tmp/tmp1993/shp14671_20171231b.shp,conf_id,-1,-1,C:/Users/owner/Dropbox/Wzone/tmp/tmp1993/shp14677_20171231b.shp,conf_id,-1,-1,C:/Users/owner/Dropbox/Wzone/tmp/tmp1993/shp14685_20171231b.shp,conf_id,-1,-1,C:/Users/owner/Dropbox/Wzone/tmp/tmp1993/shp14718_20171231b.shp,conf_id,-1,-1,C:/Users/owner/Dropbox/Wzone/tmp/tmp1993/shp14744_20171231b.shp,conf_id,-1,-1,C:/Users/owner/Dropbox/Wzone/tmp/tmp1993/shp14746_20171231b.shp,conf_id,-1,-1,C:/Users/owner/Dropbox/Wzone/tmp/tmp1993/shp14750_20171231b.shp,conf_id,-1,-1,C:/Users/owner/Dropbox/Wzone/tmp/tmp1993/shp14773_20171231b.shp,conf_id,-1,-1,C:/Users/owner/Dropbox/Wzone/tmp/tmp1993/shp14799_20171231b.shp,conf_id,-1,-1,C:/Users/owner/Dropbox/Wzone/tmp/tmp1993/shp14842_20171231b.shp,conf_id,-1,-1,C:/Users/owner/Dropbox/Wzone/tmp/tmp1993/shp14895_20171231b.shp,conf_id,-1,-1,C:/Users/owner/Dropbox/Wzone/tmp/tmp1993/shp14924_20171231b.shp,conf_id,-1,-1,C:/Users/owner/Dropbox/Wzone/tmp/tmp1993/shp14973_20171231b.shp,conf_id,-1,-1,C:/Users/owner/Dropbox/Wzone/tmp/tmp1993/shp15002_20171231b.shp,conf_id,-1,-1,C:/Users/owner/Dropbox/Wzone/tmp/tmp1993/shp15019_20171231b.shp,conf_id,-1,-1,C:/Users/owner/Dropbox/Wzone/tmp/tmp1993/shp15093_20171231b.shp,conf_id,-1,-1,C:/Users/owner/Dropbox/Wzone/tmp/tmp1993/shp15100_20171231b.shp,conf_id,-1,-1,C:/Users/owner/Dropbox/Wzone/tmp/tmp1993/shp15108_20171231b.shp,conf_id,-1,-1,C:/Users/owner/Dropbox/Wzone/tmp/tmp1993/shp15123_20171231b.shp,conf_id,-1,-1,C:/Users/owner/Dropbox/Wzone/tmp/tmp1993/shp15142_20171231b.shp,conf_id,-1,-1,C:/Users/owner/Dropbox/Wzone/tmp/tmp1993/shp15161_20171231b.shp,conf_id,-1,-1,C:/Users/owner/Dropbox/Wzone/tmp/tmp1993/shp15167_20171231b.shp,conf_id,-1,-1,C:/Users/owner/Dropbox/Wzone/tmp/tmp1993/shp15177_20171231b.shp,conf_id,-1,-1,C:/Users/owner/Dropbox/Wzone/tmp/tmp1993/shp15211_20171231b.shp,conf_id,-1,-1,C:/Users/owner/Dropbox/Wzone/tmp/tmp1993/shp15241_20171231b.shp,conf_id,-1,-1,C:/Users/owner/Dropbox/Wzone/tmp/tmp1993/shp15259_20171231b.shp,conf_id,-1,-1,C:/Users/owner/Dropbox/Wzone/tmp/tmp1993/shp15292_20171231b.shp,conf_id,-1,-1,C:/Users/owner/Dropbox/Wzone/tmp/tmp1993/shp15334_20171231b.shp,conf_id,-1,-1,C:/Users/owner/Dropbox/Wzone/tmp/tmp1993/shp15376_20171231b.shp,conf_id,-1,-1,C:/Users/owner/Dropbox/Wzone/tmp/tmp1993/shp15473_20171231b.shp,conf_id,-1,-1,C:/Users/owner/Dropbox/Wzone/tmp/tmp1993/shp15489_20171231b.shp,conf_id,-1,-1,C:/Users/owner/Dropbox/Wzone/tmp/tmp1993/shp15558_20171231b.shp,conf_id,-1,-1,C:/Users/owner/Dropbox/Wzone/tmp/tmp1993/shp15750_20171231b.shp,conf_id,-1,-1,C:/Users/owner/Dropbox/Wzone/tmp/tmp1993/shp15751_20171231b.shp,conf_id,-1,-1,C:/Users/owner/Dropbox/Wzone/tmp/tmp1993/shp15793_20171231b.shp,conf_id,-1,-1,C:/Users/owner/Dropbox/Wzone/tmp/tmp1993/shp17152_20171231b.shp,conf_id,-1,-1,C:/Users/owner/Dropbox/Wzone/tmp/tmp1993/shp17247_20171231b.shp,conf_id,-1,-1,C:/Users/owner/Dropbox/Wzone/tmp/tmp1993/shp17248_20171231b.shp,conf_id,-1,-1;date "date" true true false 254 Text 0 0,First,#,C:/Users/owner/Dropbox/Wzone/tmp/tmp1993/shp406_20171231b.shp,date,0,253,C:/Users/owner/Dropbox/Wzone/tmp/tmp1993/shp411_20171231b.shp,date,0,253,C:/Users/owner/Dropbox/Wzone/tmp/tmp1993/shp422_20171231b.shp,date,0,253,C:/Users/owner/Dropbox/Wzone/tmp/tmp1993/shp428_20171231b.shp,date,0,253,C:/Users/owner/Dropbox/Wzone/tmp/tmp1993/shp453_20171231b.shp,date,0,253,C:/Users/owner/Dropbox/Wzone/tmp/tmp1993/shp459_20171231b.shp,date,0,253,C:/Users/owner/Dropbox/Wzone/tmp/tmp1993/shp461_20171231b.shp,date,0,253,C:/Users/owner/Dropbox/Wzone/tmp/tmp1993/shp474_20171231b.shp,date,0,253,C:/Users/owner/Dropbox/Wzone/tmp/tmp1993/shp476_20171231b.shp,date,0,253,C:/Users/owner/Dropbox/Wzone/tmp/tmp1993/shp477_20171231b.shp,date,0,253,C:/Users/owner/Dropbox/Wzone/tmp/tmp1993/shp478_20171231b.shp,date,0,253,C:/Users/owner/Dropbox/Wzone/tmp/tmp1993/shp508_20171231b.shp,date,0,253,C:/Users/owner/Dropbox/Wzone/tmp/tmp1993/shp624_20171231b.shp,date,0,253,C:/Users/owner/Dropbox/Wzone/tmp/tmp1993/shp628_20171231b.shp,date,0,253,C:/Users/owner/Dropbox/Wzone/tmp/tmp1993/shp640_20171231b.shp,date,0,253,C:/Users/owner/Dropbox/Wzone/tmp/tmp1993/shp657_20171231b.shp,date,0,253,C:/Users/owner/Dropbox/Wzone/tmp/tmp1993/shp658_20171231b.shp,date,0,253,C:/Users/owner/Dropbox/Wzone/tmp/tmp1993/shp666_20171231b.shp,date,0,253,C:/Users/owner/Dropbox/Wzone/tmp/tmp1993/shp708_20171231b.shp,date,0,253,C:/Users/owner/Dropbox/Wzone/tmp/tmp1993/shp709_20171231b.shp,date,0,253,C:/Users/owner/Dropbox/Wzone/tmp/tmp1993/shp721_20171231b.shp,date,0,253,C:/Users/owner/Dropbox/Wzone/tmp/tmp1993/shp722_20171231b.shp,date,0,253,C:/Users/owner/Dropbox/Wzone/tmp/tmp1993/shp735_20171231b.shp,date,0,253,C:/Users/owner/Dropbox/Wzone/tmp/tmp1993/shp750_20171231b.shp,date,0,253,C:/Users/owner/Dropbox/Wzone/tmp/tmp1993/shp754_20171231b.shp,date,0,253,C:/Users/owner/Dropbox/Wzone/tmp/tmp1993/shp781_20171231b.shp,date,0,253,C:/Users/owner/Dropbox/Wzone/tmp/tmp1993/shp792_20171231b.shp,date,0,253,C:/Users/owner/Dropbox/Wzone/tmp/tmp1993/shp830_20171231b.shp,date,0,253,C:/Users/owner/Dropbox/Wzone/tmp/tmp1993/shp833_20171231b.shp,date,0,253,C:/Users/owner/Dropbox/Wzone/tmp/tmp1993/shp857_20171231b.shp,date,0,253,C:/Users/owner/Dropbox/Wzone/tmp/tmp1993/shp878_20171231b.shp,date,0,253,C:/Users/owner/Dropbox/Wzone/tmp/tmp1993/shp891_20171231b.shp,date,0,253,C:/Users/owner/Dropbox/Wzone/tmp/tmp1993/shp906_20171231b.shp,date,0,253,C:/Users/owner/Dropbox/Wzone/tmp/tmp1993/shp913_20171231b.shp,date,0,253,C:/Users/owner/Dropbox/Wzone/tmp/tmp1993/shp914_20171231b.shp,date,0,253,C:/Users/owner/Dropbox/Wzone/tmp/tmp1993/shp915_20171231b.shp,date,0,253,C:/Users/owner/Dropbox/Wzone/tmp/tmp1993/shp921_20171231b.shp,date,0,253,C:/Users/owner/Dropbox/Wzone/tmp/tmp1993/shp929_20171231b.shp,date,0,253,C:/Users/owner/Dropbox/Wzone/tmp/tmp1993/shp930_20171231b.shp,date,0,253,C:/Users/owner/Dropbox/Wzone/tmp/tmp1993/shp931_20171231b.shp,date,0,253,C:/Users/owner/Dropbox/Wzone/tmp/tmp1993/shp934_20171231b.shp,date,0,253,C:/Users/owner/Dropbox/Wzone/tmp/tmp1993/shp936_20171231b.shp,date,0,253,C:/Users/owner/Dropbox/Wzone/tmp/tmp1993/shp938_20171231b.shp,date,0,253,C:/Users/owner/Dropbox/Wzone/tmp/tmp1993/shp941_20171231b.shp,date,0,253,C:/Users/owner/Dropbox/Wzone/tmp/tmp1993/shp942_20171231b.shp,date,0,253,C:/Users/owner/Dropbox/Wzone/tmp/tmp1993/shp944_20171231b.shp,date,0,253,C:/Users/owner/Dropbox/Wzone/tmp/tmp1993/shp947_20171231b.shp,date,0,253,C:/Users/owner/Dropbox/Wzone/tmp/tmp1993/shp948_20171231b.shp,date,0,253,C:/Users/owner/Dropbox/Wzone/tmp/tmp1993/shp950_20171231b.shp,date,0,253,C:/Users/owner/Dropbox/Wzone/tmp/tmp1993/shp951_20171231b.shp,date,0,253,C:/Users/owner/Dropbox/Wzone/tmp/tmp1993/shp955_20171231b.shp,date,0,253,C:/Users/owner/Dropbox/Wzone/tmp/tmp1993/shp962_20171231b.shp,date,0,253,C:/Users/owner/Dropbox/Wzone/tmp/tmp1993/shp966_20171231b.shp,date,0,253,C:/Users/owner/Dropbox/Wzone/tmp/tmp1993/shp973_20171231b.shp,date,0,253,C:/Users/owner/Dropbox/Wzone/tmp/tmp1993/shp981_20171231b.shp,date,0,253,C:/Users/owner/Dropbox/Wzone/tmp/tmp1993/shp988_20171231b.shp,date,0,253,C:/Users/owner/Dropbox/Wzone/tmp/tmp1993/shp989_20171231b.shp,date,0,253,C:/Users/owner/Dropbox/Wzone/tmp/tmp1993/shp997_20171231b.shp,date,0,253,C:/Users/owner/Dropbox/Wzone/tmp/tmp1993/shp1007_20171231b.shp,date,0,253,C:/Users/owner/Dropbox/Wzone/tmp/tmp1993/shp1023_20171231b.shp,date,0,253,C:/Users/owner/Dropbox/Wzone/tmp/tmp1993/shp1036_20171231b.shp,date,0,253,C:/Users/owner/Dropbox/Wzone/tmp/tmp1993/shp1071_20171231b.shp,date,0,253,C:/Users/owner/Dropbox/Wzone/tmp/tmp1993/shp1073_20171231b.shp,date,0,253,C:/Users/owner/Dropbox/Wzone/tmp/tmp1993/shp1096_20171231b.shp,date,0,253,C:/Users/owner/Dropbox/Wzone/tmp/tmp1993/shp1108_20171231b.shp,date,0,253,C:/Users/owner/Dropbox/Wzone/tmp/tmp1993/shp1167_20171231b.shp,date,0,253,C:/Users/owner/Dropbox/Wzone/tmp/tmp1993/shp1175_20171231b.shp,date,0,253,C:/Users/owner/Dropbox/Wzone/tmp/tmp1993/shp1176_20171231b.shp,date,0,253,C:/Users/owner/Dropbox/Wzone/tmp/tmp1993/shp1182_20171231b.shp,date,0,253,C:/Users/owner/Dropbox/Wzone/tmp/tmp1993/shp1204_20171231b.shp,date,0,253,C:/Users/owner/Dropbox/Wzone/tmp/tmp1993/shp1702_20171231b.shp,date,0,253,C:/Users/owner/Dropbox/Wzone/tmp/tmp1993/shp1704_20171231b.shp,date,0,253,C:/Users/owner/Dropbox/Wzone/tmp/tmp1993/shp2332_20171231b.shp,date,0,253,C:/Users/owner/Dropbox/Wzone/tmp/tmp1993/shp2425_20171231b.shp,date,0,253,C:/Users/owner/Dropbox/Wzone/tmp/tmp1993/shp2461_20171231b.shp,date,0,253,C:/Users/owner/Dropbox/Wzone/tmp/tmp1993/shp2472_20171231b.shp,date,0,253,C:/Users/owner/Dropbox/Wzone/tmp/tmp1993/shp4313_20171231b.shp,date,0,253,C:/Users/owner/Dropbox/Wzone/tmp/tmp1993/shp5201_20171231b.shp,date,0,253,C:/Users/owner/Dropbox/Wzone/tmp/tmp1993/shp5247_20171231b.shp,date,0,253,C:/Users/owner/Dropbox/Wzone/tmp/tmp1993/shp5262_20171231b.shp,date,0,253,C:/Users/owner/Dropbox/Wzone/tmp/tmp1993/shp5270_20171231b.shp,date,0,253,C:/Users/owner/Dropbox/Wzone/tmp/tmp1993/shp5293_20171231b.shp,date,0,253,C:/Users/owner/Dropbox/Wzone/tmp/tmp1993/shp5313_20171231b.shp,date,0,253,C:/Users/owner/Dropbox/Wzone/tmp/tmp1993/shp5314_20171231b.shp,date,0,253,C:/Users/owner/Dropbox/Wzone/tmp/tmp1993/shp5349_20171231b.shp,date,0,253,C:/Users/owner/Dropbox/Wzone/tmp/tmp1993/shp5405_20171231b.shp,date,0,253,C:/Users/owner/Dropbox/Wzone/tmp/tmp1993/shp5512_20171231b.shp,date,0,253,C:/Users/owner/Dropbox/Wzone/tmp/tmp1993/shp5534_20171231b.shp,date,0,253,C:/Users/owner/Dropbox/Wzone/tmp/tmp1993/shp5543_20171231b.shp,date,0,253,C:/Users/owner/Dropbox/Wzone/tmp/tmp1993/shp5551_20171231b.shp,date,0,253,C:/Users/owner/Dropbox/Wzone/tmp/tmp1993/shp5583_20171231b.shp,date,0,253,C:/Users/owner/Dropbox/Wzone/tmp/tmp1993/shp5584_20171231b.shp,date,0,253,C:/Users/owner/Dropbox/Wzone/tmp/tmp1993/shp5589_20171231b.shp,date,0,253,C:/Users/owner/Dropbox/Wzone/tmp/tmp1993/shp5598_20171231b.shp,date,0,253,C:/Users/owner/Dropbox/Wzone/tmp/tmp1993/shp5649_20171231b.shp,date,0,253,C:/Users/owner/Dropbox/Wzone/tmp/tmp1993/shp10098_20171231b.shp,date,0,253,C:/Users/owner/Dropbox/Wzone/tmp/tmp1993/shp10264_20171231b.shp,date,0,253,C:/Users/owner/Dropbox/Wzone/tmp/tmp1993/shp10589_20171231b.shp,date,0,253,C:/Users/owner/Dropbox/Wzone/tmp/tmp1993/shp10882_20171231b.shp,date,0,253,C:/Users/owner/Dropbox/Wzone/tmp/tmp1993/shp11123_20171231b.shp,date,0,253,C:/Users/owner/Dropbox/Wzone/tmp/tmp1993/shp11377_20171231b.shp,date,0,253,C:/Users/owner/Dropbox/Wzone/tmp/tmp1993/shp11387_20171231b.shp,date,0,253,C:/Users/owner/Dropbox/Wzone/tmp/tmp1993/shp11433_20171231b.shp,date,0,253,C:/Users/owner/Dropbox/Wzone/tmp/tmp1993/shp11663_20171231b.shp,date,0,253,C:/Users/owner/Dropbox/Wzone/tmp/tmp1993/shp11665_20171231b.shp,date,0,253,C:/Users/owner/Dropbox/Wzone/tmp/tmp1993/shp11801_20171231b.shp,date,0,253,C:/Users/owner/Dropbox/Wzone/tmp/tmp1993/shp11973_20171231b.shp,date,0,253,C:/Users/owner/Dropbox/Wzone/tmp/tmp1993/shp12009_20171231b.shp,date,0,253,C:/Users/owner/Dropbox/Wzone/tmp/tmp1993/shp12132_20171231b.shp,date,0,253,C:/Users/owner/Dropbox/Wzone/tmp/tmp1993/shp12341_20171231b.shp,date,0,253,C:/Users/owner/Dropbox/Wzone/tmp/tmp1993/shp12378_20171231b.shp,date,0,253,C:/Users/owner/Dropbox/Wzone/tmp/tmp1993/shp12379_20171231b.shp,date,0,253,C:/Users/owner/Dropbox/Wzone/tmp/tmp1993/shp12380_20171231b.shp,date,0,253,C:/Users/owner/Dropbox/Wzone/tmp/tmp1993/shp12382_20171231b.shp,date,0,253,C:/Users/owner/Dropbox/Wzone/tmp/tmp1993/shp12413_20171231b.shp,date,0,253,C:/Users/owner/Dropbox/Wzone/tmp/tmp1993/shp12414_20171231b.shp,date,0,253,C:/Users/owner/Dropbox/Wzone/tmp/tmp1993/shp12422_20171231b.shp,date,0,253,C:/Users/owner/Dropbox/Wzone/tmp/tmp1993/shp12556_20171231b.shp,date,0,253,C:/Users/owner/Dropbox/Wzone/tmp/tmp1993/shp12693_20171231b.shp,date,0,253,C:/Users/owner/Dropbox/Wzone/tmp/tmp1993/shp14036_20171231b.shp,date,0,253,C:/Users/owner/Dropbox/Wzone/tmp/tmp1993/shp14059_20171231b.shp,date,0,253,C:/Users/owner/Dropbox/Wzone/tmp/tmp1993/shp14092_20171231b.shp,date,0,253,C:/Users/owner/Dropbox/Wzone/tmp/tmp1993/shp14200_20171231b.shp,date,0,253,C:/Users/owner/Dropbox/Wzone/tmp/tmp1993/shp14273_20171231b.shp,date,0,253,C:/Users/owner/Dropbox/Wzone/tmp/tmp1993/shp14318_20171231b.shp,date,0,253,C:/Users/owner/Dropbox/Wzone/tmp/tmp1993/shp14319_20171231b.shp,date,0,253,C:/Users/owner/Dropbox/Wzone/tmp/tmp1993/shp14320_20171231b.shp,date,0,253,C:/Users/owner/Dropbox/Wzone/tmp/tmp1993/shp14329_20171231b.shp,date,0,253,C:/Users/owner/Dropbox/Wzone/tmp/tmp1993/shp14353_20171231b.shp,date,0,253,C:/Users/owner/Dropbox/Wzone/tmp/tmp1993/shp14542_20171231b.shp,date,0,253,C:/Users/owner/Dropbox/Wzone/tmp/tmp1993/shp14593_20171231b.shp,date,0,253,C:/Users/owner/Dropbox/Wzone/tmp/tmp1993/shp14595_20171231b.shp,date,0,253,C:/Users/owner/Dropbox/Wzone/tmp/tmp1993/shp14596_20171231b.shp,date,0,253,C:/Users/owner/Dropbox/Wzone/tmp/tmp1993/shp14611_20171231b.shp,date,0,253,C:/Users/owner/Dropbox/Wzone/tmp/tmp1993/shp14619_20171231b.shp,date,0,253,C:/Users/owner/Dropbox/Wzone/tmp/tmp1993/shp14620_20171231b.shp,date,0,253,C:/Users/owner/Dropbox/Wzone/tmp/tmp1993/shp14637_20171231b.shp,date,0,253,C:/Users/owner/Dropbox/Wzone/tmp/tmp1993/shp14669_20171231b.shp,date,0,253,C:/Users/owner/Dropbox/Wzone/tmp/tmp1993/shp14671_20171231b.shp,date,0,253,C:/Users/owner/Dropbox/Wzone/tmp/tmp1993/shp14677_20171231b.shp,date,0,253,C:/Users/owner/Dropbox/Wzone/tmp/tmp1993/shp14685_20171231b.shp,date,0,253,C:/Users/owner/Dropbox/Wzone/tmp/tmp1993/shp14718_20171231b.shp,date,0,253,C:/Users/owner/Dropbox/Wzone/tmp/tmp1993/shp14744_20171231b.shp,date,0,253,C:/Users/owner/Dropbox/Wzone/tmp/tmp1993/shp14746_20171231b.shp,date,0,253,C:/Users/owner/Dropbox/Wzone/tmp/tmp1993/shp14750_20171231b.shp,date,0,253,C:/Users/owner/Dropbox/Wzone/tmp/tmp1993/shp14773_20171231b.shp,date,0,253,C:/Users/owner/Dropbox/Wzone/tmp/tmp1993/shp14799_20171231b.shp,date,0,253,C:/Users/owner/Dropbox/Wzone/tmp/tmp1993/shp14842_20171231b.shp,date,0,253,C:/Users/owner/Dropbox/Wzone/tmp/tmp1993/shp14895_20171231b.shp,date,0,253,C:/Users/owner/Dropbox/Wzone/tmp/tmp1993/shp14924_20171231b.shp,date,0,253,C:/Users/owner/Dropbox/Wzone/tmp/tmp1993/shp14973_20171231b.shp,date,0,253,C:/Users/owner/Dropbox/Wzone/tmp/tmp1993/shp15002_20171231b.shp,date,0,253,C:/Users/owner/Dropbox/Wzone/tmp/tmp1993/shp15019_20171231b.shp,date,0,253,C:/Users/owner/Dropbox/Wzone/tmp/tmp1993/shp15093_20171231b.shp,date,0,253,C:/Users/owner/Dropbox/Wzone/tmp/tmp1993/shp15100_20171231b.shp,date,0,253,C:/Users/owner/Dropbox/Wzone/tmp/tmp1993/shp15108_20171231b.shp,date,0,253,C:/Users/owner/Dropbox/Wzone/tmp/tmp1993/shp15123_20171231b.shp,date,0,253,C:/Users/owner/Dropbox/Wzone/tmp/tmp1993/shp15142_20171231b.shp,date,0,253,C:/Users/owner/Dropbox/Wzone/tmp/tmp1993/shp15161_20171231b.shp,date,0,253,C:/Users/owner/Dropbox/Wzone/tmp/tmp1993/shp15167_20171231b.shp,date,0,253,C:/Users/owner/Dropbox/Wzone/tmp/tmp1993/shp15177_20171231b.shp,date,0,253,C:/Users/owner/Dropbox/Wzone/tmp/tmp1993/shp15211_20171231b.shp,date,0,253,C:/Users/owner/Dropbox/Wzone/tmp/tmp1993/shp15241_20171231b.shp,date,0,253,C:/Users/owner/Dropbox/Wzone/tmp/tmp1993/shp15259_20171231b.shp,date,0,253,C:/Users/owner/Dropbox/Wzone/tmp/tmp1993/shp15292_20171231b.shp,date,0,253,C:/Users/owner/Dropbox/Wzone/tmp/tmp1993/shp15334_20171231b.shp,date,0,253,C:/Users/owner/Dropbox/Wzone/tmp/tmp1993/shp15376_20171231b.shp,date,0,253,C:/Users/owner/Dropbox/Wzone/tmp/tmp1993/shp15473_20171231b.shp,date,0,253,C:/Users/owner/Dropbox/Wzone/tmp/tmp1993/shp15489_20171231b.shp,date,0,253,C:/Users/owner/Dropbox/Wzone/tmp/tmp1993/shp15558_20171231b.shp,date,0,253,C:/Users/owner/Dropbox/Wzone/tmp/tmp1993/shp15750_20171231b.shp,date,0,253,C:/Users/owner/Dropbox/Wzone/tmp/tmp1993/shp15751_20171231b.shp,date,0,253,C:/Users/owner/Dropbox/Wzone/tmp/tmp1993/shp15793_20171231b.shp,date,0,253,C:/Users/owner/Dropbox/Wzone/tmp/tmp1993/shp17152_20171231b.shp,date,0,253,C:/Users/owner/Dropbox/Wzone/tmp/tmp1993/shp17247_20171231b.shp,date,0,253,C:/Users/owner/Dropbox/Wzone/tmp/tmp1993/shp17248_20171231b.shp,date,0,253" NO_SOURCE_INFO</Process><Process ToolSource="c:\program files\arcgis\pro\Resources\ArcToolbox\toolboxes\Data Management Tools.tbx\DefineProjection" Date="20240720" Time="195842">DefineProjection C:/Users/owner/Dropbox/Wzone/out/wzone_shp/2017/2017_12_31.shp GEOGCS["GCS_WGS_1984",DATUM["D_WGS_1984",SPHEROID["WGS_1984",6378137.0,298.257223563]],PRIMEM["Greenwich",0.0],UNIT["Degree",0.0174532925199433]]</Process></lineage></DataProperties><SyncDate>20240720</SyncDate><SyncTime>19583900</SyncTime><ModDate>20240720</ModDate><ModTime>19583900</ModTime></Esri><dataIdInfo><envirDesc Sync="TRUE">Microsoft Windows 10 Version 10.0 (Build 19045) ; Esri ArcGIS 13.2.2.49743</envirDesc><dataLang><languageCode value="eng" Sync="TRUE"></languageCode><countryCode value="USA" Sync="TRUE"></countryCode></dataLang><idCitation><resTitle Sync="TRUE">2017_12_31</resTitle><presForm><PresFormCd value="005" Sync="TRUE"></PresFormCd></presForm></idCitation><spatRpType><SpatRepTypCd value="001" Sync="TRUE"></SpatRepTypCd></spatRpType></dataIdInfo><mdLang><languageCode value="eng" Sync="TRUE"></languageCode><countryCode value="USA" Sync="TRUE"></countryCode></mdLang><mdChar><CharSetCd value="004" Sync="TRUE"></CharSetCd></mdChar><distInfo><distFormat><formatName Sync="TRUE">Shapefile</formatName></distFormat><distTranOps><transSize Sync="TRUE">0.000</transSize></distTranOps></distInfo><mdHrLv><ScopeCd value="005" Sync="TRUE"></ScopeCd></mdHrLv><mdHrLvName Sync="TRUE">dataset</mdHrLvName><spatRepInfo><VectSpatRep><geometObjs Name="2017_12_31"><geoObjTyp><GeoObjTypCd value="002" Sync="TRUE"></GeoObjTypCd></geoObjTyp><geoObjCnt Sync="TRUE">0</geoObjCnt></geometObjs><topLvl><TopoLevCd value="001" Sync="TRUE"></TopoLevCd></topLvl></VectSpatRep></spatRepInfo><spdoinfo><ptvctinf><esriterm Name="2017_12_31"><efeatyp Sync="TRUE">Simple</efeatyp><efeageom code="4" Sync="TRUE"></efeageom><esritopo Sync="TRUE">FALSE</esritopo><efeacnt Sync="TRUE">0</efeacnt><spindex Sync="TRUE">FALSE</spindex><linrefer Sync="TRUE">FALSE</linrefer></esriterm></ptvctinf></spdoinfo><eainfo><detailed Name="2017_12_31"><enttyp><enttypl Sync="TRUE">2017_12_31</enttypl><enttypt Sync="TRUE">Feature Class</enttypt><enttypc Sync="TRUE">0</enttypc></enttyp><attr><attrlabl Sync="TRUE">FID</attrlabl><attalias Sync="TRUE">FID</attalias><attrtype Sync="TRUE">OID</attrtype><attwidth Sync="TRUE">4</attwidth><atprecis Sync="TRUE">0</atprecis><attscale Sync="TRUE">0</attscale><attrdef Sync="TRUE">Internal feature number.</attrdef><attrdefs Sync="TRUE">Esri</attrdefs><attrdomv><udom Sync="TRUE">Sequential unique whole numbers that are automatically generated.</udom></attrdomv></attr><attr><attrlabl Sync="TRUE">Shape</attrlabl><attalias Sync="TRUE">Shape</attalias><attrtype Sync="TRUE">Geometry</attrtype><attwidth Sync="TRUE">0</attwidth><atprecis Sync="TRUE">0</atprecis><attscale Sync="TRUE">0</attscale><attrdef Sync="TRUE">Feature geometry.</attrdef><attrdefs Sync="TRUE">Esri</attrdefs><attrdomv><udom Sync="TRUE">Coordinates defining the features.</udom></attrdomv></attr><attr><attrlabl Sync="TRUE">dyad_id</attrlabl><attalias Sync="TRUE">dyad_id</attalias><attrtype Sync="TRUE">Integer</attrtype><attwidth Sync="TRUE">5</attwidth><atprecis Sync="TRUE">5</atprecis><attscale Sync="TRUE">0</attscale></attr><attr><attrlabl Sync="TRUE">conf_id</attrlabl><attalias Sync="TRUE">conf_id</attalias><attrtype Sync="TRUE">Integer</attrtype><attwidth Sync="TRUE">5</attwidth><atprecis Sync="TRUE">5</atprecis><attscale Sync="TRUE">0</attscale></attr><attr><attrlabl Sync="TRUE">date</attrlabl><attalias Sync="TRUE">date</attalias><attrtype Sync="TRUE">String</attrtype><attwidth Sync="TRUE">254</attwidth><atprecis Sync="TRUE">0</atprecis><attscale Sync="TRUE">0</attscale></attr></detailed></eainfo><mdDateSt Sync="TRUE">20240720</mdDateSt></metadata>
