<?xml version="1.0" encoding="UTF-8"?>
<metadata xml:lang="en"><Esri><CreaDate>20240721</CreaDate><CreaTime>00402000</CreaTime><ArcGISFormat>1.0</ArcGISFormat><SyncOnce>FALSE</SyncOnce><DataProperties><itemProps><itemName Sync="TRUE">2018_12_31</itemName><imsContentType Sync="TRUE">002</imsContentType><itemSize Sync="TRUE">0.000</itemSize><itemLocation><linkage Sync="TRUE">file://\\DESKTOP-48J08HF\C$\Users\owner\Dropbox\Wzone\out\wzone_shp\2018\2018_12_31.shp</linkage><protocol Sync="TRUE">Local Area Network</protocol></itemLocation></itemProps><lineage><Process ToolSource="c:\program files\arcgis\pro\Resources\ArcToolbox\toolboxes\Analysis Tools.tbx\Select" Date="20240721" Time="004020">Select in_memory/shp1994406_20181231a C:\Users\owner\Dropbox\Wzone\tmp\tmp1994\shp406_20181231b.shp ""gridcode" &gt; 0"</Process><Process ToolSource="c:\program files\arcgis\pro\Resources\ArcToolbox\toolboxes\Data Management Tools.tbx\AddField" Date="20240721" Time="004020">AddField C:/Users/owner/Dropbox/Wzone/tmp/tmp1994/shp406_20181231b.shp dyad_id "Short (16-bit integer)" # # # # NULLABLE NON_REQUIRED #</Process><Process ToolSource="c:\program files\arcgis\pro\Resources\ArcToolbox\toolboxes\Data Management Tools.tbx\AddField" Date="20240721" Time="004020">AddField C:/Users/owner/Dropbox/Wzone/tmp/tmp1994/shp406_20181231b.shp conf_id "Short (16-bit integer)" # # # # NULLABLE NON_REQUIRED #</Process><Process ToolSource="c:\program files\arcgis\pro\Resources\ArcToolbox\toolboxes\Data Management Tools.tbx\AddField" Date="20240721" Time="004021">AddField C:/Users/owner/Dropbox/Wzone/tmp/tmp1994/shp406_20181231b.shp date Text # # # # NULLABLE NON_REQUIRED #</Process><Process ToolSource="c:\program files\arcgis\pro\Resources\ArcToolbox\toolboxes\Data Management Tools.tbx\DeleteField" Date="20240721" Time="004021">DeleteField C:/Users/owner/Dropbox/Wzone/tmp/tmp1994/shp406_20181231b.shp Id "Delete Fields"</Process><Process ToolSource="c:\program files\arcgis\pro\Resources\ArcToolbox\toolboxes\Data Management Tools.tbx\DeleteField" Date="20240721" Time="004021">DeleteField C:/Users/owner/Dropbox/Wzone/tmp/tmp1994/shp406_20181231b.shp gridcode "Delete Fields"</Process><Process ToolSource="c:\program files\arcgis\pro\Resources\ArcToolbox\toolboxes\Data Management Tools.tbx\Merge" Date="20240721" Time="004402">Merge C:/Users/owner/Dropbox/Wzone/tmp/tmp1994/shp406_20181231b.shp;C:/Users/owner/Dropbox/Wzone/tmp/tmp1994/shp411_20181231b.shp;C:/Users/owner/Dropbox/Wzone/tmp/tmp1994/shp422_20181231b.shp;C:/Users/owner/Dropbox/Wzone/tmp/tmp1994/shp428_20181231b.shp;C:/Users/owner/Dropbox/Wzone/tmp/tmp1994/shp453_20181231b.shp;C:/Users/owner/Dropbox/Wzone/tmp/tmp1994/shp461_20181231b.shp;C:/Users/owner/Dropbox/Wzone/tmp/tmp1994/shp474_20181231b.shp;C:/Users/owner/Dropbox/Wzone/tmp/tmp1994/shp476_20181231b.shp;C:/Users/owner/Dropbox/Wzone/tmp/tmp1994/shp477_20181231b.shp;C:/Users/owner/Dropbox/Wzone/tmp/tmp1994/shp478_20181231b.shp;C:/Users/owner/Dropbox/Wzone/tmp/tmp1994/shp508_20181231b.shp;C:/Users/owner/Dropbox/Wzone/tmp/tmp1994/shp624_20181231b.shp;C:/Users/owner/Dropbox/Wzone/tmp/tmp1994/shp628_20181231b.shp;C:/Users/owner/Dropbox/Wzone/tmp/tmp1994/shp640_20181231b.shp;C:/Users/owner/Dropbox/Wzone/tmp/tmp1994/shp657_20181231b.shp;C:/Users/owner/Dropbox/Wzone/tmp/tmp1994/shp658_20181231b.shp;C:/Users/owner/Dropbox/Wzone/tmp/tmp1994/shp666_20181231b.shp;C:/Users/owner/Dropbox/Wzone/tmp/tmp1994/shp721_20181231b.shp;C:/Users/owner/Dropbox/Wzone/tmp/tmp1994/shp735_20181231b.shp;C:/Users/owner/Dropbox/Wzone/tmp/tmp1994/shp750_20181231b.shp;C:/Users/owner/Dropbox/Wzone/tmp/tmp1994/shp754_20181231b.shp;C:/Users/owner/Dropbox/Wzone/tmp/tmp1994/shp781_20181231b.shp;C:/Users/owner/Dropbox/Wzone/tmp/tmp1994/shp792_20181231b.shp;C:/Users/owner/Dropbox/Wzone/tmp/tmp1994/shp830_20181231b.shp;C:/Users/owner/Dropbox/Wzone/tmp/tmp1994/shp833_20181231b.shp;C:/Users/owner/Dropbox/Wzone/tmp/tmp1994/shp857_20181231b.shp;C:/Users/owner/Dropbox/Wzone/tmp/tmp1994/shp878_20181231b.shp;C:/Users/owner/Dropbox/Wzone/tmp/tmp1994/shp888_20181231b.shp;C:/Users/owner/Dropbox/Wzone/tmp/tmp1994/shp891_20181231b.shp;C:/Users/owner/Dropbox/Wzone/tmp/tmp1994/shp906_20181231b.shp;C:/Users/owner/Dropbox/Wzone/tmp/tmp1994/shp913_20181231b.shp;C:/Users/owner/Dropbox/Wzone/tmp/tmp1994/shp914_20181231b.shp;C:/Users/owner/Dropbox/Wzone/tmp/tmp1994/shp915_20181231b.shp;C:/Users/owner/Dropbox/Wzone/tmp/tmp1994/shp921_20181231b.shp;C:/Users/owner/Dropbox/Wzone/tmp/tmp1994/shp929_20181231b.shp;C:/Users/owner/Dropbox/Wzone/tmp/tmp1994/shp930_20181231b.shp;C:/Users/owner/Dropbox/Wzone/tmp/tmp1994/shp931_20181231b.shp;C:/Users/owner/Dropbox/Wzone/tmp/tmp1994/shp934_20181231b.shp;C:/Users/owner/Dropbox/Wzone/tmp/tmp1994/shp936_20181231b.shp;C:/Users/owner/Dropbox/Wzone/tmp/tmp1994/shp938_20181231b.shp;C:/Users/owner/Dropbox/Wzone/tmp/tmp1994/shp941_20181231b.shp;C:/Users/owner/Dropbox/Wzone/tmp/tmp1994/shp942_20181231b.shp;C:/Users/owner/Dropbox/Wzone/tmp/tmp1994/shp944_20181231b.shp;C:/Users/owner/Dropbox/Wzone/tmp/tmp1994/shp947_20181231b.shp;C:/Users/owner/Dropbox/Wzone/tmp/tmp1994/shp948_20181231b.shp;C:/Users/owner/Dropbox/Wzone/tmp/tmp1994/shp950_20181231b.shp;C:/Users/owner/Dropbox/Wzone/tmp/tmp1994/shp951_20181231b.shp;C:/Users/owner/Dropbox/Wzone/tmp/tmp1994/shp955_20181231b.shp;C:/Users/owner/Dropbox/Wzone/tmp/tmp1994/shp962_20181231b.shp;C:/Users/owner/Dropbox/Wzone/tmp/tmp1994/shp966_20181231b.shp;C:/Users/owner/Dropbox/Wzone/tmp/tmp1994/shp973_20181231b.shp;C:/Users/owner/Dropbox/Wzone/tmp/tmp1994/shp981_20181231b.shp;C:/Users/owner/Dropbox/Wzone/tmp/tmp1994/shp989_20181231b.shp;C:/Users/owner/Dropbox/Wzone/tmp/tmp1994/shp1007_20181231b.shp;C:/Users/owner/Dropbox/Wzone/tmp/tmp1994/shp1023_20181231b.shp;C:/Users/owner/Dropbox/Wzone/tmp/tmp1994/shp1036_20181231b.shp;C:/Users/owner/Dropbox/Wzone/tmp/tmp1994/shp1071_20181231b.shp;C:/Users/owner/Dropbox/Wzone/tmp/tmp1994/shp1073_20181231b.shp;C:/Users/owner/Dropbox/Wzone/tmp/tmp1994/shp1096_20181231b.shp;C:/Users/owner/Dropbox/Wzone/tmp/tmp1994/shp1108_20181231b.shp;C:/Users/owner/Dropbox/Wzone/tmp/tmp1994/shp1162_20181231b.shp;C:/Users/owner/Dropbox/Wzone/tmp/tmp1994/shp1166_20181231b.shp;C:/Users/owner/Dropbox/Wzone/tmp/tmp1994/shp1167_20181231b.shp;C:/Users/owner/Dropbox/Wzone/tmp/tmp1994/shp1175_20181231b.shp;C:/Users/owner/Dropbox/Wzone/tmp/tmp1994/shp1176_20181231b.shp;C:/Users/owner/Dropbox/Wzone/tmp/tmp1994/shp1182_20181231b.shp;C:/Users/owner/Dropbox/Wzone/tmp/tmp1994/shp1204_20181231b.shp;C:/Users/owner/Dropbox/Wzone/tmp/tmp1994/shp1301_20181231b.shp;C:/Users/owner/Dropbox/Wzone/tmp/tmp1994/shp1702_20181231b.shp;C:/Users/owner/Dropbox/Wzone/tmp/tmp1994/shp1704_20181231b.shp;C:/Users/owner/Dropbox/Wzone/tmp/tmp1994/shp2332_20181231b.shp;C:/Users/owner/Dropbox/Wzone/tmp/tmp1994/shp2425_20181231b.shp;C:/Users/owner/Dropbox/Wzone/tmp/tmp1994/shp2461_20181231b.shp;C:/Users/owner/Dropbox/Wzone/tmp/tmp1994/shp4313_20181231b.shp;C:/Users/owner/Dropbox/Wzone/tmp/tmp1994/shp5201_20181231b.shp;C:/Users/owner/Dropbox/Wzone/tmp/tmp1994/shp5247_20181231b.shp;C:/Users/owner/Dropbox/Wzone/tmp/tmp1994/shp5262_20181231b.shp;C:/Users/owner/Dropbox/Wzone/tmp/tmp1994/shp5270_20181231b.shp;C:/Users/owner/Dropbox/Wzone/tmp/tmp1994/shp5293_20181231b.shp;C:/Users/owner/Dropbox/Wzone/tmp/tmp1994/shp5314_20181231b.shp;C:/Users/owner/Dropbox/Wzone/tmp/tmp1994/shp5349_20181231b.shp;C:/Users/owner/Dropbox/Wzone/tmp/tmp1994/shp5405_20181231b.shp;C:/Users/owner/Dropbox/Wzone/tmp/tmp1994/shp5512_20181231b.shp;C:/Users/owner/Dropbox/Wzone/tmp/tmp1994/shp5534_20181231b.shp;C:/Users/owner/Dropbox/Wzone/tmp/tmp1994/shp5543_20181231b.shp;C:/Users/owner/Dropbox/Wzone/tmp/tmp1994/shp5551_20181231b.shp;C:/Users/owner/Dropbox/Wzone/tmp/tmp1994/shp5583_20181231b.shp;C:/Users/owner/Dropbox/Wzone/tmp/tmp1994/shp5584_20181231b.shp;C:/Users/owner/Dropbox/Wzone/tmp/tmp1994/shp5589_20181231b.shp;C:/Users/owner/Dropbox/Wzone/tmp/tmp1994/shp5598_20181231b.shp;C:/Users/owner/Dropbox/Wzone/tmp/tmp1994/shp5649_20181231b.shp;C:/Users/owner/Dropbox/Wzone/tmp/tmp1994/shp10098_20181231b.shp;C:/Users/owner/Dropbox/Wzone/tmp/tmp1994/shp10264_20181231b.shp;C:/Users/owner/Dropbox/Wzone/tmp/tmp1994/shp10509_20181231b.shp;C:/Users/owner/Dropbox/Wzone/tmp/tmp1994/shp10589_20181231b.shp;C:/Users/owner/Dropbox/Wzone/tmp/tmp1994/shp10882_20181231b.shp;C:/Users/owner/Dropbox/Wzone/tmp/tmp1994/shp11123_20181231b.shp;C:/Users/owner/Dropbox/Wzone/tmp/tmp1994/shp11377_20181231b.shp;C:/Users/owner/Dropbox/Wzone/tmp/tmp1994/shp11387_20181231b.shp;C:/Users/owner/Dropbox/Wzone/tmp/tmp1994/shp11433_20181231b.shp;C:/Users/owner/Dropbox/Wzone/tmp/tmp1994/shp11663_20181231b.shp;C:/Users/owner/Dropbox/Wzone/tmp/tmp1994/shp11665_20181231b.shp;C:/Users/owner/Dropbox/Wzone/tmp/tmp1994/shp11973_20181231b.shp;C:/Users/owner/Dropbox/Wzone/tmp/tmp1994/shp12009_20181231b.shp;C:/Users/owner/Dropbox/Wzone/tmp/tmp1994/shp12378_20181231b.shp;C:/Users/owner/Dropbox/Wzone/tmp/tmp1994/shp12380_20181231b.shp;C:/Users/owner/Dropbox/Wzone/tmp/tmp1994/shp12414_20181231b.shp;C:/Users/owner/Dropbox/Wzone/tmp/tmp1994/shp12422_20181231b.shp;C:/Users/owner/Dropbox/Wzone/tmp/tmp1994/shp12556_20181231b.shp;C:/Users/owner/Dropbox/Wzone/tmp/tmp1994/shp12693_20181231b.shp;C:/Users/owner/Dropbox/Wzone/tmp/tmp1994/shp14036_20181231b.shp;C:/Users/owner/Dropbox/Wzone/tmp/tmp1994/shp14092_20181231b.shp;C:/Users/owner/Dropbox/Wzone/tmp/tmp1994/shp14200_20181231b.shp;C:/Users/owner/Dropbox/Wzone/tmp/tmp1994/shp14273_20181231b.shp;C:/Users/owner/Dropbox/Wzone/tmp/tmp1994/shp14318_20181231b.shp;C:/Users/owner/Dropbox/Wzone/tmp/tmp1994/shp14319_20181231b.shp;C:/Users/owner/Dropbox/Wzone/tmp/tmp1994/shp14320_20181231b.shp;C:/Users/owner/Dropbox/Wzone/tmp/tmp1994/shp14542_20181231b.shp;C:/Users/owner/Dropbox/Wzone/tmp/tmp1994/shp14593_20181231b.shp;C:/Users/owner/Dropbox/Wzone/tmp/tmp1994/shp14595_20181231b.shp;C:/Users/owner/Dropbox/Wzone/tmp/tmp1994/shp14596_20181231b.shp;C:/Users/owner/Dropbox/Wzone/tmp/tmp1994/shp14611_20181231b.shp;C:/Users/owner/Dropbox/Wzone/tmp/tmp1994/shp14619_20181231b.shp;C:/Users/owner/Dropbox/Wzone/tmp/tmp1994/shp14620_20181231b.shp;C:/Users/owner/Dropbox/Wzone/tmp/tmp1994/shp14637_20181231b.shp;C:/Users/owner/Dropbox/Wzone/tmp/tmp1994/shp14667_20181231b.shp;C:/Users/owner/Dropbox/Wzone/tmp/tmp1994/shp14668_20181231b.shp;C:/Users/owner/Dropbox/Wzone/tmp/tmp1994/shp14669_20181231b.shp;C:/Users/owner/Dropbox/Wzone/tmp/tmp1994/shp14671_20181231b.shp;C:/Users/owner/Dropbox/Wzone/tmp/tmp1994/shp14677_20181231b.shp;C:/Users/owner/Dropbox/Wzone/tmp/tmp1994/shp14685_20181231b.shp;C:/Users/owner/Dropbox/Wzone/tmp/tmp1994/shp14718_20181231b.shp;C:/Users/owner/Dropbox/Wzone/tmp/tmp1994/shp14744_20181231b.shp;C:/Users/owner/Dropbox/Wzone/tmp/tmp1994/shp14746_20181231b.shp;C:/Users/owner/Dropbox/Wzone/tmp/tmp1994/shp14773_20181231b.shp;C:/Users/owner/Dropbox/Wzone/tmp/tmp1994/shp14799_20181231b.shp;C:/Users/owner/Dropbox/Wzone/tmp/tmp1994/shp14842_20181231b.shp;C:/Users/owner/Dropbox/Wzone/tmp/tmp1994/shp14973_20181231b.shp;C:/Users/owner/Dropbox/Wzone/tmp/tmp1994/shp15002_20181231b.shp;C:/Users/owner/Dropbox/Wzone/tmp/tmp1994/shp15019_20181231b.shp;C:/Users/owner/Dropbox/Wzone/tmp/tmp1994/shp15077_20181231b.shp;C:/Users/owner/Dropbox/Wzone/tmp/tmp1994/shp15100_20181231b.shp;C:/Users/owner/Dropbox/Wzone/tmp/tmp1994/shp15108_20181231b.shp;C:/Users/owner/Dropbox/Wzone/tmp/tmp1994/shp15136_20181231b.shp;C:/Users/owner/Dropbox/Wzone/tmp/tmp1994/shp15142_20181231b.shp;C:/Users/owner/Dropbox/Wzone/tmp/tmp1994/shp15161_20181231b.shp;C:/Users/owner/Dropbox/Wzone/tmp/tmp1994/shp15162_20181231b.shp;C:/Users/owner/Dropbox/Wzone/tmp/tmp1994/shp15167_20181231b.shp;C:/Users/owner/Dropbox/Wzone/tmp/tmp1994/shp15175_20181231b.shp;C:/Users/owner/Dropbox/Wzone/tmp/tmp1994/shp15195_20181231b.shp;C:/Users/owner/Dropbox/Wzone/tmp/tmp1994/shp15211_20181231b.shp;C:/Users/owner/Dropbox/Wzone/tmp/tmp1994/shp15241_20181231b.shp;C:/Users/owner/Dropbox/Wzone/tmp/tmp1994/shp15251_20181231b.shp;C:/Users/owner/Dropbox/Wzone/tmp/tmp1994/shp15256_20181231b.shp;C:/Users/owner/Dropbox/Wzone/tmp/tmp1994/shp15259_20181231b.shp;C:/Users/owner/Dropbox/Wzone/tmp/tmp1994/shp15292_20181231b.shp;C:/Users/owner/Dropbox/Wzone/tmp/tmp1994/shp15344_20181231b.shp;C:/Users/owner/Dropbox/Wzone/tmp/tmp1994/shp15376_20181231b.shp;C:/Users/owner/Dropbox/Wzone/tmp/tmp1994/shp15382_20181231b.shp;C:/Users/owner/Dropbox/Wzone/tmp/tmp1994/shp15389_20181231b.shp;C:/Users/owner/Dropbox/Wzone/tmp/tmp1994/shp15390_20181231b.shp;C:/Users/owner/Dropbox/Wzone/tmp/tmp1994/shp15473_20181231b.shp;C:/Users/owner/Dropbox/Wzone/tmp/tmp1994/shp15489_20181231b.shp;C:/Users/owner/Dropbox/Wzone/tmp/tmp1994/shp15515_20181231b.shp;C:/Users/owner/Dropbox/Wzone/tmp/tmp1994/shp15516_20181231b.shp;C:/Users/owner/Dropbox/Wzone/tmp/tmp1994/shp15558_20181231b.shp;C:/Users/owner/Dropbox/Wzone/tmp/tmp1994/shp15633_20181231b.shp;C:/Users/owner/Dropbox/Wzone/tmp/tmp1994/shp15662_20181231b.shp;C:/Users/owner/Dropbox/Wzone/tmp/tmp1994/shp15676_20181231b.shp;C:/Users/owner/Dropbox/Wzone/tmp/tmp1994/shp15717_20181231b.shp;C:/Users/owner/Dropbox/Wzone/tmp/tmp1994/shp15737_20181231b.shp;C:/Users/owner/Dropbox/Wzone/tmp/tmp1994/shp15738_20181231b.shp;C:/Users/owner/Dropbox/Wzone/tmp/tmp1994/shp15750_20181231b.shp;C:/Users/owner/Dropbox/Wzone/tmp/tmp1994/shp15751_20181231b.shp;C:/Users/owner/Dropbox/Wzone/tmp/tmp1994/shp15793_20181231b.shp;C:/Users/owner/Dropbox/Wzone/tmp/tmp1994/shp15809_20181231b.shp;C:/Users/owner/Dropbox/Wzone/tmp/tmp1994/shp15895_20181231b.shp;C:/Users/owner/Dropbox/Wzone/tmp/tmp1994/shp15896_20181231b.shp;C:/Users/owner/Dropbox/Wzone/tmp/tmp1994/shp15915_20181231b.shp;C:/Users/owner/Dropbox/Wzone/tmp/tmp1994/shp17152_20181231b.shp;C:/Users/owner/Dropbox/Wzone/tmp/tmp1994/shp17247_20181231b.shp;C:/Users/owner/Dropbox/Wzone/tmp/tmp1994/shp17248_20181231b.shp C:\Users\owner\Dropbox\Wzone\out\wzone_shp\2018\2018_12_31.shp "dyad_id "dyad_id" true true false 5 Long 0 5,First,#,C:/Users/owner/Dropbox/Wzone/tmp/tmp1994/shp406_20181231b.shp,dyad_id,-1,-1,C:/Users/owner/Dropbox/Wzone/tmp/tmp1994/shp411_20181231b.shp,dyad_id,-1,-1,C:/Users/owner/Dropbox/Wzone/tmp/tmp1994/shp422_20181231b.shp,dyad_id,-1,-1,C:/Users/owner/Dropbox/Wzone/tmp/tmp1994/shp428_20181231b.shp,dyad_id,-1,-1,C:/Users/owner/Dropbox/Wzone/tmp/tmp1994/shp453_20181231b.shp,dyad_id,-1,-1,C:/Users/owner/Dropbox/Wzone/tmp/tmp1994/shp461_20181231b.shp,dyad_id,-1,-1,C:/Users/owner/Dropbox/Wzone/tmp/tmp1994/shp474_20181231b.shp,dyad_id,-1,-1,C:/Users/owner/Dropbox/Wzone/tmp/tmp1994/shp476_20181231b.shp,dyad_id,-1,-1,C:/Users/owner/Dropbox/Wzone/tmp/tmp1994/shp477_20181231b.shp,dyad_id,-1,-1,C:/Users/owner/Dropbox/Wzone/tmp/tmp1994/shp478_20181231b.shp,dyad_id,-1,-1,C:/Users/owner/Dropbox/Wzone/tmp/tmp1994/shp508_20181231b.shp,dyad_id,-1,-1,C:/Users/owner/Dropbox/Wzone/tmp/tmp1994/shp624_20181231b.shp,dyad_id,-1,-1,C:/Users/owner/Dropbox/Wzone/tmp/tmp1994/shp628_20181231b.shp,dyad_id,-1,-1,C:/Users/owner/Dropbox/Wzone/tmp/tmp1994/shp640_20181231b.shp,dyad_id,-1,-1,C:/Users/owner/Dropbox/Wzone/tmp/tmp1994/shp657_20181231b.shp,dyad_id,-1,-1,C:/Users/owner/Dropbox/Wzone/tmp/tmp1994/shp658_20181231b.shp,dyad_id,-1,-1,C:/Users/owner/Dropbox/Wzone/tmp/tmp1994/shp666_20181231b.shp,dyad_id,-1,-1,C:/Users/owner/Dropbox/Wzone/tmp/tmp1994/shp721_20181231b.shp,dyad_id,-1,-1,C:/Users/owner/Dropbox/Wzone/tmp/tmp1994/shp735_20181231b.shp,dyad_id,-1,-1,C:/Users/owner/Dropbox/Wzone/tmp/tmp1994/shp750_20181231b.shp,dyad_id,-1,-1,C:/Users/owner/Dropbox/Wzone/tmp/tmp1994/shp754_20181231b.shp,dyad_id,-1,-1,C:/Users/owner/Dropbox/Wzone/tmp/tmp1994/shp781_20181231b.shp,dyad_id,-1,-1,C:/Users/owner/Dropbox/Wzone/tmp/tmp1994/shp792_20181231b.shp,dyad_id,-1,-1,C:/Users/owner/Dropbox/Wzone/tmp/tmp1994/shp830_20181231b.shp,dyad_id,-1,-1,C:/Users/owner/Dropbox/Wzone/tmp/tmp1994/shp833_20181231b.shp,dyad_id,-1,-1,C:/Users/owner/Dropbox/Wzone/tmp/tmp1994/shp857_20181231b.shp,dyad_id,-1,-1,C:/Users/owner/Dropbox/Wzone/tmp/tmp1994/shp878_20181231b.shp,dyad_id,-1,-1,C:/Users/owner/Dropbox/Wzone/tmp/tmp1994/shp888_20181231b.shp,dyad_id,-1,-1,C:/Users/owner/Dropbox/Wzone/tmp/tmp1994/shp891_20181231b.shp,dyad_id,-1,-1,C:/Users/owner/Dropbox/Wzone/tmp/tmp1994/shp906_20181231b.shp,dyad_id,-1,-1,C:/Users/owner/Dropbox/Wzone/tmp/tmp1994/shp913_20181231b.shp,dyad_id,-1,-1,C:/Users/owner/Dropbox/Wzone/tmp/tmp1994/shp914_20181231b.shp,dyad_id,-1,-1,C:/Users/owner/Dropbox/Wzone/tmp/tmp1994/shp915_20181231b.shp,dyad_id,-1,-1,C:/Users/owner/Dropbox/Wzone/tmp/tmp1994/shp921_20181231b.shp,dyad_id,-1,-1,C:/Users/owner/Dropbox/Wzone/tmp/tmp1994/shp929_20181231b.shp,dyad_id,-1,-1,C:/Users/owner/Dropbox/Wzone/tmp/tmp1994/shp930_20181231b.shp,dyad_id,-1,-1,C:/Users/owner/Dropbox/Wzone/tmp/tmp1994/shp931_20181231b.shp,dyad_id,-1,-1,C:/Users/owner/Dropbox/Wzone/tmp/tmp1994/shp934_20181231b.shp,dyad_id,-1,-1,C:/Users/owner/Dropbox/Wzone/tmp/tmp1994/shp936_20181231b.shp,dyad_id,-1,-1,C:/Users/owner/Dropbox/Wzone/tmp/tmp1994/shp938_20181231b.shp,dyad_id,-1,-1,C:/Users/owner/Dropbox/Wzone/tmp/tmp1994/shp941_20181231b.shp,dyad_id,-1,-1,C:/Users/owner/Dropbox/Wzone/tmp/tmp1994/shp942_20181231b.shp,dyad_id,-1,-1,C:/Users/owner/Dropbox/Wzone/tmp/tmp1994/shp944_20181231b.shp,dyad_id,-1,-1,C:/Users/owner/Dropbox/Wzone/tmp/tmp1994/shp947_20181231b.shp,dyad_id,-1,-1,C:/Users/owner/Dropbox/Wzone/tmp/tmp1994/shp948_20181231b.shp,dyad_id,-1,-1,C:/Users/owner/Dropbox/Wzone/tmp/tmp1994/shp950_20181231b.shp,dyad_id,-1,-1,C:/Users/owner/Dropbox/Wzone/tmp/tmp1994/shp951_20181231b.shp,dyad_id,-1,-1,C:/Users/owner/Dropbox/Wzone/tmp/tmp1994/shp955_20181231b.shp,dyad_id,-1,-1,C:/Users/owner/Dropbox/Wzone/tmp/tmp1994/shp962_20181231b.shp,dyad_id,-1,-1,C:/Users/owner/Dropbox/Wzone/tmp/tmp1994/shp966_20181231b.shp,dyad_id,-1,-1,C:/Users/owner/Dropbox/Wzone/tmp/tmp1994/shp973_20181231b.shp,dyad_id,-1,-1,C:/Users/owner/Dropbox/Wzone/tmp/tmp1994/shp981_20181231b.shp,dyad_id,-1,-1,C:/Users/owner/Dropbox/Wzone/tmp/tmp1994/shp989_20181231b.shp,dyad_id,-1,-1,C:/Users/owner/Dropbox/Wzone/tmp/tmp1994/shp1007_20181231b.shp,dyad_id,-1,-1,C:/Users/owner/Dropbox/Wzone/tmp/tmp1994/shp1023_20181231b.shp,dyad_id,-1,-1,C:/Users/owner/Dropbox/Wzone/tmp/tmp1994/shp1036_20181231b.shp,dyad_id,-1,-1,C:/Users/owner/Dropbox/Wzone/tmp/tmp1994/shp1071_20181231b.shp,dyad_id,-1,-1,C:/Users/owner/Dropbox/Wzone/tmp/tmp1994/shp1073_20181231b.shp,dyad_id,-1,-1,C:/Users/owner/Dropbox/Wzone/tmp/tmp1994/shp1096_20181231b.shp,dyad_id,-1,-1,C:/Users/owner/Dropbox/Wzone/tmp/tmp1994/shp1108_20181231b.shp,dyad_id,-1,-1,C:/Users/owner/Dropbox/Wzone/tmp/tmp1994/shp1162_20181231b.shp,dyad_id,-1,-1,C:/Users/owner/Dropbox/Wzone/tmp/tmp1994/shp1166_20181231b.shp,dyad_id,-1,-1,C:/Users/owner/Dropbox/Wzone/tmp/tmp1994/shp1167_20181231b.shp,dyad_id,-1,-1,C:/Users/owner/Dropbox/Wzone/tmp/tmp1994/shp1175_20181231b.shp,dyad_id,-1,-1,C:/Users/owner/Dropbox/Wzone/tmp/tmp1994/shp1176_20181231b.shp,dyad_id,-1,-1,C:/Users/owner/Dropbox/Wzone/tmp/tmp1994/shp1182_20181231b.shp,dyad_id,-1,-1,C:/Users/owner/Dropbox/Wzone/tmp/tmp1994/shp1204_20181231b.shp,dyad_id,-1,-1,C:/Users/owner/Dropbox/Wzone/tmp/tmp1994/shp1301_20181231b.shp,dyad_id,-1,-1,C:/Users/owner/Dropbox/Wzone/tmp/tmp1994/shp1702_20181231b.shp,dyad_id,-1,-1,C:/Users/owner/Dropbox/Wzone/tmp/tmp1994/shp1704_20181231b.shp,dyad_id,-1,-1,C:/Users/owner/Dropbox/Wzone/tmp/tmp1994/shp2332_20181231b.shp,dyad_id,-1,-1,C:/Users/owner/Dropbox/Wzone/tmp/tmp1994/shp2425_20181231b.shp,dyad_id,-1,-1,C:/Users/owner/Dropbox/Wzone/tmp/tmp1994/shp2461_20181231b.shp,dyad_id,-1,-1,C:/Users/owner/Dropbox/Wzone/tmp/tmp1994/shp4313_20181231b.shp,dyad_id,-1,-1,C:/Users/owner/Dropbox/Wzone/tmp/tmp1994/shp5201_20181231b.shp,dyad_id,-1,-1,C:/Users/owner/Dropbox/Wzone/tmp/tmp1994/shp5247_20181231b.shp,dyad_id,-1,-1,C:/Users/owner/Dropbox/Wzone/tmp/tmp1994/shp5262_20181231b.shp,dyad_id,-1,-1,C:/Users/owner/Dropbox/Wzone/tmp/tmp1994/shp5270_20181231b.shp,dyad_id,-1,-1,C:/Users/owner/Dropbox/Wzone/tmp/tmp1994/shp5293_20181231b.shp,dyad_id,-1,-1,C:/Users/owner/Dropbox/Wzone/tmp/tmp1994/shp5314_20181231b.shp,dyad_id,-1,-1,C:/Users/owner/Dropbox/Wzone/tmp/tmp1994/shp5349_20181231b.shp,dyad_id,-1,-1,C:/Users/owner/Dropbox/Wzone/tmp/tmp1994/shp5405_20181231b.shp,dyad_id,-1,-1,C:/Users/owner/Dropbox/Wzone/tmp/tmp1994/shp5512_20181231b.shp,dyad_id,-1,-1,C:/Users/owner/Dropbox/Wzone/tmp/tmp1994/shp5534_20181231b.shp,dyad_id,-1,-1,C:/Users/owner/Dropbox/Wzone/tmp/tmp1994/shp5543_20181231b.shp,dyad_id,-1,-1,C:/Users/owner/Dropbox/Wzone/tmp/tmp1994/shp5551_20181231b.shp,dyad_id,-1,-1,C:/Users/owner/Dropbox/Wzone/tmp/tmp1994/shp5583_20181231b.shp,dyad_id,-1,-1,C:/Users/owner/Dropbox/Wzone/tmp/tmp1994/shp5584_20181231b.shp,dyad_id,-1,-1,C:/Users/owner/Dropbox/Wzone/tmp/tmp1994/shp5589_20181231b.shp,dyad_id,-1,-1,C:/Users/owner/Dropbox/Wzone/tmp/tmp1994/shp5598_20181231b.shp,dyad_id,-1,-1,C:/Users/owner/Dropbox/Wzone/tmp/tmp1994/shp5649_20181231b.shp,dyad_id,-1,-1,C:/Users/owner/Dropbox/Wzone/tmp/tmp1994/shp10098_20181231b.shp,dyad_id,-1,-1,C:/Users/owner/Dropbox/Wzone/tmp/tmp1994/shp10264_20181231b.shp,dyad_id,-1,-1,C:/Users/owner/Dropbox/Wzone/tmp/tmp1994/shp10509_20181231b.shp,dyad_id,-1,-1,C:/Users/owner/Dropbox/Wzone/tmp/tmp1994/shp10589_20181231b.shp,dyad_id,-1,-1,C:/Users/owner/Dropbox/Wzone/tmp/tmp1994/shp10882_20181231b.shp,dyad_id,-1,-1,C:/Users/owner/Dropbox/Wzone/tmp/tmp1994/shp11123_20181231b.shp,dyad_id,-1,-1,C:/Users/owner/Dropbox/Wzone/tmp/tmp1994/shp11377_20181231b.shp,dyad_id,-1,-1,C:/Users/owner/Dropbox/Wzone/tmp/tmp1994/shp11387_20181231b.shp,dyad_id,-1,-1,C:/Users/owner/Dropbox/Wzone/tmp/tmp1994/shp11433_20181231b.shp,dyad_id,-1,-1,C:/Users/owner/Dropbox/Wzone/tmp/tmp1994/shp11663_20181231b.shp,dyad_id,-1,-1,C:/Users/owner/Dropbox/Wzone/tmp/tmp1994/shp11665_20181231b.shp,dyad_id,-1,-1,C:/Users/owner/Dropbox/Wzone/tmp/tmp1994/shp11973_20181231b.shp,dyad_id,-1,-1,C:/Users/owner/Dropbox/Wzone/tmp/tmp1994/shp12009_20181231b.shp,dyad_id,-1,-1,C:/Users/owner/Dropbox/Wzone/tmp/tmp1994/shp12378_20181231b.shp,dyad_id,-1,-1,C:/Users/owner/Dropbox/Wzone/tmp/tmp1994/shp12380_20181231b.shp,dyad_id,-1,-1,C:/Users/owner/Dropbox/Wzone/tmp/tmp1994/shp12414_20181231b.shp,dyad_id,-1,-1,C:/Users/owner/Dropbox/Wzone/tmp/tmp1994/shp12422_20181231b.shp,dyad_id,-1,-1,C:/Users/owner/Dropbox/Wzone/tmp/tmp1994/shp12556_20181231b.shp,dyad_id,-1,-1,C:/Users/owner/Dropbox/Wzone/tmp/tmp1994/shp12693_20181231b.shp,dyad_id,-1,-1,C:/Users/owner/Dropbox/Wzone/tmp/tmp1994/shp14036_20181231b.shp,dyad_id,-1,-1,C:/Users/owner/Dropbox/Wzone/tmp/tmp1994/shp14092_20181231b.shp,dyad_id,-1,-1,C:/Users/owner/Dropbox/Wzone/tmp/tmp1994/shp14200_20181231b.shp,dyad_id,-1,-1,C:/Users/owner/Dropbox/Wzone/tmp/tmp1994/shp14273_20181231b.shp,dyad_id,-1,-1,C:/Users/owner/Dropbox/Wzone/tmp/tmp1994/shp14318_20181231b.shp,dyad_id,-1,-1,C:/Users/owner/Dropbox/Wzone/tmp/tmp1994/shp14319_20181231b.shp,dyad_id,-1,-1,C:/Users/owner/Dropbox/Wzone/tmp/tmp1994/shp14320_20181231b.shp,dyad_id,-1,-1,C:/Users/owner/Dropbox/Wzone/tmp/tmp1994/shp14542_20181231b.shp,dyad_id,-1,-1,C:/Users/owner/Dropbox/Wzone/tmp/tmp1994/shp14593_20181231b.shp,dyad_id,-1,-1,C:/Users/owner/Dropbox/Wzone/tmp/tmp1994/shp14595_20181231b.shp,dyad_id,-1,-1,C:/Users/owner/Dropbox/Wzone/tmp/tmp1994/shp14596_20181231b.shp,dyad_id,-1,-1,C:/Users/owner/Dropbox/Wzone/tmp/tmp1994/shp14611_20181231b.shp,dyad_id,-1,-1,C:/Users/owner/Dropbox/Wzone/tmp/tmp1994/shp14619_20181231b.shp,dyad_id,-1,-1,C:/Users/owner/Dropbox/Wzone/tmp/tmp1994/shp14620_20181231b.shp,dyad_id,-1,-1,C:/Users/owner/Dropbox/Wzone/tmp/tmp1994/shp14637_20181231b.shp,dyad_id,-1,-1,C:/Users/owner/Dropbox/Wzone/tmp/tmp1994/shp14667_20181231b.shp,dyad_id,-1,-1,C:/Users/owner/Dropbox/Wzone/tmp/tmp1994/shp14668_20181231b.shp,dyad_id,-1,-1,C:/Users/owner/Dropbox/Wzone/tmp/tmp1994/shp14669_20181231b.shp,dyad_id,-1,-1,C:/Users/owner/Dropbox/Wzone/tmp/tmp1994/shp14671_20181231b.shp,dyad_id,-1,-1,C:/Users/owner/Dropbox/Wzone/tmp/tmp1994/shp14677_20181231b.shp,dyad_id,-1,-1,C:/Users/owner/Dropbox/Wzone/tmp/tmp1994/shp14685_20181231b.shp,dyad_id,-1,-1,C:/Users/owner/Dropbox/Wzone/tmp/tmp1994/shp14718_20181231b.shp,dyad_id,-1,-1,C:/Users/owner/Dropbox/Wzone/tmp/tmp1994/shp14744_20181231b.shp,dyad_id,-1,-1,C:/Users/owner/Dropbox/Wzone/tmp/tmp1994/shp14746_20181231b.shp,dyad_id,-1,-1,C:/Users/owner/Dropbox/Wzone/tmp/tmp1994/shp14773_20181231b.shp,dyad_id,-1,-1,C:/Users/owner/Dropbox/Wzone/tmp/tmp1994/shp14799_20181231b.shp,dyad_id,-1,-1,C:/Users/owner/Dropbox/Wzone/tmp/tmp1994/shp14842_20181231b.shp,dyad_id,-1,-1,C:/Users/owner/Dropbox/Wzone/tmp/tmp1994/shp14973_20181231b.shp,dyad_id,-1,-1,C:/Users/owner/Dropbox/Wzone/tmp/tmp1994/shp15002_20181231b.shp,dyad_id,-1,-1,C:/Users/owner/Dropbox/Wzone/tmp/tmp1994/shp15019_20181231b.shp,dyad_id,-1,-1,C:/Users/owner/Dropbox/Wzone/tmp/tmp1994/shp15077_20181231b.shp,dyad_id,-1,-1,C:/Users/owner/Dropbox/Wzone/tmp/tmp1994/shp15100_20181231b.shp,dyad_id,-1,-1,C:/Users/owner/Dropbox/Wzone/tmp/tmp1994/shp15108_20181231b.shp,dyad_id,-1,-1,C:/Users/owner/Dropbox/Wzone/tmp/tmp1994/shp15136_20181231b.shp,dyad_id,-1,-1,C:/Users/owner/Dropbox/Wzone/tmp/tmp1994/shp15142_20181231b.shp,dyad_id,-1,-1,C:/Users/owner/Dropbox/Wzone/tmp/tmp1994/shp15161_20181231b.shp,dyad_id,-1,-1,C:/Users/owner/Dropbox/Wzone/tmp/tmp1994/shp15162_20181231b.shp,dyad_id,-1,-1,C:/Users/owner/Dropbox/Wzone/tmp/tmp1994/shp15167_20181231b.shp,dyad_id,-1,-1,C:/Users/owner/Dropbox/Wzone/tmp/tmp1994/shp15175_20181231b.shp,dyad_id,-1,-1,C:/Users/owner/Dropbox/Wzone/tmp/tmp1994/shp15195_20181231b.shp,dyad_id,-1,-1,C:/Users/owner/Dropbox/Wzone/tmp/tmp1994/shp15211_20181231b.shp,dyad_id,-1,-1,C:/Users/owner/Dropbox/Wzone/tmp/tmp1994/shp15241_20181231b.shp,dyad_id,-1,-1,C:/Users/owner/Dropbox/Wzone/tmp/tmp1994/shp15251_20181231b.shp,dyad_id,-1,-1,C:/Users/owner/Dropbox/Wzone/tmp/tmp1994/shp15256_20181231b.shp,dyad_id,-1,-1,C:/Users/owner/Dropbox/Wzone/tmp/tmp1994/shp15259_20181231b.shp,dyad_id,-1,-1,C:/Users/owner/Dropbox/Wzone/tmp/tmp1994/shp15292_20181231b.shp,dyad_id,-1,-1,C:/Users/owner/Dropbox/Wzone/tmp/tmp1994/shp15344_20181231b.shp,dyad_id,-1,-1,C:/Users/owner/Dropbox/Wzone/tmp/tmp1994/shp15376_20181231b.shp,dyad_id,-1,-1,C:/Users/owner/Dropbox/Wzone/tmp/tmp1994/shp15382_20181231b.shp,dyad_id,-1,-1,C:/Users/owner/Dropbox/Wzone/tmp/tmp1994/shp15389_20181231b.shp,dyad_id,-1,-1,C:/Users/owner/Dropbox/Wzone/tmp/tmp1994/shp15390_20181231b.shp,dyad_id,-1,-1,C:/Users/owner/Dropbox/Wzone/tmp/tmp1994/shp15473_20181231b.shp,dyad_id,-1,-1,C:/Users/owner/Dropbox/Wzone/tmp/tmp1994/shp15489_20181231b.shp,dyad_id,-1,-1,C:/Users/owner/Dropbox/Wzone/tmp/tmp1994/shp15515_20181231b.shp,dyad_id,-1,-1,C:/Users/owner/Dropbox/Wzone/tmp/tmp1994/shp15516_20181231b.shp,dyad_id,-1,-1,C:/Users/owner/Dropbox/Wzone/tmp/tmp1994/shp15558_20181231b.shp,dyad_id,-1,-1,C:/Users/owner/Dropbox/Wzone/tmp/tmp1994/shp15633_20181231b.shp,dyad_id,-1,-1,C:/Users/owner/Dropbox/Wzone/tmp/tmp1994/shp15662_20181231b.shp,dyad_id,-1,-1,C:/Users/owner/Dropbox/Wzone/tmp/tmp1994/shp15676_20181231b.shp,dyad_id,-1,-1,C:/Users/owner/Dropbox/Wzone/tmp/tmp1994/shp15717_20181231b.shp,dyad_id,-1,-1,C:/Users/owner/Dropbox/Wzone/tmp/tmp1994/shp15737_20181231b.shp,dyad_id,-1,-1,C:/Users/owner/Dropbox/Wzone/tmp/tmp1994/shp15738_20181231b.shp,dyad_id,-1,-1,C:/Users/owner/Dropbox/Wzone/tmp/tmp1994/shp15750_20181231b.shp,dyad_id,-1,-1,C:/Users/owner/Dropbox/Wzone/tmp/tmp1994/shp15751_20181231b.shp,dyad_id,-1,-1,C:/Users/owner/Dropbox/Wzone/tmp/tmp1994/shp15793_20181231b.shp,dyad_id,-1,-1,C:/Users/owner/Dropbox/Wzone/tmp/tmp1994/shp15809_20181231b.shp,dyad_id,-1,-1,C:/Users/owner/Dropbox/Wzone/tmp/tmp1994/shp15895_20181231b.shp,dyad_id,-1,-1,C:/Users/owner/Dropbox/Wzone/tmp/tmp1994/shp15896_20181231b.shp,dyad_id,-1,-1,C:/Users/owner/Dropbox/Wzone/tmp/tmp1994/shp15915_20181231b.shp,dyad_id,-1,-1,C:/Users/owner/Dropbox/Wzone/tmp/tmp1994/shp17152_20181231b.shp,dyad_id,-1,-1,C:/Users/owner/Dropbox/Wzone/tmp/tmp1994/shp17247_20181231b.shp,dyad_id,-1,-1,C:/Users/owner/Dropbox/Wzone/tmp/tmp1994/shp17248_20181231b.shp,dyad_id,-1,-1;conf_id "conf_id" true true false 5 Long 0 5,First,#,C:/Users/owner/Dropbox/Wzone/tmp/tmp1994/shp406_20181231b.shp,conf_id,-1,-1,C:/Users/owner/Dropbox/Wzone/tmp/tmp1994/shp411_20181231b.shp,conf_id,-1,-1,C:/Users/owner/Dropbox/Wzone/tmp/tmp1994/shp422_20181231b.shp,conf_id,-1,-1,C:/Users/owner/Dropbox/Wzone/tmp/tmp1994/shp428_20181231b.shp,conf_id,-1,-1,C:/Users/owner/Dropbox/Wzone/tmp/tmp1994/shp453_20181231b.shp,conf_id,-1,-1,C:/Users/owner/Dropbox/Wzone/tmp/tmp1994/shp461_20181231b.shp,conf_id,-1,-1,C:/Users/owner/Dropbox/Wzone/tmp/tmp1994/shp474_20181231b.shp,conf_id,-1,-1,C:/Users/owner/Dropbox/Wzone/tmp/tmp1994/shp476_20181231b.shp,conf_id,-1,-1,C:/Users/owner/Dropbox/Wzone/tmp/tmp1994/shp477_20181231b.shp,conf_id,-1,-1,C:/Users/owner/Dropbox/Wzone/tmp/tmp1994/shp478_20181231b.shp,conf_id,-1,-1,C:/Users/owner/Dropbox/Wzone/tmp/tmp1994/shp508_20181231b.shp,conf_id,-1,-1,C:/Users/owner/Dropbox/Wzone/tmp/tmp1994/shp624_20181231b.shp,conf_id,-1,-1,C:/Users/owner/Dropbox/Wzone/tmp/tmp1994/shp628_20181231b.shp,conf_id,-1,-1,C:/Users/owner/Dropbox/Wzone/tmp/tmp1994/shp640_20181231b.shp,conf_id,-1,-1,C:/Users/owner/Dropbox/Wzone/tmp/tmp1994/shp657_20181231b.shp,conf_id,-1,-1,C:/Users/owner/Dropbox/Wzone/tmp/tmp1994/shp658_20181231b.shp,conf_id,-1,-1,C:/Users/owner/Dropbox/Wzone/tmp/tmp1994/shp666_20181231b.shp,conf_id,-1,-1,C:/Users/owner/Dropbox/Wzone/tmp/tmp1994/shp721_20181231b.shp,conf_id,-1,-1,C:/Users/owner/Dropbox/Wzone/tmp/tmp1994/shp735_20181231b.shp,conf_id,-1,-1,C:/Users/owner/Dropbox/Wzone/tmp/tmp1994/shp750_20181231b.shp,conf_id,-1,-1,C:/Users/owner/Dropbox/Wzone/tmp/tmp1994/shp754_20181231b.shp,conf_id,-1,-1,C:/Users/owner/Dropbox/Wzone/tmp/tmp1994/shp781_20181231b.shp,conf_id,-1,-1,C:/Users/owner/Dropbox/Wzone/tmp/tmp1994/shp792_20181231b.shp,conf_id,-1,-1,C:/Users/owner/Dropbox/Wzone/tmp/tmp1994/shp830_20181231b.shp,conf_id,-1,-1,C:/Users/owner/Dropbox/Wzone/tmp/tmp1994/shp833_20181231b.shp,conf_id,-1,-1,C:/Users/owner/Dropbox/Wzone/tmp/tmp1994/shp857_20181231b.shp,conf_id,-1,-1,C:/Users/owner/Dropbox/Wzone/tmp/tmp1994/shp878_20181231b.shp,conf_id,-1,-1,C:/Users/owner/Dropbox/Wzone/tmp/tmp1994/shp888_20181231b.shp,conf_id,-1,-1,C:/Users/owner/Dropbox/Wzone/tmp/tmp1994/shp891_20181231b.shp,conf_id,-1,-1,C:/Users/owner/Dropbox/Wzone/tmp/tmp1994/shp906_20181231b.shp,conf_id,-1,-1,C:/Users/owner/Dropbox/Wzone/tmp/tmp1994/shp913_20181231b.shp,conf_id,-1,-1,C:/Users/owner/Dropbox/Wzone/tmp/tmp1994/shp914_20181231b.shp,conf_id,-1,-1,C:/Users/owner/Dropbox/Wzone/tmp/tmp1994/shp915_20181231b.shp,conf_id,-1,-1,C:/Users/owner/Dropbox/Wzone/tmp/tmp1994/shp921_20181231b.shp,conf_id,-1,-1,C:/Users/owner/Dropbox/Wzone/tmp/tmp1994/shp929_20181231b.shp,conf_id,-1,-1,C:/Users/owner/Dropbox/Wzone/tmp/tmp1994/shp930_20181231b.shp,conf_id,-1,-1,C:/Users/owner/Dropbox/Wzone/tmp/tmp1994/shp931_20181231b.shp,conf_id,-1,-1,C:/Users/owner/Dropbox/Wzone/tmp/tmp1994/shp934_20181231b.shp,conf_id,-1,-1,C:/Users/owner/Dropbox/Wzone/tmp/tmp1994/shp936_20181231b.shp,conf_id,-1,-1,C:/Users/owner/Dropbox/Wzone/tmp/tmp1994/shp938_20181231b.shp,conf_id,-1,-1,C:/Users/owner/Dropbox/Wzone/tmp/tmp1994/shp941_20181231b.shp,conf_id,-1,-1,C:/Users/owner/Dropbox/Wzone/tmp/tmp1994/shp942_20181231b.shp,conf_id,-1,-1,C:/Users/owner/Dropbox/Wzone/tmp/tmp1994/shp944_20181231b.shp,conf_id,-1,-1,C:/Users/owner/Dropbox/Wzone/tmp/tmp1994/shp947_20181231b.shp,conf_id,-1,-1,C:/Users/owner/Dropbox/Wzone/tmp/tmp1994/shp948_20181231b.shp,conf_id,-1,-1,C:/Users/owner/Dropbox/Wzone/tmp/tmp1994/shp950_20181231b.shp,conf_id,-1,-1,C:/Users/owner/Dropbox/Wzone/tmp/tmp1994/shp951_20181231b.shp,conf_id,-1,-1,C:/Users/owner/Dropbox/Wzone/tmp/tmp1994/shp955_20181231b.shp,conf_id,-1,-1,C:/Users/owner/Dropbox/Wzone/tmp/tmp1994/shp962_20181231b.shp,conf_id,-1,-1,C:/Users/owner/Dropbox/Wzone/tmp/tmp1994/shp966_20181231b.shp,conf_id,-1,-1,C:/Users/owner/Dropbox/Wzone/tmp/tmp1994/shp973_20181231b.shp,conf_id,-1,-1,C:/Users/owner/Dropbox/Wzone/tmp/tmp1994/shp981_20181231b.shp,conf_id,-1,-1,C:/Users/owner/Dropbox/Wzone/tmp/tmp1994/shp989_20181231b.shp,conf_id,-1,-1,C:/Users/owner/Dropbox/Wzone/tmp/tmp1994/shp1007_20181231b.shp,conf_id,-1,-1,C:/Users/owner/Dropbox/Wzone/tmp/tmp1994/shp1023_20181231b.shp,conf_id,-1,-1,C:/Users/owner/Dropbox/Wzone/tmp/tmp1994/shp1036_20181231b.shp,conf_id,-1,-1,C:/Users/owner/Dropbox/Wzone/tmp/tmp1994/shp1071_20181231b.shp,conf_id,-1,-1,C:/Users/owner/Dropbox/Wzone/tmp/tmp1994/shp1073_20181231b.shp,conf_id,-1,-1,C:/Users/owner/Dropbox/Wzone/tmp/tmp1994/shp1096_20181231b.shp,conf_id,-1,-1,C:/Users/owner/Dropbox/Wzone/tmp/tmp1994/shp1108_20181231b.shp,conf_id,-1,-1,C:/Users/owner/Dropbox/Wzone/tmp/tmp1994/shp1162_20181231b.shp,conf_id,-1,-1,C:/Users/owner/Dropbox/Wzone/tmp/tmp1994/shp1166_20181231b.shp,conf_id,-1,-1,C:/Users/owner/Dropbox/Wzone/tmp/tmp1994/shp1167_20181231b.shp,conf_id,-1,-1,C:/Users/owner/Dropbox/Wzone/tmp/tmp1994/shp1175_20181231b.shp,conf_id,-1,-1,C:/Users/owner/Dropbox/Wzone/tmp/tmp1994/shp1176_20181231b.shp,conf_id,-1,-1,C:/Users/owner/Dropbox/Wzone/tmp/tmp1994/shp1182_20181231b.shp,conf_id,-1,-1,C:/Users/owner/Dropbox/Wzone/tmp/tmp1994/shp1204_20181231b.shp,conf_id,-1,-1,C:/Users/owner/Dropbox/Wzone/tmp/tmp1994/shp1301_20181231b.shp,conf_id,-1,-1,C:/Users/owner/Dropbox/Wzone/tmp/tmp1994/shp1702_20181231b.shp,conf_id,-1,-1,C:/Users/owner/Dropbox/Wzone/tmp/tmp1994/shp1704_20181231b.shp,conf_id,-1,-1,C:/Users/owner/Dropbox/Wzone/tmp/tmp1994/shp2332_20181231b.shp,conf_id,-1,-1,C:/Users/owner/Dropbox/Wzone/tmp/tmp1994/shp2425_20181231b.shp,conf_id,-1,-1,C:/Users/owner/Dropbox/Wzone/tmp/tmp1994/shp2461_20181231b.shp,conf_id,-1,-1,C:/Users/owner/Dropbox/Wzone/tmp/tmp1994/shp4313_20181231b.shp,conf_id,-1,-1,C:/Users/owner/Dropbox/Wzone/tmp/tmp1994/shp5201_20181231b.shp,conf_id,-1,-1,C:/Users/owner/Dropbox/Wzone/tmp/tmp1994/shp5247_20181231b.shp,conf_id,-1,-1,C:/Users/owner/Dropbox/Wzone/tmp/tmp1994/shp5262_20181231b.shp,conf_id,-1,-1,C:/Users/owner/Dropbox/Wzone/tmp/tmp1994/shp5270_20181231b.shp,conf_id,-1,-1,C:/Users/owner/Dropbox/Wzone/tmp/tmp1994/shp5293_20181231b.shp,conf_id,-1,-1,C:/Users/owner/Dropbox/Wzone/tmp/tmp1994/shp5314_20181231b.shp,conf_id,-1,-1,C:/Users/owner/Dropbox/Wzone/tmp/tmp1994/shp5349_20181231b.shp,conf_id,-1,-1,C:/Users/owner/Dropbox/Wzone/tmp/tmp1994/shp5405_20181231b.shp,conf_id,-1,-1,C:/Users/owner/Dropbox/Wzone/tmp/tmp1994/shp5512_20181231b.shp,conf_id,-1,-1,C:/Users/owner/Dropbox/Wzone/tmp/tmp1994/shp5534_20181231b.shp,conf_id,-1,-1,C:/Users/owner/Dropbox/Wzone/tmp/tmp1994/shp5543_20181231b.shp,conf_id,-1,-1,C:/Users/owner/Dropbox/Wzone/tmp/tmp1994/shp5551_20181231b.shp,conf_id,-1,-1,C:/Users/owner/Dropbox/Wzone/tmp/tmp1994/shp5583_20181231b.shp,conf_id,-1,-1,C:/Users/owner/Dropbox/Wzone/tmp/tmp1994/shp5584_20181231b.shp,conf_id,-1,-1,C:/Users/owner/Dropbox/Wzone/tmp/tmp1994/shp5589_20181231b.shp,conf_id,-1,-1,C:/Users/owner/Dropbox/Wzone/tmp/tmp1994/shp5598_20181231b.shp,conf_id,-1,-1,C:/Users/owner/Dropbox/Wzone/tmp/tmp1994/shp5649_20181231b.shp,conf_id,-1,-1,C:/Users/owner/Dropbox/Wzone/tmp/tmp1994/shp10098_20181231b.shp,conf_id,-1,-1,C:/Users/owner/Dropbox/Wzone/tmp/tmp1994/shp10264_20181231b.shp,conf_id,-1,-1,C:/Users/owner/Dropbox/Wzone/tmp/tmp1994/shp10509_20181231b.shp,conf_id,-1,-1,C:/Users/owner/Dropbox/Wzone/tmp/tmp1994/shp10589_20181231b.shp,conf_id,-1,-1,C:/Users/owner/Dropbox/Wzone/tmp/tmp1994/shp10882_20181231b.shp,conf_id,-1,-1,C:/Users/owner/Dropbox/Wzone/tmp/tmp1994/shp11123_20181231b.shp,conf_id,-1,-1,C:/Users/owner/Dropbox/Wzone/tmp/tmp1994/shp11377_20181231b.shp,conf_id,-1,-1,C:/Users/owner/Dropbox/Wzone/tmp/tmp1994/shp11387_20181231b.shp,conf_id,-1,-1,C:/Users/owner/Dropbox/Wzone/tmp/tmp1994/shp11433_20181231b.shp,conf_id,-1,-1,C:/Users/owner/Dropbox/Wzone/tmp/tmp1994/shp11663_20181231b.shp,conf_id,-1,-1,C:/Users/owner/Dropbox/Wzone/tmp/tmp1994/shp11665_20181231b.shp,conf_id,-1,-1,C:/Users/owner/Dropbox/Wzone/tmp/tmp1994/shp11973_20181231b.shp,conf_id,-1,-1,C:/Users/owner/Dropbox/Wzone/tmp/tmp1994/shp12009_20181231b.shp,conf_id,-1,-1,C:/Users/owner/Dropbox/Wzone/tmp/tmp1994/shp12378_20181231b.shp,conf_id,-1,-1,C:/Users/owner/Dropbox/Wzone/tmp/tmp1994/shp12380_20181231b.shp,conf_id,-1,-1,C:/Users/owner/Dropbox/Wzone/tmp/tmp1994/shp12414_20181231b.shp,conf_id,-1,-1,C:/Users/owner/Dropbox/Wzone/tmp/tmp1994/shp12422_20181231b.shp,conf_id,-1,-1,C:/Users/owner/Dropbox/Wzone/tmp/tmp1994/shp12556_20181231b.shp,conf_id,-1,-1,C:/Users/owner/Dropbox/Wzone/tmp/tmp1994/shp12693_20181231b.shp,conf_id,-1,-1,C:/Users/owner/Dropbox/Wzone/tmp/tmp1994/shp14036_20181231b.shp,conf_id,-1,-1,C:/Users/owner/Dropbox/Wzone/tmp/tmp1994/shp14092_20181231b.shp,conf_id,-1,-1,C:/Users/owner/Dropbox/Wzone/tmp/tmp1994/shp14200_20181231b.shp,conf_id,-1,-1,C:/Users/owner/Dropbox/Wzone/tmp/tmp1994/shp14273_20181231b.shp,conf_id,-1,-1,C:/Users/owner/Dropbox/Wzone/tmp/tmp1994/shp14318_20181231b.shp,conf_id,-1,-1,C:/Users/owner/Dropbox/Wzone/tmp/tmp1994/shp14319_20181231b.shp,conf_id,-1,-1,C:/Users/owner/Dropbox/Wzone/tmp/tmp1994/shp14320_20181231b.shp,conf_id,-1,-1,C:/Users/owner/Dropbox/Wzone/tmp/tmp1994/shp14542_20181231b.shp,conf_id,-1,-1,C:/Users/owner/Dropbox/Wzone/tmp/tmp1994/shp14593_20181231b.shp,conf_id,-1,-1,C:/Users/owner/Dropbox/Wzone/tmp/tmp1994/shp14595_20181231b.shp,conf_id,-1,-1,C:/Users/owner/Dropbox/Wzone/tmp/tmp1994/shp14596_20181231b.shp,conf_id,-1,-1,C:/Users/owner/Dropbox/Wzone/tmp/tmp1994/shp14611_20181231b.shp,conf_id,-1,-1,C:/Users/owner/Dropbox/Wzone/tmp/tmp1994/shp14619_20181231b.shp,conf_id,-1,-1,C:/Users/owner/Dropbox/Wzone/tmp/tmp1994/shp14620_20181231b.shp,conf_id,-1,-1,C:/Users/owner/Dropbox/Wzone/tmp/tmp1994/shp14637_20181231b.shp,conf_id,-1,-1,C:/Users/owner/Dropbox/Wzone/tmp/tmp1994/shp14667_20181231b.shp,conf_id,-1,-1,C:/Users/owner/Dropbox/Wzone/tmp/tmp1994/shp14668_20181231b.shp,conf_id,-1,-1,C:/Users/owner/Dropbox/Wzone/tmp/tmp1994/shp14669_20181231b.shp,conf_id,-1,-1,C:/Users/owner/Dropbox/Wzone/tmp/tmp1994/shp14671_20181231b.shp,conf_id,-1,-1,C:/Users/owner/Dropbox/Wzone/tmp/tmp1994/shp14677_20181231b.shp,conf_id,-1,-1,C:/Users/owner/Dropbox/Wzone/tmp/tmp1994/shp14685_20181231b.shp,conf_id,-1,-1,C:/Users/owner/Dropbox/Wzone/tmp/tmp1994/shp14718_20181231b.shp,conf_id,-1,-1,C:/Users/owner/Dropbox/Wzone/tmp/tmp1994/shp14744_20181231b.shp,conf_id,-1,-1,C:/Users/owner/Dropbox/Wzone/tmp/tmp1994/shp14746_20181231b.shp,conf_id,-1,-1,C:/Users/owner/Dropbox/Wzone/tmp/tmp1994/shp14773_20181231b.shp,conf_id,-1,-1,C:/Users/owner/Dropbox/Wzone/tmp/tmp1994/shp14799_20181231b.shp,conf_id,-1,-1,C:/Users/owner/Dropbox/Wzone/tmp/tmp1994/shp14842_20181231b.shp,conf_id,-1,-1,C:/Users/owner/Dropbox/Wzone/tmp/tmp1994/shp14973_20181231b.shp,conf_id,-1,-1,C:/Users/owner/Dropbox/Wzone/tmp/tmp1994/shp15002_20181231b.shp,conf_id,-1,-1,C:/Users/owner/Dropbox/Wzone/tmp/tmp1994/shp15019_20181231b.shp,conf_id,-1,-1,C:/Users/owner/Dropbox/Wzone/tmp/tmp1994/shp15077_20181231b.shp,conf_id,-1,-1,C:/Users/owner/Dropbox/Wzone/tmp/tmp1994/shp15100_20181231b.shp,conf_id,-1,-1,C:/Users/owner/Dropbox/Wzone/tmp/tmp1994/shp15108_20181231b.shp,conf_id,-1,-1,C:/Users/owner/Dropbox/Wzone/tmp/tmp1994/shp15136_20181231b.shp,conf_id,-1,-1,C:/Users/owner/Dropbox/Wzone/tmp/tmp1994/shp15142_20181231b.shp,conf_id,-1,-1,C:/Users/owner/Dropbox/Wzone/tmp/tmp1994/shp15161_20181231b.shp,conf_id,-1,-1,C:/Users/owner/Dropbox/Wzone/tmp/tmp1994/shp15162_20181231b.shp,conf_id,-1,-1,C:/Users/owner/Dropbox/Wzone/tmp/tmp1994/shp15167_20181231b.shp,conf_id,-1,-1,C:/Users/owner/Dropbox/Wzone/tmp/tmp1994/shp15175_20181231b.shp,conf_id,-1,-1,C:/Users/owner/Dropbox/Wzone/tmp/tmp1994/shp15195_20181231b.shp,conf_id,-1,-1,C:/Users/owner/Dropbox/Wzone/tmp/tmp1994/shp15211_20181231b.shp,conf_id,-1,-1,C:/Users/owner/Dropbox/Wzone/tmp/tmp1994/shp15241_20181231b.shp,conf_id,-1,-1,C:/Users/owner/Dropbox/Wzone/tmp/tmp1994/shp15251_20181231b.shp,conf_id,-1,-1,C:/Users/owner/Dropbox/Wzone/tmp/tmp1994/shp15256_20181231b.shp,conf_id,-1,-1,C:/Users/owner/Dropbox/Wzone/tmp/tmp1994/shp15259_20181231b.shp,conf_id,-1,-1,C:/Users/owner/Dropbox/Wzone/tmp/tmp1994/shp15292_20181231b.shp,conf_id,-1,-1,C:/Users/owner/Dropbox/Wzone/tmp/tmp1994/shp15344_20181231b.shp,conf_id,-1,-1,C:/Users/owner/Dropbox/Wzone/tmp/tmp1994/shp15376_20181231b.shp,conf_id,-1,-1,C:/Users/owner/Dropbox/Wzone/tmp/tmp1994/shp15382_20181231b.shp,conf_id,-1,-1,C:/Users/owner/Dropbox/Wzone/tmp/tmp1994/shp15389_20181231b.shp,conf_id,-1,-1,C:/Users/owner/Dropbox/Wzone/tmp/tmp1994/shp15390_20181231b.shp,conf_id,-1,-1,C:/Users/owner/Dropbox/Wzone/tmp/tmp1994/shp15473_20181231b.shp,conf_id,-1,-1,C:/Users/owner/Dropbox/Wzone/tmp/tmp1994/shp15489_20181231b.shp,conf_id,-1,-1,C:/Users/owner/Dropbox/Wzone/tmp/tmp1994/shp15515_20181231b.shp,conf_id,-1,-1,C:/Users/owner/Dropbox/Wzone/tmp/tmp1994/shp15516_20181231b.shp,conf_id,-1,-1,C:/Users/owner/Dropbox/Wzone/tmp/tmp1994/shp15558_20181231b.shp,conf_id,-1,-1,C:/Users/owner/Dropbox/Wzone/tmp/tmp1994/shp15633_20181231b.shp,conf_id,-1,-1,C:/Users/owner/Dropbox/Wzone/tmp/tmp1994/shp15662_20181231b.shp,conf_id,-1,-1,C:/Users/owner/Dropbox/Wzone/tmp/tmp1994/shp15676_20181231b.shp,conf_id,-1,-1,C:/Users/owner/Dropbox/Wzone/tmp/tmp1994/shp15717_20181231b.shp,conf_id,-1,-1,C:/Users/owner/Dropbox/Wzone/tmp/tmp1994/shp15737_20181231b.shp,conf_id,-1,-1,C:/Users/owner/Dropbox/Wzone/tmp/tmp1994/shp15738_20181231b.shp,conf_id,-1,-1,C:/Users/owner/Dropbox/Wzone/tmp/tmp1994/shp15750_20181231b.shp,conf_id,-1,-1,C:/Users/owner/Dropbox/Wzone/tmp/tmp1994/shp15751_20181231b.shp,conf_id,-1,-1,C:/Users/owner/Dropbox/Wzone/tmp/tmp1994/shp15793_20181231b.shp,conf_id,-1,-1,C:/Users/owner/Dropbox/Wzone/tmp/tmp1994/shp15809_20181231b.shp,conf_id,-1,-1,C:/Users/owner/Dropbox/Wzone/tmp/tmp1994/shp15895_20181231b.shp,conf_id,-1,-1,C:/Users/owner/Dropbox/Wzone/tmp/tmp1994/shp15896_20181231b.shp,conf_id,-1,-1,C:/Users/owner/Dropbox/Wzone/tmp/tmp1994/shp15915_20181231b.shp,conf_id,-1,-1,C:/Users/owner/Dropbox/Wzone/tmp/tmp1994/shp17152_20181231b.shp,conf_id,-1,-1,C:/Users/owner/Dropbox/Wzone/tmp/tmp1994/shp17247_20181231b.shp,conf_id,-1,-1,C:/Users/owner/Dropbox/Wzone/tmp/tmp1994/shp17248_20181231b.shp,conf_id,-1,-1;date "date" true true false 254 Text 0 0,First,#,C:/Users/owner/Dropbox/Wzone/tmp/tmp1994/shp406_20181231b.shp,date,0,253,C:/Users/owner/Dropbox/Wzone/tmp/tmp1994/shp411_20181231b.shp,date,0,253,C:/Users/owner/Dropbox/Wzone/tmp/tmp1994/shp422_20181231b.shp,date,0,253,C:/Users/owner/Dropbox/Wzone/tmp/tmp1994/shp428_20181231b.shp,date,0,253,C:/Users/owner/Dropbox/Wzone/tmp/tmp1994/shp453_20181231b.shp,date,0,253,C:/Users/owner/Dropbox/Wzone/tmp/tmp1994/shp461_20181231b.shp,date,0,253,C:/Users/owner/Dropbox/Wzone/tmp/tmp1994/shp474_20181231b.shp,date,0,253,C:/Users/owner/Dropbox/Wzone/tmp/tmp1994/shp476_20181231b.shp,date,0,253,C:/Users/owner/Dropbox/Wzone/tmp/tmp1994/shp477_20181231b.shp,date,0,253,C:/Users/owner/Dropbox/Wzone/tmp/tmp1994/shp478_20181231b.shp,date,0,253,C:/Users/owner/Dropbox/Wzone/tmp/tmp1994/shp508_20181231b.shp,date,0,253,C:/Users/owner/Dropbox/Wzone/tmp/tmp1994/shp624_20181231b.shp,date,0,253,C:/Users/owner/Dropbox/Wzone/tmp/tmp1994/shp628_20181231b.shp,date,0,253,C:/Users/owner/Dropbox/Wzone/tmp/tmp1994/shp640_20181231b.shp,date,0,253,C:/Users/owner/Dropbox/Wzone/tmp/tmp1994/shp657_20181231b.shp,date,0,253,C:/Users/owner/Dropbox/Wzone/tmp/tmp1994/shp658_20181231b.shp,date,0,253,C:/Users/owner/Dropbox/Wzone/tmp/tmp1994/shp666_20181231b.shp,date,0,253,C:/Users/owner/Dropbox/Wzone/tmp/tmp1994/shp721_20181231b.shp,date,0,253,C:/Users/owner/Dropbox/Wzone/tmp/tmp1994/shp735_20181231b.shp,date,0,253,C:/Users/owner/Dropbox/Wzone/tmp/tmp1994/shp750_20181231b.shp,date,0,253,C:/Users/owner/Dropbox/Wzone/tmp/tmp1994/shp754_20181231b.shp,date,0,253,C:/Users/owner/Dropbox/Wzone/tmp/tmp1994/shp781_20181231b.shp,date,0,253,C:/Users/owner/Dropbox/Wzone/tmp/tmp1994/shp792_20181231b.shp,date,0,253,C:/Users/owner/Dropbox/Wzone/tmp/tmp1994/shp830_20181231b.shp,date,0,253,C:/Users/owner/Dropbox/Wzone/tmp/tmp1994/shp833_20181231b.shp,date,0,253,C:/Users/owner/Dropbox/Wzone/tmp/tmp1994/shp857_20181231b.shp,date,0,253,C:/Users/owner/Dropbox/Wzone/tmp/tmp1994/shp878_20181231b.shp,date,0,253,C:/Users/owner/Dropbox/Wzone/tmp/tmp1994/shp888_20181231b.shp,date,0,253,C:/Users/owner/Dropbox/Wzone/tmp/tmp1994/shp891_20181231b.shp,date,0,253,C:/Users/owner/Dropbox/Wzone/tmp/tmp1994/shp906_20181231b.shp,date,0,253,C:/Users/owner/Dropbox/Wzone/tmp/tmp1994/shp913_20181231b.shp,date,0,253,C:/Users/owner/Dropbox/Wzone/tmp/tmp1994/shp914_20181231b.shp,date,0,253,C:/Users/owner/Dropbox/Wzone/tmp/tmp1994/shp915_20181231b.shp,date,0,253,C:/Users/owner/Dropbox/Wzone/tmp/tmp1994/shp921_20181231b.shp,date,0,253,C:/Users/owner/Dropbox/Wzone/tmp/tmp1994/shp929_20181231b.shp,date,0,253,C:/Users/owner/Dropbox/Wzone/tmp/tmp1994/shp930_20181231b.shp,date,0,253,C:/Users/owner/Dropbox/Wzone/tmp/tmp1994/shp931_20181231b.shp,date,0,253,C:/Users/owner/Dropbox/Wzone/tmp/tmp1994/shp934_20181231b.shp,date,0,253,C:/Users/owner/Dropbox/Wzone/tmp/tmp1994/shp936_20181231b.shp,date,0,253,C:/Users/owner/Dropbox/Wzone/tmp/tmp1994/shp938_20181231b.shp,date,0,253,C:/Users/owner/Dropbox/Wzone/tmp/tmp1994/shp941_20181231b.shp,date,0,253,C:/Users/owner/Dropbox/Wzone/tmp/tmp1994/shp942_20181231b.shp,date,0,253,C:/Users/owner/Dropbox/Wzone/tmp/tmp1994/shp944_20181231b.shp,date,0,253,C:/Users/owner/Dropbox/Wzone/tmp/tmp1994/shp947_20181231b.shp,date,0,253,C:/Users/owner/Dropbox/Wzone/tmp/tmp1994/shp948_20181231b.shp,date,0,253,C:/Users/owner/Dropbox/Wzone/tmp/tmp1994/shp950_20181231b.shp,date,0,253,C:/Users/owner/Dropbox/Wzone/tmp/tmp1994/shp951_20181231b.shp,date,0,253,C:/Users/owner/Dropbox/Wzone/tmp/tmp1994/shp955_20181231b.shp,date,0,253,C:/Users/owner/Dropbox/Wzone/tmp/tmp1994/shp962_20181231b.shp,date,0,253,C:/Users/owner/Dropbox/Wzone/tmp/tmp1994/shp966_20181231b.shp,date,0,253,C:/Users/owner/Dropbox/Wzone/tmp/tmp1994/shp973_20181231b.shp,date,0,253,C:/Users/owner/Dropbox/Wzone/tmp/tmp1994/shp981_20181231b.shp,date,0,253,C:/Users/owner/Dropbox/Wzone/tmp/tmp1994/shp989_20181231b.shp,date,0,253,C:/Users/owner/Dropbox/Wzone/tmp/tmp1994/shp1007_20181231b.shp,date,0,253,C:/Users/owner/Dropbox/Wzone/tmp/tmp1994/shp1023_20181231b.shp,date,0,253,C:/Users/owner/Dropbox/Wzone/tmp/tmp1994/shp1036_20181231b.shp,date,0,253,C:/Users/owner/Dropbox/Wzone/tmp/tmp1994/shp1071_20181231b.shp,date,0,253,C:/Users/owner/Dropbox/Wzone/tmp/tmp1994/shp1073_20181231b.shp,date,0,253,C:/Users/owner/Dropbox/Wzone/tmp/tmp1994/shp1096_20181231b.shp,date,0,253,C:/Users/owner/Dropbox/Wzone/tmp/tmp1994/shp1108_20181231b.shp,date,0,253,C:/Users/owner/Dropbox/Wzone/tmp/tmp1994/shp1162_20181231b.shp,date,0,253,C:/Users/owner/Dropbox/Wzone/tmp/tmp1994/shp1166_20181231b.shp,date,0,253,C:/Users/owner/Dropbox/Wzone/tmp/tmp1994/shp1167_20181231b.shp,date,0,253,C:/Users/owner/Dropbox/Wzone/tmp/tmp1994/shp1175_20181231b.shp,date,0,253,C:/Users/owner/Dropbox/Wzone/tmp/tmp1994/shp1176_20181231b.shp,date,0,253,C:/Users/owner/Dropbox/Wzone/tmp/tmp1994/shp1182_20181231b.shp,date,0,253,C:/Users/owner/Dropbox/Wzone/tmp/tmp1994/shp1204_20181231b.shp,date,0,253,C:/Users/owner/Dropbox/Wzone/tmp/tmp1994/shp1301_20181231b.shp,date,0,253,C:/Users/owner/Dropbox/Wzone/tmp/tmp1994/shp1702_20181231b.shp,date,0,253,C:/Users/owner/Dropbox/Wzone/tmp/tmp1994/shp1704_20181231b.shp,date,0,253,C:/Users/owner/Dropbox/Wzone/tmp/tmp1994/shp2332_20181231b.shp,date,0,253,C:/Users/owner/Dropbox/Wzone/tmp/tmp1994/shp2425_20181231b.shp,date,0,253,C:/Users/owner/Dropbox/Wzone/tmp/tmp1994/shp2461_20181231b.shp,date,0,253,C:/Users/owner/Dropbox/Wzone/tmp/tmp1994/shp4313_20181231b.shp,date,0,253,C:/Users/owner/Dropbox/Wzone/tmp/tmp1994/shp5201_20181231b.shp,date,0,253,C:/Users/owner/Dropbox/Wzone/tmp/tmp1994/shp5247_20181231b.shp,date,0,253,C:/Users/owner/Dropbox/Wzone/tmp/tmp1994/shp5262_20181231b.shp,date,0,253,C:/Users/owner/Dropbox/Wzone/tmp/tmp1994/shp5270_20181231b.shp,date,0,253,C:/Users/owner/Dropbox/Wzone/tmp/tmp1994/shp5293_20181231b.shp,date,0,253,C:/Users/owner/Dropbox/Wzone/tmp/tmp1994/shp5314_20181231b.shp,date,0,253,C:/Users/owner/Dropbox/Wzone/tmp/tmp1994/shp5349_20181231b.shp,date,0,253,C:/Users/owner/Dropbox/Wzone/tmp/tmp1994/shp5405_20181231b.shp,date,0,253,C:/Users/owner/Dropbox/Wzone/tmp/tmp1994/shp5512_20181231b.shp,date,0,253,C:/Users/owner/Dropbox/Wzone/tmp/tmp1994/shp5534_20181231b.shp,date,0,253,C:/Users/owner/Dropbox/Wzone/tmp/tmp1994/shp5543_20181231b.shp,date,0,253,C:/Users/owner/Dropbox/Wzone/tmp/tmp1994/shp5551_20181231b.shp,date,0,253,C:/Users/owner/Dropbox/Wzone/tmp/tmp1994/shp5583_20181231b.shp,date,0,253,C:/Users/owner/Dropbox/Wzone/tmp/tmp1994/shp5584_20181231b.shp,date,0,253,C:/Users/owner/Dropbox/Wzone/tmp/tmp1994/shp5589_20181231b.shp,date,0,253,C:/Users/owner/Dropbox/Wzone/tmp/tmp1994/shp5598_20181231b.shp,date,0,253,C:/Users/owner/Dropbox/Wzone/tmp/tmp1994/shp5649_20181231b.shp,date,0,253,C:/Users/owner/Dropbox/Wzone/tmp/tmp1994/shp10098_20181231b.shp,date,0,253,C:/Users/owner/Dropbox/Wzone/tmp/tmp1994/shp10264_20181231b.shp,date,0,253,C:/Users/owner/Dropbox/Wzone/tmp/tmp1994/shp10509_20181231b.shp,date,0,253,C:/Users/owner/Dropbox/Wzone/tmp/tmp1994/shp10589_20181231b.shp,date,0,253,C:/Users/owner/Dropbox/Wzone/tmp/tmp1994/shp10882_20181231b.shp,date,0,253,C:/Users/owner/Dropbox/Wzone/tmp/tmp1994/shp11123_20181231b.shp,date,0,253,C:/Users/owner/Dropbox/Wzone/tmp/tmp1994/shp11377_20181231b.shp,date,0,253,C:/Users/owner/Dropbox/Wzone/tmp/tmp1994/shp11387_20181231b.shp,date,0,253,C:/Users/owner/Dropbox/Wzone/tmp/tmp1994/shp11433_20181231b.shp,date,0,253,C:/Users/owner/Dropbox/Wzone/tmp/tmp1994/shp11663_20181231b.shp,date,0,253,C:/Users/owner/Dropbox/Wzone/tmp/tmp1994/shp11665_20181231b.shp,date,0,253,C:/Users/owner/Dropbox/Wzone/tmp/tmp1994/shp11973_20181231b.shp,date,0,253,C:/Users/owner/Dropbox/Wzone/tmp/tmp1994/shp12009_20181231b.shp,date,0,253,C:/Users/owner/Dropbox/Wzone/tmp/tmp1994/shp12378_20181231b.shp,date,0,253,C:/Users/owner/Dropbox/Wzone/tmp/tmp1994/shp12380_20181231b.shp,date,0,253,C:/Users/owner/Dropbox/Wzone/tmp/tmp1994/shp12414_20181231b.shp,date,0,253,C:/Users/owner/Dropbox/Wzone/tmp/tmp1994/shp12422_20181231b.shp,date,0,253,C:/Users/owner/Dropbox/Wzone/tmp/tmp1994/shp12556_20181231b.shp,date,0,253,C:/Users/owner/Dropbox/Wzone/tmp/tmp1994/shp12693_20181231b.shp,date,0,253,C:/Users/owner/Dropbox/Wzone/tmp/tmp1994/shp14036_20181231b.shp,date,0,253,C:/Users/owner/Dropbox/Wzone/tmp/tmp1994/shp14092_20181231b.shp,date,0,253,C:/Users/owner/Dropbox/Wzone/tmp/tmp1994/shp14200_20181231b.shp,date,0,253,C:/Users/owner/Dropbox/Wzone/tmp/tmp1994/shp14273_20181231b.shp,date,0,253,C:/Users/owner/Dropbox/Wzone/tmp/tmp1994/shp14318_20181231b.shp,date,0,253,C:/Users/owner/Dropbox/Wzone/tmp/tmp1994/shp14319_20181231b.shp,date,0,253,C:/Users/owner/Dropbox/Wzone/tmp/tmp1994/shp14320_20181231b.shp,date,0,253,C:/Users/owner/Dropbox/Wzone/tmp/tmp1994/shp14542_20181231b.shp,date,0,253,C:/Users/owner/Dropbox/Wzone/tmp/tmp1994/shp14593_20181231b.shp,date,0,253,C:/Users/owner/Dropbox/Wzone/tmp/tmp1994/shp14595_20181231b.shp,date,0,253,C:/Users/owner/Dropbox/Wzone/tmp/tmp1994/shp14596_20181231b.shp,date,0,253,C:/Users/owner/Dropbox/Wzone/tmp/tmp1994/shp14611_20181231b.shp,date,0,253,C:/Users/owner/Dropbox/Wzone/tmp/tmp1994/shp14619_20181231b.shp,date,0,253,C:/Users/owner/Dropbox/Wzone/tmp/tmp1994/shp14620_20181231b.shp,date,0,253,C:/Users/owner/Dropbox/Wzone/tmp/tmp1994/shp14637_20181231b.shp,date,0,253,C:/Users/owner/Dropbox/Wzone/tmp/tmp1994/shp14667_20181231b.shp,date,0,253,C:/Users/owner/Dropbox/Wzone/tmp/tmp1994/shp14668_20181231b.shp,date,0,253,C:/Users/owner/Dropbox/Wzone/tmp/tmp1994/shp14669_20181231b.shp,date,0,253,C:/Users/owner/Dropbox/Wzone/tmp/tmp1994/shp14671_20181231b.shp,date,0,253,C:/Users/owner/Dropbox/Wzone/tmp/tmp1994/shp14677_20181231b.shp,date,0,253,C:/Users/owner/Dropbox/Wzone/tmp/tmp1994/shp14685_20181231b.shp,date,0,253,C:/Users/owner/Dropbox/Wzone/tmp/tmp1994/shp14718_20181231b.shp,date,0,253,C:/Users/owner/Dropbox/Wzone/tmp/tmp1994/shp14744_20181231b.shp,date,0,253,C:/Users/owner/Dropbox/Wzone/tmp/tmp1994/shp14746_20181231b.shp,date,0,253,C:/Users/owner/Dropbox/Wzone/tmp/tmp1994/shp14773_20181231b.shp,date,0,253,C:/Users/owner/Dropbox/Wzone/tmp/tmp1994/shp14799_20181231b.shp,date,0,253,C:/Users/owner/Dropbox/Wzone/tmp/tmp1994/shp14842_20181231b.shp,date,0,253,C:/Users/owner/Dropbox/Wzone/tmp/tmp1994/shp14973_20181231b.shp,date,0,253,C:/Users/owner/Dropbox/Wzone/tmp/tmp1994/shp15002_20181231b.shp,date,0,253,C:/Users/owner/Dropbox/Wzone/tmp/tmp1994/shp15019_20181231b.shp,date,0,253,C:/Users/owner/Dropbox/Wzone/tmp/tmp1994/shp15077_20181231b.shp,date,0,253,C:/Users/owner/Dropbox/Wzone/tmp/tmp1994/shp15100_20181231b.shp,date,0,253,C:/Users/owner/Dropbox/Wzone/tmp/tmp1994/shp15108_20181231b.shp,date,0,253,C:/Users/owner/Dropbox/Wzone/tmp/tmp1994/shp15136_20181231b.shp,date,0,253,C:/Users/owner/Dropbox/Wzone/tmp/tmp1994/shp15142_20181231b.shp,date,0,253,C:/Users/owner/Dropbox/Wzone/tmp/tmp1994/shp15161_20181231b.shp,date,0,253,C:/Users/owner/Dropbox/Wzone/tmp/tmp1994/shp15162_20181231b.shp,date,0,253,C:/Users/owner/Dropbox/Wzone/tmp/tmp1994/shp15167_20181231b.shp,date,0,253,C:/Users/owner/Dropbox/Wzone/tmp/tmp1994/shp15175_20181231b.shp,date,0,253,C:/Users/owner/Dropbox/Wzone/tmp/tmp1994/shp15195_20181231b.shp,date,0,253,C:/Users/owner/Dropbox/Wzone/tmp/tmp1994/shp15211_20181231b.shp,date,0,253,C:/Users/owner/Dropbox/Wzone/tmp/tmp1994/shp15241_20181231b.shp,date,0,253,C:/Users/owner/Dropbox/Wzone/tmp/tmp1994/shp15251_20181231b.shp,date,0,253,C:/Users/owner/Dropbox/Wzone/tmp/tmp1994/shp15256_20181231b.shp,date,0,253,C:/Users/owner/Dropbox/Wzone/tmp/tmp1994/shp15259_20181231b.shp,date,0,253,C:/Users/owner/Dropbox/Wzone/tmp/tmp1994/shp15292_20181231b.shp,date,0,253,C:/Users/owner/Dropbox/Wzone/tmp/tmp1994/shp15344_20181231b.shp,date,0,253,C:/Users/owner/Dropbox/Wzone/tmp/tmp1994/shp15376_20181231b.shp,date,0,253,C:/Users/owner/Dropbox/Wzone/tmp/tmp1994/shp15382_20181231b.shp,date,0,253,C:/Users/owner/Dropbox/Wzone/tmp/tmp1994/shp15389_20181231b.shp,date,0,253,C:/Users/owner/Dropbox/Wzone/tmp/tmp1994/shp15390_20181231b.shp,date,0,253,C:/Users/owner/Dropbox/Wzone/tmp/tmp1994/shp15473_20181231b.shp,date,0,253,C:/Users/owner/Dropbox/Wzone/tmp/tmp1994/shp15489_20181231b.shp,date,0,253,C:/Users/owner/Dropbox/Wzone/tmp/tmp1994/shp15515_20181231b.shp,date,0,253,C:/Users/owner/Dropbox/Wzone/tmp/tmp1994/shp15516_20181231b.shp,date,0,253,C:/Users/owner/Dropbox/Wzone/tmp/tmp1994/shp15558_20181231b.shp,date,0,253,C:/Users/owner/Dropbox/Wzone/tmp/tmp1994/shp15633_20181231b.shp,date,0,253,C:/Users/owner/Dropbox/Wzone/tmp/tmp1994/shp15662_20181231b.shp,date,0,253,C:/Users/owner/Dropbox/Wzone/tmp/tmp1994/shp15676_20181231b.shp,date,0,253,C:/Users/owner/Dropbox/Wzone/tmp/tmp1994/shp15717_20181231b.shp,date,0,253,C:/Users/owner/Dropbox/Wzone/tmp/tmp1994/shp15737_20181231b.shp,date,0,253,C:/Users/owner/Dropbox/Wzone/tmp/tmp1994/shp15738_20181231b.shp,date,0,253,C:/Users/owner/Dropbox/Wzone/tmp/tmp1994/shp15750_20181231b.shp,date,0,253,C:/Users/owner/Dropbox/Wzone/tmp/tmp1994/shp15751_20181231b.shp,date,0,253,C:/Users/owner/Dropbox/Wzone/tmp/tmp1994/shp15793_20181231b.shp,date,0,253,C:/Users/owner/Dropbox/Wzone/tmp/tmp1994/shp15809_20181231b.shp,date,0,253,C:/Users/owner/Dropbox/Wzone/tmp/tmp1994/shp15895_20181231b.shp,date,0,253,C:/Users/owner/Dropbox/Wzone/tmp/tmp1994/shp15896_20181231b.shp,date,0,253,C:/Users/owner/Dropbox/Wzone/tmp/tmp1994/shp15915_20181231b.shp,date,0,253,C:/Users/owner/Dropbox/Wzone/tmp/tmp1994/shp17152_20181231b.shp,date,0,253,C:/Users/owner/Dropbox/Wzone/tmp/tmp1994/shp17247_20181231b.shp,date,0,253,C:/Users/owner/Dropbox/Wzone/tmp/tmp1994/shp17248_20181231b.shp,date,0,253" NO_SOURCE_INFO</Process><Process ToolSource="c:\program files\arcgis\pro\Resources\ArcToolbox\toolboxes\Data Management Tools.tbx\DefineProjection" Date="20240721" Time="004402">DefineProjection C:/Users/owner/Dropbox/Wzone/out/wzone_shp/2018/2018_12_31.shp GEOGCS["GCS_WGS_1984",DATUM["D_WGS_1984",SPHEROID["WGS_1984",6378137.0,298.257223563]],PRIMEM["Greenwich",0.0],UNIT["Degree",0.0174532925199433]]</Process></lineage></DataProperties><SyncDate>20240721</SyncDate><SyncTime>00435800</SyncTime><ModDate>20240721</ModDate><ModTime>00435800</ModTime></Esri><dataIdInfo><envirDesc Sync="TRUE">Microsoft Windows 10 Version 10.0 (Build 19045) ; Esri ArcGIS 13.2.2.49743</envirDesc><dataLang><languageCode value="eng" Sync="TRUE"></languageCode><countryCode value="USA" Sync="TRUE"></countryCode></dataLang><idCitation><resTitle Sync="TRUE">2018_12_31</resTitle><presForm><PresFormCd value="005" Sync="TRUE"></PresFormCd></presForm></idCitation><spatRpType><SpatRepTypCd value="001" Sync="TRUE"></SpatRepTypCd></spatRpType></dataIdInfo><mdLang><languageCode value="eng" Sync="TRUE"></languageCode><countryCode value="USA" Sync="TRUE"></countryCode></mdLang><mdChar><CharSetCd value="004" Sync="TRUE"></CharSetCd></mdChar><distInfo><distFormat><formatName Sync="TRUE">Shapefile</formatName></distFormat><distTranOps><transSize Sync="TRUE">0.000</transSize></distTranOps></distInfo><mdHrLv><ScopeCd value="005" Sync="TRUE"></ScopeCd></mdHrLv><mdHrLvName Sync="TRUE">dataset</mdHrLvName><spatRepInfo><VectSpatRep><geometObjs Name="2018_12_31"><geoObjTyp><GeoObjTypCd value="002" Sync="TRUE"></GeoObjTypCd></geoObjTyp><geoObjCnt Sync="TRUE">0</geoObjCnt></geometObjs><topLvl><TopoLevCd value="001" Sync="TRUE"></TopoLevCd></topLvl></VectSpatRep></spatRepInfo><spdoinfo><ptvctinf><esriterm Name="2018_12_31"><efeatyp Sync="TRUE">Simple</efeatyp><efeageom code="4" Sync="TRUE"></efeageom><esritopo Sync="TRUE">FALSE</esritopo><efeacnt Sync="TRUE">0</efeacnt><spindex Sync="TRUE">FALSE</spindex><linrefer Sync="TRUE">FALSE</linrefer></esriterm></ptvctinf></spdoinfo><eainfo><detailed Name="2018_12_31"><enttyp><enttypl Sync="TRUE">2018_12_31</enttypl><enttypt Sync="TRUE">Feature Class</enttypt><enttypc Sync="TRUE">0</enttypc></enttyp><attr><attrlabl Sync="TRUE">FID</attrlabl><attalias Sync="TRUE">FID</attalias><attrtype Sync="TRUE">OID</attrtype><attwidth Sync="TRUE">4</attwidth><atprecis Sync="TRUE">0</atprecis><attscale Sync="TRUE">0</attscale><attrdef Sync="TRUE">Internal feature number.</attrdef><attrdefs Sync="TRUE">Esri</attrdefs><attrdomv><udom Sync="TRUE">Sequential unique whole numbers that are automatically generated.</udom></attrdomv></attr><attr><attrlabl Sync="TRUE">Shape</attrlabl><attalias Sync="TRUE">Shape</attalias><attrtype Sync="TRUE">Geometry</attrtype><attwidth Sync="TRUE">0</attwidth><atprecis Sync="TRUE">0</atprecis><attscale Sync="TRUE">0</attscale><attrdef Sync="TRUE">Feature geometry.</attrdef><attrdefs Sync="TRUE">Esri</attrdefs><attrdomv><udom Sync="TRUE">Coordinates defining the features.</udom></attrdomv></attr><attr><attrlabl Sync="TRUE">dyad_id</attrlabl><attalias Sync="TRUE">dyad_id</attalias><attrtype Sync="TRUE">Integer</attrtype><attwidth Sync="TRUE">5</attwidth><atprecis Sync="TRUE">5</atprecis><attscale Sync="TRUE">0</attscale></attr><attr><attrlabl Sync="TRUE">conf_id</attrlabl><attalias Sync="TRUE">conf_id</attalias><attrtype Sync="TRUE">Integer</attrtype><attwidth Sync="TRUE">5</attwidth><atprecis Sync="TRUE">5</atprecis><attscale Sync="TRUE">0</attscale></attr><attr><attrlabl Sync="TRUE">date</attrlabl><attalias Sync="TRUE">date</attalias><attrtype Sync="TRUE">String</attrtype><attwidth Sync="TRUE">254</attwidth><atprecis Sync="TRUE">0</atprecis><attscale Sync="TRUE">0</attscale></attr></detailed></eainfo><mdDateSt Sync="TRUE">20240721</mdDateSt></metadata>
