<?xml version="1.0" encoding="UTF-8"?>
<metadata xml:lang="en"><Esri><CreaDate>20240721</CreaDate><CreaTime>11391400</CreaTime><ArcGISFormat>1.0</ArcGISFormat><SyncOnce>FALSE</SyncOnce><DataProperties><itemProps><itemName Sync="TRUE">2019_12_31</itemName><imsContentType Sync="TRUE">002</imsContentType><itemSize Sync="TRUE">0.000</itemSize><itemLocation><linkage Sync="TRUE">file://\\DESKTOP-48J08HF\C$\Users\owner\Dropbox\Wzone\out\wzone_shp\2019\2019_12_31.shp</linkage><protocol Sync="TRUE">Local Area Network</protocol></itemLocation></itemProps><lineage><Process ToolSource="c:\program files\arcgis\pro\Resources\ArcToolbox\toolboxes\Analysis Tools.tbx\Select" Date="20240721" Time="113914">Select in_memory/shp1995406_20191231a C:\Users\owner\Dropbox\Wzone\tmp\tmp1995\shp406_20191231b.shp ""gridcode" &gt; 0"</Process><Process ToolSource="c:\program files\arcgis\pro\Resources\ArcToolbox\toolboxes\Data Management Tools.tbx\AddField" Date="20240721" Time="113914">AddField C:/Users/owner/Dropbox/Wzone/tmp/tmp1995/shp406_20191231b.shp dyad_id "Short (16-bit integer)" # # # # NULLABLE NON_REQUIRED #</Process><Process ToolSource="c:\program files\arcgis\pro\Resources\ArcToolbox\toolboxes\Data Management Tools.tbx\AddField" Date="20240721" Time="113914">AddField C:/Users/owner/Dropbox/Wzone/tmp/tmp1995/shp406_20191231b.shp conf_id "Short (16-bit integer)" # # # # NULLABLE NON_REQUIRED #</Process><Process ToolSource="c:\program files\arcgis\pro\Resources\ArcToolbox\toolboxes\Data Management Tools.tbx\AddField" Date="20240721" Time="113914">AddField C:/Users/owner/Dropbox/Wzone/tmp/tmp1995/shp406_20191231b.shp date Text # # # # NULLABLE NON_REQUIRED #</Process><Process ToolSource="c:\program files\arcgis\pro\Resources\ArcToolbox\toolboxes\Data Management Tools.tbx\DeleteField" Date="20240721" Time="113914">DeleteField C:/Users/owner/Dropbox/Wzone/tmp/tmp1995/shp406_20191231b.shp Id "Delete Fields"</Process><Process ToolSource="c:\program files\arcgis\pro\Resources\ArcToolbox\toolboxes\Data Management Tools.tbx\DeleteField" Date="20240721" Time="113914">DeleteField C:/Users/owner/Dropbox/Wzone/tmp/tmp1995/shp406_20191231b.shp gridcode "Delete Fields"</Process><Process ToolSource="c:\program files\arcgis\pro\Resources\ArcToolbox\toolboxes\Data Management Tools.tbx\Merge" Date="20240721" Time="114240">Merge C:/Users/owner/Dropbox/Wzone/tmp/tmp1995/shp406_20191231b.shp;C:/Users/owner/Dropbox/Wzone/tmp/tmp1995/shp411_20191231b.shp;C:/Users/owner/Dropbox/Wzone/tmp/tmp1995/shp422_20191231b.shp;C:/Users/owner/Dropbox/Wzone/tmp/tmp1995/shp428_20191231b.shp;C:/Users/owner/Dropbox/Wzone/tmp/tmp1995/shp453_20191231b.shp;C:/Users/owner/Dropbox/Wzone/tmp/tmp1995/shp461_20191231b.shp;C:/Users/owner/Dropbox/Wzone/tmp/tmp1995/shp474_20191231b.shp;C:/Users/owner/Dropbox/Wzone/tmp/tmp1995/shp476_20191231b.shp;C:/Users/owner/Dropbox/Wzone/tmp/tmp1995/shp477_20191231b.shp;C:/Users/owner/Dropbox/Wzone/tmp/tmp1995/shp478_20191231b.shp;C:/Users/owner/Dropbox/Wzone/tmp/tmp1995/shp624_20191231b.shp;C:/Users/owner/Dropbox/Wzone/tmp/tmp1995/shp628_20191231b.shp;C:/Users/owner/Dropbox/Wzone/tmp/tmp1995/shp640_20191231b.shp;C:/Users/owner/Dropbox/Wzone/tmp/tmp1995/shp657_20191231b.shp;C:/Users/owner/Dropbox/Wzone/tmp/tmp1995/shp658_20191231b.shp;C:/Users/owner/Dropbox/Wzone/tmp/tmp1995/shp666_20191231b.shp;C:/Users/owner/Dropbox/Wzone/tmp/tmp1995/shp721_20191231b.shp;C:/Users/owner/Dropbox/Wzone/tmp/tmp1995/shp735_20191231b.shp;C:/Users/owner/Dropbox/Wzone/tmp/tmp1995/shp750_20191231b.shp;C:/Users/owner/Dropbox/Wzone/tmp/tmp1995/shp754_20191231b.shp;C:/Users/owner/Dropbox/Wzone/tmp/tmp1995/shp781_20191231b.shp;C:/Users/owner/Dropbox/Wzone/tmp/tmp1995/shp792_20191231b.shp;C:/Users/owner/Dropbox/Wzone/tmp/tmp1995/shp833_20191231b.shp;C:/Users/owner/Dropbox/Wzone/tmp/tmp1995/shp857_20191231b.shp;C:/Users/owner/Dropbox/Wzone/tmp/tmp1995/shp888_20191231b.shp;C:/Users/owner/Dropbox/Wzone/tmp/tmp1995/shp891_20191231b.shp;C:/Users/owner/Dropbox/Wzone/tmp/tmp1995/shp906_20191231b.shp;C:/Users/owner/Dropbox/Wzone/tmp/tmp1995/shp913_20191231b.shp;C:/Users/owner/Dropbox/Wzone/tmp/tmp1995/shp914_20191231b.shp;C:/Users/owner/Dropbox/Wzone/tmp/tmp1995/shp915_20191231b.shp;C:/Users/owner/Dropbox/Wzone/tmp/tmp1995/shp920_20191231b.shp;C:/Users/owner/Dropbox/Wzone/tmp/tmp1995/shp921_20191231b.shp;C:/Users/owner/Dropbox/Wzone/tmp/tmp1995/shp929_20191231b.shp;C:/Users/owner/Dropbox/Wzone/tmp/tmp1995/shp930_20191231b.shp;C:/Users/owner/Dropbox/Wzone/tmp/tmp1995/shp931_20191231b.shp;C:/Users/owner/Dropbox/Wzone/tmp/tmp1995/shp934_20191231b.shp;C:/Users/owner/Dropbox/Wzone/tmp/tmp1995/shp936_20191231b.shp;C:/Users/owner/Dropbox/Wzone/tmp/tmp1995/shp938_20191231b.shp;C:/Users/owner/Dropbox/Wzone/tmp/tmp1995/shp941_20191231b.shp;C:/Users/owner/Dropbox/Wzone/tmp/tmp1995/shp942_20191231b.shp;C:/Users/owner/Dropbox/Wzone/tmp/tmp1995/shp944_20191231b.shp;C:/Users/owner/Dropbox/Wzone/tmp/tmp1995/shp947_20191231b.shp;C:/Users/owner/Dropbox/Wzone/tmp/tmp1995/shp948_20191231b.shp;C:/Users/owner/Dropbox/Wzone/tmp/tmp1995/shp950_20191231b.shp;C:/Users/owner/Dropbox/Wzone/tmp/tmp1995/shp951_20191231b.shp;C:/Users/owner/Dropbox/Wzone/tmp/tmp1995/shp955_20191231b.shp;C:/Users/owner/Dropbox/Wzone/tmp/tmp1995/shp962_20191231b.shp;C:/Users/owner/Dropbox/Wzone/tmp/tmp1995/shp966_20191231b.shp;C:/Users/owner/Dropbox/Wzone/tmp/tmp1995/shp973_20191231b.shp;C:/Users/owner/Dropbox/Wzone/tmp/tmp1995/shp981_20191231b.shp;C:/Users/owner/Dropbox/Wzone/tmp/tmp1995/shp989_20191231b.shp;C:/Users/owner/Dropbox/Wzone/tmp/tmp1995/shp1023_20191231b.shp;C:/Users/owner/Dropbox/Wzone/tmp/tmp1995/shp1036_20191231b.shp;C:/Users/owner/Dropbox/Wzone/tmp/tmp1995/shp1071_20191231b.shp;C:/Users/owner/Dropbox/Wzone/tmp/tmp1995/shp1073_20191231b.shp;C:/Users/owner/Dropbox/Wzone/tmp/tmp1995/shp1108_20191231b.shp;C:/Users/owner/Dropbox/Wzone/tmp/tmp1995/shp1162_20191231b.shp;C:/Users/owner/Dropbox/Wzone/tmp/tmp1995/shp1166_20191231b.shp;C:/Users/owner/Dropbox/Wzone/tmp/tmp1995/shp1167_20191231b.shp;C:/Users/owner/Dropbox/Wzone/tmp/tmp1995/shp1175_20191231b.shp;C:/Users/owner/Dropbox/Wzone/tmp/tmp1995/shp1176_20191231b.shp;C:/Users/owner/Dropbox/Wzone/tmp/tmp1995/shp1182_20191231b.shp;C:/Users/owner/Dropbox/Wzone/tmp/tmp1995/shp1204_20191231b.shp;C:/Users/owner/Dropbox/Wzone/tmp/tmp1995/shp1301_20191231b.shp;C:/Users/owner/Dropbox/Wzone/tmp/tmp1995/shp1702_20191231b.shp;C:/Users/owner/Dropbox/Wzone/tmp/tmp1995/shp1704_20191231b.shp;C:/Users/owner/Dropbox/Wzone/tmp/tmp1995/shp2332_20191231b.shp;C:/Users/owner/Dropbox/Wzone/tmp/tmp1995/shp2425_20191231b.shp;C:/Users/owner/Dropbox/Wzone/tmp/tmp1995/shp2461_20191231b.shp;C:/Users/owner/Dropbox/Wzone/tmp/tmp1995/shp4313_20191231b.shp;C:/Users/owner/Dropbox/Wzone/tmp/tmp1995/shp4446_20191231b.shp;C:/Users/owner/Dropbox/Wzone/tmp/tmp1995/shp5201_20191231b.shp;C:/Users/owner/Dropbox/Wzone/tmp/tmp1995/shp5247_20191231b.shp;C:/Users/owner/Dropbox/Wzone/tmp/tmp1995/shp5262_20191231b.shp;C:/Users/owner/Dropbox/Wzone/tmp/tmp1995/shp5314_20191231b.shp;C:/Users/owner/Dropbox/Wzone/tmp/tmp1995/shp5349_20191231b.shp;C:/Users/owner/Dropbox/Wzone/tmp/tmp1995/shp5405_20191231b.shp;C:/Users/owner/Dropbox/Wzone/tmp/tmp1995/shp5512_20191231b.shp;C:/Users/owner/Dropbox/Wzone/tmp/tmp1995/shp5534_20191231b.shp;C:/Users/owner/Dropbox/Wzone/tmp/tmp1995/shp5543_20191231b.shp;C:/Users/owner/Dropbox/Wzone/tmp/tmp1995/shp5551_20191231b.shp;C:/Users/owner/Dropbox/Wzone/tmp/tmp1995/shp5583_20191231b.shp;C:/Users/owner/Dropbox/Wzone/tmp/tmp1995/shp5584_20191231b.shp;C:/Users/owner/Dropbox/Wzone/tmp/tmp1995/shp5589_20191231b.shp;C:/Users/owner/Dropbox/Wzone/tmp/tmp1995/shp5598_20191231b.shp;C:/Users/owner/Dropbox/Wzone/tmp/tmp1995/shp5649_20191231b.shp;C:/Users/owner/Dropbox/Wzone/tmp/tmp1995/shp10264_20191231b.shp;C:/Users/owner/Dropbox/Wzone/tmp/tmp1995/shp10509_20191231b.shp;C:/Users/owner/Dropbox/Wzone/tmp/tmp1995/shp10589_20191231b.shp;C:/Users/owner/Dropbox/Wzone/tmp/tmp1995/shp11123_20191231b.shp;C:/Users/owner/Dropbox/Wzone/tmp/tmp1995/shp11377_20191231b.shp;C:/Users/owner/Dropbox/Wzone/tmp/tmp1995/shp11387_20191231b.shp;C:/Users/owner/Dropbox/Wzone/tmp/tmp1995/shp11433_20191231b.shp;C:/Users/owner/Dropbox/Wzone/tmp/tmp1995/shp11663_20191231b.shp;C:/Users/owner/Dropbox/Wzone/tmp/tmp1995/shp11665_20191231b.shp;C:/Users/owner/Dropbox/Wzone/tmp/tmp1995/shp11973_20191231b.shp;C:/Users/owner/Dropbox/Wzone/tmp/tmp1995/shp12009_20191231b.shp;C:/Users/owner/Dropbox/Wzone/tmp/tmp1995/shp12422_20191231b.shp;C:/Users/owner/Dropbox/Wzone/tmp/tmp1995/shp12556_20191231b.shp;C:/Users/owner/Dropbox/Wzone/tmp/tmp1995/shp12693_20191231b.shp;C:/Users/owner/Dropbox/Wzone/tmp/tmp1995/shp14036_20191231b.shp;C:/Users/owner/Dropbox/Wzone/tmp/tmp1995/shp14059_20191231b.shp;C:/Users/owner/Dropbox/Wzone/tmp/tmp1995/shp14092_20191231b.shp;C:/Users/owner/Dropbox/Wzone/tmp/tmp1995/shp14200_20191231b.shp;C:/Users/owner/Dropbox/Wzone/tmp/tmp1995/shp14273_20191231b.shp;C:/Users/owner/Dropbox/Wzone/tmp/tmp1995/shp14319_20191231b.shp;C:/Users/owner/Dropbox/Wzone/tmp/tmp1995/shp14320_20191231b.shp;C:/Users/owner/Dropbox/Wzone/tmp/tmp1995/shp14595_20191231b.shp;C:/Users/owner/Dropbox/Wzone/tmp/tmp1995/shp14596_20191231b.shp;C:/Users/owner/Dropbox/Wzone/tmp/tmp1995/shp14619_20191231b.shp;C:/Users/owner/Dropbox/Wzone/tmp/tmp1995/shp14620_20191231b.shp;C:/Users/owner/Dropbox/Wzone/tmp/tmp1995/shp14637_20191231b.shp;C:/Users/owner/Dropbox/Wzone/tmp/tmp1995/shp14667_20191231b.shp;C:/Users/owner/Dropbox/Wzone/tmp/tmp1995/shp14668_20191231b.shp;C:/Users/owner/Dropbox/Wzone/tmp/tmp1995/shp14669_20191231b.shp;C:/Users/owner/Dropbox/Wzone/tmp/tmp1995/shp14671_20191231b.shp;C:/Users/owner/Dropbox/Wzone/tmp/tmp1995/shp14677_20191231b.shp;C:/Users/owner/Dropbox/Wzone/tmp/tmp1995/shp14685_20191231b.shp;C:/Users/owner/Dropbox/Wzone/tmp/tmp1995/shp14744_20191231b.shp;C:/Users/owner/Dropbox/Wzone/tmp/tmp1995/shp14746_20191231b.shp;C:/Users/owner/Dropbox/Wzone/tmp/tmp1995/shp14773_20191231b.shp;C:/Users/owner/Dropbox/Wzone/tmp/tmp1995/shp14799_20191231b.shp;C:/Users/owner/Dropbox/Wzone/tmp/tmp1995/shp14842_20191231b.shp;C:/Users/owner/Dropbox/Wzone/tmp/tmp1995/shp14953_20191231b.shp;C:/Users/owner/Dropbox/Wzone/tmp/tmp1995/shp15019_20191231b.shp;C:/Users/owner/Dropbox/Wzone/tmp/tmp1995/shp15077_20191231b.shp;C:/Users/owner/Dropbox/Wzone/tmp/tmp1995/shp15093_20191231b.shp;C:/Users/owner/Dropbox/Wzone/tmp/tmp1995/shp15100_20191231b.shp;C:/Users/owner/Dropbox/Wzone/tmp/tmp1995/shp15101_20191231b.shp;C:/Users/owner/Dropbox/Wzone/tmp/tmp1995/shp15108_20191231b.shp;C:/Users/owner/Dropbox/Wzone/tmp/tmp1995/shp15136_20191231b.shp;C:/Users/owner/Dropbox/Wzone/tmp/tmp1995/shp15142_20191231b.shp;C:/Users/owner/Dropbox/Wzone/tmp/tmp1995/shp15161_20191231b.shp;C:/Users/owner/Dropbox/Wzone/tmp/tmp1995/shp15162_20191231b.shp;C:/Users/owner/Dropbox/Wzone/tmp/tmp1995/shp15175_20191231b.shp;C:/Users/owner/Dropbox/Wzone/tmp/tmp1995/shp15195_20191231b.shp;C:/Users/owner/Dropbox/Wzone/tmp/tmp1995/shp15211_20191231b.shp;C:/Users/owner/Dropbox/Wzone/tmp/tmp1995/shp15241_20191231b.shp;C:/Users/owner/Dropbox/Wzone/tmp/tmp1995/shp15251_20191231b.shp;C:/Users/owner/Dropbox/Wzone/tmp/tmp1995/shp15259_20191231b.shp;C:/Users/owner/Dropbox/Wzone/tmp/tmp1995/shp15292_20191231b.shp;C:/Users/owner/Dropbox/Wzone/tmp/tmp1995/shp15344_20191231b.shp;C:/Users/owner/Dropbox/Wzone/tmp/tmp1995/shp15382_20191231b.shp;C:/Users/owner/Dropbox/Wzone/tmp/tmp1995/shp15389_20191231b.shp;C:/Users/owner/Dropbox/Wzone/tmp/tmp1995/shp15390_20191231b.shp;C:/Users/owner/Dropbox/Wzone/tmp/tmp1995/shp15392_20191231b.shp;C:/Users/owner/Dropbox/Wzone/tmp/tmp1995/shp15473_20191231b.shp;C:/Users/owner/Dropbox/Wzone/tmp/tmp1995/shp15558_20191231b.shp;C:/Users/owner/Dropbox/Wzone/tmp/tmp1995/shp15633_20191231b.shp;C:/Users/owner/Dropbox/Wzone/tmp/tmp1995/shp15717_20191231b.shp;C:/Users/owner/Dropbox/Wzone/tmp/tmp1995/shp15737_20191231b.shp;C:/Users/owner/Dropbox/Wzone/tmp/tmp1995/shp15751_20191231b.shp;C:/Users/owner/Dropbox/Wzone/tmp/tmp1995/shp15793_20191231b.shp;C:/Users/owner/Dropbox/Wzone/tmp/tmp1995/shp15809_20191231b.shp;C:/Users/owner/Dropbox/Wzone/tmp/tmp1995/shp15895_20191231b.shp;C:/Users/owner/Dropbox/Wzone/tmp/tmp1995/shp15896_20191231b.shp;C:/Users/owner/Dropbox/Wzone/tmp/tmp1995/shp15915_20191231b.shp;C:/Users/owner/Dropbox/Wzone/tmp/tmp1995/shp15944_20191231b.shp;C:/Users/owner/Dropbox/Wzone/tmp/tmp1995/shp15993_20191231b.shp;C:/Users/owner/Dropbox/Wzone/tmp/tmp1995/shp16002_20191231b.shp;C:/Users/owner/Dropbox/Wzone/tmp/tmp1995/shp16022_20191231b.shp;C:/Users/owner/Dropbox/Wzone/tmp/tmp1995/shp16034_20191231b.shp;C:/Users/owner/Dropbox/Wzone/tmp/tmp1995/shp16081_20191231b.shp;C:/Users/owner/Dropbox/Wzone/tmp/tmp1995/shp16135_20191231b.shp;C:/Users/owner/Dropbox/Wzone/tmp/tmp1995/shp16173_20191231b.shp;C:/Users/owner/Dropbox/Wzone/tmp/tmp1995/shp16177_20191231b.shp;C:/Users/owner/Dropbox/Wzone/tmp/tmp1995/shp16207_20191231b.shp;C:/Users/owner/Dropbox/Wzone/tmp/tmp1995/shp16240_20191231b.shp;C:/Users/owner/Dropbox/Wzone/tmp/tmp1995/shp17152_20191231b.shp;C:/Users/owner/Dropbox/Wzone/tmp/tmp1995/shp17247_20191231b.shp;C:/Users/owner/Dropbox/Wzone/tmp/tmp1995/shp17248_20191231b.shp;C:/Users/owner/Dropbox/Wzone/tmp/tmp1995/shp17253_20191231b.shp C:\Users\owner\Dropbox\Wzone\out\wzone_shp\2019\2019_12_31.shp "dyad_id "dyad_id" true true false 5 Long 0 5,First,#,C:/Users/owner/Dropbox/Wzone/tmp/tmp1995/shp406_20191231b.shp,dyad_id,-1,-1,C:/Users/owner/Dropbox/Wzone/tmp/tmp1995/shp411_20191231b.shp,dyad_id,-1,-1,C:/Users/owner/Dropbox/Wzone/tmp/tmp1995/shp422_20191231b.shp,dyad_id,-1,-1,C:/Users/owner/Dropbox/Wzone/tmp/tmp1995/shp428_20191231b.shp,dyad_id,-1,-1,C:/Users/owner/Dropbox/Wzone/tmp/tmp1995/shp453_20191231b.shp,dyad_id,-1,-1,C:/Users/owner/Dropbox/Wzone/tmp/tmp1995/shp461_20191231b.shp,dyad_id,-1,-1,C:/Users/owner/Dropbox/Wzone/tmp/tmp1995/shp474_20191231b.shp,dyad_id,-1,-1,C:/Users/owner/Dropbox/Wzone/tmp/tmp1995/shp476_20191231b.shp,dyad_id,-1,-1,C:/Users/owner/Dropbox/Wzone/tmp/tmp1995/shp477_20191231b.shp,dyad_id,-1,-1,C:/Users/owner/Dropbox/Wzone/tmp/tmp1995/shp478_20191231b.shp,dyad_id,-1,-1,C:/Users/owner/Dropbox/Wzone/tmp/tmp1995/shp624_20191231b.shp,dyad_id,-1,-1,C:/Users/owner/Dropbox/Wzone/tmp/tmp1995/shp628_20191231b.shp,dyad_id,-1,-1,C:/Users/owner/Dropbox/Wzone/tmp/tmp1995/shp640_20191231b.shp,dyad_id,-1,-1,C:/Users/owner/Dropbox/Wzone/tmp/tmp1995/shp657_20191231b.shp,dyad_id,-1,-1,C:/Users/owner/Dropbox/Wzone/tmp/tmp1995/shp658_20191231b.shp,dyad_id,-1,-1,C:/Users/owner/Dropbox/Wzone/tmp/tmp1995/shp666_20191231b.shp,dyad_id,-1,-1,C:/Users/owner/Dropbox/Wzone/tmp/tmp1995/shp721_20191231b.shp,dyad_id,-1,-1,C:/Users/owner/Dropbox/Wzone/tmp/tmp1995/shp735_20191231b.shp,dyad_id,-1,-1,C:/Users/owner/Dropbox/Wzone/tmp/tmp1995/shp750_20191231b.shp,dyad_id,-1,-1,C:/Users/owner/Dropbox/Wzone/tmp/tmp1995/shp754_20191231b.shp,dyad_id,-1,-1,C:/Users/owner/Dropbox/Wzone/tmp/tmp1995/shp781_20191231b.shp,dyad_id,-1,-1,C:/Users/owner/Dropbox/Wzone/tmp/tmp1995/shp792_20191231b.shp,dyad_id,-1,-1,C:/Users/owner/Dropbox/Wzone/tmp/tmp1995/shp833_20191231b.shp,dyad_id,-1,-1,C:/Users/owner/Dropbox/Wzone/tmp/tmp1995/shp857_20191231b.shp,dyad_id,-1,-1,C:/Users/owner/Dropbox/Wzone/tmp/tmp1995/shp888_20191231b.shp,dyad_id,-1,-1,C:/Users/owner/Dropbox/Wzone/tmp/tmp1995/shp891_20191231b.shp,dyad_id,-1,-1,C:/Users/owner/Dropbox/Wzone/tmp/tmp1995/shp906_20191231b.shp,dyad_id,-1,-1,C:/Users/owner/Dropbox/Wzone/tmp/tmp1995/shp913_20191231b.shp,dyad_id,-1,-1,C:/Users/owner/Dropbox/Wzone/tmp/tmp1995/shp914_20191231b.shp,dyad_id,-1,-1,C:/Users/owner/Dropbox/Wzone/tmp/tmp1995/shp915_20191231b.shp,dyad_id,-1,-1,C:/Users/owner/Dropbox/Wzone/tmp/tmp1995/shp920_20191231b.shp,dyad_id,-1,-1,C:/Users/owner/Dropbox/Wzone/tmp/tmp1995/shp921_20191231b.shp,dyad_id,-1,-1,C:/Users/owner/Dropbox/Wzone/tmp/tmp1995/shp929_20191231b.shp,dyad_id,-1,-1,C:/Users/owner/Dropbox/Wzone/tmp/tmp1995/shp930_20191231b.shp,dyad_id,-1,-1,C:/Users/owner/Dropbox/Wzone/tmp/tmp1995/shp931_20191231b.shp,dyad_id,-1,-1,C:/Users/owner/Dropbox/Wzone/tmp/tmp1995/shp934_20191231b.shp,dyad_id,-1,-1,C:/Users/owner/Dropbox/Wzone/tmp/tmp1995/shp936_20191231b.shp,dyad_id,-1,-1,C:/Users/owner/Dropbox/Wzone/tmp/tmp1995/shp938_20191231b.shp,dyad_id,-1,-1,C:/Users/owner/Dropbox/Wzone/tmp/tmp1995/shp941_20191231b.shp,dyad_id,-1,-1,C:/Users/owner/Dropbox/Wzone/tmp/tmp1995/shp942_20191231b.shp,dyad_id,-1,-1,C:/Users/owner/Dropbox/Wzone/tmp/tmp1995/shp944_20191231b.shp,dyad_id,-1,-1,C:/Users/owner/Dropbox/Wzone/tmp/tmp1995/shp947_20191231b.shp,dyad_id,-1,-1,C:/Users/owner/Dropbox/Wzone/tmp/tmp1995/shp948_20191231b.shp,dyad_id,-1,-1,C:/Users/owner/Dropbox/Wzone/tmp/tmp1995/shp950_20191231b.shp,dyad_id,-1,-1,C:/Users/owner/Dropbox/Wzone/tmp/tmp1995/shp951_20191231b.shp,dyad_id,-1,-1,C:/Users/owner/Dropbox/Wzone/tmp/tmp1995/shp955_20191231b.shp,dyad_id,-1,-1,C:/Users/owner/Dropbox/Wzone/tmp/tmp1995/shp962_20191231b.shp,dyad_id,-1,-1,C:/Users/owner/Dropbox/Wzone/tmp/tmp1995/shp966_20191231b.shp,dyad_id,-1,-1,C:/Users/owner/Dropbox/Wzone/tmp/tmp1995/shp973_20191231b.shp,dyad_id,-1,-1,C:/Users/owner/Dropbox/Wzone/tmp/tmp1995/shp981_20191231b.shp,dyad_id,-1,-1,C:/Users/owner/Dropbox/Wzone/tmp/tmp1995/shp989_20191231b.shp,dyad_id,-1,-1,C:/Users/owner/Dropbox/Wzone/tmp/tmp1995/shp1023_20191231b.shp,dyad_id,-1,-1,C:/Users/owner/Dropbox/Wzone/tmp/tmp1995/shp1036_20191231b.shp,dyad_id,-1,-1,C:/Users/owner/Dropbox/Wzone/tmp/tmp1995/shp1071_20191231b.shp,dyad_id,-1,-1,C:/Users/owner/Dropbox/Wzone/tmp/tmp1995/shp1073_20191231b.shp,dyad_id,-1,-1,C:/Users/owner/Dropbox/Wzone/tmp/tmp1995/shp1108_20191231b.shp,dyad_id,-1,-1,C:/Users/owner/Dropbox/Wzone/tmp/tmp1995/shp1162_20191231b.shp,dyad_id,-1,-1,C:/Users/owner/Dropbox/Wzone/tmp/tmp1995/shp1166_20191231b.shp,dyad_id,-1,-1,C:/Users/owner/Dropbox/Wzone/tmp/tmp1995/shp1167_20191231b.shp,dyad_id,-1,-1,C:/Users/owner/Dropbox/Wzone/tmp/tmp1995/shp1175_20191231b.shp,dyad_id,-1,-1,C:/Users/owner/Dropbox/Wzone/tmp/tmp1995/shp1176_20191231b.shp,dyad_id,-1,-1,C:/Users/owner/Dropbox/Wzone/tmp/tmp1995/shp1182_20191231b.shp,dyad_id,-1,-1,C:/Users/owner/Dropbox/Wzone/tmp/tmp1995/shp1204_20191231b.shp,dyad_id,-1,-1,C:/Users/owner/Dropbox/Wzone/tmp/tmp1995/shp1301_20191231b.shp,dyad_id,-1,-1,C:/Users/owner/Dropbox/Wzone/tmp/tmp1995/shp1702_20191231b.shp,dyad_id,-1,-1,C:/Users/owner/Dropbox/Wzone/tmp/tmp1995/shp1704_20191231b.shp,dyad_id,-1,-1,C:/Users/owner/Dropbox/Wzone/tmp/tmp1995/shp2332_20191231b.shp,dyad_id,-1,-1,C:/Users/owner/Dropbox/Wzone/tmp/tmp1995/shp2425_20191231b.shp,dyad_id,-1,-1,C:/Users/owner/Dropbox/Wzone/tmp/tmp1995/shp2461_20191231b.shp,dyad_id,-1,-1,C:/Users/owner/Dropbox/Wzone/tmp/tmp1995/shp4313_20191231b.shp,dyad_id,-1,-1,C:/Users/owner/Dropbox/Wzone/tmp/tmp1995/shp4446_20191231b.shp,dyad_id,-1,-1,C:/Users/owner/Dropbox/Wzone/tmp/tmp1995/shp5201_20191231b.shp,dyad_id,-1,-1,C:/Users/owner/Dropbox/Wzone/tmp/tmp1995/shp5247_20191231b.shp,dyad_id,-1,-1,C:/Users/owner/Dropbox/Wzone/tmp/tmp1995/shp5262_20191231b.shp,dyad_id,-1,-1,C:/Users/owner/Dropbox/Wzone/tmp/tmp1995/shp5314_20191231b.shp,dyad_id,-1,-1,C:/Users/owner/Dropbox/Wzone/tmp/tmp1995/shp5349_20191231b.shp,dyad_id,-1,-1,C:/Users/owner/Dropbox/Wzone/tmp/tmp1995/shp5405_20191231b.shp,dyad_id,-1,-1,C:/Users/owner/Dropbox/Wzone/tmp/tmp1995/shp5512_20191231b.shp,dyad_id,-1,-1,C:/Users/owner/Dropbox/Wzone/tmp/tmp1995/shp5534_20191231b.shp,dyad_id,-1,-1,C:/Users/owner/Dropbox/Wzone/tmp/tmp1995/shp5543_20191231b.shp,dyad_id,-1,-1,C:/Users/owner/Dropbox/Wzone/tmp/tmp1995/shp5551_20191231b.shp,dyad_id,-1,-1,C:/Users/owner/Dropbox/Wzone/tmp/tmp1995/shp5583_20191231b.shp,dyad_id,-1,-1,C:/Users/owner/Dropbox/Wzone/tmp/tmp1995/shp5584_20191231b.shp,dyad_id,-1,-1,C:/Users/owner/Dropbox/Wzone/tmp/tmp1995/shp5589_20191231b.shp,dyad_id,-1,-1,C:/Users/owner/Dropbox/Wzone/tmp/tmp1995/shp5598_20191231b.shp,dyad_id,-1,-1,C:/Users/owner/Dropbox/Wzone/tmp/tmp1995/shp5649_20191231b.shp,dyad_id,-1,-1,C:/Users/owner/Dropbox/Wzone/tmp/tmp1995/shp10264_20191231b.shp,dyad_id,-1,-1,C:/Users/owner/Dropbox/Wzone/tmp/tmp1995/shp10509_20191231b.shp,dyad_id,-1,-1,C:/Users/owner/Dropbox/Wzone/tmp/tmp1995/shp10589_20191231b.shp,dyad_id,-1,-1,C:/Users/owner/Dropbox/Wzone/tmp/tmp1995/shp11123_20191231b.shp,dyad_id,-1,-1,C:/Users/owner/Dropbox/Wzone/tmp/tmp1995/shp11377_20191231b.shp,dyad_id,-1,-1,C:/Users/owner/Dropbox/Wzone/tmp/tmp1995/shp11387_20191231b.shp,dyad_id,-1,-1,C:/Users/owner/Dropbox/Wzone/tmp/tmp1995/shp11433_20191231b.shp,dyad_id,-1,-1,C:/Users/owner/Dropbox/Wzone/tmp/tmp1995/shp11663_20191231b.shp,dyad_id,-1,-1,C:/Users/owner/Dropbox/Wzone/tmp/tmp1995/shp11665_20191231b.shp,dyad_id,-1,-1,C:/Users/owner/Dropbox/Wzone/tmp/tmp1995/shp11973_20191231b.shp,dyad_id,-1,-1,C:/Users/owner/Dropbox/Wzone/tmp/tmp1995/shp12009_20191231b.shp,dyad_id,-1,-1,C:/Users/owner/Dropbox/Wzone/tmp/tmp1995/shp12422_20191231b.shp,dyad_id,-1,-1,C:/Users/owner/Dropbox/Wzone/tmp/tmp1995/shp12556_20191231b.shp,dyad_id,-1,-1,C:/Users/owner/Dropbox/Wzone/tmp/tmp1995/shp12693_20191231b.shp,dyad_id,-1,-1,C:/Users/owner/Dropbox/Wzone/tmp/tmp1995/shp14036_20191231b.shp,dyad_id,-1,-1,C:/Users/owner/Dropbox/Wzone/tmp/tmp1995/shp14059_20191231b.shp,dyad_id,-1,-1,C:/Users/owner/Dropbox/Wzone/tmp/tmp1995/shp14092_20191231b.shp,dyad_id,-1,-1,C:/Users/owner/Dropbox/Wzone/tmp/tmp1995/shp14200_20191231b.shp,dyad_id,-1,-1,C:/Users/owner/Dropbox/Wzone/tmp/tmp1995/shp14273_20191231b.shp,dyad_id,-1,-1,C:/Users/owner/Dropbox/Wzone/tmp/tmp1995/shp14319_20191231b.shp,dyad_id,-1,-1,C:/Users/owner/Dropbox/Wzone/tmp/tmp1995/shp14320_20191231b.shp,dyad_id,-1,-1,C:/Users/owner/Dropbox/Wzone/tmp/tmp1995/shp14595_20191231b.shp,dyad_id,-1,-1,C:/Users/owner/Dropbox/Wzone/tmp/tmp1995/shp14596_20191231b.shp,dyad_id,-1,-1,C:/Users/owner/Dropbox/Wzone/tmp/tmp1995/shp14619_20191231b.shp,dyad_id,-1,-1,C:/Users/owner/Dropbox/Wzone/tmp/tmp1995/shp14620_20191231b.shp,dyad_id,-1,-1,C:/Users/owner/Dropbox/Wzone/tmp/tmp1995/shp14637_20191231b.shp,dyad_id,-1,-1,C:/Users/owner/Dropbox/Wzone/tmp/tmp1995/shp14667_20191231b.shp,dyad_id,-1,-1,C:/Users/owner/Dropbox/Wzone/tmp/tmp1995/shp14668_20191231b.shp,dyad_id,-1,-1,C:/Users/owner/Dropbox/Wzone/tmp/tmp1995/shp14669_20191231b.shp,dyad_id,-1,-1,C:/Users/owner/Dropbox/Wzone/tmp/tmp1995/shp14671_20191231b.shp,dyad_id,-1,-1,C:/Users/owner/Dropbox/Wzone/tmp/tmp1995/shp14677_20191231b.shp,dyad_id,-1,-1,C:/Users/owner/Dropbox/Wzone/tmp/tmp1995/shp14685_20191231b.shp,dyad_id,-1,-1,C:/Users/owner/Dropbox/Wzone/tmp/tmp1995/shp14744_20191231b.shp,dyad_id,-1,-1,C:/Users/owner/Dropbox/Wzone/tmp/tmp1995/shp14746_20191231b.shp,dyad_id,-1,-1,C:/Users/owner/Dropbox/Wzone/tmp/tmp1995/shp14773_20191231b.shp,dyad_id,-1,-1,C:/Users/owner/Dropbox/Wzone/tmp/tmp1995/shp14799_20191231b.shp,dyad_id,-1,-1,C:/Users/owner/Dropbox/Wzone/tmp/tmp1995/shp14842_20191231b.shp,dyad_id,-1,-1,C:/Users/owner/Dropbox/Wzone/tmp/tmp1995/shp14953_20191231b.shp,dyad_id,-1,-1,C:/Users/owner/Dropbox/Wzone/tmp/tmp1995/shp15019_20191231b.shp,dyad_id,-1,-1,C:/Users/owner/Dropbox/Wzone/tmp/tmp1995/shp15077_20191231b.shp,dyad_id,-1,-1,C:/Users/owner/Dropbox/Wzone/tmp/tmp1995/shp15093_20191231b.shp,dyad_id,-1,-1,C:/Users/owner/Dropbox/Wzone/tmp/tmp1995/shp15100_20191231b.shp,dyad_id,-1,-1,C:/Users/owner/Dropbox/Wzone/tmp/tmp1995/shp15101_20191231b.shp,dyad_id,-1,-1,C:/Users/owner/Dropbox/Wzone/tmp/tmp1995/shp15108_20191231b.shp,dyad_id,-1,-1,C:/Users/owner/Dropbox/Wzone/tmp/tmp1995/shp15136_20191231b.shp,dyad_id,-1,-1,C:/Users/owner/Dropbox/Wzone/tmp/tmp1995/shp15142_20191231b.shp,dyad_id,-1,-1,C:/Users/owner/Dropbox/Wzone/tmp/tmp1995/shp15161_20191231b.shp,dyad_id,-1,-1,C:/Users/owner/Dropbox/Wzone/tmp/tmp1995/shp15162_20191231b.shp,dyad_id,-1,-1,C:/Users/owner/Dropbox/Wzone/tmp/tmp1995/shp15175_20191231b.shp,dyad_id,-1,-1,C:/Users/owner/Dropbox/Wzone/tmp/tmp1995/shp15195_20191231b.shp,dyad_id,-1,-1,C:/Users/owner/Dropbox/Wzone/tmp/tmp1995/shp15211_20191231b.shp,dyad_id,-1,-1,C:/Users/owner/Dropbox/Wzone/tmp/tmp1995/shp15241_20191231b.shp,dyad_id,-1,-1,C:/Users/owner/Dropbox/Wzone/tmp/tmp1995/shp15251_20191231b.shp,dyad_id,-1,-1,C:/Users/owner/Dropbox/Wzone/tmp/tmp1995/shp15259_20191231b.shp,dyad_id,-1,-1,C:/Users/owner/Dropbox/Wzone/tmp/tmp1995/shp15292_20191231b.shp,dyad_id,-1,-1,C:/Users/owner/Dropbox/Wzone/tmp/tmp1995/shp15344_20191231b.shp,dyad_id,-1,-1,C:/Users/owner/Dropbox/Wzone/tmp/tmp1995/shp15382_20191231b.shp,dyad_id,-1,-1,C:/Users/owner/Dropbox/Wzone/tmp/tmp1995/shp15389_20191231b.shp,dyad_id,-1,-1,C:/Users/owner/Dropbox/Wzone/tmp/tmp1995/shp15390_20191231b.shp,dyad_id,-1,-1,C:/Users/owner/Dropbox/Wzone/tmp/tmp1995/shp15392_20191231b.shp,dyad_id,-1,-1,C:/Users/owner/Dropbox/Wzone/tmp/tmp1995/shp15473_20191231b.shp,dyad_id,-1,-1,C:/Users/owner/Dropbox/Wzone/tmp/tmp1995/shp15558_20191231b.shp,dyad_id,-1,-1,C:/Users/owner/Dropbox/Wzone/tmp/tmp1995/shp15633_20191231b.shp,dyad_id,-1,-1,C:/Users/owner/Dropbox/Wzone/tmp/tmp1995/shp15717_20191231b.shp,dyad_id,-1,-1,C:/Users/owner/Dropbox/Wzone/tmp/tmp1995/shp15737_20191231b.shp,dyad_id,-1,-1,C:/Users/owner/Dropbox/Wzone/tmp/tmp1995/shp15751_20191231b.shp,dyad_id,-1,-1,C:/Users/owner/Dropbox/Wzone/tmp/tmp1995/shp15793_20191231b.shp,dyad_id,-1,-1,C:/Users/owner/Dropbox/Wzone/tmp/tmp1995/shp15809_20191231b.shp,dyad_id,-1,-1,C:/Users/owner/Dropbox/Wzone/tmp/tmp1995/shp15895_20191231b.shp,dyad_id,-1,-1,C:/Users/owner/Dropbox/Wzone/tmp/tmp1995/shp15896_20191231b.shp,dyad_id,-1,-1,C:/Users/owner/Dropbox/Wzone/tmp/tmp1995/shp15915_20191231b.shp,dyad_id,-1,-1,C:/Users/owner/Dropbox/Wzone/tmp/tmp1995/shp15944_20191231b.shp,dyad_id,-1,-1,C:/Users/owner/Dropbox/Wzone/tmp/tmp1995/shp15993_20191231b.shp,dyad_id,-1,-1,C:/Users/owner/Dropbox/Wzone/tmp/tmp1995/shp16002_20191231b.shp,dyad_id,-1,-1,C:/Users/owner/Dropbox/Wzone/tmp/tmp1995/shp16022_20191231b.shp,dyad_id,-1,-1,C:/Users/owner/Dropbox/Wzone/tmp/tmp1995/shp16034_20191231b.shp,dyad_id,-1,-1,C:/Users/owner/Dropbox/Wzone/tmp/tmp1995/shp16081_20191231b.shp,dyad_id,-1,-1,C:/Users/owner/Dropbox/Wzone/tmp/tmp1995/shp16135_20191231b.shp,dyad_id,-1,-1,C:/Users/owner/Dropbox/Wzone/tmp/tmp1995/shp16173_20191231b.shp,dyad_id,-1,-1,C:/Users/owner/Dropbox/Wzone/tmp/tmp1995/shp16177_20191231b.shp,dyad_id,-1,-1,C:/Users/owner/Dropbox/Wzone/tmp/tmp1995/shp16207_20191231b.shp,dyad_id,-1,-1,C:/Users/owner/Dropbox/Wzone/tmp/tmp1995/shp16240_20191231b.shp,dyad_id,-1,-1,C:/Users/owner/Dropbox/Wzone/tmp/tmp1995/shp17152_20191231b.shp,dyad_id,-1,-1,C:/Users/owner/Dropbox/Wzone/tmp/tmp1995/shp17247_20191231b.shp,dyad_id,-1,-1,C:/Users/owner/Dropbox/Wzone/tmp/tmp1995/shp17248_20191231b.shp,dyad_id,-1,-1,C:/Users/owner/Dropbox/Wzone/tmp/tmp1995/shp17253_20191231b.shp,dyad_id,-1,-1;conf_id "conf_id" true true false 5 Long 0 5,First,#,C:/Users/owner/Dropbox/Wzone/tmp/tmp1995/shp406_20191231b.shp,conf_id,-1,-1,C:/Users/owner/Dropbox/Wzone/tmp/tmp1995/shp411_20191231b.shp,conf_id,-1,-1,C:/Users/owner/Dropbox/Wzone/tmp/tmp1995/shp422_20191231b.shp,conf_id,-1,-1,C:/Users/owner/Dropbox/Wzone/tmp/tmp1995/shp428_20191231b.shp,conf_id,-1,-1,C:/Users/owner/Dropbox/Wzone/tmp/tmp1995/shp453_20191231b.shp,conf_id,-1,-1,C:/Users/owner/Dropbox/Wzone/tmp/tmp1995/shp461_20191231b.shp,conf_id,-1,-1,C:/Users/owner/Dropbox/Wzone/tmp/tmp1995/shp474_20191231b.shp,conf_id,-1,-1,C:/Users/owner/Dropbox/Wzone/tmp/tmp1995/shp476_20191231b.shp,conf_id,-1,-1,C:/Users/owner/Dropbox/Wzone/tmp/tmp1995/shp477_20191231b.shp,conf_id,-1,-1,C:/Users/owner/Dropbox/Wzone/tmp/tmp1995/shp478_20191231b.shp,conf_id,-1,-1,C:/Users/owner/Dropbox/Wzone/tmp/tmp1995/shp624_20191231b.shp,conf_id,-1,-1,C:/Users/owner/Dropbox/Wzone/tmp/tmp1995/shp628_20191231b.shp,conf_id,-1,-1,C:/Users/owner/Dropbox/Wzone/tmp/tmp1995/shp640_20191231b.shp,conf_id,-1,-1,C:/Users/owner/Dropbox/Wzone/tmp/tmp1995/shp657_20191231b.shp,conf_id,-1,-1,C:/Users/owner/Dropbox/Wzone/tmp/tmp1995/shp658_20191231b.shp,conf_id,-1,-1,C:/Users/owner/Dropbox/Wzone/tmp/tmp1995/shp666_20191231b.shp,conf_id,-1,-1,C:/Users/owner/Dropbox/Wzone/tmp/tmp1995/shp721_20191231b.shp,conf_id,-1,-1,C:/Users/owner/Dropbox/Wzone/tmp/tmp1995/shp735_20191231b.shp,conf_id,-1,-1,C:/Users/owner/Dropbox/Wzone/tmp/tmp1995/shp750_20191231b.shp,conf_id,-1,-1,C:/Users/owner/Dropbox/Wzone/tmp/tmp1995/shp754_20191231b.shp,conf_id,-1,-1,C:/Users/owner/Dropbox/Wzone/tmp/tmp1995/shp781_20191231b.shp,conf_id,-1,-1,C:/Users/owner/Dropbox/Wzone/tmp/tmp1995/shp792_20191231b.shp,conf_id,-1,-1,C:/Users/owner/Dropbox/Wzone/tmp/tmp1995/shp833_20191231b.shp,conf_id,-1,-1,C:/Users/owner/Dropbox/Wzone/tmp/tmp1995/shp857_20191231b.shp,conf_id,-1,-1,C:/Users/owner/Dropbox/Wzone/tmp/tmp1995/shp888_20191231b.shp,conf_id,-1,-1,C:/Users/owner/Dropbox/Wzone/tmp/tmp1995/shp891_20191231b.shp,conf_id,-1,-1,C:/Users/owner/Dropbox/Wzone/tmp/tmp1995/shp906_20191231b.shp,conf_id,-1,-1,C:/Users/owner/Dropbox/Wzone/tmp/tmp1995/shp913_20191231b.shp,conf_id,-1,-1,C:/Users/owner/Dropbox/Wzone/tmp/tmp1995/shp914_20191231b.shp,conf_id,-1,-1,C:/Users/owner/Dropbox/Wzone/tmp/tmp1995/shp915_20191231b.shp,conf_id,-1,-1,C:/Users/owner/Dropbox/Wzone/tmp/tmp1995/shp920_20191231b.shp,conf_id,-1,-1,C:/Users/owner/Dropbox/Wzone/tmp/tmp1995/shp921_20191231b.shp,conf_id,-1,-1,C:/Users/owner/Dropbox/Wzone/tmp/tmp1995/shp929_20191231b.shp,conf_id,-1,-1,C:/Users/owner/Dropbox/Wzone/tmp/tmp1995/shp930_20191231b.shp,conf_id,-1,-1,C:/Users/owner/Dropbox/Wzone/tmp/tmp1995/shp931_20191231b.shp,conf_id,-1,-1,C:/Users/owner/Dropbox/Wzone/tmp/tmp1995/shp934_20191231b.shp,conf_id,-1,-1,C:/Users/owner/Dropbox/Wzone/tmp/tmp1995/shp936_20191231b.shp,conf_id,-1,-1,C:/Users/owner/Dropbox/Wzone/tmp/tmp1995/shp938_20191231b.shp,conf_id,-1,-1,C:/Users/owner/Dropbox/Wzone/tmp/tmp1995/shp941_20191231b.shp,conf_id,-1,-1,C:/Users/owner/Dropbox/Wzone/tmp/tmp1995/shp942_20191231b.shp,conf_id,-1,-1,C:/Users/owner/Dropbox/Wzone/tmp/tmp1995/shp944_20191231b.shp,conf_id,-1,-1,C:/Users/owner/Dropbox/Wzone/tmp/tmp1995/shp947_20191231b.shp,conf_id,-1,-1,C:/Users/owner/Dropbox/Wzone/tmp/tmp1995/shp948_20191231b.shp,conf_id,-1,-1,C:/Users/owner/Dropbox/Wzone/tmp/tmp1995/shp950_20191231b.shp,conf_id,-1,-1,C:/Users/owner/Dropbox/Wzone/tmp/tmp1995/shp951_20191231b.shp,conf_id,-1,-1,C:/Users/owner/Dropbox/Wzone/tmp/tmp1995/shp955_20191231b.shp,conf_id,-1,-1,C:/Users/owner/Dropbox/Wzone/tmp/tmp1995/shp962_20191231b.shp,conf_id,-1,-1,C:/Users/owner/Dropbox/Wzone/tmp/tmp1995/shp966_20191231b.shp,conf_id,-1,-1,C:/Users/owner/Dropbox/Wzone/tmp/tmp1995/shp973_20191231b.shp,conf_id,-1,-1,C:/Users/owner/Dropbox/Wzone/tmp/tmp1995/shp981_20191231b.shp,conf_id,-1,-1,C:/Users/owner/Dropbox/Wzone/tmp/tmp1995/shp989_20191231b.shp,conf_id,-1,-1,C:/Users/owner/Dropbox/Wzone/tmp/tmp1995/shp1023_20191231b.shp,conf_id,-1,-1,C:/Users/owner/Dropbox/Wzone/tmp/tmp1995/shp1036_20191231b.shp,conf_id,-1,-1,C:/Users/owner/Dropbox/Wzone/tmp/tmp1995/shp1071_20191231b.shp,conf_id,-1,-1,C:/Users/owner/Dropbox/Wzone/tmp/tmp1995/shp1073_20191231b.shp,conf_id,-1,-1,C:/Users/owner/Dropbox/Wzone/tmp/tmp1995/shp1108_20191231b.shp,conf_id,-1,-1,C:/Users/owner/Dropbox/Wzone/tmp/tmp1995/shp1162_20191231b.shp,conf_id,-1,-1,C:/Users/owner/Dropbox/Wzone/tmp/tmp1995/shp1166_20191231b.shp,conf_id,-1,-1,C:/Users/owner/Dropbox/Wzone/tmp/tmp1995/shp1167_20191231b.shp,conf_id,-1,-1,C:/Users/owner/Dropbox/Wzone/tmp/tmp1995/shp1175_20191231b.shp,conf_id,-1,-1,C:/Users/owner/Dropbox/Wzone/tmp/tmp1995/shp1176_20191231b.shp,conf_id,-1,-1,C:/Users/owner/Dropbox/Wzone/tmp/tmp1995/shp1182_20191231b.shp,conf_id,-1,-1,C:/Users/owner/Dropbox/Wzone/tmp/tmp1995/shp1204_20191231b.shp,conf_id,-1,-1,C:/Users/owner/Dropbox/Wzone/tmp/tmp1995/shp1301_20191231b.shp,conf_id,-1,-1,C:/Users/owner/Dropbox/Wzone/tmp/tmp1995/shp1702_20191231b.shp,conf_id,-1,-1,C:/Users/owner/Dropbox/Wzone/tmp/tmp1995/shp1704_20191231b.shp,conf_id,-1,-1,C:/Users/owner/Dropbox/Wzone/tmp/tmp1995/shp2332_20191231b.shp,conf_id,-1,-1,C:/Users/owner/Dropbox/Wzone/tmp/tmp1995/shp2425_20191231b.shp,conf_id,-1,-1,C:/Users/owner/Dropbox/Wzone/tmp/tmp1995/shp2461_20191231b.shp,conf_id,-1,-1,C:/Users/owner/Dropbox/Wzone/tmp/tmp1995/shp4313_20191231b.shp,conf_id,-1,-1,C:/Users/owner/Dropbox/Wzone/tmp/tmp1995/shp4446_20191231b.shp,conf_id,-1,-1,C:/Users/owner/Dropbox/Wzone/tmp/tmp1995/shp5201_20191231b.shp,conf_id,-1,-1,C:/Users/owner/Dropbox/Wzone/tmp/tmp1995/shp5247_20191231b.shp,conf_id,-1,-1,C:/Users/owner/Dropbox/Wzone/tmp/tmp1995/shp5262_20191231b.shp,conf_id,-1,-1,C:/Users/owner/Dropbox/Wzone/tmp/tmp1995/shp5314_20191231b.shp,conf_id,-1,-1,C:/Users/owner/Dropbox/Wzone/tmp/tmp1995/shp5349_20191231b.shp,conf_id,-1,-1,C:/Users/owner/Dropbox/Wzone/tmp/tmp1995/shp5405_20191231b.shp,conf_id,-1,-1,C:/Users/owner/Dropbox/Wzone/tmp/tmp1995/shp5512_20191231b.shp,conf_id,-1,-1,C:/Users/owner/Dropbox/Wzone/tmp/tmp1995/shp5534_20191231b.shp,conf_id,-1,-1,C:/Users/owner/Dropbox/Wzone/tmp/tmp1995/shp5543_20191231b.shp,conf_id,-1,-1,C:/Users/owner/Dropbox/Wzone/tmp/tmp1995/shp5551_20191231b.shp,conf_id,-1,-1,C:/Users/owner/Dropbox/Wzone/tmp/tmp1995/shp5583_20191231b.shp,conf_id,-1,-1,C:/Users/owner/Dropbox/Wzone/tmp/tmp1995/shp5584_20191231b.shp,conf_id,-1,-1,C:/Users/owner/Dropbox/Wzone/tmp/tmp1995/shp5589_20191231b.shp,conf_id,-1,-1,C:/Users/owner/Dropbox/Wzone/tmp/tmp1995/shp5598_20191231b.shp,conf_id,-1,-1,C:/Users/owner/Dropbox/Wzone/tmp/tmp1995/shp5649_20191231b.shp,conf_id,-1,-1,C:/Users/owner/Dropbox/Wzone/tmp/tmp1995/shp10264_20191231b.shp,conf_id,-1,-1,C:/Users/owner/Dropbox/Wzone/tmp/tmp1995/shp10509_20191231b.shp,conf_id,-1,-1,C:/Users/owner/Dropbox/Wzone/tmp/tmp1995/shp10589_20191231b.shp,conf_id,-1,-1,C:/Users/owner/Dropbox/Wzone/tmp/tmp1995/shp11123_20191231b.shp,conf_id,-1,-1,C:/Users/owner/Dropbox/Wzone/tmp/tmp1995/shp11377_20191231b.shp,conf_id,-1,-1,C:/Users/owner/Dropbox/Wzone/tmp/tmp1995/shp11387_20191231b.shp,conf_id,-1,-1,C:/Users/owner/Dropbox/Wzone/tmp/tmp1995/shp11433_20191231b.shp,conf_id,-1,-1,C:/Users/owner/Dropbox/Wzone/tmp/tmp1995/shp11663_20191231b.shp,conf_id,-1,-1,C:/Users/owner/Dropbox/Wzone/tmp/tmp1995/shp11665_20191231b.shp,conf_id,-1,-1,C:/Users/owner/Dropbox/Wzone/tmp/tmp1995/shp11973_20191231b.shp,conf_id,-1,-1,C:/Users/owner/Dropbox/Wzone/tmp/tmp1995/shp12009_20191231b.shp,conf_id,-1,-1,C:/Users/owner/Dropbox/Wzone/tmp/tmp1995/shp12422_20191231b.shp,conf_id,-1,-1,C:/Users/owner/Dropbox/Wzone/tmp/tmp1995/shp12556_20191231b.shp,conf_id,-1,-1,C:/Users/owner/Dropbox/Wzone/tmp/tmp1995/shp12693_20191231b.shp,conf_id,-1,-1,C:/Users/owner/Dropbox/Wzone/tmp/tmp1995/shp14036_20191231b.shp,conf_id,-1,-1,C:/Users/owner/Dropbox/Wzone/tmp/tmp1995/shp14059_20191231b.shp,conf_id,-1,-1,C:/Users/owner/Dropbox/Wzone/tmp/tmp1995/shp14092_20191231b.shp,conf_id,-1,-1,C:/Users/owner/Dropbox/Wzone/tmp/tmp1995/shp14200_20191231b.shp,conf_id,-1,-1,C:/Users/owner/Dropbox/Wzone/tmp/tmp1995/shp14273_20191231b.shp,conf_id,-1,-1,C:/Users/owner/Dropbox/Wzone/tmp/tmp1995/shp14319_20191231b.shp,conf_id,-1,-1,C:/Users/owner/Dropbox/Wzone/tmp/tmp1995/shp14320_20191231b.shp,conf_id,-1,-1,C:/Users/owner/Dropbox/Wzone/tmp/tmp1995/shp14595_20191231b.shp,conf_id,-1,-1,C:/Users/owner/Dropbox/Wzone/tmp/tmp1995/shp14596_20191231b.shp,conf_id,-1,-1,C:/Users/owner/Dropbox/Wzone/tmp/tmp1995/shp14619_20191231b.shp,conf_id,-1,-1,C:/Users/owner/Dropbox/Wzone/tmp/tmp1995/shp14620_20191231b.shp,conf_id,-1,-1,C:/Users/owner/Dropbox/Wzone/tmp/tmp1995/shp14637_20191231b.shp,conf_id,-1,-1,C:/Users/owner/Dropbox/Wzone/tmp/tmp1995/shp14667_20191231b.shp,conf_id,-1,-1,C:/Users/owner/Dropbox/Wzone/tmp/tmp1995/shp14668_20191231b.shp,conf_id,-1,-1,C:/Users/owner/Dropbox/Wzone/tmp/tmp1995/shp14669_20191231b.shp,conf_id,-1,-1,C:/Users/owner/Dropbox/Wzone/tmp/tmp1995/shp14671_20191231b.shp,conf_id,-1,-1,C:/Users/owner/Dropbox/Wzone/tmp/tmp1995/shp14677_20191231b.shp,conf_id,-1,-1,C:/Users/owner/Dropbox/Wzone/tmp/tmp1995/shp14685_20191231b.shp,conf_id,-1,-1,C:/Users/owner/Dropbox/Wzone/tmp/tmp1995/shp14744_20191231b.shp,conf_id,-1,-1,C:/Users/owner/Dropbox/Wzone/tmp/tmp1995/shp14746_20191231b.shp,conf_id,-1,-1,C:/Users/owner/Dropbox/Wzone/tmp/tmp1995/shp14773_20191231b.shp,conf_id,-1,-1,C:/Users/owner/Dropbox/Wzone/tmp/tmp1995/shp14799_20191231b.shp,conf_id,-1,-1,C:/Users/owner/Dropbox/Wzone/tmp/tmp1995/shp14842_20191231b.shp,conf_id,-1,-1,C:/Users/owner/Dropbox/Wzone/tmp/tmp1995/shp14953_20191231b.shp,conf_id,-1,-1,C:/Users/owner/Dropbox/Wzone/tmp/tmp1995/shp15019_20191231b.shp,conf_id,-1,-1,C:/Users/owner/Dropbox/Wzone/tmp/tmp1995/shp15077_20191231b.shp,conf_id,-1,-1,C:/Users/owner/Dropbox/Wzone/tmp/tmp1995/shp15093_20191231b.shp,conf_id,-1,-1,C:/Users/owner/Dropbox/Wzone/tmp/tmp1995/shp15100_20191231b.shp,conf_id,-1,-1,C:/Users/owner/Dropbox/Wzone/tmp/tmp1995/shp15101_20191231b.shp,conf_id,-1,-1,C:/Users/owner/Dropbox/Wzone/tmp/tmp1995/shp15108_20191231b.shp,conf_id,-1,-1,C:/Users/owner/Dropbox/Wzone/tmp/tmp1995/shp15136_20191231b.shp,conf_id,-1,-1,C:/Users/owner/Dropbox/Wzone/tmp/tmp1995/shp15142_20191231b.shp,conf_id,-1,-1,C:/Users/owner/Dropbox/Wzone/tmp/tmp1995/shp15161_20191231b.shp,conf_id,-1,-1,C:/Users/owner/Dropbox/Wzone/tmp/tmp1995/shp15162_20191231b.shp,conf_id,-1,-1,C:/Users/owner/Dropbox/Wzone/tmp/tmp1995/shp15175_20191231b.shp,conf_id,-1,-1,C:/Users/owner/Dropbox/Wzone/tmp/tmp1995/shp15195_20191231b.shp,conf_id,-1,-1,C:/Users/owner/Dropbox/Wzone/tmp/tmp1995/shp15211_20191231b.shp,conf_id,-1,-1,C:/Users/owner/Dropbox/Wzone/tmp/tmp1995/shp15241_20191231b.shp,conf_id,-1,-1,C:/Users/owner/Dropbox/Wzone/tmp/tmp1995/shp15251_20191231b.shp,conf_id,-1,-1,C:/Users/owner/Dropbox/Wzone/tmp/tmp1995/shp15259_20191231b.shp,conf_id,-1,-1,C:/Users/owner/Dropbox/Wzone/tmp/tmp1995/shp15292_20191231b.shp,conf_id,-1,-1,C:/Users/owner/Dropbox/Wzone/tmp/tmp1995/shp15344_20191231b.shp,conf_id,-1,-1,C:/Users/owner/Dropbox/Wzone/tmp/tmp1995/shp15382_20191231b.shp,conf_id,-1,-1,C:/Users/owner/Dropbox/Wzone/tmp/tmp1995/shp15389_20191231b.shp,conf_id,-1,-1,C:/Users/owner/Dropbox/Wzone/tmp/tmp1995/shp15390_20191231b.shp,conf_id,-1,-1,C:/Users/owner/Dropbox/Wzone/tmp/tmp1995/shp15392_20191231b.shp,conf_id,-1,-1,C:/Users/owner/Dropbox/Wzone/tmp/tmp1995/shp15473_20191231b.shp,conf_id,-1,-1,C:/Users/owner/Dropbox/Wzone/tmp/tmp1995/shp15558_20191231b.shp,conf_id,-1,-1,C:/Users/owner/Dropbox/Wzone/tmp/tmp1995/shp15633_20191231b.shp,conf_id,-1,-1,C:/Users/owner/Dropbox/Wzone/tmp/tmp1995/shp15717_20191231b.shp,conf_id,-1,-1,C:/Users/owner/Dropbox/Wzone/tmp/tmp1995/shp15737_20191231b.shp,conf_id,-1,-1,C:/Users/owner/Dropbox/Wzone/tmp/tmp1995/shp15751_20191231b.shp,conf_id,-1,-1,C:/Users/owner/Dropbox/Wzone/tmp/tmp1995/shp15793_20191231b.shp,conf_id,-1,-1,C:/Users/owner/Dropbox/Wzone/tmp/tmp1995/shp15809_20191231b.shp,conf_id,-1,-1,C:/Users/owner/Dropbox/Wzone/tmp/tmp1995/shp15895_20191231b.shp,conf_id,-1,-1,C:/Users/owner/Dropbox/Wzone/tmp/tmp1995/shp15896_20191231b.shp,conf_id,-1,-1,C:/Users/owner/Dropbox/Wzone/tmp/tmp1995/shp15915_20191231b.shp,conf_id,-1,-1,C:/Users/owner/Dropbox/Wzone/tmp/tmp1995/shp15944_20191231b.shp,conf_id,-1,-1,C:/Users/owner/Dropbox/Wzone/tmp/tmp1995/shp15993_20191231b.shp,conf_id,-1,-1,C:/Users/owner/Dropbox/Wzone/tmp/tmp1995/shp16002_20191231b.shp,conf_id,-1,-1,C:/Users/owner/Dropbox/Wzone/tmp/tmp1995/shp16022_20191231b.shp,conf_id,-1,-1,C:/Users/owner/Dropbox/Wzone/tmp/tmp1995/shp16034_20191231b.shp,conf_id,-1,-1,C:/Users/owner/Dropbox/Wzone/tmp/tmp1995/shp16081_20191231b.shp,conf_id,-1,-1,C:/Users/owner/Dropbox/Wzone/tmp/tmp1995/shp16135_20191231b.shp,conf_id,-1,-1,C:/Users/owner/Dropbox/Wzone/tmp/tmp1995/shp16173_20191231b.shp,conf_id,-1,-1,C:/Users/owner/Dropbox/Wzone/tmp/tmp1995/shp16177_20191231b.shp,conf_id,-1,-1,C:/Users/owner/Dropbox/Wzone/tmp/tmp1995/shp16207_20191231b.shp,conf_id,-1,-1,C:/Users/owner/Dropbox/Wzone/tmp/tmp1995/shp16240_20191231b.shp,conf_id,-1,-1,C:/Users/owner/Dropbox/Wzone/tmp/tmp1995/shp17152_20191231b.shp,conf_id,-1,-1,C:/Users/owner/Dropbox/Wzone/tmp/tmp1995/shp17247_20191231b.shp,conf_id,-1,-1,C:/Users/owner/Dropbox/Wzone/tmp/tmp1995/shp17248_20191231b.shp,conf_id,-1,-1,C:/Users/owner/Dropbox/Wzone/tmp/tmp1995/shp17253_20191231b.shp,conf_id,-1,-1;date "date" true true false 254 Text 0 0,First,#,C:/Users/owner/Dropbox/Wzone/tmp/tmp1995/shp406_20191231b.shp,date,0,253,C:/Users/owner/Dropbox/Wzone/tmp/tmp1995/shp411_20191231b.shp,date,0,253,C:/Users/owner/Dropbox/Wzone/tmp/tmp1995/shp422_20191231b.shp,date,0,253,C:/Users/owner/Dropbox/Wzone/tmp/tmp1995/shp428_20191231b.shp,date,0,253,C:/Users/owner/Dropbox/Wzone/tmp/tmp1995/shp453_20191231b.shp,date,0,253,C:/Users/owner/Dropbox/Wzone/tmp/tmp1995/shp461_20191231b.shp,date,0,253,C:/Users/owner/Dropbox/Wzone/tmp/tmp1995/shp474_20191231b.shp,date,0,253,C:/Users/owner/Dropbox/Wzone/tmp/tmp1995/shp476_20191231b.shp,date,0,253,C:/Users/owner/Dropbox/Wzone/tmp/tmp1995/shp477_20191231b.shp,date,0,253,C:/Users/owner/Dropbox/Wzone/tmp/tmp1995/shp478_20191231b.shp,date,0,253,C:/Users/owner/Dropbox/Wzone/tmp/tmp1995/shp624_20191231b.shp,date,0,253,C:/Users/owner/Dropbox/Wzone/tmp/tmp1995/shp628_20191231b.shp,date,0,253,C:/Users/owner/Dropbox/Wzone/tmp/tmp1995/shp640_20191231b.shp,date,0,253,C:/Users/owner/Dropbox/Wzone/tmp/tmp1995/shp657_20191231b.shp,date,0,253,C:/Users/owner/Dropbox/Wzone/tmp/tmp1995/shp658_20191231b.shp,date,0,253,C:/Users/owner/Dropbox/Wzone/tmp/tmp1995/shp666_20191231b.shp,date,0,253,C:/Users/owner/Dropbox/Wzone/tmp/tmp1995/shp721_20191231b.shp,date,0,253,C:/Users/owner/Dropbox/Wzone/tmp/tmp1995/shp735_20191231b.shp,date,0,253,C:/Users/owner/Dropbox/Wzone/tmp/tmp1995/shp750_20191231b.shp,date,0,253,C:/Users/owner/Dropbox/Wzone/tmp/tmp1995/shp754_20191231b.shp,date,0,253,C:/Users/owner/Dropbox/Wzone/tmp/tmp1995/shp781_20191231b.shp,date,0,253,C:/Users/owner/Dropbox/Wzone/tmp/tmp1995/shp792_20191231b.shp,date,0,253,C:/Users/owner/Dropbox/Wzone/tmp/tmp1995/shp833_20191231b.shp,date,0,253,C:/Users/owner/Dropbox/Wzone/tmp/tmp1995/shp857_20191231b.shp,date,0,253,C:/Users/owner/Dropbox/Wzone/tmp/tmp1995/shp888_20191231b.shp,date,0,253,C:/Users/owner/Dropbox/Wzone/tmp/tmp1995/shp891_20191231b.shp,date,0,253,C:/Users/owner/Dropbox/Wzone/tmp/tmp1995/shp906_20191231b.shp,date,0,253,C:/Users/owner/Dropbox/Wzone/tmp/tmp1995/shp913_20191231b.shp,date,0,253,C:/Users/owner/Dropbox/Wzone/tmp/tmp1995/shp914_20191231b.shp,date,0,253,C:/Users/owner/Dropbox/Wzone/tmp/tmp1995/shp915_20191231b.shp,date,0,253,C:/Users/owner/Dropbox/Wzone/tmp/tmp1995/shp920_20191231b.shp,date,0,253,C:/Users/owner/Dropbox/Wzone/tmp/tmp1995/shp921_20191231b.shp,date,0,253,C:/Users/owner/Dropbox/Wzone/tmp/tmp1995/shp929_20191231b.shp,date,0,253,C:/Users/owner/Dropbox/Wzone/tmp/tmp1995/shp930_20191231b.shp,date,0,253,C:/Users/owner/Dropbox/Wzone/tmp/tmp1995/shp931_20191231b.shp,date,0,253,C:/Users/owner/Dropbox/Wzone/tmp/tmp1995/shp934_20191231b.shp,date,0,253,C:/Users/owner/Dropbox/Wzone/tmp/tmp1995/shp936_20191231b.shp,date,0,253,C:/Users/owner/Dropbox/Wzone/tmp/tmp1995/shp938_20191231b.shp,date,0,253,C:/Users/owner/Dropbox/Wzone/tmp/tmp1995/shp941_20191231b.shp,date,0,253,C:/Users/owner/Dropbox/Wzone/tmp/tmp1995/shp942_20191231b.shp,date,0,253,C:/Users/owner/Dropbox/Wzone/tmp/tmp1995/shp944_20191231b.shp,date,0,253,C:/Users/owner/Dropbox/Wzone/tmp/tmp1995/shp947_20191231b.shp,date,0,253,C:/Users/owner/Dropbox/Wzone/tmp/tmp1995/shp948_20191231b.shp,date,0,253,C:/Users/owner/Dropbox/Wzone/tmp/tmp1995/shp950_20191231b.shp,date,0,253,C:/Users/owner/Dropbox/Wzone/tmp/tmp1995/shp951_20191231b.shp,date,0,253,C:/Users/owner/Dropbox/Wzone/tmp/tmp1995/shp955_20191231b.shp,date,0,253,C:/Users/owner/Dropbox/Wzone/tmp/tmp1995/shp962_20191231b.shp,date,0,253,C:/Users/owner/Dropbox/Wzone/tmp/tmp1995/shp966_20191231b.shp,date,0,253,C:/Users/owner/Dropbox/Wzone/tmp/tmp1995/shp973_20191231b.shp,date,0,253,C:/Users/owner/Dropbox/Wzone/tmp/tmp1995/shp981_20191231b.shp,date,0,253,C:/Users/owner/Dropbox/Wzone/tmp/tmp1995/shp989_20191231b.shp,date,0,253,C:/Users/owner/Dropbox/Wzone/tmp/tmp1995/shp1023_20191231b.shp,date,0,253,C:/Users/owner/Dropbox/Wzone/tmp/tmp1995/shp1036_20191231b.shp,date,0,253,C:/Users/owner/Dropbox/Wzone/tmp/tmp1995/shp1071_20191231b.shp,date,0,253,C:/Users/owner/Dropbox/Wzone/tmp/tmp1995/shp1073_20191231b.shp,date,0,253,C:/Users/owner/Dropbox/Wzone/tmp/tmp1995/shp1108_20191231b.shp,date,0,253,C:/Users/owner/Dropbox/Wzone/tmp/tmp1995/shp1162_20191231b.shp,date,0,253,C:/Users/owner/Dropbox/Wzone/tmp/tmp1995/shp1166_20191231b.shp,date,0,253,C:/Users/owner/Dropbox/Wzone/tmp/tmp1995/shp1167_20191231b.shp,date,0,253,C:/Users/owner/Dropbox/Wzone/tmp/tmp1995/shp1175_20191231b.shp,date,0,253,C:/Users/owner/Dropbox/Wzone/tmp/tmp1995/shp1176_20191231b.shp,date,0,253,C:/Users/owner/Dropbox/Wzone/tmp/tmp1995/shp1182_20191231b.shp,date,0,253,C:/Users/owner/Dropbox/Wzone/tmp/tmp1995/shp1204_20191231b.shp,date,0,253,C:/Users/owner/Dropbox/Wzone/tmp/tmp1995/shp1301_20191231b.shp,date,0,253,C:/Users/owner/Dropbox/Wzone/tmp/tmp1995/shp1702_20191231b.shp,date,0,253,C:/Users/owner/Dropbox/Wzone/tmp/tmp1995/shp1704_20191231b.shp,date,0,253,C:/Users/owner/Dropbox/Wzone/tmp/tmp1995/shp2332_20191231b.shp,date,0,253,C:/Users/owner/Dropbox/Wzone/tmp/tmp1995/shp2425_20191231b.shp,date,0,253,C:/Users/owner/Dropbox/Wzone/tmp/tmp1995/shp2461_20191231b.shp,date,0,253,C:/Users/owner/Dropbox/Wzone/tmp/tmp1995/shp4313_20191231b.shp,date,0,253,C:/Users/owner/Dropbox/Wzone/tmp/tmp1995/shp4446_20191231b.shp,date,0,253,C:/Users/owner/Dropbox/Wzone/tmp/tmp1995/shp5201_20191231b.shp,date,0,253,C:/Users/owner/Dropbox/Wzone/tmp/tmp1995/shp5247_20191231b.shp,date,0,253,C:/Users/owner/Dropbox/Wzone/tmp/tmp1995/shp5262_20191231b.shp,date,0,253,C:/Users/owner/Dropbox/Wzone/tmp/tmp1995/shp5314_20191231b.shp,date,0,253,C:/Users/owner/Dropbox/Wzone/tmp/tmp1995/shp5349_20191231b.shp,date,0,253,C:/Users/owner/Dropbox/Wzone/tmp/tmp1995/shp5405_20191231b.shp,date,0,253,C:/Users/owner/Dropbox/Wzone/tmp/tmp1995/shp5512_20191231b.shp,date,0,253,C:/Users/owner/Dropbox/Wzone/tmp/tmp1995/shp5534_20191231b.shp,date,0,253,C:/Users/owner/Dropbox/Wzone/tmp/tmp1995/shp5543_20191231b.shp,date,0,253,C:/Users/owner/Dropbox/Wzone/tmp/tmp1995/shp5551_20191231b.shp,date,0,253,C:/Users/owner/Dropbox/Wzone/tmp/tmp1995/shp5583_20191231b.shp,date,0,253,C:/Users/owner/Dropbox/Wzone/tmp/tmp1995/shp5584_20191231b.shp,date,0,253,C:/Users/owner/Dropbox/Wzone/tmp/tmp1995/shp5589_20191231b.shp,date,0,253,C:/Users/owner/Dropbox/Wzone/tmp/tmp1995/shp5598_20191231b.shp,date,0,253,C:/Users/owner/Dropbox/Wzone/tmp/tmp1995/shp5649_20191231b.shp,date,0,253,C:/Users/owner/Dropbox/Wzone/tmp/tmp1995/shp10264_20191231b.shp,date,0,253,C:/Users/owner/Dropbox/Wzone/tmp/tmp1995/shp10509_20191231b.shp,date,0,253,C:/Users/owner/Dropbox/Wzone/tmp/tmp1995/shp10589_20191231b.shp,date,0,253,C:/Users/owner/Dropbox/Wzone/tmp/tmp1995/shp11123_20191231b.shp,date,0,253,C:/Users/owner/Dropbox/Wzone/tmp/tmp1995/shp11377_20191231b.shp,date,0,253,C:/Users/owner/Dropbox/Wzone/tmp/tmp1995/shp11387_20191231b.shp,date,0,253,C:/Users/owner/Dropbox/Wzone/tmp/tmp1995/shp11433_20191231b.shp,date,0,253,C:/Users/owner/Dropbox/Wzone/tmp/tmp1995/shp11663_20191231b.shp,date,0,253,C:/Users/owner/Dropbox/Wzone/tmp/tmp1995/shp11665_20191231b.shp,date,0,253,C:/Users/owner/Dropbox/Wzone/tmp/tmp1995/shp11973_20191231b.shp,date,0,253,C:/Users/owner/Dropbox/Wzone/tmp/tmp1995/shp12009_20191231b.shp,date,0,253,C:/Users/owner/Dropbox/Wzone/tmp/tmp1995/shp12422_20191231b.shp,date,0,253,C:/Users/owner/Dropbox/Wzone/tmp/tmp1995/shp12556_20191231b.shp,date,0,253,C:/Users/owner/Dropbox/Wzone/tmp/tmp1995/shp12693_20191231b.shp,date,0,253,C:/Users/owner/Dropbox/Wzone/tmp/tmp1995/shp14036_20191231b.shp,date,0,253,C:/Users/owner/Dropbox/Wzone/tmp/tmp1995/shp14059_20191231b.shp,date,0,253,C:/Users/owner/Dropbox/Wzone/tmp/tmp1995/shp14092_20191231b.shp,date,0,253,C:/Users/owner/Dropbox/Wzone/tmp/tmp1995/shp14200_20191231b.shp,date,0,253,C:/Users/owner/Dropbox/Wzone/tmp/tmp1995/shp14273_20191231b.shp,date,0,253,C:/Users/owner/Dropbox/Wzone/tmp/tmp1995/shp14319_20191231b.shp,date,0,253,C:/Users/owner/Dropbox/Wzone/tmp/tmp1995/shp14320_20191231b.shp,date,0,253,C:/Users/owner/Dropbox/Wzone/tmp/tmp1995/shp14595_20191231b.shp,date,0,253,C:/Users/owner/Dropbox/Wzone/tmp/tmp1995/shp14596_20191231b.shp,date,0,253,C:/Users/owner/Dropbox/Wzone/tmp/tmp1995/shp14619_20191231b.shp,date,0,253,C:/Users/owner/Dropbox/Wzone/tmp/tmp1995/shp14620_20191231b.shp,date,0,253,C:/Users/owner/Dropbox/Wzone/tmp/tmp1995/shp14637_20191231b.shp,date,0,253,C:/Users/owner/Dropbox/Wzone/tmp/tmp1995/shp14667_20191231b.shp,date,0,253,C:/Users/owner/Dropbox/Wzone/tmp/tmp1995/shp14668_20191231b.shp,date,0,253,C:/Users/owner/Dropbox/Wzone/tmp/tmp1995/shp14669_20191231b.shp,date,0,253,C:/Users/owner/Dropbox/Wzone/tmp/tmp1995/shp14671_20191231b.shp,date,0,253,C:/Users/owner/Dropbox/Wzone/tmp/tmp1995/shp14677_20191231b.shp,date,0,253,C:/Users/owner/Dropbox/Wzone/tmp/tmp1995/shp14685_20191231b.shp,date,0,253,C:/Users/owner/Dropbox/Wzone/tmp/tmp1995/shp14744_20191231b.shp,date,0,253,C:/Users/owner/Dropbox/Wzone/tmp/tmp1995/shp14746_20191231b.shp,date,0,253,C:/Users/owner/Dropbox/Wzone/tmp/tmp1995/shp14773_20191231b.shp,date,0,253,C:/Users/owner/Dropbox/Wzone/tmp/tmp1995/shp14799_20191231b.shp,date,0,253,C:/Users/owner/Dropbox/Wzone/tmp/tmp1995/shp14842_20191231b.shp,date,0,253,C:/Users/owner/Dropbox/Wzone/tmp/tmp1995/shp14953_20191231b.shp,date,0,253,C:/Users/owner/Dropbox/Wzone/tmp/tmp1995/shp15019_20191231b.shp,date,0,253,C:/Users/owner/Dropbox/Wzone/tmp/tmp1995/shp15077_20191231b.shp,date,0,253,C:/Users/owner/Dropbox/Wzone/tmp/tmp1995/shp15093_20191231b.shp,date,0,253,C:/Users/owner/Dropbox/Wzone/tmp/tmp1995/shp15100_20191231b.shp,date,0,253,C:/Users/owner/Dropbox/Wzone/tmp/tmp1995/shp15101_20191231b.shp,date,0,253,C:/Users/owner/Dropbox/Wzone/tmp/tmp1995/shp15108_20191231b.shp,date,0,253,C:/Users/owner/Dropbox/Wzone/tmp/tmp1995/shp15136_20191231b.shp,date,0,253,C:/Users/owner/Dropbox/Wzone/tmp/tmp1995/shp15142_20191231b.shp,date,0,253,C:/Users/owner/Dropbox/Wzone/tmp/tmp1995/shp15161_20191231b.shp,date,0,253,C:/Users/owner/Dropbox/Wzone/tmp/tmp1995/shp15162_20191231b.shp,date,0,253,C:/Users/owner/Dropbox/Wzone/tmp/tmp1995/shp15175_20191231b.shp,date,0,253,C:/Users/owner/Dropbox/Wzone/tmp/tmp1995/shp15195_20191231b.shp,date,0,253,C:/Users/owner/Dropbox/Wzone/tmp/tmp1995/shp15211_20191231b.shp,date,0,253,C:/Users/owner/Dropbox/Wzone/tmp/tmp1995/shp15241_20191231b.shp,date,0,253,C:/Users/owner/Dropbox/Wzone/tmp/tmp1995/shp15251_20191231b.shp,date,0,253,C:/Users/owner/Dropbox/Wzone/tmp/tmp1995/shp15259_20191231b.shp,date,0,253,C:/Users/owner/Dropbox/Wzone/tmp/tmp1995/shp15292_20191231b.shp,date,0,253,C:/Users/owner/Dropbox/Wzone/tmp/tmp1995/shp15344_20191231b.shp,date,0,253,C:/Users/owner/Dropbox/Wzone/tmp/tmp1995/shp15382_20191231b.shp,date,0,253,C:/Users/owner/Dropbox/Wzone/tmp/tmp1995/shp15389_20191231b.shp,date,0,253,C:/Users/owner/Dropbox/Wzone/tmp/tmp1995/shp15390_20191231b.shp,date,0,253,C:/Users/owner/Dropbox/Wzone/tmp/tmp1995/shp15392_20191231b.shp,date,0,253,C:/Users/owner/Dropbox/Wzone/tmp/tmp1995/shp15473_20191231b.shp,date,0,253,C:/Users/owner/Dropbox/Wzone/tmp/tmp1995/shp15558_20191231b.shp,date,0,253,C:/Users/owner/Dropbox/Wzone/tmp/tmp1995/shp15633_20191231b.shp,date,0,253,C:/Users/owner/Dropbox/Wzone/tmp/tmp1995/shp15717_20191231b.shp,date,0,253,C:/Users/owner/Dropbox/Wzone/tmp/tmp1995/shp15737_20191231b.shp,date,0,253,C:/Users/owner/Dropbox/Wzone/tmp/tmp1995/shp15751_20191231b.shp,date,0,253,C:/Users/owner/Dropbox/Wzone/tmp/tmp1995/shp15793_20191231b.shp,date,0,253,C:/Users/owner/Dropbox/Wzone/tmp/tmp1995/shp15809_20191231b.shp,date,0,253,C:/Users/owner/Dropbox/Wzone/tmp/tmp1995/shp15895_20191231b.shp,date,0,253,C:/Users/owner/Dropbox/Wzone/tmp/tmp1995/shp15896_20191231b.shp,date,0,253,C:/Users/owner/Dropbox/Wzone/tmp/tmp1995/shp15915_20191231b.shp,date,0,253,C:/Users/owner/Dropbox/Wzone/tmp/tmp1995/shp15944_20191231b.shp,date,0,253,C:/Users/owner/Dropbox/Wzone/tmp/tmp1995/shp15993_20191231b.shp,date,0,253,C:/Users/owner/Dropbox/Wzone/tmp/tmp1995/shp16002_20191231b.shp,date,0,253,C:/Users/owner/Dropbox/Wzone/tmp/tmp1995/shp16022_20191231b.shp,date,0,253,C:/Users/owner/Dropbox/Wzone/tmp/tmp1995/shp16034_20191231b.shp,date,0,253,C:/Users/owner/Dropbox/Wzone/tmp/tmp1995/shp16081_20191231b.shp,date,0,253,C:/Users/owner/Dropbox/Wzone/tmp/tmp1995/shp16135_20191231b.shp,date,0,253,C:/Users/owner/Dropbox/Wzone/tmp/tmp1995/shp16173_20191231b.shp,date,0,253,C:/Users/owner/Dropbox/Wzone/tmp/tmp1995/shp16177_20191231b.shp,date,0,253,C:/Users/owner/Dropbox/Wzone/tmp/tmp1995/shp16207_20191231b.shp,date,0,253,C:/Users/owner/Dropbox/Wzone/tmp/tmp1995/shp16240_20191231b.shp,date,0,253,C:/Users/owner/Dropbox/Wzone/tmp/tmp1995/shp17152_20191231b.shp,date,0,253,C:/Users/owner/Dropbox/Wzone/tmp/tmp1995/shp17247_20191231b.shp,date,0,253,C:/Users/owner/Dropbox/Wzone/tmp/tmp1995/shp17248_20191231b.shp,date,0,253,C:/Users/owner/Dropbox/Wzone/tmp/tmp1995/shp17253_20191231b.shp,date,0,253" NO_SOURCE_INFO</Process><Process ToolSource="c:\program files\arcgis\pro\Resources\ArcToolbox\toolboxes\Data Management Tools.tbx\DefineProjection" Date="20240721" Time="114240">DefineProjection C:/Users/owner/Dropbox/Wzone/out/wzone_shp/2019/2019_12_31.shp GEOGCS["GCS_WGS_1984",DATUM["D_WGS_1984",SPHEROID["WGS_1984",6378137.0,298.257223563]],PRIMEM["Greenwich",0.0],UNIT["Degree",0.0174532925199433]]</Process></lineage></DataProperties><SyncDate>20240721</SyncDate><SyncTime>11423700</SyncTime><ModDate>20240721</ModDate><ModTime>11423700</ModTime></Esri><dataIdInfo><envirDesc Sync="TRUE">Microsoft Windows 10 Version 10.0 (Build 19045) ; Esri ArcGIS 13.2.2.49743</envirDesc><dataLang><languageCode value="eng" Sync="TRUE"></languageCode><countryCode value="USA" Sync="TRUE"></countryCode></dataLang><idCitation><resTitle Sync="TRUE">2019_12_31</resTitle><presForm><PresFormCd value="005" Sync="TRUE"></PresFormCd></presForm></idCitation><spatRpType><SpatRepTypCd value="001" Sync="TRUE"></SpatRepTypCd></spatRpType></dataIdInfo><mdLang><languageCode value="eng" Sync="TRUE"></languageCode><countryCode value="USA" Sync="TRUE"></countryCode></mdLang><mdChar><CharSetCd value="004" Sync="TRUE"></CharSetCd></mdChar><distInfo><distFormat><formatName Sync="TRUE">Shapefile</formatName></distFormat><distTranOps><transSize Sync="TRUE">0.000</transSize></distTranOps></distInfo><mdHrLv><ScopeCd value="005" Sync="TRUE"></ScopeCd></mdHrLv><mdHrLvName Sync="TRUE">dataset</mdHrLvName><spatRepInfo><VectSpatRep><geometObjs Name="2019_12_31"><geoObjTyp><GeoObjTypCd value="002" Sync="TRUE"></GeoObjTypCd></geoObjTyp><geoObjCnt Sync="TRUE">0</geoObjCnt></geometObjs><topLvl><TopoLevCd value="001" Sync="TRUE"></TopoLevCd></topLvl></VectSpatRep></spatRepInfo><spdoinfo><ptvctinf><esriterm Name="2019_12_31"><efeatyp Sync="TRUE">Simple</efeatyp><efeageom code="4" Sync="TRUE"></efeageom><esritopo Sync="TRUE">FALSE</esritopo><efeacnt Sync="TRUE">0</efeacnt><spindex Sync="TRUE">FALSE</spindex><linrefer Sync="TRUE">FALSE</linrefer></esriterm></ptvctinf></spdoinfo><eainfo><detailed Name="2019_12_31"><enttyp><enttypl Sync="TRUE">2019_12_31</enttypl><enttypt Sync="TRUE">Feature Class</enttypt><enttypc Sync="TRUE">0</enttypc></enttyp><attr><attrlabl Sync="TRUE">FID</attrlabl><attalias Sync="TRUE">FID</attalias><attrtype Sync="TRUE">OID</attrtype><attwidth Sync="TRUE">4</attwidth><atprecis Sync="TRUE">0</atprecis><attscale Sync="TRUE">0</attscale><attrdef Sync="TRUE">Internal feature number.</attrdef><attrdefs Sync="TRUE">Esri</attrdefs><attrdomv><udom Sync="TRUE">Sequential unique whole numbers that are automatically generated.</udom></attrdomv></attr><attr><attrlabl Sync="TRUE">Shape</attrlabl><attalias Sync="TRUE">Shape</attalias><attrtype Sync="TRUE">Geometry</attrtype><attwidth Sync="TRUE">0</attwidth><atprecis Sync="TRUE">0</atprecis><attscale Sync="TRUE">0</attscale><attrdef Sync="TRUE">Feature geometry.</attrdef><attrdefs Sync="TRUE">Esri</attrdefs><attrdomv><udom Sync="TRUE">Coordinates defining the features.</udom></attrdomv></attr><attr><attrlabl Sync="TRUE">dyad_id</attrlabl><attalias Sync="TRUE">dyad_id</attalias><attrtype Sync="TRUE">Integer</attrtype><attwidth Sync="TRUE">5</attwidth><atprecis Sync="TRUE">5</atprecis><attscale Sync="TRUE">0</attscale></attr><attr><attrlabl Sync="TRUE">conf_id</attrlabl><attalias Sync="TRUE">conf_id</attalias><attrtype Sync="TRUE">Integer</attrtype><attwidth Sync="TRUE">5</attwidth><atprecis Sync="TRUE">5</atprecis><attscale Sync="TRUE">0</attscale></attr><attr><attrlabl Sync="TRUE">date</attrlabl><attalias Sync="TRUE">date</attalias><attrtype Sync="TRUE">String</attrtype><attwidth Sync="TRUE">254</attwidth><atprecis Sync="TRUE">0</atprecis><attscale Sync="TRUE">0</attscale></attr></detailed></eainfo><mdDateSt Sync="TRUE">20240721</mdDateSt></metadata>
