<?xml version="1.0" encoding="UTF-8"?>
<metadata xml:lang="en"><Esri><CreaDate>20240720</CreaDate><CreaTime>21100500</CreaTime><ArcGISFormat>1.0</ArcGISFormat><SyncOnce>FALSE</SyncOnce><DataProperties><itemProps><itemName Sync="TRUE">2020_12_31</itemName><imsContentType Sync="TRUE">002</imsContentType><itemSize Sync="TRUE">0.000</itemSize><itemLocation><linkage Sync="TRUE">file://\\DESKTOP-48J08HF\C$\Users\owner\Dropbox\Wzone\out\wzone_shp\2020\2020_12_31.shp</linkage><protocol Sync="TRUE">Local Area Network</protocol></itemLocation></itemProps><lineage><Process ToolSource="c:\program files\arcgis\pro\Resources\ArcToolbox\toolboxes\Analysis Tools.tbx\Select" Date="20240720" Time="211005">Select in_memory/shp1996406_20201231a C:\Users\owner\Dropbox\Wzone\tmp\tmp1996\shp406_20201231b.shp ""gridcode" &gt; 0"</Process><Process ToolSource="c:\program files\arcgis\pro\Resources\ArcToolbox\toolboxes\Data Management Tools.tbx\AddField" Date="20240720" Time="211005">AddField C:/Users/owner/Dropbox/Wzone/tmp/tmp1996/shp406_20201231b.shp dyad_id "Short (16-bit integer)" # # # # NULLABLE NON_REQUIRED #</Process><Process ToolSource="c:\program files\arcgis\pro\Resources\ArcToolbox\toolboxes\Data Management Tools.tbx\AddField" Date="20240720" Time="211006">AddField C:/Users/owner/Dropbox/Wzone/tmp/tmp1996/shp406_20201231b.shp conf_id "Short (16-bit integer)" # # # # NULLABLE NON_REQUIRED #</Process><Process ToolSource="c:\program files\arcgis\pro\Resources\ArcToolbox\toolboxes\Data Management Tools.tbx\AddField" Date="20240720" Time="211006">AddField C:/Users/owner/Dropbox/Wzone/tmp/tmp1996/shp406_20201231b.shp date Text # # # # NULLABLE NON_REQUIRED #</Process><Process ToolSource="c:\program files\arcgis\pro\Resources\ArcToolbox\toolboxes\Data Management Tools.tbx\DeleteField" Date="20240720" Time="211006">DeleteField C:/Users/owner/Dropbox/Wzone/tmp/tmp1996/shp406_20201231b.shp Id "Delete Fields"</Process><Process ToolSource="c:\program files\arcgis\pro\Resources\ArcToolbox\toolboxes\Data Management Tools.tbx\DeleteField" Date="20240720" Time="211006">DeleteField C:/Users/owner/Dropbox/Wzone/tmp/tmp1996/shp406_20201231b.shp gridcode "Delete Fields"</Process><Process ToolSource="c:\program files\arcgis\pro\Resources\ArcToolbox\toolboxes\Data Management Tools.tbx\Merge" Date="20240720" Time="211333">Merge C:/Users/owner/Dropbox/Wzone/tmp/tmp1996/shp406_20201231b.shp;C:/Users/owner/Dropbox/Wzone/tmp/tmp1996/shp411_20201231b.shp;C:/Users/owner/Dropbox/Wzone/tmp/tmp1996/shp428_20201231b.shp;C:/Users/owner/Dropbox/Wzone/tmp/tmp1996/shp453_20201231b.shp;C:/Users/owner/Dropbox/Wzone/tmp/tmp1996/shp461_20201231b.shp;C:/Users/owner/Dropbox/Wzone/tmp/tmp1996/shp474_20201231b.shp;C:/Users/owner/Dropbox/Wzone/tmp/tmp1996/shp476_20201231b.shp;C:/Users/owner/Dropbox/Wzone/tmp/tmp1996/shp477_20201231b.shp;C:/Users/owner/Dropbox/Wzone/tmp/tmp1996/shp478_20201231b.shp;C:/Users/owner/Dropbox/Wzone/tmp/tmp1996/shp555_20201231b.shp;C:/Users/owner/Dropbox/Wzone/tmp/tmp1996/shp624_20201231b.shp;C:/Users/owner/Dropbox/Wzone/tmp/tmp1996/shp628_20201231b.shp;C:/Users/owner/Dropbox/Wzone/tmp/tmp1996/shp640_20201231b.shp;C:/Users/owner/Dropbox/Wzone/tmp/tmp1996/shp657_20201231b.shp;C:/Users/owner/Dropbox/Wzone/tmp/tmp1996/shp721_20201231b.shp;C:/Users/owner/Dropbox/Wzone/tmp/tmp1996/shp735_20201231b.shp;C:/Users/owner/Dropbox/Wzone/tmp/tmp1996/shp750_20201231b.shp;C:/Users/owner/Dropbox/Wzone/tmp/tmp1996/shp754_20201231b.shp;C:/Users/owner/Dropbox/Wzone/tmp/tmp1996/shp781_20201231b.shp;C:/Users/owner/Dropbox/Wzone/tmp/tmp1996/shp792_20201231b.shp;C:/Users/owner/Dropbox/Wzone/tmp/tmp1996/shp833_20201231b.shp;C:/Users/owner/Dropbox/Wzone/tmp/tmp1996/shp857_20201231b.shp;C:/Users/owner/Dropbox/Wzone/tmp/tmp1996/shp888_20201231b.shp;C:/Users/owner/Dropbox/Wzone/tmp/tmp1996/shp891_20201231b.shp;C:/Users/owner/Dropbox/Wzone/tmp/tmp1996/shp906_20201231b.shp;C:/Users/owner/Dropbox/Wzone/tmp/tmp1996/shp913_20201231b.shp;C:/Users/owner/Dropbox/Wzone/tmp/tmp1996/shp914_20201231b.shp;C:/Users/owner/Dropbox/Wzone/tmp/tmp1996/shp915_20201231b.shp;C:/Users/owner/Dropbox/Wzone/tmp/tmp1996/shp920_20201231b.shp;C:/Users/owner/Dropbox/Wzone/tmp/tmp1996/shp921_20201231b.shp;C:/Users/owner/Dropbox/Wzone/tmp/tmp1996/shp929_20201231b.shp;C:/Users/owner/Dropbox/Wzone/tmp/tmp1996/shp930_20201231b.shp;C:/Users/owner/Dropbox/Wzone/tmp/tmp1996/shp931_20201231b.shp;C:/Users/owner/Dropbox/Wzone/tmp/tmp1996/shp934_20201231b.shp;C:/Users/owner/Dropbox/Wzone/tmp/tmp1996/shp936_20201231b.shp;C:/Users/owner/Dropbox/Wzone/tmp/tmp1996/shp938_20201231b.shp;C:/Users/owner/Dropbox/Wzone/tmp/tmp1996/shp941_20201231b.shp;C:/Users/owner/Dropbox/Wzone/tmp/tmp1996/shp942_20201231b.shp;C:/Users/owner/Dropbox/Wzone/tmp/tmp1996/shp944_20201231b.shp;C:/Users/owner/Dropbox/Wzone/tmp/tmp1996/shp947_20201231b.shp;C:/Users/owner/Dropbox/Wzone/tmp/tmp1996/shp948_20201231b.shp;C:/Users/owner/Dropbox/Wzone/tmp/tmp1996/shp950_20201231b.shp;C:/Users/owner/Dropbox/Wzone/tmp/tmp1996/shp951_20201231b.shp;C:/Users/owner/Dropbox/Wzone/tmp/tmp1996/shp955_20201231b.shp;C:/Users/owner/Dropbox/Wzone/tmp/tmp1996/shp962_20201231b.shp;C:/Users/owner/Dropbox/Wzone/tmp/tmp1996/shp966_20201231b.shp;C:/Users/owner/Dropbox/Wzone/tmp/tmp1996/shp973_20201231b.shp;C:/Users/owner/Dropbox/Wzone/tmp/tmp1996/shp981_20201231b.shp;C:/Users/owner/Dropbox/Wzone/tmp/tmp1996/shp989_20201231b.shp;C:/Users/owner/Dropbox/Wzone/tmp/tmp1996/shp1036_20201231b.shp;C:/Users/owner/Dropbox/Wzone/tmp/tmp1996/shp1071_20201231b.shp;C:/Users/owner/Dropbox/Wzone/tmp/tmp1996/shp1073_20201231b.shp;C:/Users/owner/Dropbox/Wzone/tmp/tmp1996/shp1108_20201231b.shp;C:/Users/owner/Dropbox/Wzone/tmp/tmp1996/shp1162_20201231b.shp;C:/Users/owner/Dropbox/Wzone/tmp/tmp1996/shp1166_20201231b.shp;C:/Users/owner/Dropbox/Wzone/tmp/tmp1996/shp1167_20201231b.shp;C:/Users/owner/Dropbox/Wzone/tmp/tmp1996/shp1175_20201231b.shp;C:/Users/owner/Dropbox/Wzone/tmp/tmp1996/shp1176_20201231b.shp;C:/Users/owner/Dropbox/Wzone/tmp/tmp1996/shp1182_20201231b.shp;C:/Users/owner/Dropbox/Wzone/tmp/tmp1996/shp1204_20201231b.shp;C:/Users/owner/Dropbox/Wzone/tmp/tmp1996/shp1301_20201231b.shp;C:/Users/owner/Dropbox/Wzone/tmp/tmp1996/shp1405_20201231b.shp;C:/Users/owner/Dropbox/Wzone/tmp/tmp1996/shp1702_20201231b.shp;C:/Users/owner/Dropbox/Wzone/tmp/tmp1996/shp1704_20201231b.shp;C:/Users/owner/Dropbox/Wzone/tmp/tmp1996/shp2332_20201231b.shp;C:/Users/owner/Dropbox/Wzone/tmp/tmp1996/shp2425_20201231b.shp;C:/Users/owner/Dropbox/Wzone/tmp/tmp1996/shp2461_20201231b.shp;C:/Users/owner/Dropbox/Wzone/tmp/tmp1996/shp4313_20201231b.shp;C:/Users/owner/Dropbox/Wzone/tmp/tmp1996/shp4446_20201231b.shp;C:/Users/owner/Dropbox/Wzone/tmp/tmp1996/shp5201_20201231b.shp;C:/Users/owner/Dropbox/Wzone/tmp/tmp1996/shp5247_20201231b.shp;C:/Users/owner/Dropbox/Wzone/tmp/tmp1996/shp5262_20201231b.shp;C:/Users/owner/Dropbox/Wzone/tmp/tmp1996/shp5349_20201231b.shp;C:/Users/owner/Dropbox/Wzone/tmp/tmp1996/shp5351_20201231b.shp;C:/Users/owner/Dropbox/Wzone/tmp/tmp1996/shp5405_20201231b.shp;C:/Users/owner/Dropbox/Wzone/tmp/tmp1996/shp5534_20201231b.shp;C:/Users/owner/Dropbox/Wzone/tmp/tmp1996/shp5543_20201231b.shp;C:/Users/owner/Dropbox/Wzone/tmp/tmp1996/shp5551_20201231b.shp;C:/Users/owner/Dropbox/Wzone/tmp/tmp1996/shp5583_20201231b.shp;C:/Users/owner/Dropbox/Wzone/tmp/tmp1996/shp5589_20201231b.shp;C:/Users/owner/Dropbox/Wzone/tmp/tmp1996/shp5598_20201231b.shp;C:/Users/owner/Dropbox/Wzone/tmp/tmp1996/shp10264_20201231b.shp;C:/Users/owner/Dropbox/Wzone/tmp/tmp1996/shp10589_20201231b.shp;C:/Users/owner/Dropbox/Wzone/tmp/tmp1996/shp10988_20201231b.shp;C:/Users/owner/Dropbox/Wzone/tmp/tmp1996/shp11123_20201231b.shp;C:/Users/owner/Dropbox/Wzone/tmp/tmp1996/shp11377_20201231b.shp;C:/Users/owner/Dropbox/Wzone/tmp/tmp1996/shp11387_20201231b.shp;C:/Users/owner/Dropbox/Wzone/tmp/tmp1996/shp11433_20201231b.shp;C:/Users/owner/Dropbox/Wzone/tmp/tmp1996/shp11521_20201231b.shp;C:/Users/owner/Dropbox/Wzone/tmp/tmp1996/shp12009_20201231b.shp;C:/Users/owner/Dropbox/Wzone/tmp/tmp1996/shp12422_20201231b.shp;C:/Users/owner/Dropbox/Wzone/tmp/tmp1996/shp12556_20201231b.shp;C:/Users/owner/Dropbox/Wzone/tmp/tmp1996/shp14036_20201231b.shp;C:/Users/owner/Dropbox/Wzone/tmp/tmp1996/shp14200_20201231b.shp;C:/Users/owner/Dropbox/Wzone/tmp/tmp1996/shp14236_20201231b.shp;C:/Users/owner/Dropbox/Wzone/tmp/tmp1996/shp14273_20201231b.shp;C:/Users/owner/Dropbox/Wzone/tmp/tmp1996/shp14319_20201231b.shp;C:/Users/owner/Dropbox/Wzone/tmp/tmp1996/shp14320_20201231b.shp;C:/Users/owner/Dropbox/Wzone/tmp/tmp1996/shp14595_20201231b.shp;C:/Users/owner/Dropbox/Wzone/tmp/tmp1996/shp14596_20201231b.shp;C:/Users/owner/Dropbox/Wzone/tmp/tmp1996/shp14619_20201231b.shp;C:/Users/owner/Dropbox/Wzone/tmp/tmp1996/shp14620_20201231b.shp;C:/Users/owner/Dropbox/Wzone/tmp/tmp1996/shp14667_20201231b.shp;C:/Users/owner/Dropbox/Wzone/tmp/tmp1996/shp14668_20201231b.shp;C:/Users/owner/Dropbox/Wzone/tmp/tmp1996/shp14669_20201231b.shp;C:/Users/owner/Dropbox/Wzone/tmp/tmp1996/shp14671_20201231b.shp;C:/Users/owner/Dropbox/Wzone/tmp/tmp1996/shp14677_20201231b.shp;C:/Users/owner/Dropbox/Wzone/tmp/tmp1996/shp14685_20201231b.shp;C:/Users/owner/Dropbox/Wzone/tmp/tmp1996/shp14744_20201231b.shp;C:/Users/owner/Dropbox/Wzone/tmp/tmp1996/shp14746_20201231b.shp;C:/Users/owner/Dropbox/Wzone/tmp/tmp1996/shp14773_20201231b.shp;C:/Users/owner/Dropbox/Wzone/tmp/tmp1996/shp14784_20201231b.shp;C:/Users/owner/Dropbox/Wzone/tmp/tmp1996/shp14799_20201231b.shp;C:/Users/owner/Dropbox/Wzone/tmp/tmp1996/shp14895_20201231b.shp;C:/Users/owner/Dropbox/Wzone/tmp/tmp1996/shp14953_20201231b.shp;C:/Users/owner/Dropbox/Wzone/tmp/tmp1996/shp15019_20201231b.shp;C:/Users/owner/Dropbox/Wzone/tmp/tmp1996/shp15023_20201231b.shp;C:/Users/owner/Dropbox/Wzone/tmp/tmp1996/shp15077_20201231b.shp;C:/Users/owner/Dropbox/Wzone/tmp/tmp1996/shp15100_20201231b.shp;C:/Users/owner/Dropbox/Wzone/tmp/tmp1996/shp15101_20201231b.shp;C:/Users/owner/Dropbox/Wzone/tmp/tmp1996/shp15108_20201231b.shp;C:/Users/owner/Dropbox/Wzone/tmp/tmp1996/shp15136_20201231b.shp;C:/Users/owner/Dropbox/Wzone/tmp/tmp1996/shp15142_20201231b.shp;C:/Users/owner/Dropbox/Wzone/tmp/tmp1996/shp15161_20201231b.shp;C:/Users/owner/Dropbox/Wzone/tmp/tmp1996/shp15162_20201231b.shp;C:/Users/owner/Dropbox/Wzone/tmp/tmp1996/shp15174_20201231b.shp;C:/Users/owner/Dropbox/Wzone/tmp/tmp1996/shp15175_20201231b.shp;C:/Users/owner/Dropbox/Wzone/tmp/tmp1996/shp15195_20201231b.shp;C:/Users/owner/Dropbox/Wzone/tmp/tmp1996/shp15211_20201231b.shp;C:/Users/owner/Dropbox/Wzone/tmp/tmp1996/shp15256_20201231b.shp;C:/Users/owner/Dropbox/Wzone/tmp/tmp1996/shp15259_20201231b.shp;C:/Users/owner/Dropbox/Wzone/tmp/tmp1996/shp15292_20201231b.shp;C:/Users/owner/Dropbox/Wzone/tmp/tmp1996/shp15389_20201231b.shp;C:/Users/owner/Dropbox/Wzone/tmp/tmp1996/shp15390_20201231b.shp;C:/Users/owner/Dropbox/Wzone/tmp/tmp1996/shp15473_20201231b.shp;C:/Users/owner/Dropbox/Wzone/tmp/tmp1996/shp15489_20201231b.shp;C:/Users/owner/Dropbox/Wzone/tmp/tmp1996/shp15536_20201231b.shp;C:/Users/owner/Dropbox/Wzone/tmp/tmp1996/shp15593_20201231b.shp;C:/Users/owner/Dropbox/Wzone/tmp/tmp1996/shp15633_20201231b.shp;C:/Users/owner/Dropbox/Wzone/tmp/tmp1996/shp15717_20201231b.shp;C:/Users/owner/Dropbox/Wzone/tmp/tmp1996/shp15751_20201231b.shp;C:/Users/owner/Dropbox/Wzone/tmp/tmp1996/shp15793_20201231b.shp;C:/Users/owner/Dropbox/Wzone/tmp/tmp1996/shp15809_20201231b.shp;C:/Users/owner/Dropbox/Wzone/tmp/tmp1996/shp15895_20201231b.shp;C:/Users/owner/Dropbox/Wzone/tmp/tmp1996/shp15896_20201231b.shp;C:/Users/owner/Dropbox/Wzone/tmp/tmp1996/shp15914_20201231b.shp;C:/Users/owner/Dropbox/Wzone/tmp/tmp1996/shp15944_20201231b.shp;C:/Users/owner/Dropbox/Wzone/tmp/tmp1996/shp15993_20201231b.shp;C:/Users/owner/Dropbox/Wzone/tmp/tmp1996/shp16022_20201231b.shp;C:/Users/owner/Dropbox/Wzone/tmp/tmp1996/shp16065_20201231b.shp;C:/Users/owner/Dropbox/Wzone/tmp/tmp1996/shp16081_20201231b.shp;C:/Users/owner/Dropbox/Wzone/tmp/tmp1996/shp16135_20201231b.shp;C:/Users/owner/Dropbox/Wzone/tmp/tmp1996/shp16177_20201231b.shp;C:/Users/owner/Dropbox/Wzone/tmp/tmp1996/shp16207_20201231b.shp;C:/Users/owner/Dropbox/Wzone/tmp/tmp1996/shp16240_20201231b.shp;C:/Users/owner/Dropbox/Wzone/tmp/tmp1996/shp16241_20201231b.shp;C:/Users/owner/Dropbox/Wzone/tmp/tmp1996/shp16465_20201231b.shp;C:/Users/owner/Dropbox/Wzone/tmp/tmp1996/shp16562_20201231b.shp;C:/Users/owner/Dropbox/Wzone/tmp/tmp1996/shp16629_20201231b.shp;C:/Users/owner/Dropbox/Wzone/tmp/tmp1996/shp16653_20201231b.shp;C:/Users/owner/Dropbox/Wzone/tmp/tmp1996/shp16672_20201231b.shp;C:/Users/owner/Dropbox/Wzone/tmp/tmp1996/shp16685_20201231b.shp;C:/Users/owner/Dropbox/Wzone/tmp/tmp1996/shp16805_20201231b.shp;C:/Users/owner/Dropbox/Wzone/tmp/tmp1996/shp17026_20201231b.shp;C:/Users/owner/Dropbox/Wzone/tmp/tmp1996/shp17152_20201231b.shp;C:/Users/owner/Dropbox/Wzone/tmp/tmp1996/shp17247_20201231b.shp;C:/Users/owner/Dropbox/Wzone/tmp/tmp1996/shp17248_20201231b.shp;C:/Users/owner/Dropbox/Wzone/tmp/tmp1996/shp17253_20201231b.shp C:\Users\owner\Dropbox\Wzone\out\wzone_shp\2020\2020_12_31.shp "dyad_id "dyad_id" true true false 5 Long 0 5,First,#,C:/Users/owner/Dropbox/Wzone/tmp/tmp1996/shp406_20201231b.shp,dyad_id,-1,-1,C:/Users/owner/Dropbox/Wzone/tmp/tmp1996/shp411_20201231b.shp,dyad_id,-1,-1,C:/Users/owner/Dropbox/Wzone/tmp/tmp1996/shp428_20201231b.shp,dyad_id,-1,-1,C:/Users/owner/Dropbox/Wzone/tmp/tmp1996/shp453_20201231b.shp,dyad_id,-1,-1,C:/Users/owner/Dropbox/Wzone/tmp/tmp1996/shp461_20201231b.shp,dyad_id,-1,-1,C:/Users/owner/Dropbox/Wzone/tmp/tmp1996/shp474_20201231b.shp,dyad_id,-1,-1,C:/Users/owner/Dropbox/Wzone/tmp/tmp1996/shp476_20201231b.shp,dyad_id,-1,-1,C:/Users/owner/Dropbox/Wzone/tmp/tmp1996/shp477_20201231b.shp,dyad_id,-1,-1,C:/Users/owner/Dropbox/Wzone/tmp/tmp1996/shp478_20201231b.shp,dyad_id,-1,-1,C:/Users/owner/Dropbox/Wzone/tmp/tmp1996/shp555_20201231b.shp,dyad_id,-1,-1,C:/Users/owner/Dropbox/Wzone/tmp/tmp1996/shp624_20201231b.shp,dyad_id,-1,-1,C:/Users/owner/Dropbox/Wzone/tmp/tmp1996/shp628_20201231b.shp,dyad_id,-1,-1,C:/Users/owner/Dropbox/Wzone/tmp/tmp1996/shp640_20201231b.shp,dyad_id,-1,-1,C:/Users/owner/Dropbox/Wzone/tmp/tmp1996/shp657_20201231b.shp,dyad_id,-1,-1,C:/Users/owner/Dropbox/Wzone/tmp/tmp1996/shp721_20201231b.shp,dyad_id,-1,-1,C:/Users/owner/Dropbox/Wzone/tmp/tmp1996/shp735_20201231b.shp,dyad_id,-1,-1,C:/Users/owner/Dropbox/Wzone/tmp/tmp1996/shp750_20201231b.shp,dyad_id,-1,-1,C:/Users/owner/Dropbox/Wzone/tmp/tmp1996/shp754_20201231b.shp,dyad_id,-1,-1,C:/Users/owner/Dropbox/Wzone/tmp/tmp1996/shp781_20201231b.shp,dyad_id,-1,-1,C:/Users/owner/Dropbox/Wzone/tmp/tmp1996/shp792_20201231b.shp,dyad_id,-1,-1,C:/Users/owner/Dropbox/Wzone/tmp/tmp1996/shp833_20201231b.shp,dyad_id,-1,-1,C:/Users/owner/Dropbox/Wzone/tmp/tmp1996/shp857_20201231b.shp,dyad_id,-1,-1,C:/Users/owner/Dropbox/Wzone/tmp/tmp1996/shp888_20201231b.shp,dyad_id,-1,-1,C:/Users/owner/Dropbox/Wzone/tmp/tmp1996/shp891_20201231b.shp,dyad_id,-1,-1,C:/Users/owner/Dropbox/Wzone/tmp/tmp1996/shp906_20201231b.shp,dyad_id,-1,-1,C:/Users/owner/Dropbox/Wzone/tmp/tmp1996/shp913_20201231b.shp,dyad_id,-1,-1,C:/Users/owner/Dropbox/Wzone/tmp/tmp1996/shp914_20201231b.shp,dyad_id,-1,-1,C:/Users/owner/Dropbox/Wzone/tmp/tmp1996/shp915_20201231b.shp,dyad_id,-1,-1,C:/Users/owner/Dropbox/Wzone/tmp/tmp1996/shp920_20201231b.shp,dyad_id,-1,-1,C:/Users/owner/Dropbox/Wzone/tmp/tmp1996/shp921_20201231b.shp,dyad_id,-1,-1,C:/Users/owner/Dropbox/Wzone/tmp/tmp1996/shp929_20201231b.shp,dyad_id,-1,-1,C:/Users/owner/Dropbox/Wzone/tmp/tmp1996/shp930_20201231b.shp,dyad_id,-1,-1,C:/Users/owner/Dropbox/Wzone/tmp/tmp1996/shp931_20201231b.shp,dyad_id,-1,-1,C:/Users/owner/Dropbox/Wzone/tmp/tmp1996/shp934_20201231b.shp,dyad_id,-1,-1,C:/Users/owner/Dropbox/Wzone/tmp/tmp1996/shp936_20201231b.shp,dyad_id,-1,-1,C:/Users/owner/Dropbox/Wzone/tmp/tmp1996/shp938_20201231b.shp,dyad_id,-1,-1,C:/Users/owner/Dropbox/Wzone/tmp/tmp1996/shp941_20201231b.shp,dyad_id,-1,-1,C:/Users/owner/Dropbox/Wzone/tmp/tmp1996/shp942_20201231b.shp,dyad_id,-1,-1,C:/Users/owner/Dropbox/Wzone/tmp/tmp1996/shp944_20201231b.shp,dyad_id,-1,-1,C:/Users/owner/Dropbox/Wzone/tmp/tmp1996/shp947_20201231b.shp,dyad_id,-1,-1,C:/Users/owner/Dropbox/Wzone/tmp/tmp1996/shp948_20201231b.shp,dyad_id,-1,-1,C:/Users/owner/Dropbox/Wzone/tmp/tmp1996/shp950_20201231b.shp,dyad_id,-1,-1,C:/Users/owner/Dropbox/Wzone/tmp/tmp1996/shp951_20201231b.shp,dyad_id,-1,-1,C:/Users/owner/Dropbox/Wzone/tmp/tmp1996/shp955_20201231b.shp,dyad_id,-1,-1,C:/Users/owner/Dropbox/Wzone/tmp/tmp1996/shp962_20201231b.shp,dyad_id,-1,-1,C:/Users/owner/Dropbox/Wzone/tmp/tmp1996/shp966_20201231b.shp,dyad_id,-1,-1,C:/Users/owner/Dropbox/Wzone/tmp/tmp1996/shp973_20201231b.shp,dyad_id,-1,-1,C:/Users/owner/Dropbox/Wzone/tmp/tmp1996/shp981_20201231b.shp,dyad_id,-1,-1,C:/Users/owner/Dropbox/Wzone/tmp/tmp1996/shp989_20201231b.shp,dyad_id,-1,-1,C:/Users/owner/Dropbox/Wzone/tmp/tmp1996/shp1036_20201231b.shp,dyad_id,-1,-1,C:/Users/owner/Dropbox/Wzone/tmp/tmp1996/shp1071_20201231b.shp,dyad_id,-1,-1,C:/Users/owner/Dropbox/Wzone/tmp/tmp1996/shp1073_20201231b.shp,dyad_id,-1,-1,C:/Users/owner/Dropbox/Wzone/tmp/tmp1996/shp1108_20201231b.shp,dyad_id,-1,-1,C:/Users/owner/Dropbox/Wzone/tmp/tmp1996/shp1162_20201231b.shp,dyad_id,-1,-1,C:/Users/owner/Dropbox/Wzone/tmp/tmp1996/shp1166_20201231b.shp,dyad_id,-1,-1,C:/Users/owner/Dropbox/Wzone/tmp/tmp1996/shp1167_20201231b.shp,dyad_id,-1,-1,C:/Users/owner/Dropbox/Wzone/tmp/tmp1996/shp1175_20201231b.shp,dyad_id,-1,-1,C:/Users/owner/Dropbox/Wzone/tmp/tmp1996/shp1176_20201231b.shp,dyad_id,-1,-1,C:/Users/owner/Dropbox/Wzone/tmp/tmp1996/shp1182_20201231b.shp,dyad_id,-1,-1,C:/Users/owner/Dropbox/Wzone/tmp/tmp1996/shp1204_20201231b.shp,dyad_id,-1,-1,C:/Users/owner/Dropbox/Wzone/tmp/tmp1996/shp1301_20201231b.shp,dyad_id,-1,-1,C:/Users/owner/Dropbox/Wzone/tmp/tmp1996/shp1405_20201231b.shp,dyad_id,-1,-1,C:/Users/owner/Dropbox/Wzone/tmp/tmp1996/shp1702_20201231b.shp,dyad_id,-1,-1,C:/Users/owner/Dropbox/Wzone/tmp/tmp1996/shp1704_20201231b.shp,dyad_id,-1,-1,C:/Users/owner/Dropbox/Wzone/tmp/tmp1996/shp2332_20201231b.shp,dyad_id,-1,-1,C:/Users/owner/Dropbox/Wzone/tmp/tmp1996/shp2425_20201231b.shp,dyad_id,-1,-1,C:/Users/owner/Dropbox/Wzone/tmp/tmp1996/shp2461_20201231b.shp,dyad_id,-1,-1,C:/Users/owner/Dropbox/Wzone/tmp/tmp1996/shp4313_20201231b.shp,dyad_id,-1,-1,C:/Users/owner/Dropbox/Wzone/tmp/tmp1996/shp4446_20201231b.shp,dyad_id,-1,-1,C:/Users/owner/Dropbox/Wzone/tmp/tmp1996/shp5201_20201231b.shp,dyad_id,-1,-1,C:/Users/owner/Dropbox/Wzone/tmp/tmp1996/shp5247_20201231b.shp,dyad_id,-1,-1,C:/Users/owner/Dropbox/Wzone/tmp/tmp1996/shp5262_20201231b.shp,dyad_id,-1,-1,C:/Users/owner/Dropbox/Wzone/tmp/tmp1996/shp5349_20201231b.shp,dyad_id,-1,-1,C:/Users/owner/Dropbox/Wzone/tmp/tmp1996/shp5351_20201231b.shp,dyad_id,-1,-1,C:/Users/owner/Dropbox/Wzone/tmp/tmp1996/shp5405_20201231b.shp,dyad_id,-1,-1,C:/Users/owner/Dropbox/Wzone/tmp/tmp1996/shp5534_20201231b.shp,dyad_id,-1,-1,C:/Users/owner/Dropbox/Wzone/tmp/tmp1996/shp5543_20201231b.shp,dyad_id,-1,-1,C:/Users/owner/Dropbox/Wzone/tmp/tmp1996/shp5551_20201231b.shp,dyad_id,-1,-1,C:/Users/owner/Dropbox/Wzone/tmp/tmp1996/shp5583_20201231b.shp,dyad_id,-1,-1,C:/Users/owner/Dropbox/Wzone/tmp/tmp1996/shp5589_20201231b.shp,dyad_id,-1,-1,C:/Users/owner/Dropbox/Wzone/tmp/tmp1996/shp5598_20201231b.shp,dyad_id,-1,-1,C:/Users/owner/Dropbox/Wzone/tmp/tmp1996/shp10264_20201231b.shp,dyad_id,-1,-1,C:/Users/owner/Dropbox/Wzone/tmp/tmp1996/shp10589_20201231b.shp,dyad_id,-1,-1,C:/Users/owner/Dropbox/Wzone/tmp/tmp1996/shp10988_20201231b.shp,dyad_id,-1,-1,C:/Users/owner/Dropbox/Wzone/tmp/tmp1996/shp11123_20201231b.shp,dyad_id,-1,-1,C:/Users/owner/Dropbox/Wzone/tmp/tmp1996/shp11377_20201231b.shp,dyad_id,-1,-1,C:/Users/owner/Dropbox/Wzone/tmp/tmp1996/shp11387_20201231b.shp,dyad_id,-1,-1,C:/Users/owner/Dropbox/Wzone/tmp/tmp1996/shp11433_20201231b.shp,dyad_id,-1,-1,C:/Users/owner/Dropbox/Wzone/tmp/tmp1996/shp11521_20201231b.shp,dyad_id,-1,-1,C:/Users/owner/Dropbox/Wzone/tmp/tmp1996/shp12009_20201231b.shp,dyad_id,-1,-1,C:/Users/owner/Dropbox/Wzone/tmp/tmp1996/shp12422_20201231b.shp,dyad_id,-1,-1,C:/Users/owner/Dropbox/Wzone/tmp/tmp1996/shp12556_20201231b.shp,dyad_id,-1,-1,C:/Users/owner/Dropbox/Wzone/tmp/tmp1996/shp14036_20201231b.shp,dyad_id,-1,-1,C:/Users/owner/Dropbox/Wzone/tmp/tmp1996/shp14200_20201231b.shp,dyad_id,-1,-1,C:/Users/owner/Dropbox/Wzone/tmp/tmp1996/shp14236_20201231b.shp,dyad_id,-1,-1,C:/Users/owner/Dropbox/Wzone/tmp/tmp1996/shp14273_20201231b.shp,dyad_id,-1,-1,C:/Users/owner/Dropbox/Wzone/tmp/tmp1996/shp14319_20201231b.shp,dyad_id,-1,-1,C:/Users/owner/Dropbox/Wzone/tmp/tmp1996/shp14320_20201231b.shp,dyad_id,-1,-1,C:/Users/owner/Dropbox/Wzone/tmp/tmp1996/shp14595_20201231b.shp,dyad_id,-1,-1,C:/Users/owner/Dropbox/Wzone/tmp/tmp1996/shp14596_20201231b.shp,dyad_id,-1,-1,C:/Users/owner/Dropbox/Wzone/tmp/tmp1996/shp14619_20201231b.shp,dyad_id,-1,-1,C:/Users/owner/Dropbox/Wzone/tmp/tmp1996/shp14620_20201231b.shp,dyad_id,-1,-1,C:/Users/owner/Dropbox/Wzone/tmp/tmp1996/shp14667_20201231b.shp,dyad_id,-1,-1,C:/Users/owner/Dropbox/Wzone/tmp/tmp1996/shp14668_20201231b.shp,dyad_id,-1,-1,C:/Users/owner/Dropbox/Wzone/tmp/tmp1996/shp14669_20201231b.shp,dyad_id,-1,-1,C:/Users/owner/Dropbox/Wzone/tmp/tmp1996/shp14671_20201231b.shp,dyad_id,-1,-1,C:/Users/owner/Dropbox/Wzone/tmp/tmp1996/shp14677_20201231b.shp,dyad_id,-1,-1,C:/Users/owner/Dropbox/Wzone/tmp/tmp1996/shp14685_20201231b.shp,dyad_id,-1,-1,C:/Users/owner/Dropbox/Wzone/tmp/tmp1996/shp14744_20201231b.shp,dyad_id,-1,-1,C:/Users/owner/Dropbox/Wzone/tmp/tmp1996/shp14746_20201231b.shp,dyad_id,-1,-1,C:/Users/owner/Dropbox/Wzone/tmp/tmp1996/shp14773_20201231b.shp,dyad_id,-1,-1,C:/Users/owner/Dropbox/Wzone/tmp/tmp1996/shp14784_20201231b.shp,dyad_id,-1,-1,C:/Users/owner/Dropbox/Wzone/tmp/tmp1996/shp14799_20201231b.shp,dyad_id,-1,-1,C:/Users/owner/Dropbox/Wzone/tmp/tmp1996/shp14895_20201231b.shp,dyad_id,-1,-1,C:/Users/owner/Dropbox/Wzone/tmp/tmp1996/shp14953_20201231b.shp,dyad_id,-1,-1,C:/Users/owner/Dropbox/Wzone/tmp/tmp1996/shp15019_20201231b.shp,dyad_id,-1,-1,C:/Users/owner/Dropbox/Wzone/tmp/tmp1996/shp15023_20201231b.shp,dyad_id,-1,-1,C:/Users/owner/Dropbox/Wzone/tmp/tmp1996/shp15077_20201231b.shp,dyad_id,-1,-1,C:/Users/owner/Dropbox/Wzone/tmp/tmp1996/shp15100_20201231b.shp,dyad_id,-1,-1,C:/Users/owner/Dropbox/Wzone/tmp/tmp1996/shp15101_20201231b.shp,dyad_id,-1,-1,C:/Users/owner/Dropbox/Wzone/tmp/tmp1996/shp15108_20201231b.shp,dyad_id,-1,-1,C:/Users/owner/Dropbox/Wzone/tmp/tmp1996/shp15136_20201231b.shp,dyad_id,-1,-1,C:/Users/owner/Dropbox/Wzone/tmp/tmp1996/shp15142_20201231b.shp,dyad_id,-1,-1,C:/Users/owner/Dropbox/Wzone/tmp/tmp1996/shp15161_20201231b.shp,dyad_id,-1,-1,C:/Users/owner/Dropbox/Wzone/tmp/tmp1996/shp15162_20201231b.shp,dyad_id,-1,-1,C:/Users/owner/Dropbox/Wzone/tmp/tmp1996/shp15174_20201231b.shp,dyad_id,-1,-1,C:/Users/owner/Dropbox/Wzone/tmp/tmp1996/shp15175_20201231b.shp,dyad_id,-1,-1,C:/Users/owner/Dropbox/Wzone/tmp/tmp1996/shp15195_20201231b.shp,dyad_id,-1,-1,C:/Users/owner/Dropbox/Wzone/tmp/tmp1996/shp15211_20201231b.shp,dyad_id,-1,-1,C:/Users/owner/Dropbox/Wzone/tmp/tmp1996/shp15256_20201231b.shp,dyad_id,-1,-1,C:/Users/owner/Dropbox/Wzone/tmp/tmp1996/shp15259_20201231b.shp,dyad_id,-1,-1,C:/Users/owner/Dropbox/Wzone/tmp/tmp1996/shp15292_20201231b.shp,dyad_id,-1,-1,C:/Users/owner/Dropbox/Wzone/tmp/tmp1996/shp15389_20201231b.shp,dyad_id,-1,-1,C:/Users/owner/Dropbox/Wzone/tmp/tmp1996/shp15390_20201231b.shp,dyad_id,-1,-1,C:/Users/owner/Dropbox/Wzone/tmp/tmp1996/shp15473_20201231b.shp,dyad_id,-1,-1,C:/Users/owner/Dropbox/Wzone/tmp/tmp1996/shp15489_20201231b.shp,dyad_id,-1,-1,C:/Users/owner/Dropbox/Wzone/tmp/tmp1996/shp15536_20201231b.shp,dyad_id,-1,-1,C:/Users/owner/Dropbox/Wzone/tmp/tmp1996/shp15593_20201231b.shp,dyad_id,-1,-1,C:/Users/owner/Dropbox/Wzone/tmp/tmp1996/shp15633_20201231b.shp,dyad_id,-1,-1,C:/Users/owner/Dropbox/Wzone/tmp/tmp1996/shp15717_20201231b.shp,dyad_id,-1,-1,C:/Users/owner/Dropbox/Wzone/tmp/tmp1996/shp15751_20201231b.shp,dyad_id,-1,-1,C:/Users/owner/Dropbox/Wzone/tmp/tmp1996/shp15793_20201231b.shp,dyad_id,-1,-1,C:/Users/owner/Dropbox/Wzone/tmp/tmp1996/shp15809_20201231b.shp,dyad_id,-1,-1,C:/Users/owner/Dropbox/Wzone/tmp/tmp1996/shp15895_20201231b.shp,dyad_id,-1,-1,C:/Users/owner/Dropbox/Wzone/tmp/tmp1996/shp15896_20201231b.shp,dyad_id,-1,-1,C:/Users/owner/Dropbox/Wzone/tmp/tmp1996/shp15914_20201231b.shp,dyad_id,-1,-1,C:/Users/owner/Dropbox/Wzone/tmp/tmp1996/shp15944_20201231b.shp,dyad_id,-1,-1,C:/Users/owner/Dropbox/Wzone/tmp/tmp1996/shp15993_20201231b.shp,dyad_id,-1,-1,C:/Users/owner/Dropbox/Wzone/tmp/tmp1996/shp16022_20201231b.shp,dyad_id,-1,-1,C:/Users/owner/Dropbox/Wzone/tmp/tmp1996/shp16065_20201231b.shp,dyad_id,-1,-1,C:/Users/owner/Dropbox/Wzone/tmp/tmp1996/shp16081_20201231b.shp,dyad_id,-1,-1,C:/Users/owner/Dropbox/Wzone/tmp/tmp1996/shp16135_20201231b.shp,dyad_id,-1,-1,C:/Users/owner/Dropbox/Wzone/tmp/tmp1996/shp16177_20201231b.shp,dyad_id,-1,-1,C:/Users/owner/Dropbox/Wzone/tmp/tmp1996/shp16207_20201231b.shp,dyad_id,-1,-1,C:/Users/owner/Dropbox/Wzone/tmp/tmp1996/shp16240_20201231b.shp,dyad_id,-1,-1,C:/Users/owner/Dropbox/Wzone/tmp/tmp1996/shp16241_20201231b.shp,dyad_id,-1,-1,C:/Users/owner/Dropbox/Wzone/tmp/tmp1996/shp16465_20201231b.shp,dyad_id,-1,-1,C:/Users/owner/Dropbox/Wzone/tmp/tmp1996/shp16562_20201231b.shp,dyad_id,-1,-1,C:/Users/owner/Dropbox/Wzone/tmp/tmp1996/shp16629_20201231b.shp,dyad_id,-1,-1,C:/Users/owner/Dropbox/Wzone/tmp/tmp1996/shp16653_20201231b.shp,dyad_id,-1,-1,C:/Users/owner/Dropbox/Wzone/tmp/tmp1996/shp16672_20201231b.shp,dyad_id,-1,-1,C:/Users/owner/Dropbox/Wzone/tmp/tmp1996/shp16685_20201231b.shp,dyad_id,-1,-1,C:/Users/owner/Dropbox/Wzone/tmp/tmp1996/shp16805_20201231b.shp,dyad_id,-1,-1,C:/Users/owner/Dropbox/Wzone/tmp/tmp1996/shp17026_20201231b.shp,dyad_id,-1,-1,C:/Users/owner/Dropbox/Wzone/tmp/tmp1996/shp17152_20201231b.shp,dyad_id,-1,-1,C:/Users/owner/Dropbox/Wzone/tmp/tmp1996/shp17247_20201231b.shp,dyad_id,-1,-1,C:/Users/owner/Dropbox/Wzone/tmp/tmp1996/shp17248_20201231b.shp,dyad_id,-1,-1,C:/Users/owner/Dropbox/Wzone/tmp/tmp1996/shp17253_20201231b.shp,dyad_id,-1,-1;conf_id "conf_id" true true false 5 Long 0 5,First,#,C:/Users/owner/Dropbox/Wzone/tmp/tmp1996/shp406_20201231b.shp,conf_id,-1,-1,C:/Users/owner/Dropbox/Wzone/tmp/tmp1996/shp411_20201231b.shp,conf_id,-1,-1,C:/Users/owner/Dropbox/Wzone/tmp/tmp1996/shp428_20201231b.shp,conf_id,-1,-1,C:/Users/owner/Dropbox/Wzone/tmp/tmp1996/shp453_20201231b.shp,conf_id,-1,-1,C:/Users/owner/Dropbox/Wzone/tmp/tmp1996/shp461_20201231b.shp,conf_id,-1,-1,C:/Users/owner/Dropbox/Wzone/tmp/tmp1996/shp474_20201231b.shp,conf_id,-1,-1,C:/Users/owner/Dropbox/Wzone/tmp/tmp1996/shp476_20201231b.shp,conf_id,-1,-1,C:/Users/owner/Dropbox/Wzone/tmp/tmp1996/shp477_20201231b.shp,conf_id,-1,-1,C:/Users/owner/Dropbox/Wzone/tmp/tmp1996/shp478_20201231b.shp,conf_id,-1,-1,C:/Users/owner/Dropbox/Wzone/tmp/tmp1996/shp555_20201231b.shp,conf_id,-1,-1,C:/Users/owner/Dropbox/Wzone/tmp/tmp1996/shp624_20201231b.shp,conf_id,-1,-1,C:/Users/owner/Dropbox/Wzone/tmp/tmp1996/shp628_20201231b.shp,conf_id,-1,-1,C:/Users/owner/Dropbox/Wzone/tmp/tmp1996/shp640_20201231b.shp,conf_id,-1,-1,C:/Users/owner/Dropbox/Wzone/tmp/tmp1996/shp657_20201231b.shp,conf_id,-1,-1,C:/Users/owner/Dropbox/Wzone/tmp/tmp1996/shp721_20201231b.shp,conf_id,-1,-1,C:/Users/owner/Dropbox/Wzone/tmp/tmp1996/shp735_20201231b.shp,conf_id,-1,-1,C:/Users/owner/Dropbox/Wzone/tmp/tmp1996/shp750_20201231b.shp,conf_id,-1,-1,C:/Users/owner/Dropbox/Wzone/tmp/tmp1996/shp754_20201231b.shp,conf_id,-1,-1,C:/Users/owner/Dropbox/Wzone/tmp/tmp1996/shp781_20201231b.shp,conf_id,-1,-1,C:/Users/owner/Dropbox/Wzone/tmp/tmp1996/shp792_20201231b.shp,conf_id,-1,-1,C:/Users/owner/Dropbox/Wzone/tmp/tmp1996/shp833_20201231b.shp,conf_id,-1,-1,C:/Users/owner/Dropbox/Wzone/tmp/tmp1996/shp857_20201231b.shp,conf_id,-1,-1,C:/Users/owner/Dropbox/Wzone/tmp/tmp1996/shp888_20201231b.shp,conf_id,-1,-1,C:/Users/owner/Dropbox/Wzone/tmp/tmp1996/shp891_20201231b.shp,conf_id,-1,-1,C:/Users/owner/Dropbox/Wzone/tmp/tmp1996/shp906_20201231b.shp,conf_id,-1,-1,C:/Users/owner/Dropbox/Wzone/tmp/tmp1996/shp913_20201231b.shp,conf_id,-1,-1,C:/Users/owner/Dropbox/Wzone/tmp/tmp1996/shp914_20201231b.shp,conf_id,-1,-1,C:/Users/owner/Dropbox/Wzone/tmp/tmp1996/shp915_20201231b.shp,conf_id,-1,-1,C:/Users/owner/Dropbox/Wzone/tmp/tmp1996/shp920_20201231b.shp,conf_id,-1,-1,C:/Users/owner/Dropbox/Wzone/tmp/tmp1996/shp921_20201231b.shp,conf_id,-1,-1,C:/Users/owner/Dropbox/Wzone/tmp/tmp1996/shp929_20201231b.shp,conf_id,-1,-1,C:/Users/owner/Dropbox/Wzone/tmp/tmp1996/shp930_20201231b.shp,conf_id,-1,-1,C:/Users/owner/Dropbox/Wzone/tmp/tmp1996/shp931_20201231b.shp,conf_id,-1,-1,C:/Users/owner/Dropbox/Wzone/tmp/tmp1996/shp934_20201231b.shp,conf_id,-1,-1,C:/Users/owner/Dropbox/Wzone/tmp/tmp1996/shp936_20201231b.shp,conf_id,-1,-1,C:/Users/owner/Dropbox/Wzone/tmp/tmp1996/shp938_20201231b.shp,conf_id,-1,-1,C:/Users/owner/Dropbox/Wzone/tmp/tmp1996/shp941_20201231b.shp,conf_id,-1,-1,C:/Users/owner/Dropbox/Wzone/tmp/tmp1996/shp942_20201231b.shp,conf_id,-1,-1,C:/Users/owner/Dropbox/Wzone/tmp/tmp1996/shp944_20201231b.shp,conf_id,-1,-1,C:/Users/owner/Dropbox/Wzone/tmp/tmp1996/shp947_20201231b.shp,conf_id,-1,-1,C:/Users/owner/Dropbox/Wzone/tmp/tmp1996/shp948_20201231b.shp,conf_id,-1,-1,C:/Users/owner/Dropbox/Wzone/tmp/tmp1996/shp950_20201231b.shp,conf_id,-1,-1,C:/Users/owner/Dropbox/Wzone/tmp/tmp1996/shp951_20201231b.shp,conf_id,-1,-1,C:/Users/owner/Dropbox/Wzone/tmp/tmp1996/shp955_20201231b.shp,conf_id,-1,-1,C:/Users/owner/Dropbox/Wzone/tmp/tmp1996/shp962_20201231b.shp,conf_id,-1,-1,C:/Users/owner/Dropbox/Wzone/tmp/tmp1996/shp966_20201231b.shp,conf_id,-1,-1,C:/Users/owner/Dropbox/Wzone/tmp/tmp1996/shp973_20201231b.shp,conf_id,-1,-1,C:/Users/owner/Dropbox/Wzone/tmp/tmp1996/shp981_20201231b.shp,conf_id,-1,-1,C:/Users/owner/Dropbox/Wzone/tmp/tmp1996/shp989_20201231b.shp,conf_id,-1,-1,C:/Users/owner/Dropbox/Wzone/tmp/tmp1996/shp1036_20201231b.shp,conf_id,-1,-1,C:/Users/owner/Dropbox/Wzone/tmp/tmp1996/shp1071_20201231b.shp,conf_id,-1,-1,C:/Users/owner/Dropbox/Wzone/tmp/tmp1996/shp1073_20201231b.shp,conf_id,-1,-1,C:/Users/owner/Dropbox/Wzone/tmp/tmp1996/shp1108_20201231b.shp,conf_id,-1,-1,C:/Users/owner/Dropbox/Wzone/tmp/tmp1996/shp1162_20201231b.shp,conf_id,-1,-1,C:/Users/owner/Dropbox/Wzone/tmp/tmp1996/shp1166_20201231b.shp,conf_id,-1,-1,C:/Users/owner/Dropbox/Wzone/tmp/tmp1996/shp1167_20201231b.shp,conf_id,-1,-1,C:/Users/owner/Dropbox/Wzone/tmp/tmp1996/shp1175_20201231b.shp,conf_id,-1,-1,C:/Users/owner/Dropbox/Wzone/tmp/tmp1996/shp1176_20201231b.shp,conf_id,-1,-1,C:/Users/owner/Dropbox/Wzone/tmp/tmp1996/shp1182_20201231b.shp,conf_id,-1,-1,C:/Users/owner/Dropbox/Wzone/tmp/tmp1996/shp1204_20201231b.shp,conf_id,-1,-1,C:/Users/owner/Dropbox/Wzone/tmp/tmp1996/shp1301_20201231b.shp,conf_id,-1,-1,C:/Users/owner/Dropbox/Wzone/tmp/tmp1996/shp1405_20201231b.shp,conf_id,-1,-1,C:/Users/owner/Dropbox/Wzone/tmp/tmp1996/shp1702_20201231b.shp,conf_id,-1,-1,C:/Users/owner/Dropbox/Wzone/tmp/tmp1996/shp1704_20201231b.shp,conf_id,-1,-1,C:/Users/owner/Dropbox/Wzone/tmp/tmp1996/shp2332_20201231b.shp,conf_id,-1,-1,C:/Users/owner/Dropbox/Wzone/tmp/tmp1996/shp2425_20201231b.shp,conf_id,-1,-1,C:/Users/owner/Dropbox/Wzone/tmp/tmp1996/shp2461_20201231b.shp,conf_id,-1,-1,C:/Users/owner/Dropbox/Wzone/tmp/tmp1996/shp4313_20201231b.shp,conf_id,-1,-1,C:/Users/owner/Dropbox/Wzone/tmp/tmp1996/shp4446_20201231b.shp,conf_id,-1,-1,C:/Users/owner/Dropbox/Wzone/tmp/tmp1996/shp5201_20201231b.shp,conf_id,-1,-1,C:/Users/owner/Dropbox/Wzone/tmp/tmp1996/shp5247_20201231b.shp,conf_id,-1,-1,C:/Users/owner/Dropbox/Wzone/tmp/tmp1996/shp5262_20201231b.shp,conf_id,-1,-1,C:/Users/owner/Dropbox/Wzone/tmp/tmp1996/shp5349_20201231b.shp,conf_id,-1,-1,C:/Users/owner/Dropbox/Wzone/tmp/tmp1996/shp5351_20201231b.shp,conf_id,-1,-1,C:/Users/owner/Dropbox/Wzone/tmp/tmp1996/shp5405_20201231b.shp,conf_id,-1,-1,C:/Users/owner/Dropbox/Wzone/tmp/tmp1996/shp5534_20201231b.shp,conf_id,-1,-1,C:/Users/owner/Dropbox/Wzone/tmp/tmp1996/shp5543_20201231b.shp,conf_id,-1,-1,C:/Users/owner/Dropbox/Wzone/tmp/tmp1996/shp5551_20201231b.shp,conf_id,-1,-1,C:/Users/owner/Dropbox/Wzone/tmp/tmp1996/shp5583_20201231b.shp,conf_id,-1,-1,C:/Users/owner/Dropbox/Wzone/tmp/tmp1996/shp5589_20201231b.shp,conf_id,-1,-1,C:/Users/owner/Dropbox/Wzone/tmp/tmp1996/shp5598_20201231b.shp,conf_id,-1,-1,C:/Users/owner/Dropbox/Wzone/tmp/tmp1996/shp10264_20201231b.shp,conf_id,-1,-1,C:/Users/owner/Dropbox/Wzone/tmp/tmp1996/shp10589_20201231b.shp,conf_id,-1,-1,C:/Users/owner/Dropbox/Wzone/tmp/tmp1996/shp10988_20201231b.shp,conf_id,-1,-1,C:/Users/owner/Dropbox/Wzone/tmp/tmp1996/shp11123_20201231b.shp,conf_id,-1,-1,C:/Users/owner/Dropbox/Wzone/tmp/tmp1996/shp11377_20201231b.shp,conf_id,-1,-1,C:/Users/owner/Dropbox/Wzone/tmp/tmp1996/shp11387_20201231b.shp,conf_id,-1,-1,C:/Users/owner/Dropbox/Wzone/tmp/tmp1996/shp11433_20201231b.shp,conf_id,-1,-1,C:/Users/owner/Dropbox/Wzone/tmp/tmp1996/shp11521_20201231b.shp,conf_id,-1,-1,C:/Users/owner/Dropbox/Wzone/tmp/tmp1996/shp12009_20201231b.shp,conf_id,-1,-1,C:/Users/owner/Dropbox/Wzone/tmp/tmp1996/shp12422_20201231b.shp,conf_id,-1,-1,C:/Users/owner/Dropbox/Wzone/tmp/tmp1996/shp12556_20201231b.shp,conf_id,-1,-1,C:/Users/owner/Dropbox/Wzone/tmp/tmp1996/shp14036_20201231b.shp,conf_id,-1,-1,C:/Users/owner/Dropbox/Wzone/tmp/tmp1996/shp14200_20201231b.shp,conf_id,-1,-1,C:/Users/owner/Dropbox/Wzone/tmp/tmp1996/shp14236_20201231b.shp,conf_id,-1,-1,C:/Users/owner/Dropbox/Wzone/tmp/tmp1996/shp14273_20201231b.shp,conf_id,-1,-1,C:/Users/owner/Dropbox/Wzone/tmp/tmp1996/shp14319_20201231b.shp,conf_id,-1,-1,C:/Users/owner/Dropbox/Wzone/tmp/tmp1996/shp14320_20201231b.shp,conf_id,-1,-1,C:/Users/owner/Dropbox/Wzone/tmp/tmp1996/shp14595_20201231b.shp,conf_id,-1,-1,C:/Users/owner/Dropbox/Wzone/tmp/tmp1996/shp14596_20201231b.shp,conf_id,-1,-1,C:/Users/owner/Dropbox/Wzone/tmp/tmp1996/shp14619_20201231b.shp,conf_id,-1,-1,C:/Users/owner/Dropbox/Wzone/tmp/tmp1996/shp14620_20201231b.shp,conf_id,-1,-1,C:/Users/owner/Dropbox/Wzone/tmp/tmp1996/shp14667_20201231b.shp,conf_id,-1,-1,C:/Users/owner/Dropbox/Wzone/tmp/tmp1996/shp14668_20201231b.shp,conf_id,-1,-1,C:/Users/owner/Dropbox/Wzone/tmp/tmp1996/shp14669_20201231b.shp,conf_id,-1,-1,C:/Users/owner/Dropbox/Wzone/tmp/tmp1996/shp14671_20201231b.shp,conf_id,-1,-1,C:/Users/owner/Dropbox/Wzone/tmp/tmp1996/shp14677_20201231b.shp,conf_id,-1,-1,C:/Users/owner/Dropbox/Wzone/tmp/tmp1996/shp14685_20201231b.shp,conf_id,-1,-1,C:/Users/owner/Dropbox/Wzone/tmp/tmp1996/shp14744_20201231b.shp,conf_id,-1,-1,C:/Users/owner/Dropbox/Wzone/tmp/tmp1996/shp14746_20201231b.shp,conf_id,-1,-1,C:/Users/owner/Dropbox/Wzone/tmp/tmp1996/shp14773_20201231b.shp,conf_id,-1,-1,C:/Users/owner/Dropbox/Wzone/tmp/tmp1996/shp14784_20201231b.shp,conf_id,-1,-1,C:/Users/owner/Dropbox/Wzone/tmp/tmp1996/shp14799_20201231b.shp,conf_id,-1,-1,C:/Users/owner/Dropbox/Wzone/tmp/tmp1996/shp14895_20201231b.shp,conf_id,-1,-1,C:/Users/owner/Dropbox/Wzone/tmp/tmp1996/shp14953_20201231b.shp,conf_id,-1,-1,C:/Users/owner/Dropbox/Wzone/tmp/tmp1996/shp15019_20201231b.shp,conf_id,-1,-1,C:/Users/owner/Dropbox/Wzone/tmp/tmp1996/shp15023_20201231b.shp,conf_id,-1,-1,C:/Users/owner/Dropbox/Wzone/tmp/tmp1996/shp15077_20201231b.shp,conf_id,-1,-1,C:/Users/owner/Dropbox/Wzone/tmp/tmp1996/shp15100_20201231b.shp,conf_id,-1,-1,C:/Users/owner/Dropbox/Wzone/tmp/tmp1996/shp15101_20201231b.shp,conf_id,-1,-1,C:/Users/owner/Dropbox/Wzone/tmp/tmp1996/shp15108_20201231b.shp,conf_id,-1,-1,C:/Users/owner/Dropbox/Wzone/tmp/tmp1996/shp15136_20201231b.shp,conf_id,-1,-1,C:/Users/owner/Dropbox/Wzone/tmp/tmp1996/shp15142_20201231b.shp,conf_id,-1,-1,C:/Users/owner/Dropbox/Wzone/tmp/tmp1996/shp15161_20201231b.shp,conf_id,-1,-1,C:/Users/owner/Dropbox/Wzone/tmp/tmp1996/shp15162_20201231b.shp,conf_id,-1,-1,C:/Users/owner/Dropbox/Wzone/tmp/tmp1996/shp15174_20201231b.shp,conf_id,-1,-1,C:/Users/owner/Dropbox/Wzone/tmp/tmp1996/shp15175_20201231b.shp,conf_id,-1,-1,C:/Users/owner/Dropbox/Wzone/tmp/tmp1996/shp15195_20201231b.shp,conf_id,-1,-1,C:/Users/owner/Dropbox/Wzone/tmp/tmp1996/shp15211_20201231b.shp,conf_id,-1,-1,C:/Users/owner/Dropbox/Wzone/tmp/tmp1996/shp15256_20201231b.shp,conf_id,-1,-1,C:/Users/owner/Dropbox/Wzone/tmp/tmp1996/shp15259_20201231b.shp,conf_id,-1,-1,C:/Users/owner/Dropbox/Wzone/tmp/tmp1996/shp15292_20201231b.shp,conf_id,-1,-1,C:/Users/owner/Dropbox/Wzone/tmp/tmp1996/shp15389_20201231b.shp,conf_id,-1,-1,C:/Users/owner/Dropbox/Wzone/tmp/tmp1996/shp15390_20201231b.shp,conf_id,-1,-1,C:/Users/owner/Dropbox/Wzone/tmp/tmp1996/shp15473_20201231b.shp,conf_id,-1,-1,C:/Users/owner/Dropbox/Wzone/tmp/tmp1996/shp15489_20201231b.shp,conf_id,-1,-1,C:/Users/owner/Dropbox/Wzone/tmp/tmp1996/shp15536_20201231b.shp,conf_id,-1,-1,C:/Users/owner/Dropbox/Wzone/tmp/tmp1996/shp15593_20201231b.shp,conf_id,-1,-1,C:/Users/owner/Dropbox/Wzone/tmp/tmp1996/shp15633_20201231b.shp,conf_id,-1,-1,C:/Users/owner/Dropbox/Wzone/tmp/tmp1996/shp15717_20201231b.shp,conf_id,-1,-1,C:/Users/owner/Dropbox/Wzone/tmp/tmp1996/shp15751_20201231b.shp,conf_id,-1,-1,C:/Users/owner/Dropbox/Wzone/tmp/tmp1996/shp15793_20201231b.shp,conf_id,-1,-1,C:/Users/owner/Dropbox/Wzone/tmp/tmp1996/shp15809_20201231b.shp,conf_id,-1,-1,C:/Users/owner/Dropbox/Wzone/tmp/tmp1996/shp15895_20201231b.shp,conf_id,-1,-1,C:/Users/owner/Dropbox/Wzone/tmp/tmp1996/shp15896_20201231b.shp,conf_id,-1,-1,C:/Users/owner/Dropbox/Wzone/tmp/tmp1996/shp15914_20201231b.shp,conf_id,-1,-1,C:/Users/owner/Dropbox/Wzone/tmp/tmp1996/shp15944_20201231b.shp,conf_id,-1,-1,C:/Users/owner/Dropbox/Wzone/tmp/tmp1996/shp15993_20201231b.shp,conf_id,-1,-1,C:/Users/owner/Dropbox/Wzone/tmp/tmp1996/shp16022_20201231b.shp,conf_id,-1,-1,C:/Users/owner/Dropbox/Wzone/tmp/tmp1996/shp16065_20201231b.shp,conf_id,-1,-1,C:/Users/owner/Dropbox/Wzone/tmp/tmp1996/shp16081_20201231b.shp,conf_id,-1,-1,C:/Users/owner/Dropbox/Wzone/tmp/tmp1996/shp16135_20201231b.shp,conf_id,-1,-1,C:/Users/owner/Dropbox/Wzone/tmp/tmp1996/shp16177_20201231b.shp,conf_id,-1,-1,C:/Users/owner/Dropbox/Wzone/tmp/tmp1996/shp16207_20201231b.shp,conf_id,-1,-1,C:/Users/owner/Dropbox/Wzone/tmp/tmp1996/shp16240_20201231b.shp,conf_id,-1,-1,C:/Users/owner/Dropbox/Wzone/tmp/tmp1996/shp16241_20201231b.shp,conf_id,-1,-1,C:/Users/owner/Dropbox/Wzone/tmp/tmp1996/shp16465_20201231b.shp,conf_id,-1,-1,C:/Users/owner/Dropbox/Wzone/tmp/tmp1996/shp16562_20201231b.shp,conf_id,-1,-1,C:/Users/owner/Dropbox/Wzone/tmp/tmp1996/shp16629_20201231b.shp,conf_id,-1,-1,C:/Users/owner/Dropbox/Wzone/tmp/tmp1996/shp16653_20201231b.shp,conf_id,-1,-1,C:/Users/owner/Dropbox/Wzone/tmp/tmp1996/shp16672_20201231b.shp,conf_id,-1,-1,C:/Users/owner/Dropbox/Wzone/tmp/tmp1996/shp16685_20201231b.shp,conf_id,-1,-1,C:/Users/owner/Dropbox/Wzone/tmp/tmp1996/shp16805_20201231b.shp,conf_id,-1,-1,C:/Users/owner/Dropbox/Wzone/tmp/tmp1996/shp17026_20201231b.shp,conf_id,-1,-1,C:/Users/owner/Dropbox/Wzone/tmp/tmp1996/shp17152_20201231b.shp,conf_id,-1,-1,C:/Users/owner/Dropbox/Wzone/tmp/tmp1996/shp17247_20201231b.shp,conf_id,-1,-1,C:/Users/owner/Dropbox/Wzone/tmp/tmp1996/shp17248_20201231b.shp,conf_id,-1,-1,C:/Users/owner/Dropbox/Wzone/tmp/tmp1996/shp17253_20201231b.shp,conf_id,-1,-1;date "date" true true false 254 Text 0 0,First,#,C:/Users/owner/Dropbox/Wzone/tmp/tmp1996/shp406_20201231b.shp,date,0,253,C:/Users/owner/Dropbox/Wzone/tmp/tmp1996/shp411_20201231b.shp,date,0,253,C:/Users/owner/Dropbox/Wzone/tmp/tmp1996/shp428_20201231b.shp,date,0,253,C:/Users/owner/Dropbox/Wzone/tmp/tmp1996/shp453_20201231b.shp,date,0,253,C:/Users/owner/Dropbox/Wzone/tmp/tmp1996/shp461_20201231b.shp,date,0,253,C:/Users/owner/Dropbox/Wzone/tmp/tmp1996/shp474_20201231b.shp,date,0,253,C:/Users/owner/Dropbox/Wzone/tmp/tmp1996/shp476_20201231b.shp,date,0,253,C:/Users/owner/Dropbox/Wzone/tmp/tmp1996/shp477_20201231b.shp,date,0,253,C:/Users/owner/Dropbox/Wzone/tmp/tmp1996/shp478_20201231b.shp,date,0,253,C:/Users/owner/Dropbox/Wzone/tmp/tmp1996/shp555_20201231b.shp,date,0,253,C:/Users/owner/Dropbox/Wzone/tmp/tmp1996/shp624_20201231b.shp,date,0,253,C:/Users/owner/Dropbox/Wzone/tmp/tmp1996/shp628_20201231b.shp,date,0,253,C:/Users/owner/Dropbox/Wzone/tmp/tmp1996/shp640_20201231b.shp,date,0,253,C:/Users/owner/Dropbox/Wzone/tmp/tmp1996/shp657_20201231b.shp,date,0,253,C:/Users/owner/Dropbox/Wzone/tmp/tmp1996/shp721_20201231b.shp,date,0,253,C:/Users/owner/Dropbox/Wzone/tmp/tmp1996/shp735_20201231b.shp,date,0,253,C:/Users/owner/Dropbox/Wzone/tmp/tmp1996/shp750_20201231b.shp,date,0,253,C:/Users/owner/Dropbox/Wzone/tmp/tmp1996/shp754_20201231b.shp,date,0,253,C:/Users/owner/Dropbox/Wzone/tmp/tmp1996/shp781_20201231b.shp,date,0,253,C:/Users/owner/Dropbox/Wzone/tmp/tmp1996/shp792_20201231b.shp,date,0,253,C:/Users/owner/Dropbox/Wzone/tmp/tmp1996/shp833_20201231b.shp,date,0,253,C:/Users/owner/Dropbox/Wzone/tmp/tmp1996/shp857_20201231b.shp,date,0,253,C:/Users/owner/Dropbox/Wzone/tmp/tmp1996/shp888_20201231b.shp,date,0,253,C:/Users/owner/Dropbox/Wzone/tmp/tmp1996/shp891_20201231b.shp,date,0,253,C:/Users/owner/Dropbox/Wzone/tmp/tmp1996/shp906_20201231b.shp,date,0,253,C:/Users/owner/Dropbox/Wzone/tmp/tmp1996/shp913_20201231b.shp,date,0,253,C:/Users/owner/Dropbox/Wzone/tmp/tmp1996/shp914_20201231b.shp,date,0,253,C:/Users/owner/Dropbox/Wzone/tmp/tmp1996/shp915_20201231b.shp,date,0,253,C:/Users/owner/Dropbox/Wzone/tmp/tmp1996/shp920_20201231b.shp,date,0,253,C:/Users/owner/Dropbox/Wzone/tmp/tmp1996/shp921_20201231b.shp,date,0,253,C:/Users/owner/Dropbox/Wzone/tmp/tmp1996/shp929_20201231b.shp,date,0,253,C:/Users/owner/Dropbox/Wzone/tmp/tmp1996/shp930_20201231b.shp,date,0,253,C:/Users/owner/Dropbox/Wzone/tmp/tmp1996/shp931_20201231b.shp,date,0,253,C:/Users/owner/Dropbox/Wzone/tmp/tmp1996/shp934_20201231b.shp,date,0,253,C:/Users/owner/Dropbox/Wzone/tmp/tmp1996/shp936_20201231b.shp,date,0,253,C:/Users/owner/Dropbox/Wzone/tmp/tmp1996/shp938_20201231b.shp,date,0,253,C:/Users/owner/Dropbox/Wzone/tmp/tmp1996/shp941_20201231b.shp,date,0,253,C:/Users/owner/Dropbox/Wzone/tmp/tmp1996/shp942_20201231b.shp,date,0,253,C:/Users/owner/Dropbox/Wzone/tmp/tmp1996/shp944_20201231b.shp,date,0,253,C:/Users/owner/Dropbox/Wzone/tmp/tmp1996/shp947_20201231b.shp,date,0,253,C:/Users/owner/Dropbox/Wzone/tmp/tmp1996/shp948_20201231b.shp,date,0,253,C:/Users/owner/Dropbox/Wzone/tmp/tmp1996/shp950_20201231b.shp,date,0,253,C:/Users/owner/Dropbox/Wzone/tmp/tmp1996/shp951_20201231b.shp,date,0,253,C:/Users/owner/Dropbox/Wzone/tmp/tmp1996/shp955_20201231b.shp,date,0,253,C:/Users/owner/Dropbox/Wzone/tmp/tmp1996/shp962_20201231b.shp,date,0,253,C:/Users/owner/Dropbox/Wzone/tmp/tmp1996/shp966_20201231b.shp,date,0,253,C:/Users/owner/Dropbox/Wzone/tmp/tmp1996/shp973_20201231b.shp,date,0,253,C:/Users/owner/Dropbox/Wzone/tmp/tmp1996/shp981_20201231b.shp,date,0,253,C:/Users/owner/Dropbox/Wzone/tmp/tmp1996/shp989_20201231b.shp,date,0,253,C:/Users/owner/Dropbox/Wzone/tmp/tmp1996/shp1036_20201231b.shp,date,0,253,C:/Users/owner/Dropbox/Wzone/tmp/tmp1996/shp1071_20201231b.shp,date,0,253,C:/Users/owner/Dropbox/Wzone/tmp/tmp1996/shp1073_20201231b.shp,date,0,253,C:/Users/owner/Dropbox/Wzone/tmp/tmp1996/shp1108_20201231b.shp,date,0,253,C:/Users/owner/Dropbox/Wzone/tmp/tmp1996/shp1162_20201231b.shp,date,0,253,C:/Users/owner/Dropbox/Wzone/tmp/tmp1996/shp1166_20201231b.shp,date,0,253,C:/Users/owner/Dropbox/Wzone/tmp/tmp1996/shp1167_20201231b.shp,date,0,253,C:/Users/owner/Dropbox/Wzone/tmp/tmp1996/shp1175_20201231b.shp,date,0,253,C:/Users/owner/Dropbox/Wzone/tmp/tmp1996/shp1176_20201231b.shp,date,0,253,C:/Users/owner/Dropbox/Wzone/tmp/tmp1996/shp1182_20201231b.shp,date,0,253,C:/Users/owner/Dropbox/Wzone/tmp/tmp1996/shp1204_20201231b.shp,date,0,253,C:/Users/owner/Dropbox/Wzone/tmp/tmp1996/shp1301_20201231b.shp,date,0,253,C:/Users/owner/Dropbox/Wzone/tmp/tmp1996/shp1405_20201231b.shp,date,0,253,C:/Users/owner/Dropbox/Wzone/tmp/tmp1996/shp1702_20201231b.shp,date,0,253,C:/Users/owner/Dropbox/Wzone/tmp/tmp1996/shp1704_20201231b.shp,date,0,253,C:/Users/owner/Dropbox/Wzone/tmp/tmp1996/shp2332_20201231b.shp,date,0,253,C:/Users/owner/Dropbox/Wzone/tmp/tmp1996/shp2425_20201231b.shp,date,0,253,C:/Users/owner/Dropbox/Wzone/tmp/tmp1996/shp2461_20201231b.shp,date,0,253,C:/Users/owner/Dropbox/Wzone/tmp/tmp1996/shp4313_20201231b.shp,date,0,253,C:/Users/owner/Dropbox/Wzone/tmp/tmp1996/shp4446_20201231b.shp,date,0,253,C:/Users/owner/Dropbox/Wzone/tmp/tmp1996/shp5201_20201231b.shp,date,0,253,C:/Users/owner/Dropbox/Wzone/tmp/tmp1996/shp5247_20201231b.shp,date,0,253,C:/Users/owner/Dropbox/Wzone/tmp/tmp1996/shp5262_20201231b.shp,date,0,253,C:/Users/owner/Dropbox/Wzone/tmp/tmp1996/shp5349_20201231b.shp,date,0,253,C:/Users/owner/Dropbox/Wzone/tmp/tmp1996/shp5351_20201231b.shp,date,0,253,C:/Users/owner/Dropbox/Wzone/tmp/tmp1996/shp5405_20201231b.shp,date,0,253,C:/Users/owner/Dropbox/Wzone/tmp/tmp1996/shp5534_20201231b.shp,date,0,253,C:/Users/owner/Dropbox/Wzone/tmp/tmp1996/shp5543_20201231b.shp,date,0,253,C:/Users/owner/Dropbox/Wzone/tmp/tmp1996/shp5551_20201231b.shp,date,0,253,C:/Users/owner/Dropbox/Wzone/tmp/tmp1996/shp5583_20201231b.shp,date,0,253,C:/Users/owner/Dropbox/Wzone/tmp/tmp1996/shp5589_20201231b.shp,date,0,253,C:/Users/owner/Dropbox/Wzone/tmp/tmp1996/shp5598_20201231b.shp,date,0,253,C:/Users/owner/Dropbox/Wzone/tmp/tmp1996/shp10264_20201231b.shp,date,0,253,C:/Users/owner/Dropbox/Wzone/tmp/tmp1996/shp10589_20201231b.shp,date,0,253,C:/Users/owner/Dropbox/Wzone/tmp/tmp1996/shp10988_20201231b.shp,date,0,253,C:/Users/owner/Dropbox/Wzone/tmp/tmp1996/shp11123_20201231b.shp,date,0,253,C:/Users/owner/Dropbox/Wzone/tmp/tmp1996/shp11377_20201231b.shp,date,0,253,C:/Users/owner/Dropbox/Wzone/tmp/tmp1996/shp11387_20201231b.shp,date,0,253,C:/Users/owner/Dropbox/Wzone/tmp/tmp1996/shp11433_20201231b.shp,date,0,253,C:/Users/owner/Dropbox/Wzone/tmp/tmp1996/shp11521_20201231b.shp,date,0,253,C:/Users/owner/Dropbox/Wzone/tmp/tmp1996/shp12009_20201231b.shp,date,0,253,C:/Users/owner/Dropbox/Wzone/tmp/tmp1996/shp12422_20201231b.shp,date,0,253,C:/Users/owner/Dropbox/Wzone/tmp/tmp1996/shp12556_20201231b.shp,date,0,253,C:/Users/owner/Dropbox/Wzone/tmp/tmp1996/shp14036_20201231b.shp,date,0,253,C:/Users/owner/Dropbox/Wzone/tmp/tmp1996/shp14200_20201231b.shp,date,0,253,C:/Users/owner/Dropbox/Wzone/tmp/tmp1996/shp14236_20201231b.shp,date,0,253,C:/Users/owner/Dropbox/Wzone/tmp/tmp1996/shp14273_20201231b.shp,date,0,253,C:/Users/owner/Dropbox/Wzone/tmp/tmp1996/shp14319_20201231b.shp,date,0,253,C:/Users/owner/Dropbox/Wzone/tmp/tmp1996/shp14320_20201231b.shp,date,0,253,C:/Users/owner/Dropbox/Wzone/tmp/tmp1996/shp14595_20201231b.shp,date,0,253,C:/Users/owner/Dropbox/Wzone/tmp/tmp1996/shp14596_20201231b.shp,date,0,253,C:/Users/owner/Dropbox/Wzone/tmp/tmp1996/shp14619_20201231b.shp,date,0,253,C:/Users/owner/Dropbox/Wzone/tmp/tmp1996/shp14620_20201231b.shp,date,0,253,C:/Users/owner/Dropbox/Wzone/tmp/tmp1996/shp14667_20201231b.shp,date,0,253,C:/Users/owner/Dropbox/Wzone/tmp/tmp1996/shp14668_20201231b.shp,date,0,253,C:/Users/owner/Dropbox/Wzone/tmp/tmp1996/shp14669_20201231b.shp,date,0,253,C:/Users/owner/Dropbox/Wzone/tmp/tmp1996/shp14671_20201231b.shp,date,0,253,C:/Users/owner/Dropbox/Wzone/tmp/tmp1996/shp14677_20201231b.shp,date,0,253,C:/Users/owner/Dropbox/Wzone/tmp/tmp1996/shp14685_20201231b.shp,date,0,253,C:/Users/owner/Dropbox/Wzone/tmp/tmp1996/shp14744_20201231b.shp,date,0,253,C:/Users/owner/Dropbox/Wzone/tmp/tmp1996/shp14746_20201231b.shp,date,0,253,C:/Users/owner/Dropbox/Wzone/tmp/tmp1996/shp14773_20201231b.shp,date,0,253,C:/Users/owner/Dropbox/Wzone/tmp/tmp1996/shp14784_20201231b.shp,date,0,253,C:/Users/owner/Dropbox/Wzone/tmp/tmp1996/shp14799_20201231b.shp,date,0,253,C:/Users/owner/Dropbox/Wzone/tmp/tmp1996/shp14895_20201231b.shp,date,0,253,C:/Users/owner/Dropbox/Wzone/tmp/tmp1996/shp14953_20201231b.shp,date,0,253,C:/Users/owner/Dropbox/Wzone/tmp/tmp1996/shp15019_20201231b.shp,date,0,253,C:/Users/owner/Dropbox/Wzone/tmp/tmp1996/shp15023_20201231b.shp,date,0,253,C:/Users/owner/Dropbox/Wzone/tmp/tmp1996/shp15077_20201231b.shp,date,0,253,C:/Users/owner/Dropbox/Wzone/tmp/tmp1996/shp15100_20201231b.shp,date,0,253,C:/Users/owner/Dropbox/Wzone/tmp/tmp1996/shp15101_20201231b.shp,date,0,253,C:/Users/owner/Dropbox/Wzone/tmp/tmp1996/shp15108_20201231b.shp,date,0,253,C:/Users/owner/Dropbox/Wzone/tmp/tmp1996/shp15136_20201231b.shp,date,0,253,C:/Users/owner/Dropbox/Wzone/tmp/tmp1996/shp15142_20201231b.shp,date,0,253,C:/Users/owner/Dropbox/Wzone/tmp/tmp1996/shp15161_20201231b.shp,date,0,253,C:/Users/owner/Dropbox/Wzone/tmp/tmp1996/shp15162_20201231b.shp,date,0,253,C:/Users/owner/Dropbox/Wzone/tmp/tmp1996/shp15174_20201231b.shp,date,0,253,C:/Users/owner/Dropbox/Wzone/tmp/tmp1996/shp15175_20201231b.shp,date,0,253,C:/Users/owner/Dropbox/Wzone/tmp/tmp1996/shp15195_20201231b.shp,date,0,253,C:/Users/owner/Dropbox/Wzone/tmp/tmp1996/shp15211_20201231b.shp,date,0,253,C:/Users/owner/Dropbox/Wzone/tmp/tmp1996/shp15256_20201231b.shp,date,0,253,C:/Users/owner/Dropbox/Wzone/tmp/tmp1996/shp15259_20201231b.shp,date,0,253,C:/Users/owner/Dropbox/Wzone/tmp/tmp1996/shp15292_20201231b.shp,date,0,253,C:/Users/owner/Dropbox/Wzone/tmp/tmp1996/shp15389_20201231b.shp,date,0,253,C:/Users/owner/Dropbox/Wzone/tmp/tmp1996/shp15390_20201231b.shp,date,0,253,C:/Users/owner/Dropbox/Wzone/tmp/tmp1996/shp15473_20201231b.shp,date,0,253,C:/Users/owner/Dropbox/Wzone/tmp/tmp1996/shp15489_20201231b.shp,date,0,253,C:/Users/owner/Dropbox/Wzone/tmp/tmp1996/shp15536_20201231b.shp,date,0,253,C:/Users/owner/Dropbox/Wzone/tmp/tmp1996/shp15593_20201231b.shp,date,0,253,C:/Users/owner/Dropbox/Wzone/tmp/tmp1996/shp15633_20201231b.shp,date,0,253,C:/Users/owner/Dropbox/Wzone/tmp/tmp1996/shp15717_20201231b.shp,date,0,253,C:/Users/owner/Dropbox/Wzone/tmp/tmp1996/shp15751_20201231b.shp,date,0,253,C:/Users/owner/Dropbox/Wzone/tmp/tmp1996/shp15793_20201231b.shp,date,0,253,C:/Users/owner/Dropbox/Wzone/tmp/tmp1996/shp15809_20201231b.shp,date,0,253,C:/Users/owner/Dropbox/Wzone/tmp/tmp1996/shp15895_20201231b.shp,date,0,253,C:/Users/owner/Dropbox/Wzone/tmp/tmp1996/shp15896_20201231b.shp,date,0,253,C:/Users/owner/Dropbox/Wzone/tmp/tmp1996/shp15914_20201231b.shp,date,0,253,C:/Users/owner/Dropbox/Wzone/tmp/tmp1996/shp15944_20201231b.shp,date,0,253,C:/Users/owner/Dropbox/Wzone/tmp/tmp1996/shp15993_20201231b.shp,date,0,253,C:/Users/owner/Dropbox/Wzone/tmp/tmp1996/shp16022_20201231b.shp,date,0,253,C:/Users/owner/Dropbox/Wzone/tmp/tmp1996/shp16065_20201231b.shp,date,0,253,C:/Users/owner/Dropbox/Wzone/tmp/tmp1996/shp16081_20201231b.shp,date,0,253,C:/Users/owner/Dropbox/Wzone/tmp/tmp1996/shp16135_20201231b.shp,date,0,253,C:/Users/owner/Dropbox/Wzone/tmp/tmp1996/shp16177_20201231b.shp,date,0,253,C:/Users/owner/Dropbox/Wzone/tmp/tmp1996/shp16207_20201231b.shp,date,0,253,C:/Users/owner/Dropbox/Wzone/tmp/tmp1996/shp16240_20201231b.shp,date,0,253,C:/Users/owner/Dropbox/Wzone/tmp/tmp1996/shp16241_20201231b.shp,date,0,253,C:/Users/owner/Dropbox/Wzone/tmp/tmp1996/shp16465_20201231b.shp,date,0,253,C:/Users/owner/Dropbox/Wzone/tmp/tmp1996/shp16562_20201231b.shp,date,0,253,C:/Users/owner/Dropbox/Wzone/tmp/tmp1996/shp16629_20201231b.shp,date,0,253,C:/Users/owner/Dropbox/Wzone/tmp/tmp1996/shp16653_20201231b.shp,date,0,253,C:/Users/owner/Dropbox/Wzone/tmp/tmp1996/shp16672_20201231b.shp,date,0,253,C:/Users/owner/Dropbox/Wzone/tmp/tmp1996/shp16685_20201231b.shp,date,0,253,C:/Users/owner/Dropbox/Wzone/tmp/tmp1996/shp16805_20201231b.shp,date,0,253,C:/Users/owner/Dropbox/Wzone/tmp/tmp1996/shp17026_20201231b.shp,date,0,253,C:/Users/owner/Dropbox/Wzone/tmp/tmp1996/shp17152_20201231b.shp,date,0,253,C:/Users/owner/Dropbox/Wzone/tmp/tmp1996/shp17247_20201231b.shp,date,0,253,C:/Users/owner/Dropbox/Wzone/tmp/tmp1996/shp17248_20201231b.shp,date,0,253,C:/Users/owner/Dropbox/Wzone/tmp/tmp1996/shp17253_20201231b.shp,date,0,253" NO_SOURCE_INFO</Process><Process ToolSource="c:\program files\arcgis\pro\Resources\ArcToolbox\toolboxes\Data Management Tools.tbx\DefineProjection" Date="20240720" Time="211334">DefineProjection C:/Users/owner/Dropbox/Wzone/out/wzone_shp/2020/2020_12_31.shp GEOGCS["GCS_WGS_1984",DATUM["D_WGS_1984",SPHEROID["WGS_1984",6378137.0,298.257223563]],PRIMEM["Greenwich",0.0],UNIT["Degree",0.0174532925199433]]</Process></lineage></DataProperties><SyncDate>20240720</SyncDate><SyncTime>21133000</SyncTime><ModDate>20240720</ModDate><ModTime>21133000</ModTime></Esri><dataIdInfo><envirDesc Sync="TRUE">Microsoft Windows 10 Version 10.0 (Build 19045) ; Esri ArcGIS 13.2.2.49743</envirDesc><dataLang><languageCode value="eng" Sync="TRUE"></languageCode><countryCode value="USA" Sync="TRUE"></countryCode></dataLang><idCitation><resTitle Sync="TRUE">2020_12_31</resTitle><presForm><PresFormCd value="005" Sync="TRUE"></PresFormCd></presForm></idCitation><spatRpType><SpatRepTypCd value="001" Sync="TRUE"></SpatRepTypCd></spatRpType></dataIdInfo><mdLang><languageCode value="eng" Sync="TRUE"></languageCode><countryCode value="USA" Sync="TRUE"></countryCode></mdLang><mdChar><CharSetCd value="004" Sync="TRUE"></CharSetCd></mdChar><distInfo><distFormat><formatName Sync="TRUE">Shapefile</formatName></distFormat><distTranOps><transSize Sync="TRUE">0.000</transSize></distTranOps></distInfo><mdHrLv><ScopeCd value="005" Sync="TRUE"></ScopeCd></mdHrLv><mdHrLvName Sync="TRUE">dataset</mdHrLvName><spatRepInfo><VectSpatRep><geometObjs Name="2020_12_31"><geoObjTyp><GeoObjTypCd value="002" Sync="TRUE"></GeoObjTypCd></geoObjTyp><geoObjCnt Sync="TRUE">0</geoObjCnt></geometObjs><topLvl><TopoLevCd value="001" Sync="TRUE"></TopoLevCd></topLvl></VectSpatRep></spatRepInfo><spdoinfo><ptvctinf><esriterm Name="2020_12_31"><efeatyp Sync="TRUE">Simple</efeatyp><efeageom code="4" Sync="TRUE"></efeageom><esritopo Sync="TRUE">FALSE</esritopo><efeacnt Sync="TRUE">0</efeacnt><spindex Sync="TRUE">FALSE</spindex><linrefer Sync="TRUE">FALSE</linrefer></esriterm></ptvctinf></spdoinfo><eainfo><detailed Name="2020_12_31"><enttyp><enttypl Sync="TRUE">2020_12_31</enttypl><enttypt Sync="TRUE">Feature Class</enttypt><enttypc Sync="TRUE">0</enttypc></enttyp><attr><attrlabl Sync="TRUE">FID</attrlabl><attalias Sync="TRUE">FID</attalias><attrtype Sync="TRUE">OID</attrtype><attwidth Sync="TRUE">4</attwidth><atprecis Sync="TRUE">0</atprecis><attscale Sync="TRUE">0</attscale><attrdef Sync="TRUE">Internal feature number.</attrdef><attrdefs Sync="TRUE">Esri</attrdefs><attrdomv><udom Sync="TRUE">Sequential unique whole numbers that are automatically generated.</udom></attrdomv></attr><attr><attrlabl Sync="TRUE">Shape</attrlabl><attalias Sync="TRUE">Shape</attalias><attrtype Sync="TRUE">Geometry</attrtype><attwidth Sync="TRUE">0</attwidth><atprecis Sync="TRUE">0</atprecis><attscale Sync="TRUE">0</attscale><attrdef Sync="TRUE">Feature geometry.</attrdef><attrdefs Sync="TRUE">Esri</attrdefs><attrdomv><udom Sync="TRUE">Coordinates defining the features.</udom></attrdomv></attr><attr><attrlabl Sync="TRUE">dyad_id</attrlabl><attalias Sync="TRUE">dyad_id</attalias><attrtype Sync="TRUE">Integer</attrtype><attwidth Sync="TRUE">5</attwidth><atprecis Sync="TRUE">5</atprecis><attscale Sync="TRUE">0</attscale></attr><attr><attrlabl Sync="TRUE">conf_id</attrlabl><attalias Sync="TRUE">conf_id</attalias><attrtype Sync="TRUE">Integer</attrtype><attwidth Sync="TRUE">5</attwidth><atprecis Sync="TRUE">5</atprecis><attscale Sync="TRUE">0</attscale></attr><attr><attrlabl Sync="TRUE">date</attrlabl><attalias Sync="TRUE">date</attalias><attrtype Sync="TRUE">String</attrtype><attwidth Sync="TRUE">254</attwidth><atprecis Sync="TRUE">0</atprecis><attscale Sync="TRUE">0</attscale></attr></detailed></eainfo><mdDateSt Sync="TRUE">20240720</mdDateSt></metadata>
