<?xml version="1.0" encoding="UTF-8"?>
<metadata xml:lang="en"><Esri><CreaDate>20240720</CreaDate><CreaTime>01101700</CreaTime><ArcGISFormat>1.0</ArcGISFormat><SyncOnce>FALSE</SyncOnce><DataProperties><itemProps><itemName Sync="TRUE">2021_12_31</itemName><imsContentType Sync="TRUE">002</imsContentType><itemSize Sync="TRUE">0.000</itemSize><itemLocation><linkage Sync="TRUE">file://\\DESKTOP-48J08HF\C$\Users\owner\Dropbox\Wzone\out\wzone_shp\2021\2021_12_31.shp</linkage><protocol Sync="TRUE">Local Area Network</protocol></itemLocation></itemProps><lineage><Process ToolSource="c:\program files\arcgis\pro\Resources\ArcToolbox\toolboxes\Analysis Tools.tbx\Select" Date="20240720" Time="011017">Select in_memory/shp1997406_20211231a C:\Users\owner\Dropbox\Wzone\tmp\tmp1997\shp406_20211231b.shp ""gridcode" &gt; 0"</Process><Process ToolSource="c:\program files\arcgis\pro\Resources\ArcToolbox\toolboxes\Data Management Tools.tbx\AddField" Date="20240720" Time="011017">AddField C:/Users/owner/Dropbox/Wzone/tmp/tmp1997/shp406_20211231b.shp dyad_id "Short (16-bit integer)" # # # # NULLABLE NON_REQUIRED #</Process><Process ToolSource="c:\program files\arcgis\pro\Resources\ArcToolbox\toolboxes\Data Management Tools.tbx\AddField" Date="20240720" Time="011017">AddField C:/Users/owner/Dropbox/Wzone/tmp/tmp1997/shp406_20211231b.shp conf_id "Short (16-bit integer)" # # # # NULLABLE NON_REQUIRED #</Process><Process ToolSource="c:\program files\arcgis\pro\Resources\ArcToolbox\toolboxes\Data Management Tools.tbx\AddField" Date="20240720" Time="011017">AddField C:/Users/owner/Dropbox/Wzone/tmp/tmp1997/shp406_20211231b.shp date Text # # # # NULLABLE NON_REQUIRED #</Process><Process ToolSource="c:\program files\arcgis\pro\Resources\ArcToolbox\toolboxes\Data Management Tools.tbx\DeleteField" Date="20240720" Time="011017">DeleteField C:/Users/owner/Dropbox/Wzone/tmp/tmp1997/shp406_20211231b.shp Id "Delete Fields"</Process><Process ToolSource="c:\program files\arcgis\pro\Resources\ArcToolbox\toolboxes\Data Management Tools.tbx\DeleteField" Date="20240720" Time="011017">DeleteField C:/Users/owner/Dropbox/Wzone/tmp/tmp1997/shp406_20211231b.shp gridcode "Delete Fields"</Process><Process ToolSource="c:\program files\arcgis\pro\Resources\ArcToolbox\toolboxes\Data Management Tools.tbx\Merge" Date="20240720" Time="011333">Merge C:/Users/owner/Dropbox/Wzone/tmp/tmp1997/shp406_20211231b.shp;C:/Users/owner/Dropbox/Wzone/tmp/tmp1997/shp411_20211231b.shp;C:/Users/owner/Dropbox/Wzone/tmp/tmp1997/shp428_20211231b.shp;C:/Users/owner/Dropbox/Wzone/tmp/tmp1997/shp453_20211231b.shp;C:/Users/owner/Dropbox/Wzone/tmp/tmp1997/shp461_20211231b.shp;C:/Users/owner/Dropbox/Wzone/tmp/tmp1997/shp474_20211231b.shp;C:/Users/owner/Dropbox/Wzone/tmp/tmp1997/shp476_20211231b.shp;C:/Users/owner/Dropbox/Wzone/tmp/tmp1997/shp477_20211231b.shp;C:/Users/owner/Dropbox/Wzone/tmp/tmp1997/shp478_20211231b.shp;C:/Users/owner/Dropbox/Wzone/tmp/tmp1997/shp555_20211231b.shp;C:/Users/owner/Dropbox/Wzone/tmp/tmp1997/shp624_20211231b.shp;C:/Users/owner/Dropbox/Wzone/tmp/tmp1997/shp628_20211231b.shp;C:/Users/owner/Dropbox/Wzone/tmp/tmp1997/shp640_20211231b.shp;C:/Users/owner/Dropbox/Wzone/tmp/tmp1997/shp721_20211231b.shp;C:/Users/owner/Dropbox/Wzone/tmp/tmp1997/shp750_20211231b.shp;C:/Users/owner/Dropbox/Wzone/tmp/tmp1997/shp754_20211231b.shp;C:/Users/owner/Dropbox/Wzone/tmp/tmp1997/shp781_20211231b.shp;C:/Users/owner/Dropbox/Wzone/tmp/tmp1997/shp857_20211231b.shp;C:/Users/owner/Dropbox/Wzone/tmp/tmp1997/shp888_20211231b.shp;C:/Users/owner/Dropbox/Wzone/tmp/tmp1997/shp891_20211231b.shp;C:/Users/owner/Dropbox/Wzone/tmp/tmp1997/shp906_20211231b.shp;C:/Users/owner/Dropbox/Wzone/tmp/tmp1997/shp913_20211231b.shp;C:/Users/owner/Dropbox/Wzone/tmp/tmp1997/shp914_20211231b.shp;C:/Users/owner/Dropbox/Wzone/tmp/tmp1997/shp915_20211231b.shp;C:/Users/owner/Dropbox/Wzone/tmp/tmp1997/shp920_20211231b.shp;C:/Users/owner/Dropbox/Wzone/tmp/tmp1997/shp921_20211231b.shp;C:/Users/owner/Dropbox/Wzone/tmp/tmp1997/shp929_20211231b.shp;C:/Users/owner/Dropbox/Wzone/tmp/tmp1997/shp930_20211231b.shp;C:/Users/owner/Dropbox/Wzone/tmp/tmp1997/shp931_20211231b.shp;C:/Users/owner/Dropbox/Wzone/tmp/tmp1997/shp934_20211231b.shp;C:/Users/owner/Dropbox/Wzone/tmp/tmp1997/shp936_20211231b.shp;C:/Users/owner/Dropbox/Wzone/tmp/tmp1997/shp941_20211231b.shp;C:/Users/owner/Dropbox/Wzone/tmp/tmp1997/shp942_20211231b.shp;C:/Users/owner/Dropbox/Wzone/tmp/tmp1997/shp944_20211231b.shp;C:/Users/owner/Dropbox/Wzone/tmp/tmp1997/shp947_20211231b.shp;C:/Users/owner/Dropbox/Wzone/tmp/tmp1997/shp948_20211231b.shp;C:/Users/owner/Dropbox/Wzone/tmp/tmp1997/shp950_20211231b.shp;C:/Users/owner/Dropbox/Wzone/tmp/tmp1997/shp951_20211231b.shp;C:/Users/owner/Dropbox/Wzone/tmp/tmp1997/shp955_20211231b.shp;C:/Users/owner/Dropbox/Wzone/tmp/tmp1997/shp962_20211231b.shp;C:/Users/owner/Dropbox/Wzone/tmp/tmp1997/shp966_20211231b.shp;C:/Users/owner/Dropbox/Wzone/tmp/tmp1997/shp973_20211231b.shp;C:/Users/owner/Dropbox/Wzone/tmp/tmp1997/shp1071_20211231b.shp;C:/Users/owner/Dropbox/Wzone/tmp/tmp1997/shp1073_20211231b.shp;C:/Users/owner/Dropbox/Wzone/tmp/tmp1997/shp1108_20211231b.shp;C:/Users/owner/Dropbox/Wzone/tmp/tmp1997/shp1162_20211231b.shp;C:/Users/owner/Dropbox/Wzone/tmp/tmp1997/shp1166_20211231b.shp;C:/Users/owner/Dropbox/Wzone/tmp/tmp1997/shp1167_20211231b.shp;C:/Users/owner/Dropbox/Wzone/tmp/tmp1997/shp1176_20211231b.shp;C:/Users/owner/Dropbox/Wzone/tmp/tmp1997/shp1182_20211231b.shp;C:/Users/owner/Dropbox/Wzone/tmp/tmp1997/shp1204_20211231b.shp;C:/Users/owner/Dropbox/Wzone/tmp/tmp1997/shp1301_20211231b.shp;C:/Users/owner/Dropbox/Wzone/tmp/tmp1997/shp1405_20211231b.shp;C:/Users/owner/Dropbox/Wzone/tmp/tmp1997/shp1702_20211231b.shp;C:/Users/owner/Dropbox/Wzone/tmp/tmp1997/shp1704_20211231b.shp;C:/Users/owner/Dropbox/Wzone/tmp/tmp1997/shp2332_20211231b.shp;C:/Users/owner/Dropbox/Wzone/tmp/tmp1997/shp2425_20211231b.shp;C:/Users/owner/Dropbox/Wzone/tmp/tmp1997/shp2461_20211231b.shp;C:/Users/owner/Dropbox/Wzone/tmp/tmp1997/shp4313_20211231b.shp;C:/Users/owner/Dropbox/Wzone/tmp/tmp1997/shp4446_20211231b.shp;C:/Users/owner/Dropbox/Wzone/tmp/tmp1997/shp5201_20211231b.shp;C:/Users/owner/Dropbox/Wzone/tmp/tmp1997/shp5247_20211231b.shp;C:/Users/owner/Dropbox/Wzone/tmp/tmp1997/shp5262_20211231b.shp;C:/Users/owner/Dropbox/Wzone/tmp/tmp1997/shp5349_20211231b.shp;C:/Users/owner/Dropbox/Wzone/tmp/tmp1997/shp5351_20211231b.shp;C:/Users/owner/Dropbox/Wzone/tmp/tmp1997/shp5405_20211231b.shp;C:/Users/owner/Dropbox/Wzone/tmp/tmp1997/shp5551_20211231b.shp;C:/Users/owner/Dropbox/Wzone/tmp/tmp1997/shp5583_20211231b.shp;C:/Users/owner/Dropbox/Wzone/tmp/tmp1997/shp5589_20211231b.shp;C:/Users/owner/Dropbox/Wzone/tmp/tmp1997/shp5598_20211231b.shp;C:/Users/owner/Dropbox/Wzone/tmp/tmp1997/shp10264_20211231b.shp;C:/Users/owner/Dropbox/Wzone/tmp/tmp1997/shp10589_20211231b.shp;C:/Users/owner/Dropbox/Wzone/tmp/tmp1997/shp10988_20211231b.shp;C:/Users/owner/Dropbox/Wzone/tmp/tmp1997/shp11123_20211231b.shp;C:/Users/owner/Dropbox/Wzone/tmp/tmp1997/shp11377_20211231b.shp;C:/Users/owner/Dropbox/Wzone/tmp/tmp1997/shp11387_20211231b.shp;C:/Users/owner/Dropbox/Wzone/tmp/tmp1997/shp11433_20211231b.shp;C:/Users/owner/Dropbox/Wzone/tmp/tmp1997/shp12228_20211231b.shp;C:/Users/owner/Dropbox/Wzone/tmp/tmp1997/shp12422_20211231b.shp;C:/Users/owner/Dropbox/Wzone/tmp/tmp1997/shp12556_20211231b.shp;C:/Users/owner/Dropbox/Wzone/tmp/tmp1997/shp14036_20211231b.shp;C:/Users/owner/Dropbox/Wzone/tmp/tmp1997/shp14117_20211231b.shp;C:/Users/owner/Dropbox/Wzone/tmp/tmp1997/shp14236_20211231b.shp;C:/Users/owner/Dropbox/Wzone/tmp/tmp1997/shp14273_20211231b.shp;C:/Users/owner/Dropbox/Wzone/tmp/tmp1997/shp14319_20211231b.shp;C:/Users/owner/Dropbox/Wzone/tmp/tmp1997/shp14320_20211231b.shp;C:/Users/owner/Dropbox/Wzone/tmp/tmp1997/shp14595_20211231b.shp;C:/Users/owner/Dropbox/Wzone/tmp/tmp1997/shp14596_20211231b.shp;C:/Users/owner/Dropbox/Wzone/tmp/tmp1997/shp14619_20211231b.shp;C:/Users/owner/Dropbox/Wzone/tmp/tmp1997/shp14620_20211231b.shp;C:/Users/owner/Dropbox/Wzone/tmp/tmp1997/shp14636_20211231b.shp;C:/Users/owner/Dropbox/Wzone/tmp/tmp1997/shp14667_20211231b.shp;C:/Users/owner/Dropbox/Wzone/tmp/tmp1997/shp14668_20211231b.shp;C:/Users/owner/Dropbox/Wzone/tmp/tmp1997/shp14669_20211231b.shp;C:/Users/owner/Dropbox/Wzone/tmp/tmp1997/shp14671_20211231b.shp;C:/Users/owner/Dropbox/Wzone/tmp/tmp1997/shp14677_20211231b.shp;C:/Users/owner/Dropbox/Wzone/tmp/tmp1997/shp14685_20211231b.shp;C:/Users/owner/Dropbox/Wzone/tmp/tmp1997/shp14746_20211231b.shp;C:/Users/owner/Dropbox/Wzone/tmp/tmp1997/shp14773_20211231b.shp;C:/Users/owner/Dropbox/Wzone/tmp/tmp1997/shp14799_20211231b.shp;C:/Users/owner/Dropbox/Wzone/tmp/tmp1997/shp14953_20211231b.shp;C:/Users/owner/Dropbox/Wzone/tmp/tmp1997/shp15019_20211231b.shp;C:/Users/owner/Dropbox/Wzone/tmp/tmp1997/shp15023_20211231b.shp;C:/Users/owner/Dropbox/Wzone/tmp/tmp1997/shp15050_20211231b.shp;C:/Users/owner/Dropbox/Wzone/tmp/tmp1997/shp15077_20211231b.shp;C:/Users/owner/Dropbox/Wzone/tmp/tmp1997/shp15100_20211231b.shp;C:/Users/owner/Dropbox/Wzone/tmp/tmp1997/shp15108_20211231b.shp;C:/Users/owner/Dropbox/Wzone/tmp/tmp1997/shp15136_20211231b.shp;C:/Users/owner/Dropbox/Wzone/tmp/tmp1997/shp15142_20211231b.shp;C:/Users/owner/Dropbox/Wzone/tmp/tmp1997/shp15161_20211231b.shp;C:/Users/owner/Dropbox/Wzone/tmp/tmp1997/shp15162_20211231b.shp;C:/Users/owner/Dropbox/Wzone/tmp/tmp1997/shp15174_20211231b.shp;C:/Users/owner/Dropbox/Wzone/tmp/tmp1997/shp15175_20211231b.shp;C:/Users/owner/Dropbox/Wzone/tmp/tmp1997/shp15211_20211231b.shp;C:/Users/owner/Dropbox/Wzone/tmp/tmp1997/shp15255_20211231b.shp;C:/Users/owner/Dropbox/Wzone/tmp/tmp1997/shp15256_20211231b.shp;C:/Users/owner/Dropbox/Wzone/tmp/tmp1997/shp15259_20211231b.shp;C:/Users/owner/Dropbox/Wzone/tmp/tmp1997/shp15292_20211231b.shp;C:/Users/owner/Dropbox/Wzone/tmp/tmp1997/shp15390_20211231b.shp;C:/Users/owner/Dropbox/Wzone/tmp/tmp1997/shp15409_20211231b.shp;C:/Users/owner/Dropbox/Wzone/tmp/tmp1997/shp15473_20211231b.shp;C:/Users/owner/Dropbox/Wzone/tmp/tmp1997/shp15536_20211231b.shp;C:/Users/owner/Dropbox/Wzone/tmp/tmp1997/shp15633_20211231b.shp;C:/Users/owner/Dropbox/Wzone/tmp/tmp1997/shp15751_20211231b.shp;C:/Users/owner/Dropbox/Wzone/tmp/tmp1997/shp15793_20211231b.shp;C:/Users/owner/Dropbox/Wzone/tmp/tmp1997/shp15809_20211231b.shp;C:/Users/owner/Dropbox/Wzone/tmp/tmp1997/shp15895_20211231b.shp;C:/Users/owner/Dropbox/Wzone/tmp/tmp1997/shp15896_20211231b.shp;C:/Users/owner/Dropbox/Wzone/tmp/tmp1997/shp15914_20211231b.shp;C:/Users/owner/Dropbox/Wzone/tmp/tmp1997/shp15944_20211231b.shp;C:/Users/owner/Dropbox/Wzone/tmp/tmp1997/shp15945_20211231b.shp;C:/Users/owner/Dropbox/Wzone/tmp/tmp1997/shp15998_20211231b.shp;C:/Users/owner/Dropbox/Wzone/tmp/tmp1997/shp16022_20211231b.shp;C:/Users/owner/Dropbox/Wzone/tmp/tmp1997/shp16065_20211231b.shp;C:/Users/owner/Dropbox/Wzone/tmp/tmp1997/shp16081_20211231b.shp;C:/Users/owner/Dropbox/Wzone/tmp/tmp1997/shp16135_20211231b.shp;C:/Users/owner/Dropbox/Wzone/tmp/tmp1997/shp16177_20211231b.shp;C:/Users/owner/Dropbox/Wzone/tmp/tmp1997/shp16207_20211231b.shp;C:/Users/owner/Dropbox/Wzone/tmp/tmp1997/shp16240_20211231b.shp;C:/Users/owner/Dropbox/Wzone/tmp/tmp1997/shp16241_20211231b.shp;C:/Users/owner/Dropbox/Wzone/tmp/tmp1997/shp16419_20211231b.shp;C:/Users/owner/Dropbox/Wzone/tmp/tmp1997/shp16426_20211231b.shp;C:/Users/owner/Dropbox/Wzone/tmp/tmp1997/shp16465_20211231b.shp;C:/Users/owner/Dropbox/Wzone/tmp/tmp1997/shp16505_20211231b.shp;C:/Users/owner/Dropbox/Wzone/tmp/tmp1997/shp16562_20211231b.shp;C:/Users/owner/Dropbox/Wzone/tmp/tmp1997/shp16629_20211231b.shp;C:/Users/owner/Dropbox/Wzone/tmp/tmp1997/shp16672_20211231b.shp;C:/Users/owner/Dropbox/Wzone/tmp/tmp1997/shp16685_20211231b.shp;C:/Users/owner/Dropbox/Wzone/tmp/tmp1997/shp16759_20211231b.shp;C:/Users/owner/Dropbox/Wzone/tmp/tmp1997/shp16805_20211231b.shp;C:/Users/owner/Dropbox/Wzone/tmp/tmp1997/shp16825_20211231b.shp;C:/Users/owner/Dropbox/Wzone/tmp/tmp1997/shp16832_20211231b.shp;C:/Users/owner/Dropbox/Wzone/tmp/tmp1997/shp17025_20211231b.shp;C:/Users/owner/Dropbox/Wzone/tmp/tmp1997/shp17026_20211231b.shp;C:/Users/owner/Dropbox/Wzone/tmp/tmp1997/shp17152_20211231b.shp;C:/Users/owner/Dropbox/Wzone/tmp/tmp1997/shp17247_20211231b.shp;C:/Users/owner/Dropbox/Wzone/tmp/tmp1997/shp17248_20211231b.shp;C:/Users/owner/Dropbox/Wzone/tmp/tmp1997/shp17253_20211231b.shp C:\Users\owner\Dropbox\Wzone\out\wzone_shp\2021\2021_12_31.shp "dyad_id "dyad_id" true true false 5 Long 0 5,First,#,C:/Users/owner/Dropbox/Wzone/tmp/tmp1997/shp406_20211231b.shp,dyad_id,-1,-1,C:/Users/owner/Dropbox/Wzone/tmp/tmp1997/shp411_20211231b.shp,dyad_id,-1,-1,C:/Users/owner/Dropbox/Wzone/tmp/tmp1997/shp428_20211231b.shp,dyad_id,-1,-1,C:/Users/owner/Dropbox/Wzone/tmp/tmp1997/shp453_20211231b.shp,dyad_id,-1,-1,C:/Users/owner/Dropbox/Wzone/tmp/tmp1997/shp461_20211231b.shp,dyad_id,-1,-1,C:/Users/owner/Dropbox/Wzone/tmp/tmp1997/shp474_20211231b.shp,dyad_id,-1,-1,C:/Users/owner/Dropbox/Wzone/tmp/tmp1997/shp476_20211231b.shp,dyad_id,-1,-1,C:/Users/owner/Dropbox/Wzone/tmp/tmp1997/shp477_20211231b.shp,dyad_id,-1,-1,C:/Users/owner/Dropbox/Wzone/tmp/tmp1997/shp478_20211231b.shp,dyad_id,-1,-1,C:/Users/owner/Dropbox/Wzone/tmp/tmp1997/shp555_20211231b.shp,dyad_id,-1,-1,C:/Users/owner/Dropbox/Wzone/tmp/tmp1997/shp624_20211231b.shp,dyad_id,-1,-1,C:/Users/owner/Dropbox/Wzone/tmp/tmp1997/shp628_20211231b.shp,dyad_id,-1,-1,C:/Users/owner/Dropbox/Wzone/tmp/tmp1997/shp640_20211231b.shp,dyad_id,-1,-1,C:/Users/owner/Dropbox/Wzone/tmp/tmp1997/shp721_20211231b.shp,dyad_id,-1,-1,C:/Users/owner/Dropbox/Wzone/tmp/tmp1997/shp750_20211231b.shp,dyad_id,-1,-1,C:/Users/owner/Dropbox/Wzone/tmp/tmp1997/shp754_20211231b.shp,dyad_id,-1,-1,C:/Users/owner/Dropbox/Wzone/tmp/tmp1997/shp781_20211231b.shp,dyad_id,-1,-1,C:/Users/owner/Dropbox/Wzone/tmp/tmp1997/shp857_20211231b.shp,dyad_id,-1,-1,C:/Users/owner/Dropbox/Wzone/tmp/tmp1997/shp888_20211231b.shp,dyad_id,-1,-1,C:/Users/owner/Dropbox/Wzone/tmp/tmp1997/shp891_20211231b.shp,dyad_id,-1,-1,C:/Users/owner/Dropbox/Wzone/tmp/tmp1997/shp906_20211231b.shp,dyad_id,-1,-1,C:/Users/owner/Dropbox/Wzone/tmp/tmp1997/shp913_20211231b.shp,dyad_id,-1,-1,C:/Users/owner/Dropbox/Wzone/tmp/tmp1997/shp914_20211231b.shp,dyad_id,-1,-1,C:/Users/owner/Dropbox/Wzone/tmp/tmp1997/shp915_20211231b.shp,dyad_id,-1,-1,C:/Users/owner/Dropbox/Wzone/tmp/tmp1997/shp920_20211231b.shp,dyad_id,-1,-1,C:/Users/owner/Dropbox/Wzone/tmp/tmp1997/shp921_20211231b.shp,dyad_id,-1,-1,C:/Users/owner/Dropbox/Wzone/tmp/tmp1997/shp929_20211231b.shp,dyad_id,-1,-1,C:/Users/owner/Dropbox/Wzone/tmp/tmp1997/shp930_20211231b.shp,dyad_id,-1,-1,C:/Users/owner/Dropbox/Wzone/tmp/tmp1997/shp931_20211231b.shp,dyad_id,-1,-1,C:/Users/owner/Dropbox/Wzone/tmp/tmp1997/shp934_20211231b.shp,dyad_id,-1,-1,C:/Users/owner/Dropbox/Wzone/tmp/tmp1997/shp936_20211231b.shp,dyad_id,-1,-1,C:/Users/owner/Dropbox/Wzone/tmp/tmp1997/shp941_20211231b.shp,dyad_id,-1,-1,C:/Users/owner/Dropbox/Wzone/tmp/tmp1997/shp942_20211231b.shp,dyad_id,-1,-1,C:/Users/owner/Dropbox/Wzone/tmp/tmp1997/shp944_20211231b.shp,dyad_id,-1,-1,C:/Users/owner/Dropbox/Wzone/tmp/tmp1997/shp947_20211231b.shp,dyad_id,-1,-1,C:/Users/owner/Dropbox/Wzone/tmp/tmp1997/shp948_20211231b.shp,dyad_id,-1,-1,C:/Users/owner/Dropbox/Wzone/tmp/tmp1997/shp950_20211231b.shp,dyad_id,-1,-1,C:/Users/owner/Dropbox/Wzone/tmp/tmp1997/shp951_20211231b.shp,dyad_id,-1,-1,C:/Users/owner/Dropbox/Wzone/tmp/tmp1997/shp955_20211231b.shp,dyad_id,-1,-1,C:/Users/owner/Dropbox/Wzone/tmp/tmp1997/shp962_20211231b.shp,dyad_id,-1,-1,C:/Users/owner/Dropbox/Wzone/tmp/tmp1997/shp966_20211231b.shp,dyad_id,-1,-1,C:/Users/owner/Dropbox/Wzone/tmp/tmp1997/shp973_20211231b.shp,dyad_id,-1,-1,C:/Users/owner/Dropbox/Wzone/tmp/tmp1997/shp1071_20211231b.shp,dyad_id,-1,-1,C:/Users/owner/Dropbox/Wzone/tmp/tmp1997/shp1073_20211231b.shp,dyad_id,-1,-1,C:/Users/owner/Dropbox/Wzone/tmp/tmp1997/shp1108_20211231b.shp,dyad_id,-1,-1,C:/Users/owner/Dropbox/Wzone/tmp/tmp1997/shp1162_20211231b.shp,dyad_id,-1,-1,C:/Users/owner/Dropbox/Wzone/tmp/tmp1997/shp1166_20211231b.shp,dyad_id,-1,-1,C:/Users/owner/Dropbox/Wzone/tmp/tmp1997/shp1167_20211231b.shp,dyad_id,-1,-1,C:/Users/owner/Dropbox/Wzone/tmp/tmp1997/shp1176_20211231b.shp,dyad_id,-1,-1,C:/Users/owner/Dropbox/Wzone/tmp/tmp1997/shp1182_20211231b.shp,dyad_id,-1,-1,C:/Users/owner/Dropbox/Wzone/tmp/tmp1997/shp1204_20211231b.shp,dyad_id,-1,-1,C:/Users/owner/Dropbox/Wzone/tmp/tmp1997/shp1301_20211231b.shp,dyad_id,-1,-1,C:/Users/owner/Dropbox/Wzone/tmp/tmp1997/shp1405_20211231b.shp,dyad_id,-1,-1,C:/Users/owner/Dropbox/Wzone/tmp/tmp1997/shp1702_20211231b.shp,dyad_id,-1,-1,C:/Users/owner/Dropbox/Wzone/tmp/tmp1997/shp1704_20211231b.shp,dyad_id,-1,-1,C:/Users/owner/Dropbox/Wzone/tmp/tmp1997/shp2332_20211231b.shp,dyad_id,-1,-1,C:/Users/owner/Dropbox/Wzone/tmp/tmp1997/shp2425_20211231b.shp,dyad_id,-1,-1,C:/Users/owner/Dropbox/Wzone/tmp/tmp1997/shp2461_20211231b.shp,dyad_id,-1,-1,C:/Users/owner/Dropbox/Wzone/tmp/tmp1997/shp4313_20211231b.shp,dyad_id,-1,-1,C:/Users/owner/Dropbox/Wzone/tmp/tmp1997/shp4446_20211231b.shp,dyad_id,-1,-1,C:/Users/owner/Dropbox/Wzone/tmp/tmp1997/shp5201_20211231b.shp,dyad_id,-1,-1,C:/Users/owner/Dropbox/Wzone/tmp/tmp1997/shp5247_20211231b.shp,dyad_id,-1,-1,C:/Users/owner/Dropbox/Wzone/tmp/tmp1997/shp5262_20211231b.shp,dyad_id,-1,-1,C:/Users/owner/Dropbox/Wzone/tmp/tmp1997/shp5349_20211231b.shp,dyad_id,-1,-1,C:/Users/owner/Dropbox/Wzone/tmp/tmp1997/shp5351_20211231b.shp,dyad_id,-1,-1,C:/Users/owner/Dropbox/Wzone/tmp/tmp1997/shp5405_20211231b.shp,dyad_id,-1,-1,C:/Users/owner/Dropbox/Wzone/tmp/tmp1997/shp5551_20211231b.shp,dyad_id,-1,-1,C:/Users/owner/Dropbox/Wzone/tmp/tmp1997/shp5583_20211231b.shp,dyad_id,-1,-1,C:/Users/owner/Dropbox/Wzone/tmp/tmp1997/shp5589_20211231b.shp,dyad_id,-1,-1,C:/Users/owner/Dropbox/Wzone/tmp/tmp1997/shp5598_20211231b.shp,dyad_id,-1,-1,C:/Users/owner/Dropbox/Wzone/tmp/tmp1997/shp10264_20211231b.shp,dyad_id,-1,-1,C:/Users/owner/Dropbox/Wzone/tmp/tmp1997/shp10589_20211231b.shp,dyad_id,-1,-1,C:/Users/owner/Dropbox/Wzone/tmp/tmp1997/shp10988_20211231b.shp,dyad_id,-1,-1,C:/Users/owner/Dropbox/Wzone/tmp/tmp1997/shp11123_20211231b.shp,dyad_id,-1,-1,C:/Users/owner/Dropbox/Wzone/tmp/tmp1997/shp11377_20211231b.shp,dyad_id,-1,-1,C:/Users/owner/Dropbox/Wzone/tmp/tmp1997/shp11387_20211231b.shp,dyad_id,-1,-1,C:/Users/owner/Dropbox/Wzone/tmp/tmp1997/shp11433_20211231b.shp,dyad_id,-1,-1,C:/Users/owner/Dropbox/Wzone/tmp/tmp1997/shp12228_20211231b.shp,dyad_id,-1,-1,C:/Users/owner/Dropbox/Wzone/tmp/tmp1997/shp12422_20211231b.shp,dyad_id,-1,-1,C:/Users/owner/Dropbox/Wzone/tmp/tmp1997/shp12556_20211231b.shp,dyad_id,-1,-1,C:/Users/owner/Dropbox/Wzone/tmp/tmp1997/shp14036_20211231b.shp,dyad_id,-1,-1,C:/Users/owner/Dropbox/Wzone/tmp/tmp1997/shp14117_20211231b.shp,dyad_id,-1,-1,C:/Users/owner/Dropbox/Wzone/tmp/tmp1997/shp14236_20211231b.shp,dyad_id,-1,-1,C:/Users/owner/Dropbox/Wzone/tmp/tmp1997/shp14273_20211231b.shp,dyad_id,-1,-1,C:/Users/owner/Dropbox/Wzone/tmp/tmp1997/shp14319_20211231b.shp,dyad_id,-1,-1,C:/Users/owner/Dropbox/Wzone/tmp/tmp1997/shp14320_20211231b.shp,dyad_id,-1,-1,C:/Users/owner/Dropbox/Wzone/tmp/tmp1997/shp14595_20211231b.shp,dyad_id,-1,-1,C:/Users/owner/Dropbox/Wzone/tmp/tmp1997/shp14596_20211231b.shp,dyad_id,-1,-1,C:/Users/owner/Dropbox/Wzone/tmp/tmp1997/shp14619_20211231b.shp,dyad_id,-1,-1,C:/Users/owner/Dropbox/Wzone/tmp/tmp1997/shp14620_20211231b.shp,dyad_id,-1,-1,C:/Users/owner/Dropbox/Wzone/tmp/tmp1997/shp14636_20211231b.shp,dyad_id,-1,-1,C:/Users/owner/Dropbox/Wzone/tmp/tmp1997/shp14667_20211231b.shp,dyad_id,-1,-1,C:/Users/owner/Dropbox/Wzone/tmp/tmp1997/shp14668_20211231b.shp,dyad_id,-1,-1,C:/Users/owner/Dropbox/Wzone/tmp/tmp1997/shp14669_20211231b.shp,dyad_id,-1,-1,C:/Users/owner/Dropbox/Wzone/tmp/tmp1997/shp14671_20211231b.shp,dyad_id,-1,-1,C:/Users/owner/Dropbox/Wzone/tmp/tmp1997/shp14677_20211231b.shp,dyad_id,-1,-1,C:/Users/owner/Dropbox/Wzone/tmp/tmp1997/shp14685_20211231b.shp,dyad_id,-1,-1,C:/Users/owner/Dropbox/Wzone/tmp/tmp1997/shp14746_20211231b.shp,dyad_id,-1,-1,C:/Users/owner/Dropbox/Wzone/tmp/tmp1997/shp14773_20211231b.shp,dyad_id,-1,-1,C:/Users/owner/Dropbox/Wzone/tmp/tmp1997/shp14799_20211231b.shp,dyad_id,-1,-1,C:/Users/owner/Dropbox/Wzone/tmp/tmp1997/shp14953_20211231b.shp,dyad_id,-1,-1,C:/Users/owner/Dropbox/Wzone/tmp/tmp1997/shp15019_20211231b.shp,dyad_id,-1,-1,C:/Users/owner/Dropbox/Wzone/tmp/tmp1997/shp15023_20211231b.shp,dyad_id,-1,-1,C:/Users/owner/Dropbox/Wzone/tmp/tmp1997/shp15050_20211231b.shp,dyad_id,-1,-1,C:/Users/owner/Dropbox/Wzone/tmp/tmp1997/shp15077_20211231b.shp,dyad_id,-1,-1,C:/Users/owner/Dropbox/Wzone/tmp/tmp1997/shp15100_20211231b.shp,dyad_id,-1,-1,C:/Users/owner/Dropbox/Wzone/tmp/tmp1997/shp15108_20211231b.shp,dyad_id,-1,-1,C:/Users/owner/Dropbox/Wzone/tmp/tmp1997/shp15136_20211231b.shp,dyad_id,-1,-1,C:/Users/owner/Dropbox/Wzone/tmp/tmp1997/shp15142_20211231b.shp,dyad_id,-1,-1,C:/Users/owner/Dropbox/Wzone/tmp/tmp1997/shp15161_20211231b.shp,dyad_id,-1,-1,C:/Users/owner/Dropbox/Wzone/tmp/tmp1997/shp15162_20211231b.shp,dyad_id,-1,-1,C:/Users/owner/Dropbox/Wzone/tmp/tmp1997/shp15174_20211231b.shp,dyad_id,-1,-1,C:/Users/owner/Dropbox/Wzone/tmp/tmp1997/shp15175_20211231b.shp,dyad_id,-1,-1,C:/Users/owner/Dropbox/Wzone/tmp/tmp1997/shp15211_20211231b.shp,dyad_id,-1,-1,C:/Users/owner/Dropbox/Wzone/tmp/tmp1997/shp15255_20211231b.shp,dyad_id,-1,-1,C:/Users/owner/Dropbox/Wzone/tmp/tmp1997/shp15256_20211231b.shp,dyad_id,-1,-1,C:/Users/owner/Dropbox/Wzone/tmp/tmp1997/shp15259_20211231b.shp,dyad_id,-1,-1,C:/Users/owner/Dropbox/Wzone/tmp/tmp1997/shp15292_20211231b.shp,dyad_id,-1,-1,C:/Users/owner/Dropbox/Wzone/tmp/tmp1997/shp15390_20211231b.shp,dyad_id,-1,-1,C:/Users/owner/Dropbox/Wzone/tmp/tmp1997/shp15409_20211231b.shp,dyad_id,-1,-1,C:/Users/owner/Dropbox/Wzone/tmp/tmp1997/shp15473_20211231b.shp,dyad_id,-1,-1,C:/Users/owner/Dropbox/Wzone/tmp/tmp1997/shp15536_20211231b.shp,dyad_id,-1,-1,C:/Users/owner/Dropbox/Wzone/tmp/tmp1997/shp15633_20211231b.shp,dyad_id,-1,-1,C:/Users/owner/Dropbox/Wzone/tmp/tmp1997/shp15751_20211231b.shp,dyad_id,-1,-1,C:/Users/owner/Dropbox/Wzone/tmp/tmp1997/shp15793_20211231b.shp,dyad_id,-1,-1,C:/Users/owner/Dropbox/Wzone/tmp/tmp1997/shp15809_20211231b.shp,dyad_id,-1,-1,C:/Users/owner/Dropbox/Wzone/tmp/tmp1997/shp15895_20211231b.shp,dyad_id,-1,-1,C:/Users/owner/Dropbox/Wzone/tmp/tmp1997/shp15896_20211231b.shp,dyad_id,-1,-1,C:/Users/owner/Dropbox/Wzone/tmp/tmp1997/shp15914_20211231b.shp,dyad_id,-1,-1,C:/Users/owner/Dropbox/Wzone/tmp/tmp1997/shp15944_20211231b.shp,dyad_id,-1,-1,C:/Users/owner/Dropbox/Wzone/tmp/tmp1997/shp15945_20211231b.shp,dyad_id,-1,-1,C:/Users/owner/Dropbox/Wzone/tmp/tmp1997/shp15998_20211231b.shp,dyad_id,-1,-1,C:/Users/owner/Dropbox/Wzone/tmp/tmp1997/shp16022_20211231b.shp,dyad_id,-1,-1,C:/Users/owner/Dropbox/Wzone/tmp/tmp1997/shp16065_20211231b.shp,dyad_id,-1,-1,C:/Users/owner/Dropbox/Wzone/tmp/tmp1997/shp16081_20211231b.shp,dyad_id,-1,-1,C:/Users/owner/Dropbox/Wzone/tmp/tmp1997/shp16135_20211231b.shp,dyad_id,-1,-1,C:/Users/owner/Dropbox/Wzone/tmp/tmp1997/shp16177_20211231b.shp,dyad_id,-1,-1,C:/Users/owner/Dropbox/Wzone/tmp/tmp1997/shp16207_20211231b.shp,dyad_id,-1,-1,C:/Users/owner/Dropbox/Wzone/tmp/tmp1997/shp16240_20211231b.shp,dyad_id,-1,-1,C:/Users/owner/Dropbox/Wzone/tmp/tmp1997/shp16241_20211231b.shp,dyad_id,-1,-1,C:/Users/owner/Dropbox/Wzone/tmp/tmp1997/shp16419_20211231b.shp,dyad_id,-1,-1,C:/Users/owner/Dropbox/Wzone/tmp/tmp1997/shp16426_20211231b.shp,dyad_id,-1,-1,C:/Users/owner/Dropbox/Wzone/tmp/tmp1997/shp16465_20211231b.shp,dyad_id,-1,-1,C:/Users/owner/Dropbox/Wzone/tmp/tmp1997/shp16505_20211231b.shp,dyad_id,-1,-1,C:/Users/owner/Dropbox/Wzone/tmp/tmp1997/shp16562_20211231b.shp,dyad_id,-1,-1,C:/Users/owner/Dropbox/Wzone/tmp/tmp1997/shp16629_20211231b.shp,dyad_id,-1,-1,C:/Users/owner/Dropbox/Wzone/tmp/tmp1997/shp16672_20211231b.shp,dyad_id,-1,-1,C:/Users/owner/Dropbox/Wzone/tmp/tmp1997/shp16685_20211231b.shp,dyad_id,-1,-1,C:/Users/owner/Dropbox/Wzone/tmp/tmp1997/shp16759_20211231b.shp,dyad_id,-1,-1,C:/Users/owner/Dropbox/Wzone/tmp/tmp1997/shp16805_20211231b.shp,dyad_id,-1,-1,C:/Users/owner/Dropbox/Wzone/tmp/tmp1997/shp16825_20211231b.shp,dyad_id,-1,-1,C:/Users/owner/Dropbox/Wzone/tmp/tmp1997/shp16832_20211231b.shp,dyad_id,-1,-1,C:/Users/owner/Dropbox/Wzone/tmp/tmp1997/shp17025_20211231b.shp,dyad_id,-1,-1,C:/Users/owner/Dropbox/Wzone/tmp/tmp1997/shp17026_20211231b.shp,dyad_id,-1,-1,C:/Users/owner/Dropbox/Wzone/tmp/tmp1997/shp17152_20211231b.shp,dyad_id,-1,-1,C:/Users/owner/Dropbox/Wzone/tmp/tmp1997/shp17247_20211231b.shp,dyad_id,-1,-1,C:/Users/owner/Dropbox/Wzone/tmp/tmp1997/shp17248_20211231b.shp,dyad_id,-1,-1,C:/Users/owner/Dropbox/Wzone/tmp/tmp1997/shp17253_20211231b.shp,dyad_id,-1,-1;conf_id "conf_id" true true false 5 Long 0 5,First,#,C:/Users/owner/Dropbox/Wzone/tmp/tmp1997/shp406_20211231b.shp,conf_id,-1,-1,C:/Users/owner/Dropbox/Wzone/tmp/tmp1997/shp411_20211231b.shp,conf_id,-1,-1,C:/Users/owner/Dropbox/Wzone/tmp/tmp1997/shp428_20211231b.shp,conf_id,-1,-1,C:/Users/owner/Dropbox/Wzone/tmp/tmp1997/shp453_20211231b.shp,conf_id,-1,-1,C:/Users/owner/Dropbox/Wzone/tmp/tmp1997/shp461_20211231b.shp,conf_id,-1,-1,C:/Users/owner/Dropbox/Wzone/tmp/tmp1997/shp474_20211231b.shp,conf_id,-1,-1,C:/Users/owner/Dropbox/Wzone/tmp/tmp1997/shp476_20211231b.shp,conf_id,-1,-1,C:/Users/owner/Dropbox/Wzone/tmp/tmp1997/shp477_20211231b.shp,conf_id,-1,-1,C:/Users/owner/Dropbox/Wzone/tmp/tmp1997/shp478_20211231b.shp,conf_id,-1,-1,C:/Users/owner/Dropbox/Wzone/tmp/tmp1997/shp555_20211231b.shp,conf_id,-1,-1,C:/Users/owner/Dropbox/Wzone/tmp/tmp1997/shp624_20211231b.shp,conf_id,-1,-1,C:/Users/owner/Dropbox/Wzone/tmp/tmp1997/shp628_20211231b.shp,conf_id,-1,-1,C:/Users/owner/Dropbox/Wzone/tmp/tmp1997/shp640_20211231b.shp,conf_id,-1,-1,C:/Users/owner/Dropbox/Wzone/tmp/tmp1997/shp721_20211231b.shp,conf_id,-1,-1,C:/Users/owner/Dropbox/Wzone/tmp/tmp1997/shp750_20211231b.shp,conf_id,-1,-1,C:/Users/owner/Dropbox/Wzone/tmp/tmp1997/shp754_20211231b.shp,conf_id,-1,-1,C:/Users/owner/Dropbox/Wzone/tmp/tmp1997/shp781_20211231b.shp,conf_id,-1,-1,C:/Users/owner/Dropbox/Wzone/tmp/tmp1997/shp857_20211231b.shp,conf_id,-1,-1,C:/Users/owner/Dropbox/Wzone/tmp/tmp1997/shp888_20211231b.shp,conf_id,-1,-1,C:/Users/owner/Dropbox/Wzone/tmp/tmp1997/shp891_20211231b.shp,conf_id,-1,-1,C:/Users/owner/Dropbox/Wzone/tmp/tmp1997/shp906_20211231b.shp,conf_id,-1,-1,C:/Users/owner/Dropbox/Wzone/tmp/tmp1997/shp913_20211231b.shp,conf_id,-1,-1,C:/Users/owner/Dropbox/Wzone/tmp/tmp1997/shp914_20211231b.shp,conf_id,-1,-1,C:/Users/owner/Dropbox/Wzone/tmp/tmp1997/shp915_20211231b.shp,conf_id,-1,-1,C:/Users/owner/Dropbox/Wzone/tmp/tmp1997/shp920_20211231b.shp,conf_id,-1,-1,C:/Users/owner/Dropbox/Wzone/tmp/tmp1997/shp921_20211231b.shp,conf_id,-1,-1,C:/Users/owner/Dropbox/Wzone/tmp/tmp1997/shp929_20211231b.shp,conf_id,-1,-1,C:/Users/owner/Dropbox/Wzone/tmp/tmp1997/shp930_20211231b.shp,conf_id,-1,-1,C:/Users/owner/Dropbox/Wzone/tmp/tmp1997/shp931_20211231b.shp,conf_id,-1,-1,C:/Users/owner/Dropbox/Wzone/tmp/tmp1997/shp934_20211231b.shp,conf_id,-1,-1,C:/Users/owner/Dropbox/Wzone/tmp/tmp1997/shp936_20211231b.shp,conf_id,-1,-1,C:/Users/owner/Dropbox/Wzone/tmp/tmp1997/shp941_20211231b.shp,conf_id,-1,-1,C:/Users/owner/Dropbox/Wzone/tmp/tmp1997/shp942_20211231b.shp,conf_id,-1,-1,C:/Users/owner/Dropbox/Wzone/tmp/tmp1997/shp944_20211231b.shp,conf_id,-1,-1,C:/Users/owner/Dropbox/Wzone/tmp/tmp1997/shp947_20211231b.shp,conf_id,-1,-1,C:/Users/owner/Dropbox/Wzone/tmp/tmp1997/shp948_20211231b.shp,conf_id,-1,-1,C:/Users/owner/Dropbox/Wzone/tmp/tmp1997/shp950_20211231b.shp,conf_id,-1,-1,C:/Users/owner/Dropbox/Wzone/tmp/tmp1997/shp951_20211231b.shp,conf_id,-1,-1,C:/Users/owner/Dropbox/Wzone/tmp/tmp1997/shp955_20211231b.shp,conf_id,-1,-1,C:/Users/owner/Dropbox/Wzone/tmp/tmp1997/shp962_20211231b.shp,conf_id,-1,-1,C:/Users/owner/Dropbox/Wzone/tmp/tmp1997/shp966_20211231b.shp,conf_id,-1,-1,C:/Users/owner/Dropbox/Wzone/tmp/tmp1997/shp973_20211231b.shp,conf_id,-1,-1,C:/Users/owner/Dropbox/Wzone/tmp/tmp1997/shp1071_20211231b.shp,conf_id,-1,-1,C:/Users/owner/Dropbox/Wzone/tmp/tmp1997/shp1073_20211231b.shp,conf_id,-1,-1,C:/Users/owner/Dropbox/Wzone/tmp/tmp1997/shp1108_20211231b.shp,conf_id,-1,-1,C:/Users/owner/Dropbox/Wzone/tmp/tmp1997/shp1162_20211231b.shp,conf_id,-1,-1,C:/Users/owner/Dropbox/Wzone/tmp/tmp1997/shp1166_20211231b.shp,conf_id,-1,-1,C:/Users/owner/Dropbox/Wzone/tmp/tmp1997/shp1167_20211231b.shp,conf_id,-1,-1,C:/Users/owner/Dropbox/Wzone/tmp/tmp1997/shp1176_20211231b.shp,conf_id,-1,-1,C:/Users/owner/Dropbox/Wzone/tmp/tmp1997/shp1182_20211231b.shp,conf_id,-1,-1,C:/Users/owner/Dropbox/Wzone/tmp/tmp1997/shp1204_20211231b.shp,conf_id,-1,-1,C:/Users/owner/Dropbox/Wzone/tmp/tmp1997/shp1301_20211231b.shp,conf_id,-1,-1,C:/Users/owner/Dropbox/Wzone/tmp/tmp1997/shp1405_20211231b.shp,conf_id,-1,-1,C:/Users/owner/Dropbox/Wzone/tmp/tmp1997/shp1702_20211231b.shp,conf_id,-1,-1,C:/Users/owner/Dropbox/Wzone/tmp/tmp1997/shp1704_20211231b.shp,conf_id,-1,-1,C:/Users/owner/Dropbox/Wzone/tmp/tmp1997/shp2332_20211231b.shp,conf_id,-1,-1,C:/Users/owner/Dropbox/Wzone/tmp/tmp1997/shp2425_20211231b.shp,conf_id,-1,-1,C:/Users/owner/Dropbox/Wzone/tmp/tmp1997/shp2461_20211231b.shp,conf_id,-1,-1,C:/Users/owner/Dropbox/Wzone/tmp/tmp1997/shp4313_20211231b.shp,conf_id,-1,-1,C:/Users/owner/Dropbox/Wzone/tmp/tmp1997/shp4446_20211231b.shp,conf_id,-1,-1,C:/Users/owner/Dropbox/Wzone/tmp/tmp1997/shp5201_20211231b.shp,conf_id,-1,-1,C:/Users/owner/Dropbox/Wzone/tmp/tmp1997/shp5247_20211231b.shp,conf_id,-1,-1,C:/Users/owner/Dropbox/Wzone/tmp/tmp1997/shp5262_20211231b.shp,conf_id,-1,-1,C:/Users/owner/Dropbox/Wzone/tmp/tmp1997/shp5349_20211231b.shp,conf_id,-1,-1,C:/Users/owner/Dropbox/Wzone/tmp/tmp1997/shp5351_20211231b.shp,conf_id,-1,-1,C:/Users/owner/Dropbox/Wzone/tmp/tmp1997/shp5405_20211231b.shp,conf_id,-1,-1,C:/Users/owner/Dropbox/Wzone/tmp/tmp1997/shp5551_20211231b.shp,conf_id,-1,-1,C:/Users/owner/Dropbox/Wzone/tmp/tmp1997/shp5583_20211231b.shp,conf_id,-1,-1,C:/Users/owner/Dropbox/Wzone/tmp/tmp1997/shp5589_20211231b.shp,conf_id,-1,-1,C:/Users/owner/Dropbox/Wzone/tmp/tmp1997/shp5598_20211231b.shp,conf_id,-1,-1,C:/Users/owner/Dropbox/Wzone/tmp/tmp1997/shp10264_20211231b.shp,conf_id,-1,-1,C:/Users/owner/Dropbox/Wzone/tmp/tmp1997/shp10589_20211231b.shp,conf_id,-1,-1,C:/Users/owner/Dropbox/Wzone/tmp/tmp1997/shp10988_20211231b.shp,conf_id,-1,-1,C:/Users/owner/Dropbox/Wzone/tmp/tmp1997/shp11123_20211231b.shp,conf_id,-1,-1,C:/Users/owner/Dropbox/Wzone/tmp/tmp1997/shp11377_20211231b.shp,conf_id,-1,-1,C:/Users/owner/Dropbox/Wzone/tmp/tmp1997/shp11387_20211231b.shp,conf_id,-1,-1,C:/Users/owner/Dropbox/Wzone/tmp/tmp1997/shp11433_20211231b.shp,conf_id,-1,-1,C:/Users/owner/Dropbox/Wzone/tmp/tmp1997/shp12228_20211231b.shp,conf_id,-1,-1,C:/Users/owner/Dropbox/Wzone/tmp/tmp1997/shp12422_20211231b.shp,conf_id,-1,-1,C:/Users/owner/Dropbox/Wzone/tmp/tmp1997/shp12556_20211231b.shp,conf_id,-1,-1,C:/Users/owner/Dropbox/Wzone/tmp/tmp1997/shp14036_20211231b.shp,conf_id,-1,-1,C:/Users/owner/Dropbox/Wzone/tmp/tmp1997/shp14117_20211231b.shp,conf_id,-1,-1,C:/Users/owner/Dropbox/Wzone/tmp/tmp1997/shp14236_20211231b.shp,conf_id,-1,-1,C:/Users/owner/Dropbox/Wzone/tmp/tmp1997/shp14273_20211231b.shp,conf_id,-1,-1,C:/Users/owner/Dropbox/Wzone/tmp/tmp1997/shp14319_20211231b.shp,conf_id,-1,-1,C:/Users/owner/Dropbox/Wzone/tmp/tmp1997/shp14320_20211231b.shp,conf_id,-1,-1,C:/Users/owner/Dropbox/Wzone/tmp/tmp1997/shp14595_20211231b.shp,conf_id,-1,-1,C:/Users/owner/Dropbox/Wzone/tmp/tmp1997/shp14596_20211231b.shp,conf_id,-1,-1,C:/Users/owner/Dropbox/Wzone/tmp/tmp1997/shp14619_20211231b.shp,conf_id,-1,-1,C:/Users/owner/Dropbox/Wzone/tmp/tmp1997/shp14620_20211231b.shp,conf_id,-1,-1,C:/Users/owner/Dropbox/Wzone/tmp/tmp1997/shp14636_20211231b.shp,conf_id,-1,-1,C:/Users/owner/Dropbox/Wzone/tmp/tmp1997/shp14667_20211231b.shp,conf_id,-1,-1,C:/Users/owner/Dropbox/Wzone/tmp/tmp1997/shp14668_20211231b.shp,conf_id,-1,-1,C:/Users/owner/Dropbox/Wzone/tmp/tmp1997/shp14669_20211231b.shp,conf_id,-1,-1,C:/Users/owner/Dropbox/Wzone/tmp/tmp1997/shp14671_20211231b.shp,conf_id,-1,-1,C:/Users/owner/Dropbox/Wzone/tmp/tmp1997/shp14677_20211231b.shp,conf_id,-1,-1,C:/Users/owner/Dropbox/Wzone/tmp/tmp1997/shp14685_20211231b.shp,conf_id,-1,-1,C:/Users/owner/Dropbox/Wzone/tmp/tmp1997/shp14746_20211231b.shp,conf_id,-1,-1,C:/Users/owner/Dropbox/Wzone/tmp/tmp1997/shp14773_20211231b.shp,conf_id,-1,-1,C:/Users/owner/Dropbox/Wzone/tmp/tmp1997/shp14799_20211231b.shp,conf_id,-1,-1,C:/Users/owner/Dropbox/Wzone/tmp/tmp1997/shp14953_20211231b.shp,conf_id,-1,-1,C:/Users/owner/Dropbox/Wzone/tmp/tmp1997/shp15019_20211231b.shp,conf_id,-1,-1,C:/Users/owner/Dropbox/Wzone/tmp/tmp1997/shp15023_20211231b.shp,conf_id,-1,-1,C:/Users/owner/Dropbox/Wzone/tmp/tmp1997/shp15050_20211231b.shp,conf_id,-1,-1,C:/Users/owner/Dropbox/Wzone/tmp/tmp1997/shp15077_20211231b.shp,conf_id,-1,-1,C:/Users/owner/Dropbox/Wzone/tmp/tmp1997/shp15100_20211231b.shp,conf_id,-1,-1,C:/Users/owner/Dropbox/Wzone/tmp/tmp1997/shp15108_20211231b.shp,conf_id,-1,-1,C:/Users/owner/Dropbox/Wzone/tmp/tmp1997/shp15136_20211231b.shp,conf_id,-1,-1,C:/Users/owner/Dropbox/Wzone/tmp/tmp1997/shp15142_20211231b.shp,conf_id,-1,-1,C:/Users/owner/Dropbox/Wzone/tmp/tmp1997/shp15161_20211231b.shp,conf_id,-1,-1,C:/Users/owner/Dropbox/Wzone/tmp/tmp1997/shp15162_20211231b.shp,conf_id,-1,-1,C:/Users/owner/Dropbox/Wzone/tmp/tmp1997/shp15174_20211231b.shp,conf_id,-1,-1,C:/Users/owner/Dropbox/Wzone/tmp/tmp1997/shp15175_20211231b.shp,conf_id,-1,-1,C:/Users/owner/Dropbox/Wzone/tmp/tmp1997/shp15211_20211231b.shp,conf_id,-1,-1,C:/Users/owner/Dropbox/Wzone/tmp/tmp1997/shp15255_20211231b.shp,conf_id,-1,-1,C:/Users/owner/Dropbox/Wzone/tmp/tmp1997/shp15256_20211231b.shp,conf_id,-1,-1,C:/Users/owner/Dropbox/Wzone/tmp/tmp1997/shp15259_20211231b.shp,conf_id,-1,-1,C:/Users/owner/Dropbox/Wzone/tmp/tmp1997/shp15292_20211231b.shp,conf_id,-1,-1,C:/Users/owner/Dropbox/Wzone/tmp/tmp1997/shp15390_20211231b.shp,conf_id,-1,-1,C:/Users/owner/Dropbox/Wzone/tmp/tmp1997/shp15409_20211231b.shp,conf_id,-1,-1,C:/Users/owner/Dropbox/Wzone/tmp/tmp1997/shp15473_20211231b.shp,conf_id,-1,-1,C:/Users/owner/Dropbox/Wzone/tmp/tmp1997/shp15536_20211231b.shp,conf_id,-1,-1,C:/Users/owner/Dropbox/Wzone/tmp/tmp1997/shp15633_20211231b.shp,conf_id,-1,-1,C:/Users/owner/Dropbox/Wzone/tmp/tmp1997/shp15751_20211231b.shp,conf_id,-1,-1,C:/Users/owner/Dropbox/Wzone/tmp/tmp1997/shp15793_20211231b.shp,conf_id,-1,-1,C:/Users/owner/Dropbox/Wzone/tmp/tmp1997/shp15809_20211231b.shp,conf_id,-1,-1,C:/Users/owner/Dropbox/Wzone/tmp/tmp1997/shp15895_20211231b.shp,conf_id,-1,-1,C:/Users/owner/Dropbox/Wzone/tmp/tmp1997/shp15896_20211231b.shp,conf_id,-1,-1,C:/Users/owner/Dropbox/Wzone/tmp/tmp1997/shp15914_20211231b.shp,conf_id,-1,-1,C:/Users/owner/Dropbox/Wzone/tmp/tmp1997/shp15944_20211231b.shp,conf_id,-1,-1,C:/Users/owner/Dropbox/Wzone/tmp/tmp1997/shp15945_20211231b.shp,conf_id,-1,-1,C:/Users/owner/Dropbox/Wzone/tmp/tmp1997/shp15998_20211231b.shp,conf_id,-1,-1,C:/Users/owner/Dropbox/Wzone/tmp/tmp1997/shp16022_20211231b.shp,conf_id,-1,-1,C:/Users/owner/Dropbox/Wzone/tmp/tmp1997/shp16065_20211231b.shp,conf_id,-1,-1,C:/Users/owner/Dropbox/Wzone/tmp/tmp1997/shp16081_20211231b.shp,conf_id,-1,-1,C:/Users/owner/Dropbox/Wzone/tmp/tmp1997/shp16135_20211231b.shp,conf_id,-1,-1,C:/Users/owner/Dropbox/Wzone/tmp/tmp1997/shp16177_20211231b.shp,conf_id,-1,-1,C:/Users/owner/Dropbox/Wzone/tmp/tmp1997/shp16207_20211231b.shp,conf_id,-1,-1,C:/Users/owner/Dropbox/Wzone/tmp/tmp1997/shp16240_20211231b.shp,conf_id,-1,-1,C:/Users/owner/Dropbox/Wzone/tmp/tmp1997/shp16241_20211231b.shp,conf_id,-1,-1,C:/Users/owner/Dropbox/Wzone/tmp/tmp1997/shp16419_20211231b.shp,conf_id,-1,-1,C:/Users/owner/Dropbox/Wzone/tmp/tmp1997/shp16426_20211231b.shp,conf_id,-1,-1,C:/Users/owner/Dropbox/Wzone/tmp/tmp1997/shp16465_20211231b.shp,conf_id,-1,-1,C:/Users/owner/Dropbox/Wzone/tmp/tmp1997/shp16505_20211231b.shp,conf_id,-1,-1,C:/Users/owner/Dropbox/Wzone/tmp/tmp1997/shp16562_20211231b.shp,conf_id,-1,-1,C:/Users/owner/Dropbox/Wzone/tmp/tmp1997/shp16629_20211231b.shp,conf_id,-1,-1,C:/Users/owner/Dropbox/Wzone/tmp/tmp1997/shp16672_20211231b.shp,conf_id,-1,-1,C:/Users/owner/Dropbox/Wzone/tmp/tmp1997/shp16685_20211231b.shp,conf_id,-1,-1,C:/Users/owner/Dropbox/Wzone/tmp/tmp1997/shp16759_20211231b.shp,conf_id,-1,-1,C:/Users/owner/Dropbox/Wzone/tmp/tmp1997/shp16805_20211231b.shp,conf_id,-1,-1,C:/Users/owner/Dropbox/Wzone/tmp/tmp1997/shp16825_20211231b.shp,conf_id,-1,-1,C:/Users/owner/Dropbox/Wzone/tmp/tmp1997/shp16832_20211231b.shp,conf_id,-1,-1,C:/Users/owner/Dropbox/Wzone/tmp/tmp1997/shp17025_20211231b.shp,conf_id,-1,-1,C:/Users/owner/Dropbox/Wzone/tmp/tmp1997/shp17026_20211231b.shp,conf_id,-1,-1,C:/Users/owner/Dropbox/Wzone/tmp/tmp1997/shp17152_20211231b.shp,conf_id,-1,-1,C:/Users/owner/Dropbox/Wzone/tmp/tmp1997/shp17247_20211231b.shp,conf_id,-1,-1,C:/Users/owner/Dropbox/Wzone/tmp/tmp1997/shp17248_20211231b.shp,conf_id,-1,-1,C:/Users/owner/Dropbox/Wzone/tmp/tmp1997/shp17253_20211231b.shp,conf_id,-1,-1;date "date" true true false 254 Text 0 0,First,#,C:/Users/owner/Dropbox/Wzone/tmp/tmp1997/shp406_20211231b.shp,date,0,253,C:/Users/owner/Dropbox/Wzone/tmp/tmp1997/shp411_20211231b.shp,date,0,253,C:/Users/owner/Dropbox/Wzone/tmp/tmp1997/shp428_20211231b.shp,date,0,253,C:/Users/owner/Dropbox/Wzone/tmp/tmp1997/shp453_20211231b.shp,date,0,253,C:/Users/owner/Dropbox/Wzone/tmp/tmp1997/shp461_20211231b.shp,date,0,253,C:/Users/owner/Dropbox/Wzone/tmp/tmp1997/shp474_20211231b.shp,date,0,253,C:/Users/owner/Dropbox/Wzone/tmp/tmp1997/shp476_20211231b.shp,date,0,253,C:/Users/owner/Dropbox/Wzone/tmp/tmp1997/shp477_20211231b.shp,date,0,253,C:/Users/owner/Dropbox/Wzone/tmp/tmp1997/shp478_20211231b.shp,date,0,253,C:/Users/owner/Dropbox/Wzone/tmp/tmp1997/shp555_20211231b.shp,date,0,253,C:/Users/owner/Dropbox/Wzone/tmp/tmp1997/shp624_20211231b.shp,date,0,253,C:/Users/owner/Dropbox/Wzone/tmp/tmp1997/shp628_20211231b.shp,date,0,253,C:/Users/owner/Dropbox/Wzone/tmp/tmp1997/shp640_20211231b.shp,date,0,253,C:/Users/owner/Dropbox/Wzone/tmp/tmp1997/shp721_20211231b.shp,date,0,253,C:/Users/owner/Dropbox/Wzone/tmp/tmp1997/shp750_20211231b.shp,date,0,253,C:/Users/owner/Dropbox/Wzone/tmp/tmp1997/shp754_20211231b.shp,date,0,253,C:/Users/owner/Dropbox/Wzone/tmp/tmp1997/shp781_20211231b.shp,date,0,253,C:/Users/owner/Dropbox/Wzone/tmp/tmp1997/shp857_20211231b.shp,date,0,253,C:/Users/owner/Dropbox/Wzone/tmp/tmp1997/shp888_20211231b.shp,date,0,253,C:/Users/owner/Dropbox/Wzone/tmp/tmp1997/shp891_20211231b.shp,date,0,253,C:/Users/owner/Dropbox/Wzone/tmp/tmp1997/shp906_20211231b.shp,date,0,253,C:/Users/owner/Dropbox/Wzone/tmp/tmp1997/shp913_20211231b.shp,date,0,253,C:/Users/owner/Dropbox/Wzone/tmp/tmp1997/shp914_20211231b.shp,date,0,253,C:/Users/owner/Dropbox/Wzone/tmp/tmp1997/shp915_20211231b.shp,date,0,253,C:/Users/owner/Dropbox/Wzone/tmp/tmp1997/shp920_20211231b.shp,date,0,253,C:/Users/owner/Dropbox/Wzone/tmp/tmp1997/shp921_20211231b.shp,date,0,253,C:/Users/owner/Dropbox/Wzone/tmp/tmp1997/shp929_20211231b.shp,date,0,253,C:/Users/owner/Dropbox/Wzone/tmp/tmp1997/shp930_20211231b.shp,date,0,253,C:/Users/owner/Dropbox/Wzone/tmp/tmp1997/shp931_20211231b.shp,date,0,253,C:/Users/owner/Dropbox/Wzone/tmp/tmp1997/shp934_20211231b.shp,date,0,253,C:/Users/owner/Dropbox/Wzone/tmp/tmp1997/shp936_20211231b.shp,date,0,253,C:/Users/owner/Dropbox/Wzone/tmp/tmp1997/shp941_20211231b.shp,date,0,253,C:/Users/owner/Dropbox/Wzone/tmp/tmp1997/shp942_20211231b.shp,date,0,253,C:/Users/owner/Dropbox/Wzone/tmp/tmp1997/shp944_20211231b.shp,date,0,253,C:/Users/owner/Dropbox/Wzone/tmp/tmp1997/shp947_20211231b.shp,date,0,253,C:/Users/owner/Dropbox/Wzone/tmp/tmp1997/shp948_20211231b.shp,date,0,253,C:/Users/owner/Dropbox/Wzone/tmp/tmp1997/shp950_20211231b.shp,date,0,253,C:/Users/owner/Dropbox/Wzone/tmp/tmp1997/shp951_20211231b.shp,date,0,253,C:/Users/owner/Dropbox/Wzone/tmp/tmp1997/shp955_20211231b.shp,date,0,253,C:/Users/owner/Dropbox/Wzone/tmp/tmp1997/shp962_20211231b.shp,date,0,253,C:/Users/owner/Dropbox/Wzone/tmp/tmp1997/shp966_20211231b.shp,date,0,253,C:/Users/owner/Dropbox/Wzone/tmp/tmp1997/shp973_20211231b.shp,date,0,253,C:/Users/owner/Dropbox/Wzone/tmp/tmp1997/shp1071_20211231b.shp,date,0,253,C:/Users/owner/Dropbox/Wzone/tmp/tmp1997/shp1073_20211231b.shp,date,0,253,C:/Users/owner/Dropbox/Wzone/tmp/tmp1997/shp1108_20211231b.shp,date,0,253,C:/Users/owner/Dropbox/Wzone/tmp/tmp1997/shp1162_20211231b.shp,date,0,253,C:/Users/owner/Dropbox/Wzone/tmp/tmp1997/shp1166_20211231b.shp,date,0,253,C:/Users/owner/Dropbox/Wzone/tmp/tmp1997/shp1167_20211231b.shp,date,0,253,C:/Users/owner/Dropbox/Wzone/tmp/tmp1997/shp1176_20211231b.shp,date,0,253,C:/Users/owner/Dropbox/Wzone/tmp/tmp1997/shp1182_20211231b.shp,date,0,253,C:/Users/owner/Dropbox/Wzone/tmp/tmp1997/shp1204_20211231b.shp,date,0,253,C:/Users/owner/Dropbox/Wzone/tmp/tmp1997/shp1301_20211231b.shp,date,0,253,C:/Users/owner/Dropbox/Wzone/tmp/tmp1997/shp1405_20211231b.shp,date,0,253,C:/Users/owner/Dropbox/Wzone/tmp/tmp1997/shp1702_20211231b.shp,date,0,253,C:/Users/owner/Dropbox/Wzone/tmp/tmp1997/shp1704_20211231b.shp,date,0,253,C:/Users/owner/Dropbox/Wzone/tmp/tmp1997/shp2332_20211231b.shp,date,0,253,C:/Users/owner/Dropbox/Wzone/tmp/tmp1997/shp2425_20211231b.shp,date,0,253,C:/Users/owner/Dropbox/Wzone/tmp/tmp1997/shp2461_20211231b.shp,date,0,253,C:/Users/owner/Dropbox/Wzone/tmp/tmp1997/shp4313_20211231b.shp,date,0,253,C:/Users/owner/Dropbox/Wzone/tmp/tmp1997/shp4446_20211231b.shp,date,0,253,C:/Users/owner/Dropbox/Wzone/tmp/tmp1997/shp5201_20211231b.shp,date,0,253,C:/Users/owner/Dropbox/Wzone/tmp/tmp1997/shp5247_20211231b.shp,date,0,253,C:/Users/owner/Dropbox/Wzone/tmp/tmp1997/shp5262_20211231b.shp,date,0,253,C:/Users/owner/Dropbox/Wzone/tmp/tmp1997/shp5349_20211231b.shp,date,0,253,C:/Users/owner/Dropbox/Wzone/tmp/tmp1997/shp5351_20211231b.shp,date,0,253,C:/Users/owner/Dropbox/Wzone/tmp/tmp1997/shp5405_20211231b.shp,date,0,253,C:/Users/owner/Dropbox/Wzone/tmp/tmp1997/shp5551_20211231b.shp,date,0,253,C:/Users/owner/Dropbox/Wzone/tmp/tmp1997/shp5583_20211231b.shp,date,0,253,C:/Users/owner/Dropbox/Wzone/tmp/tmp1997/shp5589_20211231b.shp,date,0,253,C:/Users/owner/Dropbox/Wzone/tmp/tmp1997/shp5598_20211231b.shp,date,0,253,C:/Users/owner/Dropbox/Wzone/tmp/tmp1997/shp10264_20211231b.shp,date,0,253,C:/Users/owner/Dropbox/Wzone/tmp/tmp1997/shp10589_20211231b.shp,date,0,253,C:/Users/owner/Dropbox/Wzone/tmp/tmp1997/shp10988_20211231b.shp,date,0,253,C:/Users/owner/Dropbox/Wzone/tmp/tmp1997/shp11123_20211231b.shp,date,0,253,C:/Users/owner/Dropbox/Wzone/tmp/tmp1997/shp11377_20211231b.shp,date,0,253,C:/Users/owner/Dropbox/Wzone/tmp/tmp1997/shp11387_20211231b.shp,date,0,253,C:/Users/owner/Dropbox/Wzone/tmp/tmp1997/shp11433_20211231b.shp,date,0,253,C:/Users/owner/Dropbox/Wzone/tmp/tmp1997/shp12228_20211231b.shp,date,0,253,C:/Users/owner/Dropbox/Wzone/tmp/tmp1997/shp12422_20211231b.shp,date,0,253,C:/Users/owner/Dropbox/Wzone/tmp/tmp1997/shp12556_20211231b.shp,date,0,253,C:/Users/owner/Dropbox/Wzone/tmp/tmp1997/shp14036_20211231b.shp,date,0,253,C:/Users/owner/Dropbox/Wzone/tmp/tmp1997/shp14117_20211231b.shp,date,0,253,C:/Users/owner/Dropbox/Wzone/tmp/tmp1997/shp14236_20211231b.shp,date,0,253,C:/Users/owner/Dropbox/Wzone/tmp/tmp1997/shp14273_20211231b.shp,date,0,253,C:/Users/owner/Dropbox/Wzone/tmp/tmp1997/shp14319_20211231b.shp,date,0,253,C:/Users/owner/Dropbox/Wzone/tmp/tmp1997/shp14320_20211231b.shp,date,0,253,C:/Users/owner/Dropbox/Wzone/tmp/tmp1997/shp14595_20211231b.shp,date,0,253,C:/Users/owner/Dropbox/Wzone/tmp/tmp1997/shp14596_20211231b.shp,date,0,253,C:/Users/owner/Dropbox/Wzone/tmp/tmp1997/shp14619_20211231b.shp,date,0,253,C:/Users/owner/Dropbox/Wzone/tmp/tmp1997/shp14620_20211231b.shp,date,0,253,C:/Users/owner/Dropbox/Wzone/tmp/tmp1997/shp14636_20211231b.shp,date,0,253,C:/Users/owner/Dropbox/Wzone/tmp/tmp1997/shp14667_20211231b.shp,date,0,253,C:/Users/owner/Dropbox/Wzone/tmp/tmp1997/shp14668_20211231b.shp,date,0,253,C:/Users/owner/Dropbox/Wzone/tmp/tmp1997/shp14669_20211231b.shp,date,0,253,C:/Users/owner/Dropbox/Wzone/tmp/tmp1997/shp14671_20211231b.shp,date,0,253,C:/Users/owner/Dropbox/Wzone/tmp/tmp1997/shp14677_20211231b.shp,date,0,253,C:/Users/owner/Dropbox/Wzone/tmp/tmp1997/shp14685_20211231b.shp,date,0,253,C:/Users/owner/Dropbox/Wzone/tmp/tmp1997/shp14746_20211231b.shp,date,0,253,C:/Users/owner/Dropbox/Wzone/tmp/tmp1997/shp14773_20211231b.shp,date,0,253,C:/Users/owner/Dropbox/Wzone/tmp/tmp1997/shp14799_20211231b.shp,date,0,253,C:/Users/owner/Dropbox/Wzone/tmp/tmp1997/shp14953_20211231b.shp,date,0,253,C:/Users/owner/Dropbox/Wzone/tmp/tmp1997/shp15019_20211231b.shp,date,0,253,C:/Users/owner/Dropbox/Wzone/tmp/tmp1997/shp15023_20211231b.shp,date,0,253,C:/Users/owner/Dropbox/Wzone/tmp/tmp1997/shp15050_20211231b.shp,date,0,253,C:/Users/owner/Dropbox/Wzone/tmp/tmp1997/shp15077_20211231b.shp,date,0,253,C:/Users/owner/Dropbox/Wzone/tmp/tmp1997/shp15100_20211231b.shp,date,0,253,C:/Users/owner/Dropbox/Wzone/tmp/tmp1997/shp15108_20211231b.shp,date,0,253,C:/Users/owner/Dropbox/Wzone/tmp/tmp1997/shp15136_20211231b.shp,date,0,253,C:/Users/owner/Dropbox/Wzone/tmp/tmp1997/shp15142_20211231b.shp,date,0,253,C:/Users/owner/Dropbox/Wzone/tmp/tmp1997/shp15161_20211231b.shp,date,0,253,C:/Users/owner/Dropbox/Wzone/tmp/tmp1997/shp15162_20211231b.shp,date,0,253,C:/Users/owner/Dropbox/Wzone/tmp/tmp1997/shp15174_20211231b.shp,date,0,253,C:/Users/owner/Dropbox/Wzone/tmp/tmp1997/shp15175_20211231b.shp,date,0,253,C:/Users/owner/Dropbox/Wzone/tmp/tmp1997/shp15211_20211231b.shp,date,0,253,C:/Users/owner/Dropbox/Wzone/tmp/tmp1997/shp15255_20211231b.shp,date,0,253,C:/Users/owner/Dropbox/Wzone/tmp/tmp1997/shp15256_20211231b.shp,date,0,253,C:/Users/owner/Dropbox/Wzone/tmp/tmp1997/shp15259_20211231b.shp,date,0,253,C:/Users/owner/Dropbox/Wzone/tmp/tmp1997/shp15292_20211231b.shp,date,0,253,C:/Users/owner/Dropbox/Wzone/tmp/tmp1997/shp15390_20211231b.shp,date,0,253,C:/Users/owner/Dropbox/Wzone/tmp/tmp1997/shp15409_20211231b.shp,date,0,253,C:/Users/owner/Dropbox/Wzone/tmp/tmp1997/shp15473_20211231b.shp,date,0,253,C:/Users/owner/Dropbox/Wzone/tmp/tmp1997/shp15536_20211231b.shp,date,0,253,C:/Users/owner/Dropbox/Wzone/tmp/tmp1997/shp15633_20211231b.shp,date,0,253,C:/Users/owner/Dropbox/Wzone/tmp/tmp1997/shp15751_20211231b.shp,date,0,253,C:/Users/owner/Dropbox/Wzone/tmp/tmp1997/shp15793_20211231b.shp,date,0,253,C:/Users/owner/Dropbox/Wzone/tmp/tmp1997/shp15809_20211231b.shp,date,0,253,C:/Users/owner/Dropbox/Wzone/tmp/tmp1997/shp15895_20211231b.shp,date,0,253,C:/Users/owner/Dropbox/Wzone/tmp/tmp1997/shp15896_20211231b.shp,date,0,253,C:/Users/owner/Dropbox/Wzone/tmp/tmp1997/shp15914_20211231b.shp,date,0,253,C:/Users/owner/Dropbox/Wzone/tmp/tmp1997/shp15944_20211231b.shp,date,0,253,C:/Users/owner/Dropbox/Wzone/tmp/tmp1997/shp15945_20211231b.shp,date,0,253,C:/Users/owner/Dropbox/Wzone/tmp/tmp1997/shp15998_20211231b.shp,date,0,253,C:/Users/owner/Dropbox/Wzone/tmp/tmp1997/shp16022_20211231b.shp,date,0,253,C:/Users/owner/Dropbox/Wzone/tmp/tmp1997/shp16065_20211231b.shp,date,0,253,C:/Users/owner/Dropbox/Wzone/tmp/tmp1997/shp16081_20211231b.shp,date,0,253,C:/Users/owner/Dropbox/Wzone/tmp/tmp1997/shp16135_20211231b.shp,date,0,253,C:/Users/owner/Dropbox/Wzone/tmp/tmp1997/shp16177_20211231b.shp,date,0,253,C:/Users/owner/Dropbox/Wzone/tmp/tmp1997/shp16207_20211231b.shp,date,0,253,C:/Users/owner/Dropbox/Wzone/tmp/tmp1997/shp16240_20211231b.shp,date,0,253,C:/Users/owner/Dropbox/Wzone/tmp/tmp1997/shp16241_20211231b.shp,date,0,253,C:/Users/owner/Dropbox/Wzone/tmp/tmp1997/shp16419_20211231b.shp,date,0,253,C:/Users/owner/Dropbox/Wzone/tmp/tmp1997/shp16426_20211231b.shp,date,0,253,C:/Users/owner/Dropbox/Wzone/tmp/tmp1997/shp16465_20211231b.shp,date,0,253,C:/Users/owner/Dropbox/Wzone/tmp/tmp1997/shp16505_20211231b.shp,date,0,253,C:/Users/owner/Dropbox/Wzone/tmp/tmp1997/shp16562_20211231b.shp,date,0,253,C:/Users/owner/Dropbox/Wzone/tmp/tmp1997/shp16629_20211231b.shp,date,0,253,C:/Users/owner/Dropbox/Wzone/tmp/tmp1997/shp16672_20211231b.shp,date,0,253,C:/Users/owner/Dropbox/Wzone/tmp/tmp1997/shp16685_20211231b.shp,date,0,253,C:/Users/owner/Dropbox/Wzone/tmp/tmp1997/shp16759_20211231b.shp,date,0,253,C:/Users/owner/Dropbox/Wzone/tmp/tmp1997/shp16805_20211231b.shp,date,0,253,C:/Users/owner/Dropbox/Wzone/tmp/tmp1997/shp16825_20211231b.shp,date,0,253,C:/Users/owner/Dropbox/Wzone/tmp/tmp1997/shp16832_20211231b.shp,date,0,253,C:/Users/owner/Dropbox/Wzone/tmp/tmp1997/shp17025_20211231b.shp,date,0,253,C:/Users/owner/Dropbox/Wzone/tmp/tmp1997/shp17026_20211231b.shp,date,0,253,C:/Users/owner/Dropbox/Wzone/tmp/tmp1997/shp17152_20211231b.shp,date,0,253,C:/Users/owner/Dropbox/Wzone/tmp/tmp1997/shp17247_20211231b.shp,date,0,253,C:/Users/owner/Dropbox/Wzone/tmp/tmp1997/shp17248_20211231b.shp,date,0,253,C:/Users/owner/Dropbox/Wzone/tmp/tmp1997/shp17253_20211231b.shp,date,0,253" NO_SOURCE_INFO</Process><Process ToolSource="c:\program files\arcgis\pro\Resources\ArcToolbox\toolboxes\Data Management Tools.tbx\DefineProjection" Date="20240720" Time="011333">DefineProjection C:/Users/owner/Dropbox/Wzone/out/wzone_shp/2021/2021_12_31.shp GEOGCS["GCS_WGS_1984",DATUM["D_WGS_1984",SPHEROID["WGS_1984",6378137.0,298.257223563]],PRIMEM["Greenwich",0.0],UNIT["Degree",0.0174532925199433]]</Process></lineage></DataProperties><SyncDate>20240720</SyncDate><SyncTime>01133000</SyncTime><ModDate>20240720</ModDate><ModTime>01133000</ModTime></Esri><dataIdInfo><envirDesc Sync="TRUE">Microsoft Windows 10 Version 10.0 (Build 19045) ; Esri ArcGIS 13.2.2.49743</envirDesc><dataLang><languageCode value="eng" Sync="TRUE"></languageCode><countryCode value="USA" Sync="TRUE"></countryCode></dataLang><idCitation><resTitle Sync="TRUE">2021_12_31</resTitle><presForm><PresFormCd value="005" Sync="TRUE"></PresFormCd></presForm></idCitation><spatRpType><SpatRepTypCd value="001" Sync="TRUE"></SpatRepTypCd></spatRpType></dataIdInfo><mdLang><languageCode value="eng" Sync="TRUE"></languageCode><countryCode value="USA" Sync="TRUE"></countryCode></mdLang><mdChar><CharSetCd value="004" Sync="TRUE"></CharSetCd></mdChar><distInfo><distFormat><formatName Sync="TRUE">Shapefile</formatName></distFormat><distTranOps><transSize Sync="TRUE">0.000</transSize></distTranOps></distInfo><mdHrLv><ScopeCd value="005" Sync="TRUE"></ScopeCd></mdHrLv><mdHrLvName Sync="TRUE">dataset</mdHrLvName><spatRepInfo><VectSpatRep><geometObjs Name="2021_12_31"><geoObjTyp><GeoObjTypCd value="002" Sync="TRUE"></GeoObjTypCd></geoObjTyp><geoObjCnt Sync="TRUE">0</geoObjCnt></geometObjs><topLvl><TopoLevCd value="001" Sync="TRUE"></TopoLevCd></topLvl></VectSpatRep></spatRepInfo><spdoinfo><ptvctinf><esriterm Name="2021_12_31"><efeatyp Sync="TRUE">Simple</efeatyp><efeageom code="4" Sync="TRUE"></efeageom><esritopo Sync="TRUE">FALSE</esritopo><efeacnt Sync="TRUE">0</efeacnt><spindex Sync="TRUE">FALSE</spindex><linrefer Sync="TRUE">FALSE</linrefer></esriterm></ptvctinf></spdoinfo><eainfo><detailed Name="2021_12_31"><enttyp><enttypl Sync="TRUE">2021_12_31</enttypl><enttypt Sync="TRUE">Feature Class</enttypt><enttypc Sync="TRUE">0</enttypc></enttyp><attr><attrlabl Sync="TRUE">FID</attrlabl><attalias Sync="TRUE">FID</attalias><attrtype Sync="TRUE">OID</attrtype><attwidth Sync="TRUE">4</attwidth><atprecis Sync="TRUE">0</atprecis><attscale Sync="TRUE">0</attscale><attrdef Sync="TRUE">Internal feature number.</attrdef><attrdefs Sync="TRUE">Esri</attrdefs><attrdomv><udom Sync="TRUE">Sequential unique whole numbers that are automatically generated.</udom></attrdomv></attr><attr><attrlabl Sync="TRUE">Shape</attrlabl><attalias Sync="TRUE">Shape</attalias><attrtype Sync="TRUE">Geometry</attrtype><attwidth Sync="TRUE">0</attwidth><atprecis Sync="TRUE">0</atprecis><attscale Sync="TRUE">0</attscale><attrdef Sync="TRUE">Feature geometry.</attrdef><attrdefs Sync="TRUE">Esri</attrdefs><attrdomv><udom Sync="TRUE">Coordinates defining the features.</udom></attrdomv></attr><attr><attrlabl Sync="TRUE">dyad_id</attrlabl><attalias Sync="TRUE">dyad_id</attalias><attrtype Sync="TRUE">Integer</attrtype><attwidth Sync="TRUE">5</attwidth><atprecis Sync="TRUE">5</atprecis><attscale Sync="TRUE">0</attscale></attr><attr><attrlabl Sync="TRUE">conf_id</attrlabl><attalias Sync="TRUE">conf_id</attalias><attrtype Sync="TRUE">Integer</attrtype><attwidth Sync="TRUE">5</attwidth><atprecis Sync="TRUE">5</atprecis><attscale Sync="TRUE">0</attscale></attr><attr><attrlabl Sync="TRUE">date</attrlabl><attalias Sync="TRUE">date</attalias><attrtype Sync="TRUE">String</attrtype><attwidth Sync="TRUE">254</attwidth><atprecis Sync="TRUE">0</atprecis><attscale Sync="TRUE">0</attscale></attr></detailed></eainfo><mdDateSt Sync="TRUE">20240720</mdDateSt></metadata>
