<?xml version="1.0" encoding="UTF-8"?>
<metadata xml:lang="en"><Esri><CreaDate>20240719</CreaDate><CreaTime>01452300</CreaTime><ArcGISFormat>1.0</ArcGISFormat><SyncOnce>FALSE</SyncOnce><DataProperties><itemProps><itemName Sync="TRUE">2022_12_31</itemName><imsContentType Sync="TRUE">002</imsContentType><itemSize Sync="TRUE">0.000</itemSize><itemLocation><linkage Sync="TRUE">file://\\DESKTOP-48J08HF\C$\Users\owner\Dropbox\Wzone\out\wzone_shp\2022\2022_12_31.shp</linkage><protocol Sync="TRUE">Local Area Network</protocol></itemLocation></itemProps><lineage><Process ToolSource="c:\program files\arcgis\pro\Resources\ArcToolbox\toolboxes\Analysis Tools.tbx\Select" Date="20240719" Time="014523">Select in_memory/shp1998411_20221231a C:\Users\owner\Dropbox\Wzone\tmp\tmp1998\shp411_20221231b.shp ""gridcode" &gt; 0"</Process><Process ToolSource="c:\program files\arcgis\pro\Resources\ArcToolbox\toolboxes\Data Management Tools.tbx\AddField" Date="20240719" Time="014523">AddField C:/Users/owner/Dropbox/Wzone/tmp/tmp1998/shp411_20221231b.shp dyad_id "Short (16-bit integer)" # # # # NULLABLE NON_REQUIRED #</Process><Process ToolSource="c:\program files\arcgis\pro\Resources\ArcToolbox\toolboxes\Data Management Tools.tbx\AddField" Date="20240719" Time="014523">AddField C:/Users/owner/Dropbox/Wzone/tmp/tmp1998/shp411_20221231b.shp conf_id "Short (16-bit integer)" # # # # NULLABLE NON_REQUIRED #</Process><Process ToolSource="c:\program files\arcgis\pro\Resources\ArcToolbox\toolboxes\Data Management Tools.tbx\AddField" Date="20240719" Time="014523">AddField C:/Users/owner/Dropbox/Wzone/tmp/tmp1998/shp411_20221231b.shp date Text # # # # NULLABLE NON_REQUIRED #</Process><Process ToolSource="c:\program files\arcgis\pro\Resources\ArcToolbox\toolboxes\Data Management Tools.tbx\DeleteField" Date="20240719" Time="014523">DeleteField C:/Users/owner/Dropbox/Wzone/tmp/tmp1998/shp411_20221231b.shp Id "Delete Fields"</Process><Process ToolSource="c:\program files\arcgis\pro\Resources\ArcToolbox\toolboxes\Data Management Tools.tbx\DeleteField" Date="20240719" Time="014524">DeleteField C:/Users/owner/Dropbox/Wzone/tmp/tmp1998/shp411_20221231b.shp gridcode "Delete Fields"</Process><Process ToolSource="c:\program files\arcgis\pro\Resources\ArcToolbox\toolboxes\Data Management Tools.tbx\Merge" Date="20240719" Time="014815">Merge C:/Users/owner/Dropbox/Wzone/tmp/tmp1998/shp411_20221231b.shp;C:/Users/owner/Dropbox/Wzone/tmp/tmp1998/shp428_20221231b.shp;C:/Users/owner/Dropbox/Wzone/tmp/tmp1998/shp453_20221231b.shp;C:/Users/owner/Dropbox/Wzone/tmp/tmp1998/shp461_20221231b.shp;C:/Users/owner/Dropbox/Wzone/tmp/tmp1998/shp474_20221231b.shp;C:/Users/owner/Dropbox/Wzone/tmp/tmp1998/shp476_20221231b.shp;C:/Users/owner/Dropbox/Wzone/tmp/tmp1998/shp477_20221231b.shp;C:/Users/owner/Dropbox/Wzone/tmp/tmp1998/shp478_20221231b.shp;C:/Users/owner/Dropbox/Wzone/tmp/tmp1998/shp624_20221231b.shp;C:/Users/owner/Dropbox/Wzone/tmp/tmp1998/shp628_20221231b.shp;C:/Users/owner/Dropbox/Wzone/tmp/tmp1998/shp640_20221231b.shp;C:/Users/owner/Dropbox/Wzone/tmp/tmp1998/shp721_20221231b.shp;C:/Users/owner/Dropbox/Wzone/tmp/tmp1998/shp750_20221231b.shp;C:/Users/owner/Dropbox/Wzone/tmp/tmp1998/shp781_20221231b.shp;C:/Users/owner/Dropbox/Wzone/tmp/tmp1998/shp857_20221231b.shp;C:/Users/owner/Dropbox/Wzone/tmp/tmp1998/shp891_20221231b.shp;C:/Users/owner/Dropbox/Wzone/tmp/tmp1998/shp906_20221231b.shp;C:/Users/owner/Dropbox/Wzone/tmp/tmp1998/shp909_20221231b.shp;C:/Users/owner/Dropbox/Wzone/tmp/tmp1998/shp913_20221231b.shp;C:/Users/owner/Dropbox/Wzone/tmp/tmp1998/shp914_20221231b.shp;C:/Users/owner/Dropbox/Wzone/tmp/tmp1998/shp915_20221231b.shp;C:/Users/owner/Dropbox/Wzone/tmp/tmp1998/shp920_20221231b.shp;C:/Users/owner/Dropbox/Wzone/tmp/tmp1998/shp921_20221231b.shp;C:/Users/owner/Dropbox/Wzone/tmp/tmp1998/shp929_20221231b.shp;C:/Users/owner/Dropbox/Wzone/tmp/tmp1998/shp930_20221231b.shp;C:/Users/owner/Dropbox/Wzone/tmp/tmp1998/shp931_20221231b.shp;C:/Users/owner/Dropbox/Wzone/tmp/tmp1998/shp936_20221231b.shp;C:/Users/owner/Dropbox/Wzone/tmp/tmp1998/shp941_20221231b.shp;C:/Users/owner/Dropbox/Wzone/tmp/tmp1998/shp944_20221231b.shp;C:/Users/owner/Dropbox/Wzone/tmp/tmp1998/shp947_20221231b.shp;C:/Users/owner/Dropbox/Wzone/tmp/tmp1998/shp950_20221231b.shp;C:/Users/owner/Dropbox/Wzone/tmp/tmp1998/shp951_20221231b.shp;C:/Users/owner/Dropbox/Wzone/tmp/tmp1998/shp955_20221231b.shp;C:/Users/owner/Dropbox/Wzone/tmp/tmp1998/shp962_20221231b.shp;C:/Users/owner/Dropbox/Wzone/tmp/tmp1998/shp966_20221231b.shp;C:/Users/owner/Dropbox/Wzone/tmp/tmp1998/shp973_20221231b.shp;C:/Users/owner/Dropbox/Wzone/tmp/tmp1998/shp1071_20221231b.shp;C:/Users/owner/Dropbox/Wzone/tmp/tmp1998/shp1073_20221231b.shp;C:/Users/owner/Dropbox/Wzone/tmp/tmp1998/shp1108_20221231b.shp;C:/Users/owner/Dropbox/Wzone/tmp/tmp1998/shp1162_20221231b.shp;C:/Users/owner/Dropbox/Wzone/tmp/tmp1998/shp1166_20221231b.shp;C:/Users/owner/Dropbox/Wzone/tmp/tmp1998/shp1167_20221231b.shp;C:/Users/owner/Dropbox/Wzone/tmp/tmp1998/shp1176_20221231b.shp;C:/Users/owner/Dropbox/Wzone/tmp/tmp1998/shp1182_20221231b.shp;C:/Users/owner/Dropbox/Wzone/tmp/tmp1998/shp1204_20221231b.shp;C:/Users/owner/Dropbox/Wzone/tmp/tmp1998/shp1301_20221231b.shp;C:/Users/owner/Dropbox/Wzone/tmp/tmp1998/shp1702_20221231b.shp;C:/Users/owner/Dropbox/Wzone/tmp/tmp1998/shp2332_20221231b.shp;C:/Users/owner/Dropbox/Wzone/tmp/tmp1998/shp2425_20221231b.shp;C:/Users/owner/Dropbox/Wzone/tmp/tmp1998/shp4446_20221231b.shp;C:/Users/owner/Dropbox/Wzone/tmp/tmp1998/shp5201_20221231b.shp;C:/Users/owner/Dropbox/Wzone/tmp/tmp1998/shp5262_20221231b.shp;C:/Users/owner/Dropbox/Wzone/tmp/tmp1998/shp5349_20221231b.shp;C:/Users/owner/Dropbox/Wzone/tmp/tmp1998/shp5583_20221231b.shp;C:/Users/owner/Dropbox/Wzone/tmp/tmp1998/shp5598_20221231b.shp;C:/Users/owner/Dropbox/Wzone/tmp/tmp1998/shp10589_20221231b.shp;C:/Users/owner/Dropbox/Wzone/tmp/tmp1998/shp10988_20221231b.shp;C:/Users/owner/Dropbox/Wzone/tmp/tmp1998/shp11123_20221231b.shp;C:/Users/owner/Dropbox/Wzone/tmp/tmp1998/shp11387_20221231b.shp;C:/Users/owner/Dropbox/Wzone/tmp/tmp1998/shp11433_20221231b.shp;C:/Users/owner/Dropbox/Wzone/tmp/tmp1998/shp12228_20221231b.shp;C:/Users/owner/Dropbox/Wzone/tmp/tmp1998/shp12422_20221231b.shp;C:/Users/owner/Dropbox/Wzone/tmp/tmp1998/shp12556_20221231b.shp;C:/Users/owner/Dropbox/Wzone/tmp/tmp1998/shp12766_20221231b.shp;C:/Users/owner/Dropbox/Wzone/tmp/tmp1998/shp14036_20221231b.shp;C:/Users/owner/Dropbox/Wzone/tmp/tmp1998/shp14117_20221231b.shp;C:/Users/owner/Dropbox/Wzone/tmp/tmp1998/shp14273_20221231b.shp;C:/Users/owner/Dropbox/Wzone/tmp/tmp1998/shp14319_20221231b.shp;C:/Users/owner/Dropbox/Wzone/tmp/tmp1998/shp14595_20221231b.shp;C:/Users/owner/Dropbox/Wzone/tmp/tmp1998/shp14596_20221231b.shp;C:/Users/owner/Dropbox/Wzone/tmp/tmp1998/shp14636_20221231b.shp;C:/Users/owner/Dropbox/Wzone/tmp/tmp1998/shp14666_20221231b.shp;C:/Users/owner/Dropbox/Wzone/tmp/tmp1998/shp14668_20221231b.shp;C:/Users/owner/Dropbox/Wzone/tmp/tmp1998/shp14669_20221231b.shp;C:/Users/owner/Dropbox/Wzone/tmp/tmp1998/shp14671_20221231b.shp;C:/Users/owner/Dropbox/Wzone/tmp/tmp1998/shp14773_20221231b.shp;C:/Users/owner/Dropbox/Wzone/tmp/tmp1998/shp14784_20221231b.shp;C:/Users/owner/Dropbox/Wzone/tmp/tmp1998/shp14799_20221231b.shp;C:/Users/owner/Dropbox/Wzone/tmp/tmp1998/shp14953_20221231b.shp;C:/Users/owner/Dropbox/Wzone/tmp/tmp1998/shp15023_20221231b.shp;C:/Users/owner/Dropbox/Wzone/tmp/tmp1998/shp15050_20221231b.shp;C:/Users/owner/Dropbox/Wzone/tmp/tmp1998/shp15077_20221231b.shp;C:/Users/owner/Dropbox/Wzone/tmp/tmp1998/shp15108_20221231b.shp;C:/Users/owner/Dropbox/Wzone/tmp/tmp1998/shp15136_20221231b.shp;C:/Users/owner/Dropbox/Wzone/tmp/tmp1998/shp15142_20221231b.shp;C:/Users/owner/Dropbox/Wzone/tmp/tmp1998/shp15161_20221231b.shp;C:/Users/owner/Dropbox/Wzone/tmp/tmp1998/shp15162_20221231b.shp;C:/Users/owner/Dropbox/Wzone/tmp/tmp1998/shp15174_20221231b.shp;C:/Users/owner/Dropbox/Wzone/tmp/tmp1998/shp15175_20221231b.shp;C:/Users/owner/Dropbox/Wzone/tmp/tmp1998/shp15256_20221231b.shp;C:/Users/owner/Dropbox/Wzone/tmp/tmp1998/shp15259_20221231b.shp;C:/Users/owner/Dropbox/Wzone/tmp/tmp1998/shp15409_20221231b.shp;C:/Users/owner/Dropbox/Wzone/tmp/tmp1998/shp15473_20221231b.shp;C:/Users/owner/Dropbox/Wzone/tmp/tmp1998/shp15633_20221231b.shp;C:/Users/owner/Dropbox/Wzone/tmp/tmp1998/shp15750_20221231b.shp;C:/Users/owner/Dropbox/Wzone/tmp/tmp1998/shp15751_20221231b.shp;C:/Users/owner/Dropbox/Wzone/tmp/tmp1998/shp15809_20221231b.shp;C:/Users/owner/Dropbox/Wzone/tmp/tmp1998/shp15895_20221231b.shp;C:/Users/owner/Dropbox/Wzone/tmp/tmp1998/shp15896_20221231b.shp;C:/Users/owner/Dropbox/Wzone/tmp/tmp1998/shp15914_20221231b.shp;C:/Users/owner/Dropbox/Wzone/tmp/tmp1998/shp15998_20221231b.shp;C:/Users/owner/Dropbox/Wzone/tmp/tmp1998/shp16022_20221231b.shp;C:/Users/owner/Dropbox/Wzone/tmp/tmp1998/shp16065_20221231b.shp;C:/Users/owner/Dropbox/Wzone/tmp/tmp1998/shp16135_20221231b.shp;C:/Users/owner/Dropbox/Wzone/tmp/tmp1998/shp16177_20221231b.shp;C:/Users/owner/Dropbox/Wzone/tmp/tmp1998/shp16207_20221231b.shp;C:/Users/owner/Dropbox/Wzone/tmp/tmp1998/shp16240_20221231b.shp;C:/Users/owner/Dropbox/Wzone/tmp/tmp1998/shp16241_20221231b.shp;C:/Users/owner/Dropbox/Wzone/tmp/tmp1998/shp16419_20221231b.shp;C:/Users/owner/Dropbox/Wzone/tmp/tmp1998/shp16465_20221231b.shp;C:/Users/owner/Dropbox/Wzone/tmp/tmp1998/shp16562_20221231b.shp;C:/Users/owner/Dropbox/Wzone/tmp/tmp1998/shp16629_20221231b.shp;C:/Users/owner/Dropbox/Wzone/tmp/tmp1998/shp16672_20221231b.shp;C:/Users/owner/Dropbox/Wzone/tmp/tmp1998/shp16685_20221231b.shp;C:/Users/owner/Dropbox/Wzone/tmp/tmp1998/shp16759_20221231b.shp;C:/Users/owner/Dropbox/Wzone/tmp/tmp1998/shp16805_20221231b.shp;C:/Users/owner/Dropbox/Wzone/tmp/tmp1998/shp16825_20221231b.shp;C:/Users/owner/Dropbox/Wzone/tmp/tmp1998/shp16832_20221231b.shp;C:/Users/owner/Dropbox/Wzone/tmp/tmp1998/shp17025_20221231b.shp;C:/Users/owner/Dropbox/Wzone/tmp/tmp1998/shp17026_20221231b.shp;C:/Users/owner/Dropbox/Wzone/tmp/tmp1998/shp17083_20221231b.shp;C:/Users/owner/Dropbox/Wzone/tmp/tmp1998/shp17146_20221231b.shp;C:/Users/owner/Dropbox/Wzone/tmp/tmp1998/shp17152_20221231b.shp;C:/Users/owner/Dropbox/Wzone/tmp/tmp1998/shp17247_20221231b.shp;C:/Users/owner/Dropbox/Wzone/tmp/tmp1998/shp17248_20221231b.shp;C:/Users/owner/Dropbox/Wzone/tmp/tmp1998/shp17253_20221231b.shp;C:/Users/owner/Dropbox/Wzone/tmp/tmp1998/shp17267_20221231b.shp;C:/Users/owner/Dropbox/Wzone/tmp/tmp1998/shp17446_20221231b.shp C:\Users\owner\Dropbox\Wzone\out\wzone_shp\2022\2022_12_31.shp "dyad_id "dyad_id" true true false 5 Long 0 5,First,#,C:/Users/owner/Dropbox/Wzone/tmp/tmp1998/shp411_20221231b.shp,dyad_id,-1,-1,C:/Users/owner/Dropbox/Wzone/tmp/tmp1998/shp428_20221231b.shp,dyad_id,-1,-1,C:/Users/owner/Dropbox/Wzone/tmp/tmp1998/shp453_20221231b.shp,dyad_id,-1,-1,C:/Users/owner/Dropbox/Wzone/tmp/tmp1998/shp461_20221231b.shp,dyad_id,-1,-1,C:/Users/owner/Dropbox/Wzone/tmp/tmp1998/shp474_20221231b.shp,dyad_id,-1,-1,C:/Users/owner/Dropbox/Wzone/tmp/tmp1998/shp476_20221231b.shp,dyad_id,-1,-1,C:/Users/owner/Dropbox/Wzone/tmp/tmp1998/shp477_20221231b.shp,dyad_id,-1,-1,C:/Users/owner/Dropbox/Wzone/tmp/tmp1998/shp478_20221231b.shp,dyad_id,-1,-1,C:/Users/owner/Dropbox/Wzone/tmp/tmp1998/shp624_20221231b.shp,dyad_id,-1,-1,C:/Users/owner/Dropbox/Wzone/tmp/tmp1998/shp628_20221231b.shp,dyad_id,-1,-1,C:/Users/owner/Dropbox/Wzone/tmp/tmp1998/shp640_20221231b.shp,dyad_id,-1,-1,C:/Users/owner/Dropbox/Wzone/tmp/tmp1998/shp721_20221231b.shp,dyad_id,-1,-1,C:/Users/owner/Dropbox/Wzone/tmp/tmp1998/shp750_20221231b.shp,dyad_id,-1,-1,C:/Users/owner/Dropbox/Wzone/tmp/tmp1998/shp781_20221231b.shp,dyad_id,-1,-1,C:/Users/owner/Dropbox/Wzone/tmp/tmp1998/shp857_20221231b.shp,dyad_id,-1,-1,C:/Users/owner/Dropbox/Wzone/tmp/tmp1998/shp891_20221231b.shp,dyad_id,-1,-1,C:/Users/owner/Dropbox/Wzone/tmp/tmp1998/shp906_20221231b.shp,dyad_id,-1,-1,C:/Users/owner/Dropbox/Wzone/tmp/tmp1998/shp909_20221231b.shp,dyad_id,-1,-1,C:/Users/owner/Dropbox/Wzone/tmp/tmp1998/shp913_20221231b.shp,dyad_id,-1,-1,C:/Users/owner/Dropbox/Wzone/tmp/tmp1998/shp914_20221231b.shp,dyad_id,-1,-1,C:/Users/owner/Dropbox/Wzone/tmp/tmp1998/shp915_20221231b.shp,dyad_id,-1,-1,C:/Users/owner/Dropbox/Wzone/tmp/tmp1998/shp920_20221231b.shp,dyad_id,-1,-1,C:/Users/owner/Dropbox/Wzone/tmp/tmp1998/shp921_20221231b.shp,dyad_id,-1,-1,C:/Users/owner/Dropbox/Wzone/tmp/tmp1998/shp929_20221231b.shp,dyad_id,-1,-1,C:/Users/owner/Dropbox/Wzone/tmp/tmp1998/shp930_20221231b.shp,dyad_id,-1,-1,C:/Users/owner/Dropbox/Wzone/tmp/tmp1998/shp931_20221231b.shp,dyad_id,-1,-1,C:/Users/owner/Dropbox/Wzone/tmp/tmp1998/shp936_20221231b.shp,dyad_id,-1,-1,C:/Users/owner/Dropbox/Wzone/tmp/tmp1998/shp941_20221231b.shp,dyad_id,-1,-1,C:/Users/owner/Dropbox/Wzone/tmp/tmp1998/shp944_20221231b.shp,dyad_id,-1,-1,C:/Users/owner/Dropbox/Wzone/tmp/tmp1998/shp947_20221231b.shp,dyad_id,-1,-1,C:/Users/owner/Dropbox/Wzone/tmp/tmp1998/shp950_20221231b.shp,dyad_id,-1,-1,C:/Users/owner/Dropbox/Wzone/tmp/tmp1998/shp951_20221231b.shp,dyad_id,-1,-1,C:/Users/owner/Dropbox/Wzone/tmp/tmp1998/shp955_20221231b.shp,dyad_id,-1,-1,C:/Users/owner/Dropbox/Wzone/tmp/tmp1998/shp962_20221231b.shp,dyad_id,-1,-1,C:/Users/owner/Dropbox/Wzone/tmp/tmp1998/shp966_20221231b.shp,dyad_id,-1,-1,C:/Users/owner/Dropbox/Wzone/tmp/tmp1998/shp973_20221231b.shp,dyad_id,-1,-1,C:/Users/owner/Dropbox/Wzone/tmp/tmp1998/shp1071_20221231b.shp,dyad_id,-1,-1,C:/Users/owner/Dropbox/Wzone/tmp/tmp1998/shp1073_20221231b.shp,dyad_id,-1,-1,C:/Users/owner/Dropbox/Wzone/tmp/tmp1998/shp1108_20221231b.shp,dyad_id,-1,-1,C:/Users/owner/Dropbox/Wzone/tmp/tmp1998/shp1162_20221231b.shp,dyad_id,-1,-1,C:/Users/owner/Dropbox/Wzone/tmp/tmp1998/shp1166_20221231b.shp,dyad_id,-1,-1,C:/Users/owner/Dropbox/Wzone/tmp/tmp1998/shp1167_20221231b.shp,dyad_id,-1,-1,C:/Users/owner/Dropbox/Wzone/tmp/tmp1998/shp1176_20221231b.shp,dyad_id,-1,-1,C:/Users/owner/Dropbox/Wzone/tmp/tmp1998/shp1182_20221231b.shp,dyad_id,-1,-1,C:/Users/owner/Dropbox/Wzone/tmp/tmp1998/shp1204_20221231b.shp,dyad_id,-1,-1,C:/Users/owner/Dropbox/Wzone/tmp/tmp1998/shp1301_20221231b.shp,dyad_id,-1,-1,C:/Users/owner/Dropbox/Wzone/tmp/tmp1998/shp1702_20221231b.shp,dyad_id,-1,-1,C:/Users/owner/Dropbox/Wzone/tmp/tmp1998/shp2332_20221231b.shp,dyad_id,-1,-1,C:/Users/owner/Dropbox/Wzone/tmp/tmp1998/shp2425_20221231b.shp,dyad_id,-1,-1,C:/Users/owner/Dropbox/Wzone/tmp/tmp1998/shp4446_20221231b.shp,dyad_id,-1,-1,C:/Users/owner/Dropbox/Wzone/tmp/tmp1998/shp5201_20221231b.shp,dyad_id,-1,-1,C:/Users/owner/Dropbox/Wzone/tmp/tmp1998/shp5262_20221231b.shp,dyad_id,-1,-1,C:/Users/owner/Dropbox/Wzone/tmp/tmp1998/shp5349_20221231b.shp,dyad_id,-1,-1,C:/Users/owner/Dropbox/Wzone/tmp/tmp1998/shp5583_20221231b.shp,dyad_id,-1,-1,C:/Users/owner/Dropbox/Wzone/tmp/tmp1998/shp5598_20221231b.shp,dyad_id,-1,-1,C:/Users/owner/Dropbox/Wzone/tmp/tmp1998/shp10589_20221231b.shp,dyad_id,-1,-1,C:/Users/owner/Dropbox/Wzone/tmp/tmp1998/shp10988_20221231b.shp,dyad_id,-1,-1,C:/Users/owner/Dropbox/Wzone/tmp/tmp1998/shp11123_20221231b.shp,dyad_id,-1,-1,C:/Users/owner/Dropbox/Wzone/tmp/tmp1998/shp11387_20221231b.shp,dyad_id,-1,-1,C:/Users/owner/Dropbox/Wzone/tmp/tmp1998/shp11433_20221231b.shp,dyad_id,-1,-1,C:/Users/owner/Dropbox/Wzone/tmp/tmp1998/shp12228_20221231b.shp,dyad_id,-1,-1,C:/Users/owner/Dropbox/Wzone/tmp/tmp1998/shp12422_20221231b.shp,dyad_id,-1,-1,C:/Users/owner/Dropbox/Wzone/tmp/tmp1998/shp12556_20221231b.shp,dyad_id,-1,-1,C:/Users/owner/Dropbox/Wzone/tmp/tmp1998/shp12766_20221231b.shp,dyad_id,-1,-1,C:/Users/owner/Dropbox/Wzone/tmp/tmp1998/shp14036_20221231b.shp,dyad_id,-1,-1,C:/Users/owner/Dropbox/Wzone/tmp/tmp1998/shp14117_20221231b.shp,dyad_id,-1,-1,C:/Users/owner/Dropbox/Wzone/tmp/tmp1998/shp14273_20221231b.shp,dyad_id,-1,-1,C:/Users/owner/Dropbox/Wzone/tmp/tmp1998/shp14319_20221231b.shp,dyad_id,-1,-1,C:/Users/owner/Dropbox/Wzone/tmp/tmp1998/shp14595_20221231b.shp,dyad_id,-1,-1,C:/Users/owner/Dropbox/Wzone/tmp/tmp1998/shp14596_20221231b.shp,dyad_id,-1,-1,C:/Users/owner/Dropbox/Wzone/tmp/tmp1998/shp14636_20221231b.shp,dyad_id,-1,-1,C:/Users/owner/Dropbox/Wzone/tmp/tmp1998/shp14666_20221231b.shp,dyad_id,-1,-1,C:/Users/owner/Dropbox/Wzone/tmp/tmp1998/shp14668_20221231b.shp,dyad_id,-1,-1,C:/Users/owner/Dropbox/Wzone/tmp/tmp1998/shp14669_20221231b.shp,dyad_id,-1,-1,C:/Users/owner/Dropbox/Wzone/tmp/tmp1998/shp14671_20221231b.shp,dyad_id,-1,-1,C:/Users/owner/Dropbox/Wzone/tmp/tmp1998/shp14773_20221231b.shp,dyad_id,-1,-1,C:/Users/owner/Dropbox/Wzone/tmp/tmp1998/shp14784_20221231b.shp,dyad_id,-1,-1,C:/Users/owner/Dropbox/Wzone/tmp/tmp1998/shp14799_20221231b.shp,dyad_id,-1,-1,C:/Users/owner/Dropbox/Wzone/tmp/tmp1998/shp14953_20221231b.shp,dyad_id,-1,-1,C:/Users/owner/Dropbox/Wzone/tmp/tmp1998/shp15023_20221231b.shp,dyad_id,-1,-1,C:/Users/owner/Dropbox/Wzone/tmp/tmp1998/shp15050_20221231b.shp,dyad_id,-1,-1,C:/Users/owner/Dropbox/Wzone/tmp/tmp1998/shp15077_20221231b.shp,dyad_id,-1,-1,C:/Users/owner/Dropbox/Wzone/tmp/tmp1998/shp15108_20221231b.shp,dyad_id,-1,-1,C:/Users/owner/Dropbox/Wzone/tmp/tmp1998/shp15136_20221231b.shp,dyad_id,-1,-1,C:/Users/owner/Dropbox/Wzone/tmp/tmp1998/shp15142_20221231b.shp,dyad_id,-1,-1,C:/Users/owner/Dropbox/Wzone/tmp/tmp1998/shp15161_20221231b.shp,dyad_id,-1,-1,C:/Users/owner/Dropbox/Wzone/tmp/tmp1998/shp15162_20221231b.shp,dyad_id,-1,-1,C:/Users/owner/Dropbox/Wzone/tmp/tmp1998/shp15174_20221231b.shp,dyad_id,-1,-1,C:/Users/owner/Dropbox/Wzone/tmp/tmp1998/shp15175_20221231b.shp,dyad_id,-1,-1,C:/Users/owner/Dropbox/Wzone/tmp/tmp1998/shp15256_20221231b.shp,dyad_id,-1,-1,C:/Users/owner/Dropbox/Wzone/tmp/tmp1998/shp15259_20221231b.shp,dyad_id,-1,-1,C:/Users/owner/Dropbox/Wzone/tmp/tmp1998/shp15409_20221231b.shp,dyad_id,-1,-1,C:/Users/owner/Dropbox/Wzone/tmp/tmp1998/shp15473_20221231b.shp,dyad_id,-1,-1,C:/Users/owner/Dropbox/Wzone/tmp/tmp1998/shp15633_20221231b.shp,dyad_id,-1,-1,C:/Users/owner/Dropbox/Wzone/tmp/tmp1998/shp15750_20221231b.shp,dyad_id,-1,-1,C:/Users/owner/Dropbox/Wzone/tmp/tmp1998/shp15751_20221231b.shp,dyad_id,-1,-1,C:/Users/owner/Dropbox/Wzone/tmp/tmp1998/shp15809_20221231b.shp,dyad_id,-1,-1,C:/Users/owner/Dropbox/Wzone/tmp/tmp1998/shp15895_20221231b.shp,dyad_id,-1,-1,C:/Users/owner/Dropbox/Wzone/tmp/tmp1998/shp15896_20221231b.shp,dyad_id,-1,-1,C:/Users/owner/Dropbox/Wzone/tmp/tmp1998/shp15914_20221231b.shp,dyad_id,-1,-1,C:/Users/owner/Dropbox/Wzone/tmp/tmp1998/shp15998_20221231b.shp,dyad_id,-1,-1,C:/Users/owner/Dropbox/Wzone/tmp/tmp1998/shp16022_20221231b.shp,dyad_id,-1,-1,C:/Users/owner/Dropbox/Wzone/tmp/tmp1998/shp16065_20221231b.shp,dyad_id,-1,-1,C:/Users/owner/Dropbox/Wzone/tmp/tmp1998/shp16135_20221231b.shp,dyad_id,-1,-1,C:/Users/owner/Dropbox/Wzone/tmp/tmp1998/shp16177_20221231b.shp,dyad_id,-1,-1,C:/Users/owner/Dropbox/Wzone/tmp/tmp1998/shp16207_20221231b.shp,dyad_id,-1,-1,C:/Users/owner/Dropbox/Wzone/tmp/tmp1998/shp16240_20221231b.shp,dyad_id,-1,-1,C:/Users/owner/Dropbox/Wzone/tmp/tmp1998/shp16241_20221231b.shp,dyad_id,-1,-1,C:/Users/owner/Dropbox/Wzone/tmp/tmp1998/shp16419_20221231b.shp,dyad_id,-1,-1,C:/Users/owner/Dropbox/Wzone/tmp/tmp1998/shp16465_20221231b.shp,dyad_id,-1,-1,C:/Users/owner/Dropbox/Wzone/tmp/tmp1998/shp16562_20221231b.shp,dyad_id,-1,-1,C:/Users/owner/Dropbox/Wzone/tmp/tmp1998/shp16629_20221231b.shp,dyad_id,-1,-1,C:/Users/owner/Dropbox/Wzone/tmp/tmp1998/shp16672_20221231b.shp,dyad_id,-1,-1,C:/Users/owner/Dropbox/Wzone/tmp/tmp1998/shp16685_20221231b.shp,dyad_id,-1,-1,C:/Users/owner/Dropbox/Wzone/tmp/tmp1998/shp16759_20221231b.shp,dyad_id,-1,-1,C:/Users/owner/Dropbox/Wzone/tmp/tmp1998/shp16805_20221231b.shp,dyad_id,-1,-1,C:/Users/owner/Dropbox/Wzone/tmp/tmp1998/shp16825_20221231b.shp,dyad_id,-1,-1,C:/Users/owner/Dropbox/Wzone/tmp/tmp1998/shp16832_20221231b.shp,dyad_id,-1,-1,C:/Users/owner/Dropbox/Wzone/tmp/tmp1998/shp17025_20221231b.shp,dyad_id,-1,-1,C:/Users/owner/Dropbox/Wzone/tmp/tmp1998/shp17026_20221231b.shp,dyad_id,-1,-1,C:/Users/owner/Dropbox/Wzone/tmp/tmp1998/shp17083_20221231b.shp,dyad_id,-1,-1,C:/Users/owner/Dropbox/Wzone/tmp/tmp1998/shp17146_20221231b.shp,dyad_id,-1,-1,C:/Users/owner/Dropbox/Wzone/tmp/tmp1998/shp17152_20221231b.shp,dyad_id,-1,-1,C:/Users/owner/Dropbox/Wzone/tmp/tmp1998/shp17247_20221231b.shp,dyad_id,-1,-1,C:/Users/owner/Dropbox/Wzone/tmp/tmp1998/shp17248_20221231b.shp,dyad_id,-1,-1,C:/Users/owner/Dropbox/Wzone/tmp/tmp1998/shp17253_20221231b.shp,dyad_id,-1,-1,C:/Users/owner/Dropbox/Wzone/tmp/tmp1998/shp17267_20221231b.shp,dyad_id,-1,-1,C:/Users/owner/Dropbox/Wzone/tmp/tmp1998/shp17446_20221231b.shp,dyad_id,-1,-1;conf_id "conf_id" true true false 5 Long 0 5,First,#,C:/Users/owner/Dropbox/Wzone/tmp/tmp1998/shp411_20221231b.shp,conf_id,-1,-1,C:/Users/owner/Dropbox/Wzone/tmp/tmp1998/shp428_20221231b.shp,conf_id,-1,-1,C:/Users/owner/Dropbox/Wzone/tmp/tmp1998/shp453_20221231b.shp,conf_id,-1,-1,C:/Users/owner/Dropbox/Wzone/tmp/tmp1998/shp461_20221231b.shp,conf_id,-1,-1,C:/Users/owner/Dropbox/Wzone/tmp/tmp1998/shp474_20221231b.shp,conf_id,-1,-1,C:/Users/owner/Dropbox/Wzone/tmp/tmp1998/shp476_20221231b.shp,conf_id,-1,-1,C:/Users/owner/Dropbox/Wzone/tmp/tmp1998/shp477_20221231b.shp,conf_id,-1,-1,C:/Users/owner/Dropbox/Wzone/tmp/tmp1998/shp478_20221231b.shp,conf_id,-1,-1,C:/Users/owner/Dropbox/Wzone/tmp/tmp1998/shp624_20221231b.shp,conf_id,-1,-1,C:/Users/owner/Dropbox/Wzone/tmp/tmp1998/shp628_20221231b.shp,conf_id,-1,-1,C:/Users/owner/Dropbox/Wzone/tmp/tmp1998/shp640_20221231b.shp,conf_id,-1,-1,C:/Users/owner/Dropbox/Wzone/tmp/tmp1998/shp721_20221231b.shp,conf_id,-1,-1,C:/Users/owner/Dropbox/Wzone/tmp/tmp1998/shp750_20221231b.shp,conf_id,-1,-1,C:/Users/owner/Dropbox/Wzone/tmp/tmp1998/shp781_20221231b.shp,conf_id,-1,-1,C:/Users/owner/Dropbox/Wzone/tmp/tmp1998/shp857_20221231b.shp,conf_id,-1,-1,C:/Users/owner/Dropbox/Wzone/tmp/tmp1998/shp891_20221231b.shp,conf_id,-1,-1,C:/Users/owner/Dropbox/Wzone/tmp/tmp1998/shp906_20221231b.shp,conf_id,-1,-1,C:/Users/owner/Dropbox/Wzone/tmp/tmp1998/shp909_20221231b.shp,conf_id,-1,-1,C:/Users/owner/Dropbox/Wzone/tmp/tmp1998/shp913_20221231b.shp,conf_id,-1,-1,C:/Users/owner/Dropbox/Wzone/tmp/tmp1998/shp914_20221231b.shp,conf_id,-1,-1,C:/Users/owner/Dropbox/Wzone/tmp/tmp1998/shp915_20221231b.shp,conf_id,-1,-1,C:/Users/owner/Dropbox/Wzone/tmp/tmp1998/shp920_20221231b.shp,conf_id,-1,-1,C:/Users/owner/Dropbox/Wzone/tmp/tmp1998/shp921_20221231b.shp,conf_id,-1,-1,C:/Users/owner/Dropbox/Wzone/tmp/tmp1998/shp929_20221231b.shp,conf_id,-1,-1,C:/Users/owner/Dropbox/Wzone/tmp/tmp1998/shp930_20221231b.shp,conf_id,-1,-1,C:/Users/owner/Dropbox/Wzone/tmp/tmp1998/shp931_20221231b.shp,conf_id,-1,-1,C:/Users/owner/Dropbox/Wzone/tmp/tmp1998/shp936_20221231b.shp,conf_id,-1,-1,C:/Users/owner/Dropbox/Wzone/tmp/tmp1998/shp941_20221231b.shp,conf_id,-1,-1,C:/Users/owner/Dropbox/Wzone/tmp/tmp1998/shp944_20221231b.shp,conf_id,-1,-1,C:/Users/owner/Dropbox/Wzone/tmp/tmp1998/shp947_20221231b.shp,conf_id,-1,-1,C:/Users/owner/Dropbox/Wzone/tmp/tmp1998/shp950_20221231b.shp,conf_id,-1,-1,C:/Users/owner/Dropbox/Wzone/tmp/tmp1998/shp951_20221231b.shp,conf_id,-1,-1,C:/Users/owner/Dropbox/Wzone/tmp/tmp1998/shp955_20221231b.shp,conf_id,-1,-1,C:/Users/owner/Dropbox/Wzone/tmp/tmp1998/shp962_20221231b.shp,conf_id,-1,-1,C:/Users/owner/Dropbox/Wzone/tmp/tmp1998/shp966_20221231b.shp,conf_id,-1,-1,C:/Users/owner/Dropbox/Wzone/tmp/tmp1998/shp973_20221231b.shp,conf_id,-1,-1,C:/Users/owner/Dropbox/Wzone/tmp/tmp1998/shp1071_20221231b.shp,conf_id,-1,-1,C:/Users/owner/Dropbox/Wzone/tmp/tmp1998/shp1073_20221231b.shp,conf_id,-1,-1,C:/Users/owner/Dropbox/Wzone/tmp/tmp1998/shp1108_20221231b.shp,conf_id,-1,-1,C:/Users/owner/Dropbox/Wzone/tmp/tmp1998/shp1162_20221231b.shp,conf_id,-1,-1,C:/Users/owner/Dropbox/Wzone/tmp/tmp1998/shp1166_20221231b.shp,conf_id,-1,-1,C:/Users/owner/Dropbox/Wzone/tmp/tmp1998/shp1167_20221231b.shp,conf_id,-1,-1,C:/Users/owner/Dropbox/Wzone/tmp/tmp1998/shp1176_20221231b.shp,conf_id,-1,-1,C:/Users/owner/Dropbox/Wzone/tmp/tmp1998/shp1182_20221231b.shp,conf_id,-1,-1,C:/Users/owner/Dropbox/Wzone/tmp/tmp1998/shp1204_20221231b.shp,conf_id,-1,-1,C:/Users/owner/Dropbox/Wzone/tmp/tmp1998/shp1301_20221231b.shp,conf_id,-1,-1,C:/Users/owner/Dropbox/Wzone/tmp/tmp1998/shp1702_20221231b.shp,conf_id,-1,-1,C:/Users/owner/Dropbox/Wzone/tmp/tmp1998/shp2332_20221231b.shp,conf_id,-1,-1,C:/Users/owner/Dropbox/Wzone/tmp/tmp1998/shp2425_20221231b.shp,conf_id,-1,-1,C:/Users/owner/Dropbox/Wzone/tmp/tmp1998/shp4446_20221231b.shp,conf_id,-1,-1,C:/Users/owner/Dropbox/Wzone/tmp/tmp1998/shp5201_20221231b.shp,conf_id,-1,-1,C:/Users/owner/Dropbox/Wzone/tmp/tmp1998/shp5262_20221231b.shp,conf_id,-1,-1,C:/Users/owner/Dropbox/Wzone/tmp/tmp1998/shp5349_20221231b.shp,conf_id,-1,-1,C:/Users/owner/Dropbox/Wzone/tmp/tmp1998/shp5583_20221231b.shp,conf_id,-1,-1,C:/Users/owner/Dropbox/Wzone/tmp/tmp1998/shp5598_20221231b.shp,conf_id,-1,-1,C:/Users/owner/Dropbox/Wzone/tmp/tmp1998/shp10589_20221231b.shp,conf_id,-1,-1,C:/Users/owner/Dropbox/Wzone/tmp/tmp1998/shp10988_20221231b.shp,conf_id,-1,-1,C:/Users/owner/Dropbox/Wzone/tmp/tmp1998/shp11123_20221231b.shp,conf_id,-1,-1,C:/Users/owner/Dropbox/Wzone/tmp/tmp1998/shp11387_20221231b.shp,conf_id,-1,-1,C:/Users/owner/Dropbox/Wzone/tmp/tmp1998/shp11433_20221231b.shp,conf_id,-1,-1,C:/Users/owner/Dropbox/Wzone/tmp/tmp1998/shp12228_20221231b.shp,conf_id,-1,-1,C:/Users/owner/Dropbox/Wzone/tmp/tmp1998/shp12422_20221231b.shp,conf_id,-1,-1,C:/Users/owner/Dropbox/Wzone/tmp/tmp1998/shp12556_20221231b.shp,conf_id,-1,-1,C:/Users/owner/Dropbox/Wzone/tmp/tmp1998/shp12766_20221231b.shp,conf_id,-1,-1,C:/Users/owner/Dropbox/Wzone/tmp/tmp1998/shp14036_20221231b.shp,conf_id,-1,-1,C:/Users/owner/Dropbox/Wzone/tmp/tmp1998/shp14117_20221231b.shp,conf_id,-1,-1,C:/Users/owner/Dropbox/Wzone/tmp/tmp1998/shp14273_20221231b.shp,conf_id,-1,-1,C:/Users/owner/Dropbox/Wzone/tmp/tmp1998/shp14319_20221231b.shp,conf_id,-1,-1,C:/Users/owner/Dropbox/Wzone/tmp/tmp1998/shp14595_20221231b.shp,conf_id,-1,-1,C:/Users/owner/Dropbox/Wzone/tmp/tmp1998/shp14596_20221231b.shp,conf_id,-1,-1,C:/Users/owner/Dropbox/Wzone/tmp/tmp1998/shp14636_20221231b.shp,conf_id,-1,-1,C:/Users/owner/Dropbox/Wzone/tmp/tmp1998/shp14666_20221231b.shp,conf_id,-1,-1,C:/Users/owner/Dropbox/Wzone/tmp/tmp1998/shp14668_20221231b.shp,conf_id,-1,-1,C:/Users/owner/Dropbox/Wzone/tmp/tmp1998/shp14669_20221231b.shp,conf_id,-1,-1,C:/Users/owner/Dropbox/Wzone/tmp/tmp1998/shp14671_20221231b.shp,conf_id,-1,-1,C:/Users/owner/Dropbox/Wzone/tmp/tmp1998/shp14773_20221231b.shp,conf_id,-1,-1,C:/Users/owner/Dropbox/Wzone/tmp/tmp1998/shp14784_20221231b.shp,conf_id,-1,-1,C:/Users/owner/Dropbox/Wzone/tmp/tmp1998/shp14799_20221231b.shp,conf_id,-1,-1,C:/Users/owner/Dropbox/Wzone/tmp/tmp1998/shp14953_20221231b.shp,conf_id,-1,-1,C:/Users/owner/Dropbox/Wzone/tmp/tmp1998/shp15023_20221231b.shp,conf_id,-1,-1,C:/Users/owner/Dropbox/Wzone/tmp/tmp1998/shp15050_20221231b.shp,conf_id,-1,-1,C:/Users/owner/Dropbox/Wzone/tmp/tmp1998/shp15077_20221231b.shp,conf_id,-1,-1,C:/Users/owner/Dropbox/Wzone/tmp/tmp1998/shp15108_20221231b.shp,conf_id,-1,-1,C:/Users/owner/Dropbox/Wzone/tmp/tmp1998/shp15136_20221231b.shp,conf_id,-1,-1,C:/Users/owner/Dropbox/Wzone/tmp/tmp1998/shp15142_20221231b.shp,conf_id,-1,-1,C:/Users/owner/Dropbox/Wzone/tmp/tmp1998/shp15161_20221231b.shp,conf_id,-1,-1,C:/Users/owner/Dropbox/Wzone/tmp/tmp1998/shp15162_20221231b.shp,conf_id,-1,-1,C:/Users/owner/Dropbox/Wzone/tmp/tmp1998/shp15174_20221231b.shp,conf_id,-1,-1,C:/Users/owner/Dropbox/Wzone/tmp/tmp1998/shp15175_20221231b.shp,conf_id,-1,-1,C:/Users/owner/Dropbox/Wzone/tmp/tmp1998/shp15256_20221231b.shp,conf_id,-1,-1,C:/Users/owner/Dropbox/Wzone/tmp/tmp1998/shp15259_20221231b.shp,conf_id,-1,-1,C:/Users/owner/Dropbox/Wzone/tmp/tmp1998/shp15409_20221231b.shp,conf_id,-1,-1,C:/Users/owner/Dropbox/Wzone/tmp/tmp1998/shp15473_20221231b.shp,conf_id,-1,-1,C:/Users/owner/Dropbox/Wzone/tmp/tmp1998/shp15633_20221231b.shp,conf_id,-1,-1,C:/Users/owner/Dropbox/Wzone/tmp/tmp1998/shp15750_20221231b.shp,conf_id,-1,-1,C:/Users/owner/Dropbox/Wzone/tmp/tmp1998/shp15751_20221231b.shp,conf_id,-1,-1,C:/Users/owner/Dropbox/Wzone/tmp/tmp1998/shp15809_20221231b.shp,conf_id,-1,-1,C:/Users/owner/Dropbox/Wzone/tmp/tmp1998/shp15895_20221231b.shp,conf_id,-1,-1,C:/Users/owner/Dropbox/Wzone/tmp/tmp1998/shp15896_20221231b.shp,conf_id,-1,-1,C:/Users/owner/Dropbox/Wzone/tmp/tmp1998/shp15914_20221231b.shp,conf_id,-1,-1,C:/Users/owner/Dropbox/Wzone/tmp/tmp1998/shp15998_20221231b.shp,conf_id,-1,-1,C:/Users/owner/Dropbox/Wzone/tmp/tmp1998/shp16022_20221231b.shp,conf_id,-1,-1,C:/Users/owner/Dropbox/Wzone/tmp/tmp1998/shp16065_20221231b.shp,conf_id,-1,-1,C:/Users/owner/Dropbox/Wzone/tmp/tmp1998/shp16135_20221231b.shp,conf_id,-1,-1,C:/Users/owner/Dropbox/Wzone/tmp/tmp1998/shp16177_20221231b.shp,conf_id,-1,-1,C:/Users/owner/Dropbox/Wzone/tmp/tmp1998/shp16207_20221231b.shp,conf_id,-1,-1,C:/Users/owner/Dropbox/Wzone/tmp/tmp1998/shp16240_20221231b.shp,conf_id,-1,-1,C:/Users/owner/Dropbox/Wzone/tmp/tmp1998/shp16241_20221231b.shp,conf_id,-1,-1,C:/Users/owner/Dropbox/Wzone/tmp/tmp1998/shp16419_20221231b.shp,conf_id,-1,-1,C:/Users/owner/Dropbox/Wzone/tmp/tmp1998/shp16465_20221231b.shp,conf_id,-1,-1,C:/Users/owner/Dropbox/Wzone/tmp/tmp1998/shp16562_20221231b.shp,conf_id,-1,-1,C:/Users/owner/Dropbox/Wzone/tmp/tmp1998/shp16629_20221231b.shp,conf_id,-1,-1,C:/Users/owner/Dropbox/Wzone/tmp/tmp1998/shp16672_20221231b.shp,conf_id,-1,-1,C:/Users/owner/Dropbox/Wzone/tmp/tmp1998/shp16685_20221231b.shp,conf_id,-1,-1,C:/Users/owner/Dropbox/Wzone/tmp/tmp1998/shp16759_20221231b.shp,conf_id,-1,-1,C:/Users/owner/Dropbox/Wzone/tmp/tmp1998/shp16805_20221231b.shp,conf_id,-1,-1,C:/Users/owner/Dropbox/Wzone/tmp/tmp1998/shp16825_20221231b.shp,conf_id,-1,-1,C:/Users/owner/Dropbox/Wzone/tmp/tmp1998/shp16832_20221231b.shp,conf_id,-1,-1,C:/Users/owner/Dropbox/Wzone/tmp/tmp1998/shp17025_20221231b.shp,conf_id,-1,-1,C:/Users/owner/Dropbox/Wzone/tmp/tmp1998/shp17026_20221231b.shp,conf_id,-1,-1,C:/Users/owner/Dropbox/Wzone/tmp/tmp1998/shp17083_20221231b.shp,conf_id,-1,-1,C:/Users/owner/Dropbox/Wzone/tmp/tmp1998/shp17146_20221231b.shp,conf_id,-1,-1,C:/Users/owner/Dropbox/Wzone/tmp/tmp1998/shp17152_20221231b.shp,conf_id,-1,-1,C:/Users/owner/Dropbox/Wzone/tmp/tmp1998/shp17247_20221231b.shp,conf_id,-1,-1,C:/Users/owner/Dropbox/Wzone/tmp/tmp1998/shp17248_20221231b.shp,conf_id,-1,-1,C:/Users/owner/Dropbox/Wzone/tmp/tmp1998/shp17253_20221231b.shp,conf_id,-1,-1,C:/Users/owner/Dropbox/Wzone/tmp/tmp1998/shp17267_20221231b.shp,conf_id,-1,-1,C:/Users/owner/Dropbox/Wzone/tmp/tmp1998/shp17446_20221231b.shp,conf_id,-1,-1;date "date" true true false 254 Text 0 0,First,#,C:/Users/owner/Dropbox/Wzone/tmp/tmp1998/shp411_20221231b.shp,date,0,253,C:/Users/owner/Dropbox/Wzone/tmp/tmp1998/shp428_20221231b.shp,date,0,253,C:/Users/owner/Dropbox/Wzone/tmp/tmp1998/shp453_20221231b.shp,date,0,253,C:/Users/owner/Dropbox/Wzone/tmp/tmp1998/shp461_20221231b.shp,date,0,253,C:/Users/owner/Dropbox/Wzone/tmp/tmp1998/shp474_20221231b.shp,date,0,253,C:/Users/owner/Dropbox/Wzone/tmp/tmp1998/shp476_20221231b.shp,date,0,253,C:/Users/owner/Dropbox/Wzone/tmp/tmp1998/shp477_20221231b.shp,date,0,253,C:/Users/owner/Dropbox/Wzone/tmp/tmp1998/shp478_20221231b.shp,date,0,253,C:/Users/owner/Dropbox/Wzone/tmp/tmp1998/shp624_20221231b.shp,date,0,253,C:/Users/owner/Dropbox/Wzone/tmp/tmp1998/shp628_20221231b.shp,date,0,253,C:/Users/owner/Dropbox/Wzone/tmp/tmp1998/shp640_20221231b.shp,date,0,253,C:/Users/owner/Dropbox/Wzone/tmp/tmp1998/shp721_20221231b.shp,date,0,253,C:/Users/owner/Dropbox/Wzone/tmp/tmp1998/shp750_20221231b.shp,date,0,253,C:/Users/owner/Dropbox/Wzone/tmp/tmp1998/shp781_20221231b.shp,date,0,253,C:/Users/owner/Dropbox/Wzone/tmp/tmp1998/shp857_20221231b.shp,date,0,253,C:/Users/owner/Dropbox/Wzone/tmp/tmp1998/shp891_20221231b.shp,date,0,253,C:/Users/owner/Dropbox/Wzone/tmp/tmp1998/shp906_20221231b.shp,date,0,253,C:/Users/owner/Dropbox/Wzone/tmp/tmp1998/shp909_20221231b.shp,date,0,253,C:/Users/owner/Dropbox/Wzone/tmp/tmp1998/shp913_20221231b.shp,date,0,253,C:/Users/owner/Dropbox/Wzone/tmp/tmp1998/shp914_20221231b.shp,date,0,253,C:/Users/owner/Dropbox/Wzone/tmp/tmp1998/shp915_20221231b.shp,date,0,253,C:/Users/owner/Dropbox/Wzone/tmp/tmp1998/shp920_20221231b.shp,date,0,253,C:/Users/owner/Dropbox/Wzone/tmp/tmp1998/shp921_20221231b.shp,date,0,253,C:/Users/owner/Dropbox/Wzone/tmp/tmp1998/shp929_20221231b.shp,date,0,253,C:/Users/owner/Dropbox/Wzone/tmp/tmp1998/shp930_20221231b.shp,date,0,253,C:/Users/owner/Dropbox/Wzone/tmp/tmp1998/shp931_20221231b.shp,date,0,253,C:/Users/owner/Dropbox/Wzone/tmp/tmp1998/shp936_20221231b.shp,date,0,253,C:/Users/owner/Dropbox/Wzone/tmp/tmp1998/shp941_20221231b.shp,date,0,253,C:/Users/owner/Dropbox/Wzone/tmp/tmp1998/shp944_20221231b.shp,date,0,253,C:/Users/owner/Dropbox/Wzone/tmp/tmp1998/shp947_20221231b.shp,date,0,253,C:/Users/owner/Dropbox/Wzone/tmp/tmp1998/shp950_20221231b.shp,date,0,253,C:/Users/owner/Dropbox/Wzone/tmp/tmp1998/shp951_20221231b.shp,date,0,253,C:/Users/owner/Dropbox/Wzone/tmp/tmp1998/shp955_20221231b.shp,date,0,253,C:/Users/owner/Dropbox/Wzone/tmp/tmp1998/shp962_20221231b.shp,date,0,253,C:/Users/owner/Dropbox/Wzone/tmp/tmp1998/shp966_20221231b.shp,date,0,253,C:/Users/owner/Dropbox/Wzone/tmp/tmp1998/shp973_20221231b.shp,date,0,253,C:/Users/owner/Dropbox/Wzone/tmp/tmp1998/shp1071_20221231b.shp,date,0,253,C:/Users/owner/Dropbox/Wzone/tmp/tmp1998/shp1073_20221231b.shp,date,0,253,C:/Users/owner/Dropbox/Wzone/tmp/tmp1998/shp1108_20221231b.shp,date,0,253,C:/Users/owner/Dropbox/Wzone/tmp/tmp1998/shp1162_20221231b.shp,date,0,253,C:/Users/owner/Dropbox/Wzone/tmp/tmp1998/shp1166_20221231b.shp,date,0,253,C:/Users/owner/Dropbox/Wzone/tmp/tmp1998/shp1167_20221231b.shp,date,0,253,C:/Users/owner/Dropbox/Wzone/tmp/tmp1998/shp1176_20221231b.shp,date,0,253,C:/Users/owner/Dropbox/Wzone/tmp/tmp1998/shp1182_20221231b.shp,date,0,253,C:/Users/owner/Dropbox/Wzone/tmp/tmp1998/shp1204_20221231b.shp,date,0,253,C:/Users/owner/Dropbox/Wzone/tmp/tmp1998/shp1301_20221231b.shp,date,0,253,C:/Users/owner/Dropbox/Wzone/tmp/tmp1998/shp1702_20221231b.shp,date,0,253,C:/Users/owner/Dropbox/Wzone/tmp/tmp1998/shp2332_20221231b.shp,date,0,253,C:/Users/owner/Dropbox/Wzone/tmp/tmp1998/shp2425_20221231b.shp,date,0,253,C:/Users/owner/Dropbox/Wzone/tmp/tmp1998/shp4446_20221231b.shp,date,0,253,C:/Users/owner/Dropbox/Wzone/tmp/tmp1998/shp5201_20221231b.shp,date,0,253,C:/Users/owner/Dropbox/Wzone/tmp/tmp1998/shp5262_20221231b.shp,date,0,253,C:/Users/owner/Dropbox/Wzone/tmp/tmp1998/shp5349_20221231b.shp,date,0,253,C:/Users/owner/Dropbox/Wzone/tmp/tmp1998/shp5583_20221231b.shp,date,0,253,C:/Users/owner/Dropbox/Wzone/tmp/tmp1998/shp5598_20221231b.shp,date,0,253,C:/Users/owner/Dropbox/Wzone/tmp/tmp1998/shp10589_20221231b.shp,date,0,253,C:/Users/owner/Dropbox/Wzone/tmp/tmp1998/shp10988_20221231b.shp,date,0,253,C:/Users/owner/Dropbox/Wzone/tmp/tmp1998/shp11123_20221231b.shp,date,0,253,C:/Users/owner/Dropbox/Wzone/tmp/tmp1998/shp11387_20221231b.shp,date,0,253,C:/Users/owner/Dropbox/Wzone/tmp/tmp1998/shp11433_20221231b.shp,date,0,253,C:/Users/owner/Dropbox/Wzone/tmp/tmp1998/shp12228_20221231b.shp,date,0,253,C:/Users/owner/Dropbox/Wzone/tmp/tmp1998/shp12422_20221231b.shp,date,0,253,C:/Users/owner/Dropbox/Wzone/tmp/tmp1998/shp12556_20221231b.shp,date,0,253,C:/Users/owner/Dropbox/Wzone/tmp/tmp1998/shp12766_20221231b.shp,date,0,253,C:/Users/owner/Dropbox/Wzone/tmp/tmp1998/shp14036_20221231b.shp,date,0,253,C:/Users/owner/Dropbox/Wzone/tmp/tmp1998/shp14117_20221231b.shp,date,0,253,C:/Users/owner/Dropbox/Wzone/tmp/tmp1998/shp14273_20221231b.shp,date,0,253,C:/Users/owner/Dropbox/Wzone/tmp/tmp1998/shp14319_20221231b.shp,date,0,253,C:/Users/owner/Dropbox/Wzone/tmp/tmp1998/shp14595_20221231b.shp,date,0,253,C:/Users/owner/Dropbox/Wzone/tmp/tmp1998/shp14596_20221231b.shp,date,0,253,C:/Users/owner/Dropbox/Wzone/tmp/tmp1998/shp14636_20221231b.shp,date,0,253,C:/Users/owner/Dropbox/Wzone/tmp/tmp1998/shp14666_20221231b.shp,date,0,253,C:/Users/owner/Dropbox/Wzone/tmp/tmp1998/shp14668_20221231b.shp,date,0,253,C:/Users/owner/Dropbox/Wzone/tmp/tmp1998/shp14669_20221231b.shp,date,0,253,C:/Users/owner/Dropbox/Wzone/tmp/tmp1998/shp14671_20221231b.shp,date,0,253,C:/Users/owner/Dropbox/Wzone/tmp/tmp1998/shp14773_20221231b.shp,date,0,253,C:/Users/owner/Dropbox/Wzone/tmp/tmp1998/shp14784_20221231b.shp,date,0,253,C:/Users/owner/Dropbox/Wzone/tmp/tmp1998/shp14799_20221231b.shp,date,0,253,C:/Users/owner/Dropbox/Wzone/tmp/tmp1998/shp14953_20221231b.shp,date,0,253,C:/Users/owner/Dropbox/Wzone/tmp/tmp1998/shp15023_20221231b.shp,date,0,253,C:/Users/owner/Dropbox/Wzone/tmp/tmp1998/shp15050_20221231b.shp,date,0,253,C:/Users/owner/Dropbox/Wzone/tmp/tmp1998/shp15077_20221231b.shp,date,0,253,C:/Users/owner/Dropbox/Wzone/tmp/tmp1998/shp15108_20221231b.shp,date,0,253,C:/Users/owner/Dropbox/Wzone/tmp/tmp1998/shp15136_20221231b.shp,date,0,253,C:/Users/owner/Dropbox/Wzone/tmp/tmp1998/shp15142_20221231b.shp,date,0,253,C:/Users/owner/Dropbox/Wzone/tmp/tmp1998/shp15161_20221231b.shp,date,0,253,C:/Users/owner/Dropbox/Wzone/tmp/tmp1998/shp15162_20221231b.shp,date,0,253,C:/Users/owner/Dropbox/Wzone/tmp/tmp1998/shp15174_20221231b.shp,date,0,253,C:/Users/owner/Dropbox/Wzone/tmp/tmp1998/shp15175_20221231b.shp,date,0,253,C:/Users/owner/Dropbox/Wzone/tmp/tmp1998/shp15256_20221231b.shp,date,0,253,C:/Users/owner/Dropbox/Wzone/tmp/tmp1998/shp15259_20221231b.shp,date,0,253,C:/Users/owner/Dropbox/Wzone/tmp/tmp1998/shp15409_20221231b.shp,date,0,253,C:/Users/owner/Dropbox/Wzone/tmp/tmp1998/shp15473_20221231b.shp,date,0,253,C:/Users/owner/Dropbox/Wzone/tmp/tmp1998/shp15633_20221231b.shp,date,0,253,C:/Users/owner/Dropbox/Wzone/tmp/tmp1998/shp15750_20221231b.shp,date,0,253,C:/Users/owner/Dropbox/Wzone/tmp/tmp1998/shp15751_20221231b.shp,date,0,253,C:/Users/owner/Dropbox/Wzone/tmp/tmp1998/shp15809_20221231b.shp,date,0,253,C:/Users/owner/Dropbox/Wzone/tmp/tmp1998/shp15895_20221231b.shp,date,0,253,C:/Users/owner/Dropbox/Wzone/tmp/tmp1998/shp15896_20221231b.shp,date,0,253,C:/Users/owner/Dropbox/Wzone/tmp/tmp1998/shp15914_20221231b.shp,date,0,253,C:/Users/owner/Dropbox/Wzone/tmp/tmp1998/shp15998_20221231b.shp,date,0,253,C:/Users/owner/Dropbox/Wzone/tmp/tmp1998/shp16022_20221231b.shp,date,0,253,C:/Users/owner/Dropbox/Wzone/tmp/tmp1998/shp16065_20221231b.shp,date,0,253,C:/Users/owner/Dropbox/Wzone/tmp/tmp1998/shp16135_20221231b.shp,date,0,253,C:/Users/owner/Dropbox/Wzone/tmp/tmp1998/shp16177_20221231b.shp,date,0,253,C:/Users/owner/Dropbox/Wzone/tmp/tmp1998/shp16207_20221231b.shp,date,0,253,C:/Users/owner/Dropbox/Wzone/tmp/tmp1998/shp16240_20221231b.shp,date,0,253,C:/Users/owner/Dropbox/Wzone/tmp/tmp1998/shp16241_20221231b.shp,date,0,253,C:/Users/owner/Dropbox/Wzone/tmp/tmp1998/shp16419_20221231b.shp,date,0,253,C:/Users/owner/Dropbox/Wzone/tmp/tmp1998/shp16465_20221231b.shp,date,0,253,C:/Users/owner/Dropbox/Wzone/tmp/tmp1998/shp16562_20221231b.shp,date,0,253,C:/Users/owner/Dropbox/Wzone/tmp/tmp1998/shp16629_20221231b.shp,date,0,253,C:/Users/owner/Dropbox/Wzone/tmp/tmp1998/shp16672_20221231b.shp,date,0,253,C:/Users/owner/Dropbox/Wzone/tmp/tmp1998/shp16685_20221231b.shp,date,0,253,C:/Users/owner/Dropbox/Wzone/tmp/tmp1998/shp16759_20221231b.shp,date,0,253,C:/Users/owner/Dropbox/Wzone/tmp/tmp1998/shp16805_20221231b.shp,date,0,253,C:/Users/owner/Dropbox/Wzone/tmp/tmp1998/shp16825_20221231b.shp,date,0,253,C:/Users/owner/Dropbox/Wzone/tmp/tmp1998/shp16832_20221231b.shp,date,0,253,C:/Users/owner/Dropbox/Wzone/tmp/tmp1998/shp17025_20221231b.shp,date,0,253,C:/Users/owner/Dropbox/Wzone/tmp/tmp1998/shp17026_20221231b.shp,date,0,253,C:/Users/owner/Dropbox/Wzone/tmp/tmp1998/shp17083_20221231b.shp,date,0,253,C:/Users/owner/Dropbox/Wzone/tmp/tmp1998/shp17146_20221231b.shp,date,0,253,C:/Users/owner/Dropbox/Wzone/tmp/tmp1998/shp17152_20221231b.shp,date,0,253,C:/Users/owner/Dropbox/Wzone/tmp/tmp1998/shp17247_20221231b.shp,date,0,253,C:/Users/owner/Dropbox/Wzone/tmp/tmp1998/shp17248_20221231b.shp,date,0,253,C:/Users/owner/Dropbox/Wzone/tmp/tmp1998/shp17253_20221231b.shp,date,0,253,C:/Users/owner/Dropbox/Wzone/tmp/tmp1998/shp17267_20221231b.shp,date,0,253,C:/Users/owner/Dropbox/Wzone/tmp/tmp1998/shp17446_20221231b.shp,date,0,253" NO_SOURCE_INFO</Process><Process ToolSource="c:\program files\arcgis\pro\Resources\ArcToolbox\toolboxes\Data Management Tools.tbx\DefineProjection" Date="20240719" Time="014815">DefineProjection C:/Users/owner/Dropbox/Wzone/out/wzone_shp/2022/2022_12_31.shp GEOGCS["GCS_WGS_1984",DATUM["D_WGS_1984",SPHEROID["WGS_1984",6378137.0,298.257223563]],PRIMEM["Greenwich",0.0],UNIT["Degree",0.0174532925199433]]</Process></lineage></DataProperties><SyncDate>20240719</SyncDate><SyncTime>01481100</SyncTime><ModDate>20240719</ModDate><ModTime>01481100</ModTime></Esri><dataIdInfo><envirDesc Sync="TRUE">Microsoft Windows 10 Version 10.0 (Build 19045) ; Esri ArcGIS 13.2.2.49743</envirDesc><dataLang><languageCode value="eng" Sync="TRUE"></languageCode><countryCode value="USA" Sync="TRUE"></countryCode></dataLang><idCitation><resTitle Sync="TRUE">2022_12_31</resTitle><presForm><PresFormCd value="005" Sync="TRUE"></PresFormCd></presForm></idCitation><spatRpType><SpatRepTypCd value="001" Sync="TRUE"></SpatRepTypCd></spatRpType></dataIdInfo><mdLang><languageCode value="eng" Sync="TRUE"></languageCode><countryCode value="USA" Sync="TRUE"></countryCode></mdLang><mdChar><CharSetCd value="004" Sync="TRUE"></CharSetCd></mdChar><distInfo><distFormat><formatName Sync="TRUE">Shapefile</formatName></distFormat><distTranOps><transSize Sync="TRUE">0.000</transSize></distTranOps></distInfo><mdHrLv><ScopeCd value="005" Sync="TRUE"></ScopeCd></mdHrLv><mdHrLvName Sync="TRUE">dataset</mdHrLvName><spatRepInfo><VectSpatRep><geometObjs Name="2022_12_31"><geoObjTyp><GeoObjTypCd value="002" Sync="TRUE"></GeoObjTypCd></geoObjTyp><geoObjCnt Sync="TRUE">0</geoObjCnt></geometObjs><topLvl><TopoLevCd value="001" Sync="TRUE"></TopoLevCd></topLvl></VectSpatRep></spatRepInfo><spdoinfo><ptvctinf><esriterm Name="2022_12_31"><efeatyp Sync="TRUE">Simple</efeatyp><efeageom code="4" Sync="TRUE"></efeageom><esritopo Sync="TRUE">FALSE</esritopo><efeacnt Sync="TRUE">0</efeacnt><spindex Sync="TRUE">FALSE</spindex><linrefer Sync="TRUE">FALSE</linrefer></esriterm></ptvctinf></spdoinfo><eainfo><detailed Name="2022_12_31"><enttyp><enttypl Sync="TRUE">2022_12_31</enttypl><enttypt Sync="TRUE">Feature Class</enttypt><enttypc Sync="TRUE">0</enttypc></enttyp><attr><attrlabl Sync="TRUE">FID</attrlabl><attalias Sync="TRUE">FID</attalias><attrtype Sync="TRUE">OID</attrtype><attwidth Sync="TRUE">4</attwidth><atprecis Sync="TRUE">0</atprecis><attscale Sync="TRUE">0</attscale><attrdef Sync="TRUE">Internal feature number.</attrdef><attrdefs Sync="TRUE">Esri</attrdefs><attrdomv><udom Sync="TRUE">Sequential unique whole numbers that are automatically generated.</udom></attrdomv></attr><attr><attrlabl Sync="TRUE">Shape</attrlabl><attalias Sync="TRUE">Shape</attalias><attrtype Sync="TRUE">Geometry</attrtype><attwidth Sync="TRUE">0</attwidth><atprecis Sync="TRUE">0</atprecis><attscale Sync="TRUE">0</attscale><attrdef Sync="TRUE">Feature geometry.</attrdef><attrdefs Sync="TRUE">Esri</attrdefs><attrdomv><udom Sync="TRUE">Coordinates defining the features.</udom></attrdomv></attr><attr><attrlabl Sync="TRUE">dyad_id</attrlabl><attalias Sync="TRUE">dyad_id</attalias><attrtype Sync="TRUE">Integer</attrtype><attwidth Sync="TRUE">5</attwidth><atprecis Sync="TRUE">5</atprecis><attscale Sync="TRUE">0</attscale></attr><attr><attrlabl Sync="TRUE">conf_id</attrlabl><attalias Sync="TRUE">conf_id</attalias><attrtype Sync="TRUE">Integer</attrtype><attwidth Sync="TRUE">5</attwidth><atprecis Sync="TRUE">5</atprecis><attscale Sync="TRUE">0</attscale></attr><attr><attrlabl Sync="TRUE">date</attrlabl><attalias Sync="TRUE">date</attalias><attrtype Sync="TRUE">String</attrtype><attwidth Sync="TRUE">254</attwidth><atprecis Sync="TRUE">0</atprecis><attscale Sync="TRUE">0</attscale></attr></detailed></eainfo><mdDateSt Sync="TRUE">20240719</mdDateSt></metadata>
