<?xml version="1.0" encoding="UTF-8"?>
<metadata xml:lang="en"><Esri><CreaDate>20240718</CreaDate><CreaTime>10163600</CreaTime><ArcGISFormat>1.0</ArcGISFormat><SyncOnce>FALSE</SyncOnce><DataProperties><itemProps><itemName Sync="TRUE">2023_12_31</itemName><imsContentType Sync="TRUE">002</imsContentType><itemSize Sync="TRUE">0.000</itemSize><itemLocation><linkage Sync="TRUE">file://\\DESKTOP-48J08HF\C$\Users\owner\Dropbox\Wzone\out\wzone_shp\2023\2023_12_31.shp</linkage><protocol Sync="TRUE">Local Area Network</protocol></itemLocation></itemProps><lineage><Process ToolSource="c:\program files\arcgis\pro\Resources\ArcToolbox\toolboxes\Analysis Tools.tbx\Select" Date="20240718" Time="101636">Select in_memory/shp1999461_20231231a C:\Users\owner\Dropbox\Wzone\tmp\tmp1999\shp461_20231231b.shp ""gridcode" &gt; 0"</Process><Process ToolSource="c:\program files\arcgis\pro\Resources\ArcToolbox\toolboxes\Data Management Tools.tbx\AddField" Date="20240718" Time="101636">AddField C:/Users/owner/Dropbox/Wzone/tmp/tmp1999/shp461_20231231b.shp dyad_id "Short (16-bit integer)" # # # # NULLABLE NON_REQUIRED #</Process><Process ToolSource="c:\program files\arcgis\pro\Resources\ArcToolbox\toolboxes\Data Management Tools.tbx\AddField" Date="20240718" Time="101636">AddField C:/Users/owner/Dropbox/Wzone/tmp/tmp1999/shp461_20231231b.shp conf_id "Short (16-bit integer)" # # # # NULLABLE NON_REQUIRED #</Process><Process ToolSource="c:\program files\arcgis\pro\Resources\ArcToolbox\toolboxes\Data Management Tools.tbx\AddField" Date="20240718" Time="101636">AddField C:/Users/owner/Dropbox/Wzone/tmp/tmp1999/shp461_20231231b.shp date Text # # # # NULLABLE NON_REQUIRED #</Process><Process ToolSource="c:\program files\arcgis\pro\Resources\ArcToolbox\toolboxes\Data Management Tools.tbx\DeleteField" Date="20240718" Time="101636">DeleteField C:/Users/owner/Dropbox/Wzone/tmp/tmp1999/shp461_20231231b.shp Id "Delete Fields"</Process><Process ToolSource="c:\program files\arcgis\pro\Resources\ArcToolbox\toolboxes\Data Management Tools.tbx\DeleteField" Date="20240718" Time="101636">DeleteField C:/Users/owner/Dropbox/Wzone/tmp/tmp1999/shp461_20231231b.shp gridcode "Delete Fields"</Process><Process ToolSource="c:\program files\arcgis\pro\Resources\ArcToolbox\toolboxes\Data Management Tools.tbx\Merge" Date="20240718" Time="101652">Merge C:/Users/owner/Dropbox/Wzone/tmp/tmp1999/shp461_20231231b.shp;C:/Users/owner/Dropbox/Wzone/tmp/tmp1999/shp477_20231231b.shp;C:/Users/owner/Dropbox/Wzone/tmp/tmp1999/shp628_20231231b.shp;C:/Users/owner/Dropbox/Wzone/tmp/tmp1999/shp750_20231231b.shp;C:/Users/owner/Dropbox/Wzone/tmp/tmp1999/shp921_20231231b.shp;C:/Users/owner/Dropbox/Wzone/tmp/tmp1999/shp973_20231231b.shp;C:/Users/owner/Dropbox/Wzone/tmp/tmp1999/shp1167_20231231b.shp;C:/Users/owner/Dropbox/Wzone/tmp/tmp1999/shp14117_20231231b.shp;C:/Users/owner/Dropbox/Wzone/tmp/tmp1999/shp14669_20231231b.shp;C:/Users/owner/Dropbox/Wzone/tmp/tmp1999/shp15108_20231231b.shp;C:/Users/owner/Dropbox/Wzone/tmp/tmp1999/shp15142_20231231b.shp;C:/Users/owner/Dropbox/Wzone/tmp/tmp1999/shp15751_20231231b.shp;C:/Users/owner/Dropbox/Wzone/tmp/tmp1999/shp16759_20231231b.shp C:\Users\owner\Dropbox\Wzone\out\wzone_shp\2023\2023_12_31.shp "dyad_id "dyad_id" true true false 5 Long 0 5,First,#,C:/Users/owner/Dropbox/Wzone/tmp/tmp1999/shp461_20231231b.shp,dyad_id,-1,-1,C:/Users/owner/Dropbox/Wzone/tmp/tmp1999/shp477_20231231b.shp,dyad_id,-1,-1,C:/Users/owner/Dropbox/Wzone/tmp/tmp1999/shp628_20231231b.shp,dyad_id,-1,-1,C:/Users/owner/Dropbox/Wzone/tmp/tmp1999/shp750_20231231b.shp,dyad_id,-1,-1,C:/Users/owner/Dropbox/Wzone/tmp/tmp1999/shp921_20231231b.shp,dyad_id,-1,-1,C:/Users/owner/Dropbox/Wzone/tmp/tmp1999/shp973_20231231b.shp,dyad_id,-1,-1,C:/Users/owner/Dropbox/Wzone/tmp/tmp1999/shp1167_20231231b.shp,dyad_id,-1,-1,C:/Users/owner/Dropbox/Wzone/tmp/tmp1999/shp14117_20231231b.shp,dyad_id,-1,-1,C:/Users/owner/Dropbox/Wzone/tmp/tmp1999/shp14669_20231231b.shp,dyad_id,-1,-1,C:/Users/owner/Dropbox/Wzone/tmp/tmp1999/shp15108_20231231b.shp,dyad_id,-1,-1,C:/Users/owner/Dropbox/Wzone/tmp/tmp1999/shp15142_20231231b.shp,dyad_id,-1,-1,C:/Users/owner/Dropbox/Wzone/tmp/tmp1999/shp15751_20231231b.shp,dyad_id,-1,-1,C:/Users/owner/Dropbox/Wzone/tmp/tmp1999/shp16759_20231231b.shp,dyad_id,-1,-1;conf_id "conf_id" true true false 5 Long 0 5,First,#,C:/Users/owner/Dropbox/Wzone/tmp/tmp1999/shp461_20231231b.shp,conf_id,-1,-1,C:/Users/owner/Dropbox/Wzone/tmp/tmp1999/shp477_20231231b.shp,conf_id,-1,-1,C:/Users/owner/Dropbox/Wzone/tmp/tmp1999/shp628_20231231b.shp,conf_id,-1,-1,C:/Users/owner/Dropbox/Wzone/tmp/tmp1999/shp750_20231231b.shp,conf_id,-1,-1,C:/Users/owner/Dropbox/Wzone/tmp/tmp1999/shp921_20231231b.shp,conf_id,-1,-1,C:/Users/owner/Dropbox/Wzone/tmp/tmp1999/shp973_20231231b.shp,conf_id,-1,-1,C:/Users/owner/Dropbox/Wzone/tmp/tmp1999/shp1167_20231231b.shp,conf_id,-1,-1,C:/Users/owner/Dropbox/Wzone/tmp/tmp1999/shp14117_20231231b.shp,conf_id,-1,-1,C:/Users/owner/Dropbox/Wzone/tmp/tmp1999/shp14669_20231231b.shp,conf_id,-1,-1,C:/Users/owner/Dropbox/Wzone/tmp/tmp1999/shp15108_20231231b.shp,conf_id,-1,-1,C:/Users/owner/Dropbox/Wzone/tmp/tmp1999/shp15142_20231231b.shp,conf_id,-1,-1,C:/Users/owner/Dropbox/Wzone/tmp/tmp1999/shp15751_20231231b.shp,conf_id,-1,-1,C:/Users/owner/Dropbox/Wzone/tmp/tmp1999/shp16759_20231231b.shp,conf_id,-1,-1;date "date" true true false 254 Text 0 0,First,#,C:/Users/owner/Dropbox/Wzone/tmp/tmp1999/shp461_20231231b.shp,date,0,253,C:/Users/owner/Dropbox/Wzone/tmp/tmp1999/shp477_20231231b.shp,date,0,253,C:/Users/owner/Dropbox/Wzone/tmp/tmp1999/shp628_20231231b.shp,date,0,253,C:/Users/owner/Dropbox/Wzone/tmp/tmp1999/shp750_20231231b.shp,date,0,253,C:/Users/owner/Dropbox/Wzone/tmp/tmp1999/shp921_20231231b.shp,date,0,253,C:/Users/owner/Dropbox/Wzone/tmp/tmp1999/shp973_20231231b.shp,date,0,253,C:/Users/owner/Dropbox/Wzone/tmp/tmp1999/shp1167_20231231b.shp,date,0,253,C:/Users/owner/Dropbox/Wzone/tmp/tmp1999/shp14117_20231231b.shp,date,0,253,C:/Users/owner/Dropbox/Wzone/tmp/tmp1999/shp14669_20231231b.shp,date,0,253,C:/Users/owner/Dropbox/Wzone/tmp/tmp1999/shp15108_20231231b.shp,date,0,253,C:/Users/owner/Dropbox/Wzone/tmp/tmp1999/shp15142_20231231b.shp,date,0,253,C:/Users/owner/Dropbox/Wzone/tmp/tmp1999/shp15751_20231231b.shp,date,0,253,C:/Users/owner/Dropbox/Wzone/tmp/tmp1999/shp16759_20231231b.shp,date,0,253" NO_SOURCE_INFO</Process><Process ToolSource="c:\program files\arcgis\pro\Resources\ArcToolbox\toolboxes\Data Management Tools.tbx\DefineProjection" Date="20240718" Time="101652">DefineProjection C:/Users/owner/Dropbox/Wzone/out/wzone_shp/2023/2023_12_31.shp GEOGCS["GCS_WGS_1984",DATUM["D_WGS_1984",SPHEROID["WGS_1984",6378137.0,298.257223563]],PRIMEM["Greenwich",0.0],UNIT["Degree",0.0174532925199433]]</Process></lineage></DataProperties><SyncDate>20240718</SyncDate><SyncTime>10165200</SyncTime><ModDate>20240718</ModDate><ModTime>10165200</ModTime></Esri><dataIdInfo><envirDesc Sync="TRUE">Microsoft Windows 10 Version 10.0 (Build 19045) ; Esri ArcGIS 13.2.2.49743</envirDesc><dataLang><languageCode value="eng" Sync="TRUE"></languageCode><countryCode value="USA" Sync="TRUE"></countryCode></dataLang><idCitation><resTitle Sync="TRUE">2023_12_31</resTitle><presForm><PresFormCd value="005" Sync="TRUE"></PresFormCd></presForm></idCitation><spatRpType><SpatRepTypCd value="001" Sync="TRUE"></SpatRepTypCd></spatRpType></dataIdInfo><mdLang><languageCode value="eng" Sync="TRUE"></languageCode><countryCode value="USA" Sync="TRUE"></countryCode></mdLang><mdChar><CharSetCd value="004" Sync="TRUE"></CharSetCd></mdChar><distInfo><distFormat><formatName Sync="TRUE">Shapefile</formatName></distFormat><distTranOps><transSize Sync="TRUE">0.000</transSize></distTranOps></distInfo><mdHrLv><ScopeCd value="005" Sync="TRUE"></ScopeCd></mdHrLv><mdHrLvName Sync="TRUE">dataset</mdHrLvName><spatRepInfo><VectSpatRep><geometObjs Name="2023_12_31"><geoObjTyp><GeoObjTypCd value="002" Sync="TRUE"></GeoObjTypCd></geoObjTyp><geoObjCnt Sync="TRUE">0</geoObjCnt></geometObjs><topLvl><TopoLevCd value="001" Sync="TRUE"></TopoLevCd></topLvl></VectSpatRep></spatRepInfo><spdoinfo><ptvctinf><esriterm Name="2023_12_31"><efeatyp Sync="TRUE">Simple</efeatyp><efeageom code="4" Sync="TRUE"></efeageom><esritopo Sync="TRUE">FALSE</esritopo><efeacnt Sync="TRUE">0</efeacnt><spindex Sync="TRUE">FALSE</spindex><linrefer Sync="TRUE">FALSE</linrefer></esriterm></ptvctinf></spdoinfo><eainfo><detailed Name="2023_12_31"><enttyp><enttypl Sync="TRUE">2023_12_31</enttypl><enttypt Sync="TRUE">Feature Class</enttypt><enttypc Sync="TRUE">0</enttypc></enttyp><attr><attrlabl Sync="TRUE">FID</attrlabl><attalias Sync="TRUE">FID</attalias><attrtype Sync="TRUE">OID</attrtype><attwidth Sync="TRUE">4</attwidth><atprecis Sync="TRUE">0</atprecis><attscale Sync="TRUE">0</attscale><attrdef Sync="TRUE">Internal feature number.</attrdef><attrdefs Sync="TRUE">Esri</attrdefs><attrdomv><udom Sync="TRUE">Sequential unique whole numbers that are automatically generated.</udom></attrdomv></attr><attr><attrlabl Sync="TRUE">Shape</attrlabl><attalias Sync="TRUE">Shape</attalias><attrtype Sync="TRUE">Geometry</attrtype><attwidth Sync="TRUE">0</attwidth><atprecis Sync="TRUE">0</atprecis><attscale Sync="TRUE">0</attscale><attrdef Sync="TRUE">Feature geometry.</attrdef><attrdefs Sync="TRUE">Esri</attrdefs><attrdomv><udom Sync="TRUE">Coordinates defining the features.</udom></attrdomv></attr><attr><attrlabl Sync="TRUE">dyad_id</attrlabl><attalias Sync="TRUE">dyad_id</attalias><attrtype Sync="TRUE">Integer</attrtype><attwidth Sync="TRUE">5</attwidth><atprecis Sync="TRUE">5</atprecis><attscale Sync="TRUE">0</attscale></attr><attr><attrlabl Sync="TRUE">conf_id</attrlabl><attalias Sync="TRUE">conf_id</attalias><attrtype Sync="TRUE">Integer</attrtype><attwidth Sync="TRUE">5</attwidth><atprecis Sync="TRUE">5</atprecis><attscale Sync="TRUE">0</attscale></attr><attr><attrlabl Sync="TRUE">date</attrlabl><attalias Sync="TRUE">date</attalias><attrtype Sync="TRUE">String</attrtype><attwidth Sync="TRUE">254</attwidth><atprecis Sync="TRUE">0</atprecis><attscale Sync="TRUE">0</attscale></attr></detailed></eainfo><mdDateSt Sync="TRUE">20240718</mdDateSt></metadata>
